{"13101_13102": 0.018035103880211508, "13101_13103": 0.013223786107461041, "13101_13104": 0.011512392925037366, "13101_13105": 0.009855186334141617, "13101_13106": 0.00955716008073802, "13101_13107": 0.0022668057455849217, "13101_13108": 0.0032105555480296403, "13101_13109": 0.0004267194082824205, "13101_13110": 0.00015127090134879457, "13101_13111": 0.0003273773238145554, "13101_13112": 0.0005892791828661998, "13101_13113": 0.0017181665063646667, "13101_13114": 0.00047639045051635305, "13101_13115": 0.0004176883096944328, "13101_13116": 0.0008286032954478747, "13101_13117": 0.000717972337745025, "13101_13118": 0.0010001941686196417, "13101_13119": 0.000343181746343534, "13101_13120": 0.00024158188722867192, "13101_13121": 0.001027287464383605, "13101_13122": 0.00036124394351950945, "13101_13123": 0.0007224878870390189, "13102_13101": 0.019082711316418085, "13102_13103": 0.008958849799283833, "13102_13104": 0.0005350925913382733, "13102_13105": 0.00036350171816650637, "13102_13106": 0.0027522272946892625, "13102_13107": 0.0037117815196629593, "13102_13108": 0.012560000361243943, "13102_13109": 0.00045381270404638374, "13102_13110": 0.00011063095770284977, "13102_13111": 0.0003386661970495401, "13102_13112": 0.000171590873171767, "13102_13113": 0.00035672839422551557, "13102_13114": 7.450656335089882e-05, "13102_13115": 9.934208446786509e-05, "13102_13116": 0.0001399820281138099, "13102_13117": 0.00011740428164384056, "13102_13118": 0.00021448859146470874, "13102_13119": 6.773323940990802e-05, "13102_13120": 0.00010385763376185896, "13102_13121": 0.00038833723928347264, "13102_13122": 0.0003206039998735646, "13102_13123": 0.0006953945912750556, "13103_13101": 0.013447305797513739, "13103_13102": 0.009229782756923465, "13103_13104": 0.0038495057731297725, "13103_13105": 0.0006524968729821139, "13103_13106": 0.0005328348166912764, "13103_13107": 0.0006728168448050864, "13103_13108": 0.0021110192949421332, "13103_13109": 0.012758684530179674, "13103_13110": 0.0011311450981454638, "13103_13111": 0.0022329391258799677, "13103_13112": 0.0010137408165016234, "13103_13113": 0.010108057094605273, "13103_13114": 0.00016255977458377925, "13103_13115": 0.00016255977458377925, "13103_13116": 0.00023480856328768113, "13103_13117": 0.00021674636611170565, "13103_13118": 0.00018513752105374858, "13103_13119": 0.00016481754923077617, "13103_13120": 0.00015804422528978537, "13103_13121": 0.00029802625340359526, "13103_13122": 0.00024158188722867192, "13103_13123": 0.0003206039998735646, "13104_13101": 0.010577674221180635, "13104_13102": 0.0005215459434562917, "13104_13103": 0.0034995507028452474, "13104_13105": 0.006924594842339597, "13104_13106": 0.0003725328167544941, "13104_13107": 0.00030479957734458606, "13104_13108": 0.00038833723928347264, "13104_13109": 0.0003318928731085493, "13104_13110": 0.00032963509846155233, "13104_13111": 0.00015804422528978537, "13104_13112": 0.0009685853235616847, "13104_13113": 0.016073097711971174, "13104_13114": 0.012697724614710757, "13104_13115": 0.00177461087253959, "13104_13116": 0.010044839404489359, "13104_13117": 0.000580248084278212, "13104_13118": 0.00011514650699684364, "13104_13119": 0.0006660435208640955, "13104_13120": 0.0012101672107903566, "13104_13121": 0.0002077152675237179, "13104_13122": 6.321769011591415e-05, "13104_13123": 0.00017836419711275779, "13105_13101": 0.009351702587861301, "13105_13102": 0.0004222038589884266, "13105_13103": 0.0005396081406322672, "13105_13104": 0.006344346758061384, "13105_13106": 0.006698817377639903, "13105_13107": 0.00023706633793467807, "13105_13108": 0.00020094194358272712, "13105_13109": 9.482653517387123e-05, "13105_13110": 2.4835521116966272e-05, "13105_13111": 0.000239324112581675, "13105_13112": 6.999101405690495e-05, "13105_13113": 0.000171590873171767, "13105_13114": 0.00016481754923077617, "13105_13115": 0.00018287974640675164, "13105_13116": 0.009137213996396592, "13105_13117": 0.0027883516890412135, "13105_13118": 0.0013817580839621236, "13105_13119": 0.0005644436617492335, "13105_13120": 0.000273190732286629, "13105_13121": 0.0006095991546891721, "13105_13122": 0.00010385763376185896, "13105_13123": 8.57954365858835e-05, "13106_13101": 0.007694495996965551, "13106_13102": 0.002528707604636566, "13106_13103": 0.0005712169856902243, "13106_13104": 0.0003522128449315217, "13106_13105": 0.005890534054015001, "13106_13107": 0.00748903850408883, "13106_13108": 0.0005847636335722058, "13106_13109": 6.773323940990802e-05, "13106_13110": 3.1608845057957075e-05, "13106_13111": 6.547546476291108e-05, "13106_13112": 3.6124394351950944e-05, "13106_13113": 0.00019191084499473938, "13106_13114": 5.192881688092948e-05, "13106_13115": 2.935107041096014e-05, "13106_13116": 0.00029576847875659835, "13106_13117": 0.0015849578021918476, "13106_13118": 0.009977106165079451, "13106_13119": 7.224878870390189e-05, "13106_13120": 5.192881688092948e-05, "13106_13121": 0.002090699323119161, "13106_13122": 0.0006728168448050864, "13106_13123": 0.00028222183087461676, "13107_13101": 0.0016820421120127159, "13107_13102": 0.0030841201677978118, "13107_13103": 0.0005531547885142488, "13107_13104": 0.0002641596336986413, "13107_13105": 0.00021448859146470874, "13107_13106": 0.0068591193775766855, "13107_13108": 0.013248621628578008, "13107_13109": 0.00014901312670179763, "13107_13110": 6.773323940990802e-06, "13107_13111": 6.547546476291108e-05, "13107_13112": 4.515549293993868e-05, "13107_13113": 0.00010159985911486203, "13107_13114": 5.644436617492335e-05, "13107_13115": 3.386661970495401e-05, "13107_13116": 4.063994364594481e-05, "13107_13117": 4.289771829294175e-05, "13107_13118": 0.001128887323498467, "13107_13119": 3.1608845057957075e-05, "13107_13120": 3.386661970495401e-05, "13107_13121": 0.0014111091543730838, "13107_13122": 0.00455844701228681, "13107_13123": 0.003756937012602898, "13108_13101": 0.0029825203086829497, "13108_13102": 0.011410793065922504, "13108_13103": 0.0022713212948789157, "13108_13104": 0.00040188388716545423, "13108_13105": 0.00023480856328768113, "13108_13106": 0.0006095991546891721, "13108_13107": 0.012584835882360909, "13108_13109": 0.001020514140442614, "13108_13110": 7.450656335089882e-05, "13108_13111": 0.0007315189856270066, "13108_13112": 0.00020319971822972406, "13108_13113": 0.0001738486478187639, "13108_13114": 8.353766193888655e-05, "13108_13115": 5.192881688092948e-05, "13108_13116": 8.353766193888655e-05, "13108_13117": 9.934208446786509e-05, "13108_13118": 0.00011063095770284977, "13108_13119": 0.00011063095770284977, "13108_13120": 6.999101405690495e-05, "13108_13121": 0.00028222183087461676, "13108_13122": 0.0006073413800421752, "13108_13123": 0.012289067403604312, "13109_13101": 0.0005757325349842182, "13109_13102": 0.0004944526476923285, "13109_13103": 0.012742880107650695, "13109_13104": 0.000343181746343534, "13109_13105": 0.00010385763376185896, "13109_13106": 9.482653517387123e-05, "13109_13107": 0.00013546647881981604, "13109_13108": 0.000923429830621746, "13109_13110": 0.006694301828345909, "13109_13111": 0.015903764613446402, "13109_13112": 0.0005034837462803163, "13109_13113": 0.001673011013424728, "13109_13114": 6.0959915468917216e-05, "13109_13115": 5.192881688092948e-05, "13109_13116": 0.00014449757740780378, "13109_13117": 7.224878870390189e-05, "13109_13118": 3.386661970495401e-05, "13109_13119": 0.0001128887323498467, "13109_13120": 7.450656335089882e-05, "13109_13121": 6.0959915468917216e-05, "13109_13122": 6.773323940990802e-05, "13109_13123": 0.00011063095770284977, "13110_13101": 0.00017610642246576084, "13110_13102": 0.00013772425346681298, "13110_13103": 0.0011108251263224915, "13110_13104": 0.0003386661970495401, "13110_13105": 4.515549293993868e-05, "13110_13106": 4.515549293993868e-06, "13110_13107": 1.3546647881981603e-05, "13110_13108": 8.353766193888655e-05, "13110_13109": 0.00650239098335117, "13110_13111": 0.002729649548219293, "13110_13112": 0.01276094230482667, "13110_13113": 0.007811900278609392,