{"13101_13102": 0.027262923528832504, "13101_13103": 0.023612175245524832, "13101_13104": 0.017780585224557048, "13101_13105": 0.015537296476787726, "13101_13106": 0.014677449183745524, "13101_13107": 0.003763633263120477, "13101_13108": 0.005125458445117485, "13101_13109": 0.0010303756668019685, "13101_13110": 0.0005620230909828919, "13101_13111": 0.0006268719091732256, "13101_13112": 0.001037581091045339, "13101_13113": 0.003686775404524526, "13101_13114": 0.0008454364445554613, "13101_13115": 0.0008118111314197328, "13101_13116": 0.0013330034850235256, "13101_13117": 0.001784543404274738, "13101_13118": 0.002075162182090678, "13101_13119": 0.000715738808174794, "13101_13120": 0.0004971742727925583, "13101_13121": 0.0021183947275509, "13101_13122": 0.0006220682930109787, "13101_13123": 0.001580389717379243, "13102_13101": 0.030918475428302426, "13102_13103": 0.015575725406085702, "13102_13104": 0.0010784118284244378, "13102_13105": 0.0007493641213105226, "13102_13106": 0.004248798495507418, "13102_13107": 0.0061606377280817, "13102_13108": 0.016791040295134178, "13102_13109": 0.000874258141528943, "13102_13110": 0.00023297538386897657, "13102_13111": 0.0005836393637130031, "13102_13112": 0.0003362531313572858, "13102_13113": 0.0014602993133230695, "13102_13114": 0.00020415368689549493, "13102_13115": 0.0002593952727613347, "13102_13116": 0.0002690025050858286, "13102_13117": 0.0002065554949766184, "13102_13118": 0.0007253460404992878, "13102_13119": 0.00013209944446179083, "13102_13120": 0.00020895730305774186, "13102_13121": 0.0008982762223401777, "13102_13122": 0.0005139869293604225, "13102_13123": 0.0013666287981592543, "13103_13101": 0.021412119043215733, "13103_13102": 0.014922433608020117, "13103_13104": 0.005872420758346883, "13103_13105": 0.0013017799799689206, "13103_13106": 0.0011360552223714012, "13103_13107": 0.0014026559193761063, "13103_13108": 0.003155975818596239, "13103_13109": 0.019051141699471363, "13103_13110": 0.0021856453538223576, "13103_13111": 0.00397979599042159, "13103_13112": 0.0016908728891109226, "13103_13113": 0.019418618335883254, "13103_13114": 0.0004443344950078419, "13103_13115": 0.0003338513232761623, "13103_13116": 0.0005740321313885093, "13103_13117": 0.0005764339394696327, "13103_13118": 0.0002930205858970633, "13103_13119": 0.00037708386873638476, "13103_13120": 0.00027620792932919904, "13103_13121": 0.0005500140505772746, "13103_13122": 0.0003746820606552613, "13103_13123": 0.000593246596037497, "13104_13101": 0.014278749042279028, "13104_13102": 0.0010952244849923023, "13104_13103": 0.0043953087884559495, "13104_13105": 0.00857685665769191, "13104_13106": 0.000792596666770745, "13104_13107": 0.00039149471722312555, "13104_13108": 0.0007013279596880532, "13104_13109": 0.0006052556364431144, "13104_13110": 0.0005740321313885093, "13104_13111": 0.0002305735757878531, "13104_13112": 0.0019094374244931584, "13104_13113": 0.023720256609175386, "13104_13114": 0.014588582284743955, "13104_13115": 0.0031055378488926465, "13104_13116": 0.011838512031857583, "13104_13117": 0.0011985022324806113, "13104_13118": 0.00026419888892358166, "13104_13119": 0.0013810396466459951, "13104_13120": 0.0019646790103589984, "13104_13121": 0.0002690025050858286, "13104_13122": 0.00011288497981280308, "13104_13123": 0.0003482621717629031, "13105_13101": 0.01148304443585131, "13105_13102": 0.0006989261516069297, "13105_13103": 0.0011624751112637593, "13105_13104": 0.006078976253323502, "13105_13106": 0.006979654283744803, "13105_13107": 0.000357869404087397, "13105_13108": 0.0003122350505460511, "13105_13109": 0.00012969763638066736, "13105_13110": 9.126870708269184e-05, "13105_13111": 0.00014891210102965511, "13105_13112": 0.00012489402021842043, "13105_13113": 0.0004203164141966072, "13105_13114": 0.00037708386873638476, "13105_13115": 0.00025218984851796433, "13105_13116": 0.010534330243807538, "13105_13117": 0.0037204007176602546, "13105_13118": 0.0019190446568176523, "13105_13119": 0.0009703304647738817, "13105_13120": 0.0003362531313572858, "13105_13121": 0.0011576714951015124, "13105_13122": 0.00017293018184088983, "13105_13123": 0.00012009040405617349, "13106_13101": 0.01027973858720845, "13106_13102": 0.0034754162933856607, "13106_13103": 0.0011000281011545492, "13106_13104": 0.0006965243435258062, "13106_13105": 0.005543373051232968, "13106_13107": 0.008353488506147427, "13106_13108": 0.0010207684344774746, "13106_13109": 0.00012969763638066736, "13106_13110": 6.004520202808674e-05, "13106_13111": 0.00014410848486740818, "13106_13112": 8.646509092044491e-05, "13106_13113": 0.0007589713536350164, "13106_13114": 7.685785859595104e-05, "13106_13115": 8.166147475819797e-05, "13106_13116": 0.0005860411717941266, "13106_13117": 0.0026251762326679525, "13106_13118": 0.012679144860250798, "13106_13119": 6.965243435258063e-05, "13106_13120": 7.205424243370409e-05, "13106_13121": 0.0032448427175978075, "13106_13122": 0.0011360552223714012, "13106_13123": 0.0003818874848986317, "13107_13101": 0.002668408778128175, "13107_13102": 0.003396156626708586, "13107_13103": 0.0011168407577224135, "13107_13104": 0.00032184228287054494, "13107_13105": 0.0003026278182215572, "13107_13106": 0.006244701010921021, "13107_13108": 0.012753600910765625, "13107_13109": 0.00023537719195010004, "13107_13110": 1.921446464898776e-05, "13107_13111": 0.00011528678789392655, "13107_13112": 0.00012969763638066736, "13107_13113": 0.0002305735757878531, "13107_13114": 6.004520202808674e-05, "13107_13115": 5.5241585865839805e-05, "13107_13116": 7.92596666770745e-05, "13107_13117": 9.847413132606225e-05, "13107_13118": 0.0008958744142590542, "13107_13119": 5.283977778471633e-05, "13107_13120": 2.1616272730111228e-05, "13107_13121": 0.0016188186466772187, "13107_13122": 0.005576998364368696, "13107_13123": 0.003874116434852157, "13108_13101": 0.005123056637036361, "13108_13102": 0.012945745557255502, "13108_13103": 0.003396156626708586, "13108_13104": 0.0007397568889860287, "13108_13105": 0.00036987844449301436, "13108_13106": 0.0009415087678004002, "13108_13107": 0.011607938456069729, "13108_13109": 0.0014194685759439706, "13108_13110": 0.0001753319899220133, "13108_13111": 0.0009126870708269185, "13108_13112": 0.0002545916565990878, "13108_13113": 0.0006941225354446828, "13108_13114": 0.00016092114143527247, "13108_13115": 7.92596666770745e-05, "13108_13116": 0.00023537719195010004, "13108_13117": 0.0001753319899220133, "13108_13118": 0.00030743143438380415, "13108_13119": 8.166147475819797e-05, "13108_13120": 0.00016332294951639594, "13108_13121": 0.0007397568889860287, "13108_13122": 0.0008622491011233257, "13108_13123": 0.01419708756752083, "13109_13101": 0.001263351050670945, "13109_13102": 0.0009222943031514124, "13109_13103": 0.01638993834558656, "13109_13104": 0.0007037297677691766, "13109_13105": 0.00022096634346335922, "13109_13106": 0.00014891210102965511, "13109_13107": 0.00020895730305774186, "13109_13108": 0.0011936986163183644, "13109_13110": 0.006809125909985037, "13109_13111": 0.017619664083121774, "13109_13112": 0.0008550436768799552, "13109_13113": 0.0027740883336976074, "13109_13114": 0.00012249221213729697, "13109_13115": 0.00013209944446179083, "13109_13116": 0.0002593952727613347, "13109_13117": 0.00014170667678628472, "13109_13118": 8.886689900156838e-05, "13109_13119": 0.0001657247575975194, "13109_13120": 0.00012969763638066736, "13109_13121": 0.0001513139091107786, "13109_13122": 6.484881819033368e-05, "13109_13123": 0.00018493922224650718, "13110_13101": 0.0005211923536037929, "13110_13102": 0.0002930205858970633, "13110_13103": 0.001698078313354293, "13110_13104": 0.0004611471515757062, "13110_13105": 9.126870708269184e-05, "13110_13106": 3.6027121216852046e-05, "13110_13107": 3.6027121216852046e-05, "13110_13108": 0.00014891210102965511, "13110_13109": 0.0057691430108585745, "13110_13111": 0.0026756142023715455, "13110_13112": 0.012724779213792142, "13110_13113": 0.008252612566740243, "13110_13114": 0.00011528678789392655,