{"13101_13102": 0.029902685663180825, "13101_13103": 0.027491226361352896, "13101_13104": 0.025876699754131507, "13101_13105": 0.017662389794538946, "13101_13106": 0.016000637546155685, "13101_13107": 0.0042148884736967936, "13101_13108": 0.006478767646893881, "13101_13109": 0.002269782378342321, "13101_13110": 0.0009887868618266287, "13101_13111": 0.0019952833390889583, "13101_13112": 0.002777458020832411, "13101_13113": 0.004952789116850994, "13101_13114": 0.0016971714792546613, "13101_13115": 0.002092686223985313, "13101_13116": 0.0031700211629904457, "13101_13117": 0.002700716353944374, "13101_13118": 0.0019775737236532574, "13101_13119": 0.001850654813030735, "13101_13120": 0.0014108660297108314, "13101_13121": 0.003134601932119044, "13101_13122": 0.0015082689146071859, "13101_13123": 0.0030401506497953062, "13102_13101": 0.03385783311048734, "13102_13103": 0.018394387232547913, "13102_13104": 0.002417362506973161, "13102_13105": 0.001357737183403729, "13102_13106": 0.00537191668216258, "13102_13107": 0.007585618611625182, "13102_13108": 0.021224974099687426, "13102_13109": 0.001835896800167651, "13102_13110": 0.0006286913479673789, "13102_13111": 0.0015200753248976531, "13102_13112": 0.0009681256438183112, "13102_13113": 0.001838848402740268, "13102_13114": 0.0005283368604984076, "13102_13115": 0.00043978878331990355, "13102_13116": 0.0007083846174280326, "13102_13117": 0.0006050785273864445, "13102_13118": 0.0008146423100422374, "13102_13119": 0.00043683718074728674, "13102_13120": 0.0003866599370128011, "13102_13121": 0.00167060705610111, "13102_13122": 0.0013016567345240098, "13102_13123": 0.002237314750043536, "13103_13101": 0.02543100776566637, "13103_13102": 0.018397338835120527, "13103_13104": 0.010053158362332828, "13103_13105": 0.0016676554535284933, "13103_13106": 0.0023760400709565256, "13103_13107": 0.0017089778895451285, "13103_13108": 0.005348303861581646, "13103_13109": 0.024158867056868528, "13103_13110": 0.0038784057804184782, "13103_13111": 0.006838863160753131, "13103_13112": 0.0035153586639866115, "13103_13113": 0.02307562891271816, "13103_13114": 0.0007290458354363502, "13103_13115": 0.0008471099383410223, "13103_13116": 0.0012131086573455058, "13103_13117": 0.0013341243628227947, "13103_13118": 0.000850061540913639, "13103_13119": 0.0007939810920339198, "13103_13120": 0.0004840628219091556, "13103_13121": 0.001360688785976346, "13103_13122": 0.0008795775666398071, "13103_13123": 0.0013046083370966265, "13104_13101": 0.01887845005445707, "13104_13102": 0.0029958766112060543, "13104_13103": 0.008553744255443493, "13104_13105": 0.010912074710964318, "13104_13106": 0.0017119294921177453, "13104_13107": 0.0009533676309552272, "13104_13108": 0.0021310570574293313, "13104_13109": 0.0015466397480512044, "13104_13110": 0.0010979961570134504, "13104_13111": 0.0007083846174280326, "13104_13112": 0.0036098099463103494, "13104_13113": 0.025047299431226185, "13104_13114": 0.0210449263427578, "13104_13115": 0.005670028541996878, "13104_13116": 0.015841251007234377, "13104_13117": 0.0016824134663915773, "13104_13118": 0.0006700137839840141, "13104_13119": 0.0021753310960185832, "13104_13120": 0.004728467321332117, "13104_13121": 0.0008175939126148543, "13104_13122": 0.00036304711643186667, "13104_13123": 0.0008116907074696206, "13105_13101": 0.013028373755530565, "13105_13102": 0.0014669464785905507, "13105_13103": 0.0016528974406654093, "13105_13104": 0.008172987523575925, "13105_13106": 0.008931549384738443, "13105_13107": 0.0006788685917018645, "13105_13108": 0.0010773349390051329, "13105_13109": 0.00028630544954382983, "13105_13110": 0.00011806410290467209, "13105_13111": 0.00014462852605822332, "13105_13112": 0.000283353846971213, "13105_13113": 0.0006286913479673789, "13105_13114": 0.000463401603900838, "13105_13115": 0.00019775737236532576, "13105_13116": 0.015711380494039237, "13105_13117": 0.00485538623195464, "13105_13118": 0.0021959923140269007, "13105_13119": 0.0020572669931139113, "13105_13120": 0.0010832381441503664, "13105_13121": 0.001404962824565598, "13105_13122": 0.0004309339756020531, "13105_13123": 0.0003364826932783155, "13106_13101": 0.011555524071794781, "13106_13102": 0.004645822449298847, "13106_13103": 0.002340620840085124, "13106_13104": 0.0013843016065572802, "13106_13105": 0.007325877585234904, "13106_13107": 0.011534862853786463, "13106_13108": 0.0015938653892130733, "13106_13109": 0.000702481412282799, "13106_13110": 7.674166688803686e-05, "13106_13111": 0.0004456919884651371, "13106_13112": 0.00015938653892130731, "13106_13113": 0.0007438038482994342, "13106_13114": 0.00023612820580934418, "13106_13115": 0.00013577371834037292, "13106_13116": 0.0011806410290467208, "13106_13117": 0.002629877892201571, "13106_13118": 0.013733806770385982, "13106_13119": 0.0004250307704568195, "13106_13120": 0.00018004775692962493, "13106_13121": 0.004341807384319316, "13106_13122": 0.0022048471217447512, "13106_13123": 0.0008766259640671902, "13107_13101": 0.0037396804595054883, "13107_13102": 0.005330594246145945, "13107_13103": 0.001747348722989147, "13107_13104": 0.0009090935923659751, "13107_13105": 0.0007349490405815838, "13107_13106": 0.008760356435526669, "13107_13108": 0.015430978249640643, "13107_13109": 0.0004958692321996228, "13107_13110": 8.264487203327047e-05, "13107_13111": 0.00034238589842354905, "13107_13112": 0.00019185416722009214, "13107_13113": 0.0004663532064734548, "13107_13114": 0.00013577371834037292, "13107_13115": 0.0001210157054772889, "13107_13116": 0.0002420314109545778, "13107_13117": 0.0003925631421580347, "13107_13118": 0.0013813500039846634, "13107_13119": 0.00016824134663915774, "13107_13120": 5.017724373448564e-05, "13107_13121": 0.002458684942989796, "13107_13122": 0.00944217662980115, "13107_13123": 0.0060271724532835105, "13108_13101": 0.006582073736935469, "13108_13102": 0.016567345240098112, "13108_13103": 0.005690689760005195, "13108_13104": 0.0020808798136948458, "13108_13105": 0.00101535128498018, "13108_13106": 0.0016528974406654093, "13108_13107": 0.014799335299100647, "13108_13109": 0.002405556096682694, "13108_13110": 0.0002626926289628954, "13108_13111": 0.0019421544927818559, "13108_13112": 0.0005489980785067252, "13108_13113": 0.001239673080499057, "13108_13114": 0.0003778051292949507, "13108_13115": 0.00032762788556046506, "13108_13116": 0.0006316429505399956, "13108_13117": 0.00036009551385924986, "13108_13118": 0.00043683718074728674, "13108_13119": 0.00031877307784261463, "13108_13120": 0.0002567894238176618, "13108_13121": 0.0010979961570134504, "13108_13122": 0.0015879621840678396, "13108_13123": 0.022110454871472465, "13109_13101": 0.002429168917263628, "13109_13102": 0.0019332996850640056, "13109_13103": 0.020265703263586964, "13109_13104": 0.0016765102612463438, "13109_13105": 0.0002597410263902786, "13109_13106": 0.0006611589762661637, "13109_13107": 0.00039846634730326833, "13109_13108": 0.002476394558425497, "13109_13110": 0.008621631114613679, "13109_13111": 0.02655851994840599, "13109_13112": 0.0019096868644830711, "13109_13113": 0.003671793600335302, "13109_13114": 0.0003158214752699978, "13109_13115": 0.0004132243601663523, "13109_13116": 0.0007939810920339198, "13109_13117": 0.00034533750099616586, "13109_13118": 0.00019185416722009214, "13109_13119": 0.00036009551385924986, "13109_13120": 0.00020956378265579297, "13109_13121": 0.0002951602572616802, "13109_13122": 0.0001475801286308401, "13109_13123": 0.0003896115395854179, "13110_13101": 0.0010242060926980304, "13110_13102": 0.000610981732531678, "13110_13103": 0.00334121411220222, "13110_13104": 0.0010094480798349464, "13110_13105": 0.0001210157054772889, "13110_13106": 7.083846174280326e-05, "13110_13107": 5.9032051452336044e-05, "13110_13108": 0.0002774506418259794, "13110_13109": 0.00754134457303593, "13110_13111": 0.004442161871788287, "13110_13112": 0.01985543050599323, "13110_13113": 0.010543124389387218, "13110_13114": 0.0002804022443985962, "13110_13115": 0.0005253852579257908,