{"13101_13102": 0.02622776650958982, "13101_13103": 0.022013633660195507, "13101_13104": 0.017885918492875623, "13101_13105": 0.015918645377416517, "13101_13106": 0.014434294602961585, "13101_13107": 0.00359141719915209, "13101_13108": 0.0048546403753577435, "13101_13109": 0.000963302985476746, "13101_13110": 0.0004142965346509488, "13101_13111": 0.0005795068092050082, "13101_13112": 0.0010395538814247734, "13101_13113": 0.0034922910344196544, "13101_13114": 0.0007472587802906684, "13101_13115": 0.0007726757456066775, "13101_13116": 0.001227639424763241, "13101_13117": 0.0014640172022021259, "13101_13118": 0.001929147667485093, "13101_13119": 0.0006277990433054255, "13101_13120": 0.00036600430055053147, "13101_13121": 0.0019215225778902903, "13101_13122": 0.0006760912774058428, "13101_13123": 0.0012378062108896447, "13102_13101": 0.029458262801254582, "13102_13103": 0.014457169871745994, "13102_13104": 0.0009683863785399479, "13102_13105": 0.0007193001184430584, "13102_13106": 0.004412385178859185, "13102_13107": 0.006366949811660287, "13102_13108": 0.016881948362893265, "13102_13109": 0.0008133428901122921, "13102_13110": 0.00018300215027526574, "13102_13111": 0.0004320884103721552, "13102_13112": 0.000378712783208536, "13102_13113": 0.0013064320172428692, "13102_13114": 0.00020333572252807303, "13102_13115": 0.00019062723987006849, "13102_13116": 0.00022112759824927943, "13102_13117": 0.00014233500576965114, "13102_13118": 0.0006100071675842192, "13102_13119": 0.00014487670230125204, "13102_13120": 0.0001982523294648712, "13102_13121": 0.0005540898438889991, "13102_13122": 0.0005540898438889991, "13102_13123": 0.001344557465216883, "13103_13101": 0.020384406183439324, "13103_13102": 0.013620951712849293, "13103_13104": 0.0055688571007376005, "13103_13105": 0.0010166786126403651, "13103_13106": 0.0008641768207443104, "13103_13107": 0.0012454313004844474, "13103_13108": 0.003187287450627545, "13103_13109": 0.01871196986564592, "13103_13110": 0.0021146915142919594, "13103_13111": 0.00350754121360926, "13103_13112": 0.001575851849592566, "13103_13113": 0.018867013354073578, "13103_13114": 0.0002872117080709032, "13103_13115": 0.0003583792109557287, "13103_13116": 0.0005032559132569808, "13103_13117": 0.000671007884342641, "13103_13118": 0.0002872117080709032, "13103_13119": 0.0002897534046025041, "13103_13120": 0.00019316893640166938, "13103_13121": 0.00042192162424575157, "13103_13122": 0.0003380456387029214, "13103_13123": 0.000671007884342641, "13104_13101": 0.012932151952785445, "13104_13102": 0.0011285132600308053, "13104_13103": 0.00406417275402986, "13104_13105": 0.008667185172759113, "13104_13106": 0.0006837163670006456, "13104_13107": 0.00040158805199294427, "13104_13108": 0.00064050752596343, "13104_13109": 0.0005617149334838018, "13104_13110": 0.000498172520193779, "13104_13111": 0.00023891947397048583, "13104_13112": 0.001784270965183841, "13104_13113": 0.023480192558929233, "13104_13114": 0.015341680264743111, "13104_13115": 0.0031415369130587283, "13104_13116": 0.012012057808345914, "13104_13117": 0.0010624291502091816, "13104_13118": 0.0002541696531600913, "13104_13119": 0.0012886401415216628, "13104_13120": 0.0018605218611318682, "13104_13121": 0.00037108769361373327, "13104_13122": 0.00011437634392204108, "13104_13123": 0.0003151703699185132, "13105_13101": 0.010525165337359381, "13105_13102": 0.0006354241329002283, "13105_13103": 0.0008311347658334986, "13105_13104": 0.00567815005159644, "13105_13106": 0.007129458771140561, "13105_13107": 0.0003532958178925269, "13105_13108": 0.0003177120664501141, "13105_13109": 0.0001601268814908575, "13105_13110": 5.337562716361917e-05, "13105_13111": 0.00016266857802245844, "13105_13112": 0.00010929295085883925, "13105_13113": 0.0002821283150077013, "13105_13114": 0.0002185859017176785, "13105_13115": 0.00013979330923805021, "13105_13116": 0.010891169637909912, "13105_13117": 0.004048922574840254, "13105_13118": 0.0019367727570798958, "13105_13119": 0.0009226358409711314, "13105_13120": 0.0003380456387029214, "13105_13121": 0.0010980129016515943, "13105_13122": 0.00016266857802245844, "13105_13123": 0.00014487670230125204, "13106_13101": 0.009371235112012566, "13106_13102": 0.0031110365546795173, "13106_13103": 0.0008514683380863059, "13106_13104": 0.0005642566300154027, "13106_13105": 0.005258770123882289, "13106_13107": 0.009066231528220456, "13106_13108": 0.0009200941444395305, "13106_13109": 0.00012708482658004564, "13106_13110": 3.3042054910811866e-05, "13106_13111": 0.00013979330923805021, "13106_13112": 9.150107513763287e-05, "13106_13113": 0.0006938831531270492, "13106_13114": 7.62508959480274e-05, "13106_13115": 4.320884103721552e-05, "13106_13116": 0.0005464647542941963, "13106_13117": 0.002432403580742074, "13106_13118": 0.012698315871878162, "13106_13119": 9.404277166923378e-05, "13106_13120": 9.404277166923378e-05, "13106_13121": 0.0031339118234639256, "13106_13122": 0.0010751376328671863, "13106_13123": 0.0003609209074873296, "13107_13101": 0.0025289880489429086, "13107_13102": 0.0034058733523452235, "13107_13103": 0.00114122174268881, "13107_13104": 0.00036854599708213237, "13107_13105": 0.0003177120664501141, "13107_13106": 0.006224614805890636, "13107_13108": 0.013206655178198344, "13107_13109": 0.0002846700115393023, "13107_13110": 5.083393063201826e-05, "13107_13111": 7.370919941642648e-05, "13107_13112": 0.00010929295085883925, "13107_13113": 0.0002465445635652886, "13107_13114": 3.81254479740137e-05, "13107_13115": 5.337562716361917e-05, "13107_13116": 7.116750288482557e-05, "13107_13117": 0.00010929295085883925, "13107_13118": 0.0010319287918299706, "13107_13119": 2.0333572252807305e-05, "13107_13120": 3.5583751442412785e-05, "13107_13121": 0.0017131034622990154, "13107_13122": 0.0063211992740914704, "13107_13123": 0.004168382311825498, "13108_13101": 0.004694513493866887, "13108_13102": 0.012268769158037606, "13108_13103": 0.0031694955749063383, "13108_13104": 0.0006506743120898338, "13108_13105": 0.0003100869768553114, "13108_13106": 0.0011208881704360026, "13108_13107": 0.012378062108896446, "13108_13109": 0.0014208083611649104, "13108_13110": 0.00013216821964324746, "13108_13111": 0.0009200941444395305, "13108_13112": 0.00019062723987006849, "13108_13113": 0.0005388396646993936, "13108_13114": 0.00014233500576965114, "13108_13115": 6.862580635322464e-05, "13108_13116": 0.0001525017918960548, "13108_13117": 0.0001372516127064493, "13108_13118": 0.0001728353641488621, "13108_13119": 9.404277166923378e-05, "13108_13120": 0.00016266857802245844, "13108_13121": 0.0005795068092050082, "13108_13122": 0.0007904676213278839, "13108_13123": 0.015438264732943945, "13109_13101": 0.0009099273583131268, "13109_13102": 0.0009582195924135442, "13109_13103": 0.015306096513300699, "13109_13104": 0.0006252573467738245, "13109_13105": 0.00018808554333846756, "13109_13106": 0.0001575851849592566, "13109_13107": 0.0002897534046025041, "13109_13108": 0.0012327228178264427, "13109_13110": 0.006966790193118103, "13109_13111": 0.018145171539098916, "13109_13112": 0.0008108011935806913, "13109_13113": 0.0024578205460580827, "13109_13114": 5.337562716361917e-05, "13109_13115": 0.00011691804045364199, "13109_13116": 0.00029483679766570593, "13109_13117": 0.00011691804045364199, "13109_13118": 5.8459020226820995e-05, "13109_13119": 8.387598554283013e-05, "13109_13120": 6.1000716758421914e-05, "13109_13121": 0.00010166786126403652, "13109_13122": 7.87925924796283e-05, "13109_13123": 0.00014996009536445386, "13110_13101": 0.00042192162424575157, "13110_13102": 0.00017537706068046299, "13110_13103": 0.0015656850634661625, "13110_13104": 0.000526131182041389, "13110_13105": 3.5583751442412785e-05, "13110_13106": 3.3042054910811866e-05, "13110_13107": 2.795866184761004e-05, "13110_13108": 0.00014487670230125204, "13110_13109": 0.006044154352146971, "13110_13111": 0.0025950721587645323, "13110_13112": 0.014355502010481956, "13110_13113": 0.007864009068773225, "13110_13114": 0.00010675125432723834,