{"13101_13102": 0.025303600897050735, "13101_13103": 0.02077603351246139, "13101_13104": 0.015780788237678357, "13101_13105": 0.014596004249187689, "13101_13106": 0.013705189220247336, "13101_13107": 0.003298242644651658, "13101_13108": 0.004420669581116503, "13101_13109": 0.0008997231792297567, "13101_13110": 0.00040309380059550985, "13101_13111": 0.0005567593930877208, "13101_13112": 0.0009821235694067395, "13101_13113": 0.003160166315165903, "13101_13114": 0.0006926086850011247, "13101_13115": 0.0006302516329753, "13101_13116": 0.0011402432370436523, "13101_13117": 0.0014898881359027409, "13101_13118": 0.0019375226879452684, "13101_13119": 0.0005790297688112296, "13101_13120": 0.0003830504624443519, "13101_13121": 0.0018172626590383207, "13101_13122": 0.000572348656094177, "13101_13123": 0.0011536054624777575, "13102_13101": 0.028880223238246253, "13102_13103": 0.013462442124861088, "13102_13104": 0.000877452803506248, "13102_13105": 0.0005946190318176858, "13102_13106": 0.004068797644685064, "13102_13107": 0.0054718313152661196, "13102_13108": 0.01601240014520285, "13102_13109": 0.0007505116618822476, "13102_13110": 0.0001692548554986671, "13102_13111": 0.0004075478757402116, "13102_13112": 0.0003318285982802816, "13102_13113": 0.0010422535838602134, "13102_13114": 0.00020711449422863214, "13102_13115": 0.00017370893064336888, "13102_13116": 0.00016034670520926358, "13102_13117": 0.00020711449422863214, "13102_13118": 0.0006703383092776158, "13102_13119": 0.00014921151734750916, "13102_13120": 0.00018707115607747419, "13102_13121": 0.0007104249855799318, "13102_13122": 0.0004877212283448434, "13102_13123": 0.0011335621243265994, "13103_13101": 0.019141387934355842, "13103_13102": 0.013250873555487755, "13103_13104": 0.005128867529124084, "13103_13105": 0.0009086313295191604, "13103_13106": 0.0011380161994713012, "13103_13107": 0.0011090647110307398, "13103_13108": 0.0028929218064837974, "13103_13109": 0.01828843254414545, "13103_13110": 0.0018083545087489172, "13103_13111": 0.0034741786128673776, "13103_13112": 0.0014720718353239336, "13103_13113": 0.017992236547022786, "13103_13114": 0.00026947154625445684, "13103_13115": 0.00029619599712266744, "13103_13116": 0.0003674611994378957, "13103_13117": 0.0006324786705476508, "13103_13118": 0.00023161190752449184, "13103_13119": 0.00029619599712266744, "13103_13120": 0.00036300712429319394, "13103_13121": 0.000496629378634247, "13103_13122": 0.00036078008672084307, "13103_13123": 0.0005233538295024576, "13104_13101": 0.01404592596881702, "13104_13102": 0.0009331287428150201, "13104_13103": 0.004418442543544152, "13104_13105": 0.00889924213911413, "13104_13106": 0.0006324786705476508, "13104_13107": 0.00031401229770147454, "13104_13108": 0.0005857108815282823, "13104_13109": 0.0005367160549365628, "13104_13110": 0.000476586040483089, "13104_13111": 0.00024274709538624626, "13104_13112": 0.0017014567052760748, "13104_13113": 0.02330372115707964, "13104_13114": 0.015881004928434146, "13104_13115": 0.0026390395232357964, "13104_13116": 0.01289009346876691, "13104_13117": 0.001086794335307231, "13104_13118": 0.0001959793063668777, "13104_13119": 0.0013874444075746002, "13104_13120": 0.001868484523202391, "13104_13121": 0.0003919586127337554, "13104_13122": 8.240039017698268e-05, "13104_13123": 0.00032292044799087804, "13105_13101": 0.012613940809795401, "13105_13102": 0.0006057542196794402, "13105_13103": 0.0008618635404997918, "13105_13104": 0.0073893106650602305, "13105_13106": 0.008369207196894619, "13105_13107": 0.00026724450868210596, "13105_13108": 0.0003385097109973342, "13105_13109": 0.0002494282081032989, "13105_13110": 4.231371387466678e-05, "13105_13111": 0.0002137956069456848, "13105_13112": 0.0001046707659004915, "13105_13113": 0.0003585530491484922, "13105_13114": 0.0002761526589715095, "13105_13115": 0.0001982063439392286, "13105_13116": 0.011580595376224592, "13105_13117": 0.003886180563752291, "13105_13118": 0.0018929819364982507, "13105_13119": 0.0009086313295191604, "13105_13120": 0.0003251474855632289, "13105_13121": 0.0010288913584261081, "13105_13122": 0.00017370893064336888, "13105_13123": 0.00016257374278161446, "13106_13101": 0.011012700795275117, "13106_13102": 0.003449681199571518, "13106_13103": 0.0010155291329920027, "13106_13104": 0.0005946190318176858, "13106_13105": 0.007402672890494335, "13106_13107": 0.009219935549532656, "13106_13108": 0.0007683279624610547, "13106_13109": 0.00018707115607747419, "13106_13110": 6.013001445347385e-05, "13106_13111": 0.0001202600289069477, "13106_13112": 7.571927745993003e-05, "13106_13113": 0.0006257975578305982, "13106_13114": 9.576261561108798e-05, "13106_13115": 5.34489017364212e-05, "13106_13116": 0.0005055375289236505, "13106_13117": 0.002349524638830182, "13106_13118": 0.013462442124861088, "13106_13119": 0.0001180329913345968, "13106_13120": 8.462742774933355e-05, "13106_13121": 0.00287510550590499, "13106_13122": 0.0009954857948408448, "13106_13123": 0.000380823424872001, "13107_13101": 0.0025210065319012, "13107_13102": 0.004039846156244502, "13107_13103": 0.001066750997156073, "13107_13104": 0.00031401229770147454, "13107_13105": 0.000305104147412071, "13107_13106": 0.008182136040817144, "13107_13108": 0.015513543728996252, "13107_13109": 0.00028506080926091307, "13107_13110": 8.908150289403533e-06, "13107_13111": 0.00012694114162400033, "13107_13112": 9.576261561108798e-05, "13107_13113": 0.0001848441185051233, "13107_13114": 5.567593930877208e-05, "13107_13115": 4.6767789019368546e-05, "13107_13116": 8.685446532168444e-05, "13107_13117": 9.13085404663862e-05, "13107_13118": 0.0012315517775100383, "13107_13119": 3.7859638729965015e-05, "13107_13120": 3.5632601157614133e-05, "13107_13121": 0.0017459974567230923, "13107_13122": 0.005857108815282823, "13107_13123": 0.004525340347016994, "13108_13101": 0.004431804768978257, "13108_13102": 0.01429980825206502, "13108_13103": 0.003184663728461763, "13108_13104": 0.0005411701300812646, "13108_13105": 0.0003028771098397201, "13108_13106": 0.0008195498266251249, "13108_13107": 0.014789756517982216, "13108_13109": 0.001066750997156073, "13108_13110": 0.00013362225434105298, "13108_13111": 0.0008485013150656865, "13108_13112": 0.0002405200578138954, "13108_13113": 0.0004899482659171943, "13108_13114": 0.0001046707659004915, "13108_13115": 0.00014030336705810563, "13108_13116": 0.00021824968209038654, "13108_13117": 0.0001558926300645618, "13108_13118": 0.00018039004336042153, "13108_13119": 0.00015143855491986006, "13108_13120": 0.00017370893064336888, "13108_13121": 0.0007282412861587388, "13108_13122": 0.0007594198121716511, "13108_13123": 0.015074817327243127, "13109_13101": 0.0009130854046638621, "13109_13102": 0.000723787211014037, "13109_13103": 0.017384255289770993, "13109_13104": 0.0005344890173642119, "13109_13105": 0.00028283377168856214, "13109_13106": 0.00019375226879452684, "13109_13107": 0.00021602264451803566, "13109_13108": 0.0010556158092943186, "13109_13110": 0.007794631503228091, "13109_13111": 0.01906121458175121, "13109_13112": 0.0007282412861587388, "13109_13113": 0.002360659826691936, "13109_13114": 8.908150289403533e-05, "13109_13115": 0.0001068978034728424, "13109_13116": 0.0002627904335374042, "13109_13117": 0.00011135187861754416, "13109_13118": 8.908150289403533e-05, "13109_13119": 0.0001046707659004915, "13109_13120": 6.903816474287738e-05, "13109_13121": 0.00010244372832814062, "13109_13122": 7.79463150322809e-05, "13109_13123": 0.00016257374278161446, "13110_13101": 0.00045654270233193105, "13110_13102": 0.0001848441185051233, "13110_13103": 0.0016880944798419693, "13110_13104": 0.0004676778901936855, "13110_13105": 4.4540751447017665e-05, "13110_13106": 3.3405563585263245e-05, "13110_13107": 4.0086676302315896e-05, "13110_13108": 0.0001447574422028074, "13110_13109": 0.007574154783565354, "13110_13111": 0.0032848804192175526, "13110_13112": 0.015284158859044111, "13110_13113": 0.010638558483120168, "13110_13114": 0.00010021669075578974,