{"13101_13102": 0.030218920460361797, "13101_13103": 0.028349980257673914, "13101_13104": 0.025770316315935713, "13101_13105": 0.01765695149237361, "13101_13106": 0.016434389669645076, "13101_13107": 0.004033284099384332, "13101_13108": 0.006738713970254895, "13101_13109": 0.0026732571913250756, "13101_13110": 0.0009827291206621722, "13101_13111": 0.0020327283894649097, "13101_13112": 0.0029598865181848758, "13101_13113": 0.005232447609716149, "13101_13114": 0.0016495810239686463, "13101_13115": 0.0021087729047542447, "13101_13116": 0.003395680086573756, "13101_13117": 0.002813647065705386, "13101_13118": 0.0019391351398780363, "13101_13119": 0.0018952633041341893, "13101_13120": 0.0015998596101256196, "13101_13121": 0.00362381363244176, "13101_13122": 0.0016700545473157748, "13101_13123": 0.002772700019011129, "13102_13101": 0.034769892221523525, "13102_13103": 0.018718649917374708, "13102_13104": 0.002699580292771384, "13102_13105": 0.0012664336584723827, "13102_13106": 0.0055600239832702065, "13102_13107": 0.0075020839121978326, "13102_13108": 0.02129246428101373, "13102_13109": 0.0019098872493821383, "13102_13110": 0.0006142057004138576, "13102_13111": 0.0013541773299600767, "13102_13112": 0.0009827291206621722, "13102_13113": 0.0020678258580599873, "13102_13114": 0.0005498603413228821, "13102_13115": 0.00040362088884339216, "13102_13116": 0.0008189409338851436, "13102_13117": 0.0006171304894634474, "13102_13118": 0.0008598879805794007, "13102_13119": 0.00047089103698395754, "13102_13120": 0.00040362088884339216, "13102_13121": 0.0018777145698366505, "13102_13122": 0.001377575642356795, "13102_13123": 0.0022228396776882466, "13103_13101": 0.026577558093622496, "13103_13102": 0.018882438104151737, "13103_13104": 0.010552638890919992, "13103_13105": 0.0015910852429768503, "13103_13106": 0.002567964785539843, "13103_13107": 0.0015589125634313625, "13103_13108": 0.005396235796493178, "13103_13109": 0.023857504277503987, "13103_13110": 0.004123952559921615, "13103_13111": 0.006612948041122534, "13103_13112": 0.003699858147731095, "13103_13113": 0.023035638554569252, "13103_13114": 0.0007458212076453986, "13103_13115": 0.0008745119258273497, "13103_13116": 0.001260584080373203, "13103_13117": 0.0013834252204559746, "13103_13118": 0.0008832862929761191, "13103_13119": 0.0006434535909097556, "13103_13120": 0.0004884397712814964, "13103_13121": 0.0013395533847121277, "13103_13122": 0.0009534812301662742, "13103_13123": 0.0014097483219022828, "13104_13101": 0.01896140740849066, "13104_13102": 0.0029247890495897985, "13104_13103": 0.008777291937818985, "13104_13105": 0.010552638890919992, "13104_13106": 0.0015559877743817727, "13104_13107": 0.0010090522221084803, "13104_13108": 0.0022550123572337346, "13104_13109": 0.0016700545473157748, "13104_13110": 0.001117269416943303, "13104_13111": 0.0007048741609511414, "13104_13112": 0.003755429139673301, "13104_13113": 0.02552170924672058, "13104_13114": 0.02045012503473187, "13104_13115": 0.005437182843187435, "13104_13116": 0.015097761073982538, "13104_13117": 0.0017724221640514177, "13104_13118": 0.0006493031690089353, "13104_13119": 0.0022520875681841445, "13104_13120": 0.004603617964054342, "13104_13121": 0.0008335648791330926, "13104_13122": 0.0004240944121905208, "13104_13123": 0.0007926178324388353, "13105_13101": 0.013372135534724558, "13105_13102": 0.0015355142510346442, "13105_13103": 0.0016788289144645443, "13105_13104": 0.007844284230999839, "13105_13106": 0.008797765461166113, "13105_13107": 0.0005878825989675495, "13105_13108": 0.0009271581287199661, "13105_13109": 0.00026615580351267167, "13105_13110": 8.189409338851435e-05, "13105_13111": 0.00014331466342990012, "13105_13112": 0.00028662932685980024, "13105_13113": 0.0006317544347113964, "13105_13114": 0.0003422003188020064, "13105_13115": 0.0001784121320249777, "13105_13116": 0.015451660548982905, "13105_13117": 0.004799578830376859, "13105_13118": 0.0024421988564074814, "13105_13119": 0.0020912241704567056, "13105_13120": 0.0009388572849183252, "13105_13121": 0.0013278542285137685, "13105_13122": 0.0004621166698351881, "13105_13123": 0.0002778549597110308, "13106_13101": 0.011500270542987088, "13106_13102": 0.004688436846492447, "13106_13103": 0.0025299425278951754, "13106_13104": 0.0015501381962825932, "13106_13105": 0.0075605796931896285, "13106_13107": 0.010979658092160102, "13106_13108": 0.0016086339772743892, "13106_13109": 0.00072534768429827, "13106_13110": 9.651803863646335e-05, "13106_13111": 0.0004913645603310861, "13106_13112": 0.0001754873429753879, "13106_13113": 0.0006931750047527822, "13106_13114": 0.00022228396776882467, "13106_13115": 0.00013746508533072052, "13106_13116": 0.0010997206826457641, "13106_13117": 0.002784399175209488, "13106_13118": 0.013480352729559381, "13106_13119": 0.00041824483409134115, "13106_13120": 0.00020181044442169608, "13106_13121": 0.004761556572732192, "13106_13122": 0.0021116976938038343, "13106_13123": 0.0007896930433892456, "13107_13101": 0.004015735365086793, "13107_13102": 0.005372837484096459, "13107_13103": 0.0017870461092993667, "13107_13104": 0.0009827291206621722, "13107_13105": 0.0006434535909097556, "13107_13106": 0.008604729383893187, "13107_13108": 0.015103610652081718, "13107_13109": 0.0005089132946286249, "13107_13110": 7.604451528933475e-05, "13107_13111": 0.0003509746859507758, "13107_13112": 0.0001696377648762083, "13107_13113": 0.00057910823181878, "13107_13114": 0.00013746508533072052, "13107_13115": 0.00012284114008277153, "13107_13116": 0.00024568228016554305, "13107_13117": 0.00037729778739708397, "13107_13118": 0.0013073807051666398, "13107_13119": 0.00012576592913236134, "13107_13120": 4.679662479343677e-05, "13107_13121": 0.0024304997002091225, "13107_13122": 0.008897208288852166, "13107_13123": 0.005609745397113233, "13108_13101": 0.0067562627045524345, "13108_13102": 0.017308901595472426, "13108_13103": 0.005583422295666925, "13108_13104": 0.0020064052880186018, "13108_13105": 0.0009096093944224273, "13108_13106": 0.0017928956873985464, "13108_13107": 0.014334391132039602, "13108_13109": 0.002521168160746406, "13108_13110": 0.00028955411590939, "13108_13111": 0.0020795250142583467, "13108_13112": 0.0005761834427691903, "13108_13113": 0.001175765197935099, "13108_13114": 0.00043871835743846977, "13108_13115": 0.0002924789049589798, "13108_13116": 0.0006288296456618066, "13108_13117": 0.00041532004504175136, "13108_13118": 0.0005030637165294454, "13108_13119": 0.0003509746859507758, "13108_13120": 0.00028077974876062066, "13108_13121": 0.0010032026440093009, "13108_13122": 0.0014916424152907972, "13108_13123": 0.021973940129568156, "13109_13101": 0.002407101387812404, "13109_13102": 0.0020532019128120384, "13109_13103": 0.02046182419093023, "13109_13104": 0.0017227007502083913, "13109_13105": 0.00026908059256226146, "13109_13106": 0.0006171304894634474, "13109_13107": 0.00041824483409134115, "13109_13108": 0.00246267237975461, "13109_13110": 0.008528684868603852, "13109_13111": 0.026466416109738086, "13109_13112": 0.0020473523347128587, "13109_13113": 0.003977713107442125, "13109_13114": 0.0003392755297524166, "13109_13115": 0.00044749272458723913, "13109_13116": 0.0007224228952486802, "13109_13117": 0.000333425951653237, "13109_13118": 0.00022228396776882467, "13109_13119": 0.000333425951653237, "13109_13120": 0.00015501381962825932, "13109_13121": 0.00022813354586800427, "13109_13122": 0.00026615580351267167, "13109_13123": 0.0003743729983474942, "13110_13101": 0.00101490180020766, "13110_13102": 0.0007575203638437578, "13110_13103": 0.0037027829367806847, "13110_13104": 0.0010646232140506867, "13110_13105": 0.0001520890305786695, "13110_13106": 9.359324958687354e-05, "13110_13107": 6.434535909097556e-05, "13110_13108": 0.00025445664731431247, "13110_13109": 0.007505008701247423, "13110_13111": 0.004103479036574487, "13110_13112": 0.01915736827481318, "13110_13113": 0.010801245960135125, "13110_13114": 0.00029832848305815944, "13110_13115": 0.0005586347084716515,