{"13101_13102": 0.029727322308863446, "13101_13103": 0.026463360448784227, "13101_13104": 0.021224175217895776, "13101_13105": 0.013816034686438555, "13101_13106": 0.01390026596024705, "13101_13107": 0.004512690494290173, "13101_13108": 0.008848495313582503, "13101_13109": 0.0035735117913254424, "13101_13110": 0.0012550459797465903, "13101_13111": 0.0030154796023441565, "13101_13112": 0.0047169513332757755, "13101_13113": 0.006264700989506889, "13101_13114": 0.002270032829138967, "13101_13115": 0.0031734132407350863, "13101_13116": 0.004367391546970517, "13101_13117": 0.0040367837972721705, "13101_13118": 0.0028049014178229163, "13101_13119": 0.0025837943240756144, "13101_13120": 0.0019331077339049829, "13101_13121": 0.004889625444583192, "13101_13122": 0.0025269382142548797, "13101_13123": 0.003933600486856763, "13102_13101": 0.032509060126389024, "13102_13103": 0.019017315844113182, "13102_13104": 0.0032134230957941217, "13102_13105": 0.0016551445303369461, "13102_13106": 0.0057150919279064525, "13102_13107": 0.00638894211837442, "13102_13108": 0.01972696432594976, "13102_13109": 0.002581688542230402, "13102_13110": 0.0008991688479056947, "13102_13111": 0.0022847733020554535, "13102_13112": 0.0015477496562311137, "13102_13113": 0.0025206208687192423, "13102_13114": 0.0009834001217141908, "13102_13115": 0.0006738501904679679, "13102_13116": 0.0013498061627811482, "13102_13117": 0.0010992181232008726, "13102_13118": 0.0011413337601051206, "13102_13119": 0.0005159165520770379, "13102_13120": 0.0005517148434456487, "13102_13121": 0.002912296291928749, "13102_13122": 0.001722529549383743, "13102_13123": 0.0031755190225802987, "13103_13101": 0.02616855099045449, "13103_13102": 0.018503505073881356, "13103_13104": 0.009471806739765373, "13103_13105": 0.00209735871783155, "13103_13106": 0.0037419743389424344, "13103_13107": 0.002602746360682526, "13103_13108": 0.007010147762712079, "13103_13109": 0.021438964966107442, "13103_13110": 0.0040178317606652586, "13103_13111": 0.009322296228755293, "13103_13112": 0.00461587380470558, "13103_13113": 0.01736427709562145, "13103_13114": 0.0013477003809359359, "13103_13115": 0.0013813928904593343, "13103_13116": 0.001918367260988496, "13103_13117": 0.0024427069404463837, "13103_13118": 0.0016109231115874858, "13103_13119": 0.0009770827761785535, "13103_13120": 0.0008191491377876235, "13103_13121": 0.002069983553843789, "13103_13122": 0.0013413830354002986, "13103_13123": 0.0017393758041454421, "13104_13101": 0.017631711389963424, "13104_13102": 0.003640896810372239, "13104_13103": 0.00862528243798999, "13104_13105": 0.008206231850792722, "13104_13106": 0.002013127444023054, "13104_13107": 0.0011876609606997935, "13104_13108": 0.0025143035231836052, "13104_13109": 0.002489034141041056, "13104_13110": 0.0014445663458157061, "13104_13111": 0.0009939290309402527, "13104_13112": 0.004453728602624225, "13104_13113": 0.022742443928293915, "13104_13114": 0.016052375006054123, "13104_13115": 0.006113084696651596, "13104_13116": 0.012268285030207441, "13104_13117": 0.00251851508687403, "13104_13118": 0.0009012746297509071, "13104_13119": 0.0026006405788373136, "13104_13120": 0.0051970695939842024, "13104_13121": 0.0010213041949280138, "13104_13122": 0.00040009855059035596, "13104_13123": 0.0010360446678445007, "13105_13101": 0.012415689759372309, "13105_13102": 0.002027867916939541, "13105_13103": 0.002343735193721401, "13105_13104": 0.006888012415689759, "13105_13106": 0.006433163537123881, "13105_13107": 0.0007222831729078531, "13105_13108": 0.0013940275815306085, "13105_13109": 0.00043379106011375435, "13105_13110": 0.00015161629285529278, "13105_13111": 0.00019162614791432838, "13105_13112": 0.00033481931338877157, "13105_13113": 0.0007728219371929507, "13105_13114": 0.0005095992065414007, "13105_13115": 0.00033692509523398396, "13105_13116": 0.010324648387076396, "13105_13117": 0.003739868557097222, "13105_13118": 0.0016551445303369461, "13105_13119": 0.0026174868335990128, "13105_13120": 0.001286632707424776, "13105_13121": 0.0016825196943247073, "13105_13122": 0.0005643495345169231, "13105_13123": 0.00042536793273290476, "13106_13101": 0.01087215166683162, "13106_13102": 0.0057909000743340995, "13106_13103": 0.003840946085667417, "13106_13104": 0.0018846747514650976, "13106_13105": 0.005645601127014443, "13106_13107": 0.008315732506743766, "13106_13108": 0.002196330464556533, "13106_13109": 0.0009876116854046154, "13106_13110": 0.000126346910712744, "13106_13111": 0.0006991195726105167, "13106_13112": 0.00018320302053347878, "13106_13113": 0.0008317838288588979, "13106_13114": 0.0002569053851159128, "13106_13115": 0.00022110709374730198, "13106_13116": 0.0014845762008747418, "13106_13117": 0.0028428054910367394, "13106_13118": 0.009838212780832332, "13106_13119": 0.0005685610982073479, "13106_13120": 0.00028638633094888637, "13106_13121": 0.0050033376642246614, "13106_13122": 0.0024490242859820208, "13106_13123": 0.001027621540463651, "13107_13101": 0.004386343583577429, "13107_13102": 0.005152848175234742, "13107_13103": 0.0025374671234809415, "13107_13104": 0.0011497568874859702, "13107_13105": 0.0007812450645738003, "13107_13106": 0.007408140531457222, "13107_13108": 0.013405407226622137, "13107_13109": 0.0007517641187408267, "13107_13110": 9.686596487977039e-05, "13107_13111": 0.00043589684195896675, "13107_13112": 0.00023795334850900118, "13107_13113": 0.0006612154993966935, "13107_13114": 0.00015161629285529278, "13107_13115": 0.00016214520208135478, "13107_13116": 0.00038325229582865676, "13107_13117": 0.0005706668800525603, "13107_13118": 0.0012403055068301034, "13107_13119": 0.00013477003809359359, "13107_13120": 6.10676735111596e-05, "13107_13121": 0.0027522568716926064, "13107_13122": 0.006460538701111642, "13107_13123": 0.004933846863332652, "13108_13101": 0.009349671392743055, "13108_13102": 0.01740007538699006, "13108_13103": 0.007435515695444983, "13108_13104": 0.0025690538511591275, "13108_13105": 0.0014214027455183697, "13108_13106": 0.002192118900866108, "13108_13107": 0.013348551116801402, "13108_13109": 0.002903873164547899, "13108_13110": 0.00039799276874514356, "13108_13111": 0.002503774613957543, "13108_13112": 0.0007707161553477383, "13108_13113": 0.0017835972228949025, "13108_13114": 0.00046958935148236515, "13108_13115": 0.00036219447737653276, "13108_13116": 0.001126593287188634, "13108_13117": 0.0006085709532663835, "13108_13118": 0.0006275229898732951, "13108_13119": 0.00044221418749460395, "13108_13120": 0.00031797305862707237, "13108_13121": 0.0013477003809359359, "13108_13122": 0.001796231913966177, "13108_13123": 0.01731584411318156, "13109_13101": 0.0037904073213823196, "13109_13102": 0.0028596517457984386, "13109_13103": 0.020605075355403332, "13109_13104": 0.002472187886279357, "13109_13105": 0.00039588698689993116, "13109_13106": 0.0010213041949280138, "13109_13107": 0.0007707161553477383, "13109_13108": 0.002819641890739403, "13109_13110": 0.007717690462703445, "13109_13111": 0.023037253386623654, "13109_13112": 0.002564842287468703, "13109_13113": 0.004681153041907165, "13109_13114": 0.0005117049883866131, "13109_13115": 0.0006064651714211711, "13109_13116": 0.001126593287188634, "13109_13117": 0.0006212056443376579, "13109_13118": 0.00038746385951908156, "13109_13119": 0.00044431996933981635, "13109_13120": 0.00024216491219942597, "13109_13121": 0.00031586727678185997, "13109_13122": 0.00028006898541324917, "13109_13123": 0.00043379106011375435, "13110_13101": 0.0012992673984960506, "13110_13102": 0.000974976994333341, "13110_13103": 0.003910436886559426, "13110_13104": 0.0013834986723045466, "13110_13105": 0.00011371221964146959, "13110_13106": 8.423127380849599e-05, "13110_13107": 9.476018303455799e-05, "13110_13108": 0.00036008869553132036, "13110_13109": 0.0071638698374125835, "13110_13111": 0.0036661661925147877, "13110_13112": 0.013769707485843882, "13110_13113": 0.009593942086787693, "13110_13114": 0.00042747371457811716, "13110_13115": 0.0006759559723131803,