{"13101_13102": 0.029000391080813828, "13101_13103": 0.026208773564208792, "13101_13104": 0.023913160982216953, "13101_13105": 0.01650806166994687, "13101_13106": 0.01550651324428561, "13101_13107": 0.003688241821482737, "13101_13108": 0.006463961744029659, "13101_13109": 0.0024800246730659783, "13101_13110": 0.0008616495979498462, "13101_13111": 0.0018949932117273372, "13101_13112": 0.003004645276983781, "13101_13113": 0.004969587902566825, "13101_13114": 0.001561143736506917, "13101_13115": 0.0018981727305389603, "13101_13116": 0.002858387411649121, "13101_13117": 0.0025785897562262926, "13101_13118": 0.002022173964192259, "13101_13119": 0.001433962984041995, "13101_13120": 0.0012654484870259736, "13101_13121": 0.0031445441046951956, "13101_13122": 0.0015929389246231475, "13101_13123": 0.0025849487938495387, "13102_13101": 0.033079713716126204, "13102_13103": 0.018056487331207294, "13102_13104": 0.0023337668077313177, "13102_13105": 0.0013099617503886962, "13102_13106": 0.005103127692654994, "13102_13107": 0.007214328183572698, "13102_13108": 0.020186764934994737, "13102_13109": 0.0018409413919297454, "13102_13110": 0.0006009290553967562, "13102_13111": 0.0014021677959257647, "13102_13112": 0.0010619592830820983, "13102_13113": 0.001742376308769431, "13102_13114": 0.00043241455838073466, "13102_13115": 0.00035292658809015843, "13102_13116": 0.0007440074019197934, "13102_13117": 0.0005786724237153949, "13102_13118": 0.000712212213803563, "13102_13119": 0.000391080813829635, "13102_13120": 0.0003815422573947659, "13102_13121": 0.0017614534216391692, "13102_13122": 0.0012813460810840887, "13102_13123": 0.0021875089423966576, "13103_13101": 0.02457768041384617, "13103_13102": 0.017379249824331585, "13103_13104": 0.009808815533857106, "13103_13105": 0.0015484256612604249, "13103_13106": 0.0021716113483385424, "13103_13107": 0.0016024774810580167, "13103_13108": 0.0051126662490898625, "13103_13109": 0.022135809966519666, "13103_13110": 0.0038472177620638894, "13103_13111": 0.006406730405420444, "13103_13112": 0.0034084441660599085, "13103_13113": 0.02243150521600061, "13103_13114": 0.0007694435524127778, "13103_13115": 0.0007948797029057622, "13103_13116": 0.0010238050573426218, "13103_13117": 0.0013894497206792724, "13103_13118": 0.0009792917939798992, "13103_13119": 0.0008012387405290084, "13103_13120": 0.00047692782174345733, "13103_13121": 0.0013735521266211572, "13103_13122": 0.0009379580494287994, "13103_13123": 0.0011414472533726745, "13104_13101": 0.017751253525291482, "13104_13102": 0.0026930524334447224, "13104_13103": 0.00834305736169888, "13104_13105": 0.01002184329423585, "13104_13106": 0.0014498605781001104, "13104_13107": 0.0009602146811101608, "13104_13108": 0.001949045031524929, "13104_13109": 0.001507091916709325, "13104_13110": 0.0010937544711983288, "13104_13111": 0.0007058531761803169, "13104_13112": 0.003376648977943678, "13104_13113": 0.02427562612674198, "13104_13114": 0.019267883998435677, "13104_13115": 0.005195333738192062, "13104_13116": 0.014648043165147387, "13104_13117": 0.0017932486097553997, "13104_13118": 0.0006136471306432484, "13104_13119": 0.002136636641410689, "13104_13120": 0.004333684140242215, "13104_13121": 0.0007853411464708931, "13104_13122": 0.0003624651445250276, "13104_13123": 0.0007408278831081704, "13105_13101": 0.01278484514153628, "13105_13102": 0.0015452461424488018, "13105_13103": 0.001621554593927755, "13105_13104": 0.00778982108847647, "13105_13106": 0.008467058595352179, "13105_13107": 0.0006708784692524634, "13105_13108": 0.0008807267108195846, "13105_13109": 0.00023846391087172867, "13105_13110": 0.00011446267721842976, "13105_13111": 0.00017169401582764466, "13105_13112": 0.0003052338059158127, "13105_13113": 0.0006327242435129868, "13105_13114": 0.00032113139997392795, "13105_13115": 0.00020666872275549819, "13105_13116": 0.014266500907752621, "13105_13117": 0.0045371733441860905, "13105_13118": 0.0022765354691221032, "13105_13119": 0.0019395064750900599, "13105_13120": 0.0009602146811101608, "13105_13121": 0.0012272942612864969, "13105_13122": 0.000391080813829635, "13105_13123": 0.0003815422573947659, "13106_13101": 0.011420831571349993, "13106_13102": 0.004645276983781275, "13106_13103": 0.0024800246730659783, "13106_13104": 0.001494373841462833, "13106_13105": 0.007411458349893327, "13106_13107": 0.010527386785283916, "13106_13108": 0.0016787859325369699, "13106_13109": 0.0005754929049037719, "13106_13110": 7.312893266733012e-05, "13106_13111": 0.00041969648313424247, "13106_13112": 0.00015897594058115244, "13106_13113": 0.0007281098078616782, "13106_13114": 0.00015261690295790634, "13106_13115": 0.0001494373841462833, "13106_13116": 0.0010206255385309987, "13106_13117": 0.0025595126433565546, "13106_13118": 0.012714895727680572, "13106_13119": 0.0003974398514528811, "13106_13120": 0.00021938679800199038, "13106_13121": 0.0042764528016330005, "13106_13122": 0.0018600185047994836, "13106_13123": 0.0007026736573686938, "13107_13101": 0.003383008015566924, "13107_13102": 0.005042716835234155, "13107_13103": 0.0017010425642183312, "13107_13104": 0.0009284194929939303, "13107_13105": 0.0005913904989618871, "13107_13106": 0.00823813324091532, "13107_13108": 0.014673479315640371, "13107_13109": 0.00048328685936670343, "13107_13110": 7.948797029057622e-05, "13107_13111": 0.00035292658809015843, "13107_13112": 0.0002003096851322521, "13107_13113": 0.00047692782174345733, "13107_13114": 0.00010810363959518366, "13107_13115": 0.00011446267721842976, "13107_13116": 0.00022892535443685952, "13107_13117": 0.0003497470692785354, "13107_13118": 0.0014880148038395869, "13107_13119": 9.220604553706842e-05, "13107_13120": 6.676989504408403e-05, "13107_13121": 0.0023687415146591713, "13107_13122": 0.008511571858714902, "13107_13123": 0.005436977167875414, "13108_13101": 0.0061937026450416995, "13108_13102": 0.016969091897632214, "13108_13103": 0.0053733867916429525, "13108_13104": 0.001945865512713306, "13108_13105": 0.0009697532375450299, "13108_13106": 0.0016787859325369699, "13108_13107": 0.013856342981053248, "13108_13109": 0.002410075259210271, "13108_13110": 0.00032749043759717404, "13108_13111": 0.001945865512713306, "13108_13112": 0.0005468772355991644, "13108_13113": 0.0012209352236632507, "13108_13114": 0.0003751832197715198, "13108_13115": 0.0002448229484949748, "13108_13116": 0.0007090326949919399, "13108_13117": 0.0003306699564087971, "13108_13118": 0.0004737483029318343, "13108_13119": 0.0003592856257134045, "13108_13120": 0.00019077112869738294, "13108_13121": 0.0009920098692263912, "13108_13122": 0.00137673164543278, "13108_13123": 0.020778155433956624, "13109_13101": 0.0021779703859617886, "13109_13102": 0.00197130166320629, "13109_13103": 0.01953496357861201, "13109_13104": 0.0015834003681882785, "13109_13105": 0.0002448229484949748, "13109_13106": 0.0006645194316292172, "13109_13107": 0.00044195311481560383, "13109_13108": 0.002336946326542941, "13109_13110": 0.008021925961724952, "13109_13111": 0.024294703239611717, "13109_13112": 0.0019299679186551906, "13109_13113": 0.0036659851898013756, "13109_13114": 0.0002861566930460744, "13109_13115": 0.0003847217762063889, "13109_13116": 0.0006581603940059712, "13109_13117": 0.00032749043759717404, "13109_13118": 0.000257541023741467, "13109_13119": 0.00033384947522042014, "13109_13120": 0.000193950647509006, "13109_13121": 0.00022892535443685952, "13109_13122": 0.0001557964217695294, "13109_13123": 0.0003052338059158127, "13110_13101": 0.0009029833425009459, "13110_13102": 0.0007217507702384321, "13110_13103": 0.003443418872987762, "13110_13104": 0.0010047279444728835, "13110_13105": 0.00011128315840680671, "13110_13106": 8.584700791382233e-05, "13110_13107": 6.676989504408403e-05, "13110_13108": 0.00028297717423445137, "13110_13109": 0.007376483642965474, "13110_13111": 0.003968039476905565, "13110_13112": 0.018320387392572007, "13110_13113": 0.010708619357546429, "13110_13114": 0.00020666872275549819, "13110_13115": 0.0004673892653085882,