{"13101_13102": 0.03717178398838726, "13101_13103": 0.03590026275655513, "13101_13104": 0.026075372544696176, "13101_13105": 0.016430553258732522, "13101_13106": 0.01641217867445749, "13101_13107": 0.005615272954449406, "13101_13108": 0.010817117762710618, "13101_13109": 0.004911526376715727, "13101_13110": 0.0015085533689800268, "13101_13111": 0.0038880620325965126, "13101_13112": 0.005291880271208864, "13101_13113": 0.008843687411572314, "13101_13114": 0.0028039615603696966, "13101_13115": 0.0037612774010988, "13101_13116": 0.00546276390496665, "13101_13117": 0.0046377450710177685, "13101_13118": 0.0032008525807103614, "13101_13119": 0.002818661227789721, "13101_13120": 0.002265586241111295, "13101_13121": 0.005732870293809603, "13101_13122": 0.002875622439042317, "13101_13123": 0.004643257446300278, "13102_13101": 0.040626205832093046, "13102_13103": 0.02506293295114198, "13102_13104": 0.004202267423699539, "13102_13105": 0.0020689781893684657, "13102_13106": 0.006499090458078386, "13102_13107": 0.007373720669569851, "13102_13108": 0.021496426143358508, "13102_13109": 0.003312937544788049, "13102_13110": 0.001181485768884479, "13102_13111": 0.0028443856457747644, "13102_13112": 0.0018264336769380593, "13102_13113": 0.003763114859526303, "13102_13114": 0.0010106021351266928, "13102_13115": 0.0007294709957187219, "13102_13116": 0.001537952703820076, "13102_13117": 0.0013872811127648237, "13102_13118": 0.0013137827756647005, "13102_13119": 0.0007294709957187219, "13102_13120": 0.0006688348676111203, "13102_13121": 0.0030814177829226615, "13102_13122": 0.0019458684747257593, "13102_13123": 0.0035352700145159215, "13103_13101": 0.03411609062344965, "13103_13102": 0.024463921503775975, "13103_13104": 0.011735846976462157, "13103_13105": 0.0026312404681844074, "13103_13106": 0.004617533028315235, "13103_13107": 0.0032541388751079507, "13103_13108": 0.008891461330687394, "13103_13109": 0.02633996655825662, "13103_13110": 0.005054848134060967, "13103_13111": 0.01107436194256105, "13103_13112": 0.005628135163441927, "13103_13113": 0.025073957701707, "13103_13114": 0.0014736416588574683, "13103_13115": 0.00148650386784999, "13103_13116": 0.0024070705400290318, "13103_13117": 0.002794774268232181, "13103_13118": 0.0019752678095658087, "13103_13119": 0.0011759733936019697, "13103_13120": 0.001017951968836705, "13103_13121": 0.0023133601602263747, "13103_13122": 0.0015728644139426345, "13103_13123": 0.001938518641015747, "13104_13101": 0.021963140583944288, "13104_13102": 0.004571596567627657, "13104_13103": 0.011138672987523657, "13104_13105": 0.009470260735350863, "13104_13106": 0.002579791632214321, "13104_13107": 0.0014387299487349098, "13104_13108": 0.0032541388751079507, "13104_13109": 0.0031806405380078277, "13104_13110": 0.0017272109218528931, "13104_13111": 0.0011134998070668652, "13104_13112": 0.005194494974551201, "13104_13113": 0.027679473751906363, "13104_13114": 0.017564265108501922, "13104_13115": 0.007320434375172262, "13104_13116": 0.014688642669459604, "13104_13117": 0.0027580250996821196, "13104_13118": 0.001063888429524282, "13104_13119": 0.002884809731179832, "13104_13120": 0.00604156330963012, "13104_13121": 0.001060213512669276, "13104_13122": 0.0004906014001433217, "13104_13123": 0.001157598809326939, "13105_13101": 0.015386876871910773, "13105_13102": 0.0024677066681366333, "13105_13103": 0.0030593682817926246, "13105_13104": 0.008206089337228745, "13105_13106": 0.007243261121217133, "13105_13107": 0.000920566672179042, "13105_13108": 0.0015691894970876284, "13105_13109": 0.0004685518990132848, "13105_13110": 0.00021865755287286625, "13105_13111": 0.00027194384727045553, "13105_13112": 0.0004299652720357202, "13105_13113": 0.0009959024677066682, "13105_13114": 0.0005328629439758925, "13105_13115": 0.0003619793102181063, "13105_13116": 0.011840582106829834, "13105_13117": 0.0038200760707788987, "13105_13118": 0.001841133344358084, "13105_13119": 0.0027819120592396597, "13105_13120": 0.0015232530364000514, "13105_13121": 0.001769472465685464, "13105_13122": 0.0006173860316410341, "13105_13123": 0.0004630395237307756, "13106_13101": 0.013589842529812763, "13106_13102": 0.006330044282748103, "13106_13103": 0.004472373812542492, "13106_13104": 0.0023243849107913933, "13106_13105": 0.00644212924682579, "13106_13107": 0.009156055344247837, "13106_13108": 0.0025099682119692043, "13106_13109": 0.0012586590228396083, "13106_13110": 0.00016169634162027085, "13106_13111": 0.0009389412564540727, "13106_13112": 0.000306855557393014, "13106_13113": 0.0013542068610697684, "13106_13114": 0.0002884809731179832, "13106_13115": 0.0002388695955754001, "13106_13116": 0.0018558330117781085, "13106_13117": 0.0032780258346654908, "13106_13118": 0.01072891975819047, "13106_13119": 0.0006522977417635926, "13106_13120": 0.000330742516950554, "13106_13121": 0.005560149201624313, "13106_13122": 0.0027047388052845304, "13106_13123": 0.0012219098542895466, "13107_13101": 0.005378240817301509, "13107_13102": 0.0061297613141502675, "13107_13103": 0.003377248589750657, "13107_13104": 0.0014019807801848483, "13107_13105": 0.0009793653418591404, "13107_13106": 0.008184039836098708, "13107_13108": 0.014458960366021718, "13107_13109": 0.000922404130606545, "13107_13110": 8.26856292376385e-05, "13107_13111": 0.0006081987395035188, "13107_13112": 0.000330742516950554, "13107_13113": 0.0009738529665766312, "13107_13114": 0.00015802142476526468, "13107_13115": 0.00019844551017033239, "13107_13116": 0.00042812781360821714, "13107_13117": 0.0005640997372434449, "13107_13118": 0.0012641713981221174, "13107_13119": 0.000165371258475277, "13107_13120": 0.00010657258879517852, "13107_13121": 0.0029674953604174707, "13107_13122": 0.006879444352571523, "13107_13123": 0.005539937158921779, "13108_13101": 0.011519026882016795, "13108_13102": 0.01993458647998089, "13108_13103": 0.009126656009407787, "13108_13104": 0.0034360472594307553, "13108_13105": 0.0015783767892251438, "13108_13106": 0.0026073535086268674, "13108_13107": 0.01427521452327141, "13108_13109": 0.0036951288977086893, "13108_13110": 0.00040791577090568327, "13108_13111": 0.002932583650294912, "13108_13112": 0.001277033607114639, "13108_13113": 0.0023427594950664243, "13108_13114": 0.0006522977417635926, "13108_13115": 0.0004575271484482664, "13108_13116": 0.0013284824430847251, "13108_13117": 0.000591661613655991, "13108_13118": 0.0007110964114436911, "13108_13119": 0.0004795766495783033, "13108_13120": 0.0003803538944931371, "13108_13121": 0.0014681292835749592, "13108_13122": 0.001800709258953016, "13108_13123": 0.018466457196405932, "13109_13101": 0.004775554453080499, "13109_13102": 0.0034911710122558478, "13109_13103": 0.025288940337724858, "13109_13104": 0.0032780258346654908, "13109_13105": 0.0004685518990132848, "13109_13106": 0.0012586590228396083, "13109_13107": 0.0008433934182239126, "13109_13108": 0.003520570347095897, "13109_13110": 0.008439446557521636, "13109_13111": 0.02560498318725539, "13109_13112": 0.0030115943626775445, "13109_13113": 0.006372305826580674, "13109_13114": 0.0006118736563585249, "13109_13115": 0.0007313084541462249, "13109_13116": 0.00160593866563769, "13109_13117": 0.0007570328721312681, "13109_13118": 0.00042629035518071406, "13109_13119": 0.0004924388585708249, "13109_13120": 0.00026643147198794626, "13109_13121": 0.0003215552248130386, "13109_13122": 0.0002958308068279955, "13109_13123": 0.0005163258181283648, "13110_13101": 0.001587564081362659, "13110_13102": 0.0012457968138470867, "13110_13103": 0.004713080866545394, "13110_13104": 0.0017455855061279239, "13110_13105": 0.00018007092589530162, "13110_13106": 0.00015802142476526468, "13110_13107": 7.533579552762619e-05, "13110_13108": 0.0003711666023556217, "13110_13109": 0.008011318743913419, "13110_13111": 0.0040166841225217275, "13110_13112": 0.015912389982176655, "13110_13113": 0.011261782702166363, "13110_13114": 0.00040975322933318634, "13110_13115": 0.0007717325395512927, "13110_13116": 0.0007294709957187219,