{"13101_13102": 0.029996882213817147, "13101_13103": 0.02680036405664923, "13101_13104": 0.024759631282417892, "13101_13105": 0.016665984322889276, "13101_13106": 0.0164045941681652, "13101_13107": 0.003933449436751456, "13101_13108": 0.006427678383034204, "13101_13109": 0.002336764997653787, "13101_13110": 0.0009101416230753969, "13101_13111": 0.0019242094522459083, "13101_13112": 0.0027682162168971413, "13101_13113": 0.004761709806539793, "13101_13114": 0.0016565207395766739, "13101_13115": 0.0020249863793684437, "13101_13116": 0.0031996674361404955, "13101_13117": 0.0027146784743632946, "13101_13118": 0.002150957538271613, "13101_13119": 0.0017289541559459961, "13101_13120": 0.0013006522156752212, "13101_13121": 0.0031051890669631186, "13101_13122": 0.001659670018549253, "13101_13123": 0.0025351695729262783, "13102_13101": 0.033379207830367234, "13102_13103": 0.018259519483014363, "13102_13104": 0.002459586877584377, "13102_13105": 0.001325846447455855, "13102_13106": 0.005013652124346131, "13102_13107": 0.007473239001930508, "13102_13108": 0.020826181845666435, "13102_13109": 0.0018580745938217445, "13102_13110": 0.0007117370478029056, "13102_13111": 0.0014392204904687073, "13102_13112": 0.0008880966702673423, "13102_13113": 0.0017667455036169469, "13102_13114": 0.00044404833513367114, "13102_13115": 0.0003968091505449827, "13102_13116": 0.0008408574856786538, "13102_13117": 0.0006393036314335833, "13102_13118": 0.0007400805585561186, "13102_13119": 0.0003842120346546658, "13102_13120": 0.00031807717623050203, "13102_13121": 0.0015462959755364008, "13102_13122": 0.0011494868249914182, "13102_13123": 0.0020785241219022903, "13103_13101": 0.025471368330220796, "13103_13102": 0.018221728135343413, "13103_13104": 0.00978795904677624, "13103_13105": 0.0013478914002639096, "13103_13106": 0.002223390954640935, "13103_13107": 0.0015431466965638216, "13103_13108": 0.005120727609413824, "13103_13109": 0.02320703674893633, "13103_13110": 0.003927150878806298, "13103_13111": 0.006267065155432664, "13103_13112": 0.0033256385950436646, "13103_13113": 0.021874891743535317, "13103_13114": 0.0007526776744464355, "13103_13115": 0.0009353358548560307, "13103_13116": 0.0010550084558140413, "13103_13117": 0.0014108769797154942, "13103_13118": 0.0009101416230753969, "13103_13119": 0.0007999168590351239, "13103_13120": 0.00044719761410625037, "13103_13121": 0.0010550084558140413, "13103_13122": 0.0009164401810205553, "13103_13123": 0.0011274418721833636, "13104_13101": 0.018057965628769292, "13104_13102": 0.003048502045456693, "13104_13103": 0.008351887835280113, "13104_13105": 0.010392620609511452, "13104_13106": 0.001477011838139658, "13104_13107": 0.0009920228763624567, "13104_13108": 0.0019179108943007499, "13104_13109": 0.0015935351601250893, "13104_13110": 0.0010613070137591998, "13104_13111": 0.0006361543524610041, "13104_13112": 0.003331937152988823, "13104_13113": 0.024854109651595267, "13104_13114": 0.019755426994989497, "13104_13115": 0.004985308613592918, "13104_13116": 0.015292898690844731, "13104_13117": 0.0016565207395766739, "13104_13118": 0.0005794673309545779, "13104_13119": 0.0023651085084070004, "13104_13120": 0.004352303540104493, "13104_13121": 0.0007936183010899654, "13104_13122": 0.0003464206869837151, "13104_13123": 0.0007306327216383809, "13105_13101": 0.012990775761889315, "13105_13102": 0.0014581161643041826, "13105_13103": 0.0016565207395766739, "13105_13104": 0.007624404392614311, "13105_13106": 0.008925056608289532, "13105_13107": 0.0006015122837626325, "13105_13108": 0.0008503053225963915, "13105_13109": 0.0002519423178063382, "13105_13110": 0.00011022476404027298, "13105_13111": 0.00017321034349185755, "13105_13112": 0.0002613901547240759, "13105_13113": 0.0005290788673933103, "13105_13114": 0.000359017802874032, "13105_13115": 0.00022044952808054596, "13105_13116": 0.015085046278654502, "13105_13117": 0.0047144706219511045, "13105_13118": 0.0021887488859425636, "13105_13119": 0.0019682993578620175, "13105_13120": 0.0009132909020479761, "13105_13121": 0.0012534130310865328, "13105_13122": 0.0003936598715724035, "13105_13123": 0.0003149278972579228, "13106_13101": 0.011765706241555996, "13106_13102": 0.004632589368664044, "13106_13103": 0.00248793038833759, "13106_13104": 0.001338443563346172, "13106_13105": 0.0075047317916563, "13106_13107": 0.011113805494232095, "13106_13108": 0.0015998337180702477, "13106_13109": 0.0006204079575981079, "13106_13110": 8.188125328705993e-05, "13106_13111": 0.0004912875197223595, "13106_13112": 0.00014486683273864448, "13106_13113": 0.0007117370478029056, "13106_13114": 0.00017006106451927832, "13106_13115": 0.00012282187993058988, "13106_13116": 0.0011998752885526859, "13106_13117": 0.0024501390406666394, "13106_13118": 0.013513556071337467, "13106_13119": 0.0003779134767095074, "13106_13120": 0.0002141509701353875, "13106_13121": 0.004286168681680329, "13106_13122": 0.0021793010490248257, "13106_13123": 0.00077472262725449, "13107_13101": 0.0036500143292193254, "13107_13102": 0.005498641086123332, "13107_13103": 0.0017509991087540507, "13107_13104": 0.0009227387389657138, "13107_13105": 0.0007432298375286979, "13107_13106": 0.008669965011510615, "13107_13108": 0.01513543474221577, "13107_13109": 0.0005290788673933103, "13107_13110": 0.00010707548506769375, "13107_13111": 0.0003558685239014528, "13107_13112": 0.00019840457527249135, "13107_13113": 0.0004849889617772011, "13107_13114": 0.00012282187993058988, "13107_13115": 0.00010392620609511452, "13107_13116": 0.00024249448088860056, "13107_13117": 0.0003117786182853436, "13107_13118": 0.0014927582330025542, "13107_13119": 0.00011022476404027298, "13107_13120": 5.983630047900533e-05, "13107_13121": 0.0025099753411456445, "13107_13122": 0.008877817423700843, "13107_13123": 0.005722239893176457, "13108_13101": 0.006437126219951942, "13108_13102": 0.016637640812136062, "13108_13103": 0.00522150453653636, "13108_13104": 0.0019588515209442796, "13108_13105": 0.0009038430651302384, "13108_13106": 0.0015840873232073516, "13108_13107": 0.014669341454274044, "13108_13109": 0.0024721839934746938, "13108_13110": 0.00034012212903855663, "13108_13111": 0.0019494036840265422, "13108_13112": 0.0006676471421867964, "13108_13113": 0.0011652332198543143, "13108_13114": 0.0003464206869837151, "13108_13115": 0.00029603222342244743, "13108_13116": 0.0006928413739674302, "13108_13117": 0.0003464206869837151, "13108_13118": 0.000428301940270775, "13108_13119": 0.00033067429212081895, "13108_13120": 0.00022674808602570441, "13108_13121": 0.0009636793656092438, "13108_13122": 0.001407727700742915, "13108_13123": 0.0213773056658678, "13109_13101": 0.002402899856077951, "13109_13102": 0.001977747194779755, "13109_13103": 0.020136489750671584, "13109_13104": 0.001533698859646084, "13109_13105": 0.0002802858285595513, "13109_13106": 0.0006361543524610041, "13109_13107": 0.00042515266129819577, "13109_13108": 0.0024406912037489015, "13109_13110": 0.008424321251649434, "13109_13111": 0.025285560870838622, "13109_13112": 0.001725804876973417, "13109_13113": 0.003574431633877424, "13109_13114": 0.0003338235710933982, "13109_13115": 0.00037476419773692816, "13109_13116": 0.0006676471421867964, "13109_13117": 0.00034012212903855663, "13109_13118": 0.0002361959229434421, "13109_13119": 0.0002802858285595513, "13109_13120": 0.00020155385424507058, "13109_13121": 0.00022044952808054596, "13109_13122": 0.0001669117855466991, "13109_13123": 0.0004188541033530373, "13110_13101": 0.0009762764814995607, "13110_13102": 0.0005574223781465233, "13110_13103": 0.0036059244236032162, "13110_13104": 0.0009857243184172983, "13110_13105": 9.132909020479762e-05, "13110_13106": 8.817981123221839e-05, "13110_13107": 6.298557945158455e-05, "13110_13108": 0.00026768871266923437, "13110_13109": 0.007378760632753131, "13110_13111": 0.004141301848941685, "13110_13112": 0.01916966110608976, "13110_13113": 0.011082312704506303, "13110_13114": 0.00028973366547728897, "13110_13115": 0.0004912875197223595,