{"13101_13102": 0.03056615460128435, "13101_13103": 0.027957133758333967, "13101_13104": 0.02505887096302962, "13101_13105": 0.017114942998883935, "13101_13106": 0.01606899735299789, "13101_13107": 0.0042042340347207205, "13101_13108": 0.006608740365905678, "13101_13109": 0.0023898981517731406, "13101_13110": 0.0009495316617680572, "13101_13111": 0.0019574960411833796, "13101_13112": 0.0029070277029514366, "13101_13113": 0.005057351712370791, "13101_13114": 0.0016127430070645157, "13101_13115": 0.002185383640007713, "13101_13116": 0.0033102134547175655, "13101_13117": 0.002781397360009817, "13101_13118": 0.0021181860147133583, "13101_13119": 0.0019019849594184776, "13101_13120": 0.0014082284952990879, "13101_13121": 0.0033189783623646554, "13101_13122": 0.0016390377300057849, "13101_13123": 0.0028573598929512614, "13102_13101": 0.03411302056247334, "13102_13103": 0.018981868327714053, "13102_13104": 0.002530136674126577, "13102_13105": 0.0011949490758865703, "13102_13106": 0.00558616780707854, "13102_13107": 0.007605018201791547, "13102_13108": 0.020901383102426712, "13102_13109": 0.0018435522417712125, "13102_13110": 0.0005405026382372018, "13102_13111": 0.0015543102894172505, "13102_13112": 0.0010488672817684079, "13102_13113": 0.0018990633235361144, "13102_13114": 0.0005755622688255608, "13102_13115": 0.0004791482847075735, "13102_13116": 0.0008122147752969843, "13102_13117": 0.0005989353558844668, "13102_13118": 0.000820979682944074, "13102_13119": 0.00038857757235431263, "13102_13120": 0.00038565593647194935, "13102_13121": 0.001685783904123597, "13102_13122": 0.0012329303423572926, "13102_13123": 0.0024775472282440383, "13103_13101": 0.025990872809503497, "13103_13102": 0.018423835874182674, "13103_13104": 0.010205274137094843, "13103_13105": 0.0016156646429468788, "13103_13106": 0.002635315565891654, "13103_13107": 0.0016127430070645157, "13103_13108": 0.00532614221354821, "13103_13109": 0.0241619287471441, "13103_13110": 0.004031857517661289, "13103_13111": 0.006456815300022789, "13103_13112": 0.0037133992064836943, "13103_13113": 0.023504560673612368, "13103_13114": 0.0007537820576497192, "13103_13115": 0.0008998638517678819, "13103_13116": 0.0012504601576514723, "13103_13117": 0.0013556390494165493, "13103_13118": 0.000856039313532433, "13103_13119": 0.0007274873347084499, "13103_13120": 0.000520051187060659, "13103_13121": 0.001341030870004733, "13103_13122": 0.0009144720311796981, "13103_13123": 0.0012300087064749294, "13104_13101": 0.01896141687653751, "13104_13102": 0.0029946767794223343, "13104_13103": 0.008583766222383236, "13104_13105": 0.010739933503567318, "13104_13106": 0.0016039780994174257, "13104_13107": 0.0010225725588271384, "13104_13108": 0.002237973085890252, "13104_13109": 0.0016010564635350626, "13104_13110": 0.0010430240100036813, "13104_13111": 0.0007362522423555397, "13104_13112": 0.003932521897660938, "13104_13113": 0.024480387058321694, "13104_13114": 0.02033458574124824, "13104_13115": 0.005507283638254732, "13104_13116": 0.015540181258290141, "13104_13117": 0.0018231007905946698, "13104_13118": 0.0006427598941199156, "13104_13119": 0.0024424875976556794, "13104_13120": 0.004887896831193722, "13104_13121": 0.0008735691288266126, "13104_13122": 0.00043532374647212467, "13104_13123": 0.0009436883900033307, "13105_13101": 0.013281756721223347, "13105_13102": 0.0015806050123585197, "13105_13103": 0.001685783904123597, "13105_13104": 0.00785043561591006, "13105_13106": 0.009013246697090634, "13105_13107": 0.0007158007911789969, "13105_13108": 0.0009641398411798734, "13105_13109": 0.00030092849588341506, "13105_13110": 0.00011978707117689337, "13105_13111": 0.00018114142470652167, "13105_13112": 0.00025710395764796625, "13105_13113": 0.0006223084429433729, "13105_13114": 0.0003389097623541373, "13105_13115": 0.00025126068588323975, "13105_13116": 0.015131152234759287, "13105_13117": 0.005042743532958974, "13105_13118": 0.0023197788905964228, "13105_13119": 0.001966260948830469, "13105_13120": 0.0009203153029444246, "13105_13121": 0.0013614823211812758, "13105_13122": 0.00037396939294249634, "13105_13123": 0.0003389097623541373, "13106_13101": 0.011224925060039618, "13106_13102": 0.004496397622957046, "13106_13103": 0.0025242934023618504, "13106_13104": 0.0014841910282405325, "13106_13105": 0.007514447489438286, "13106_13107": 0.011224925060039618, "13106_13108": 0.001685783904123597, "13106_13109": 0.0006836627964730012, "13106_13110": 8.764907647089758e-05, "13106_13111": 0.0005580324535313813, "13106_13112": 0.0001431601582357994, "13106_13113": 0.0006865844323553645, "13106_13114": 0.00020743614764779096, "13106_13115": 0.0001723765170594319, "13106_13116": 0.0012884414241221946, "13106_13117": 0.002693748283538919, "13106_13118": 0.01367033429357766, "13106_13119": 0.0003330664905894108, "13106_13120": 0.00021035778353015422, "13106_13121": 0.004528535617663042, "13106_13122": 0.0022233649064784355, "13106_13123": 0.000856039313532433, "13107_13101": 0.0037601453806015064, "13107_13102": 0.005153765696488778, "13107_13103": 0.0018756902364772082, "13107_13104": 0.0009991994717682324, "13107_13105": 0.0007245656988260867, "13107_13106": 0.00845229260767689, "13107_13108": 0.015426237458877974, "13107_13109": 0.0005434242741195651, "13107_13110": 7.888416882380782e-05, "13107_13111": 0.0003505963058835903, "13107_13112": 0.00022496596294197048, "13107_13113": 0.0005229728229430222, "13107_13114": 0.0001431601582357994, "13107_13115": 0.00014608179411816264, "13107_13116": 0.00020159287588306446, "13107_13117": 0.0002980068600010518, "13107_13118": 0.00157184010471143, "13107_13119": 0.00015192506588288914, "13107_13120": 7.304089705908132e-05, "13107_13121": 0.002588569391773842, "13107_13122": 0.009273272290620964, "13107_13123": 0.005892939574726681, "13108_13101": 0.006617505273552767, "13108_13102": 0.017155845901237022, "13108_13103": 0.005647522160608168, "13108_13104": 0.0021532456453017173, "13108_13105": 0.0009115503952973349, "13108_13106": 0.0019370445900068365, "13108_13107": 0.014646160678286986, "13108_13109": 0.0024804688641264015, "13108_13110": 0.00023665250647142349, "13108_13111": 0.0021298725582428115, "13108_13112": 0.0006544464376493686, "13108_13113": 0.0013381092341223698, "13108_13114": 0.0003243015829423211, "13108_13115": 0.0003243015829423211, "13108_13116": 0.0007537820576497192, "13108_13117": 0.00040610738764849214, "13108_13118": 0.0004995997358841162, "13108_13119": 0.0003535179417659536, "13108_13120": 0.00028339868058923555, "13108_13121": 0.0010576321894154976, "13108_13122": 0.0014462097617698102, "13108_13123": 0.0222219625212549, "13109_13101": 0.0024570957770674957, "13109_13102": 0.002115264378830995, "13109_13103": 0.019513606058304166, "13109_13104": 0.0017471382576532252, "13109_13105": 0.0003155366752952313, "13109_13106": 0.0006807411605906379, "13109_13107": 0.0004966781000017529, "13109_13108": 0.002497998679420581, "13109_13110": 0.008870086538854835, "13109_13111": 0.026031775711856584, "13109_13112": 0.0018815335082419348, "13109_13113": 0.0040844469635438274, "13109_13114": 0.00036228284941304333, "13109_13115": 0.00037396939294249634, "13109_13116": 0.0008005282317675313, "13109_13117": 0.00042363720294267166, "13109_13118": 0.00022788759882433373, "13109_13119": 0.0003535179417659536, "13109_13120": 0.00019282796823597468, "13109_13121": 0.0003243015829423211, "13109_13122": 0.00022788759882433373, "13109_13123": 0.00042071556706030843, "13110_13101": 0.0009495316617680572, "13110_13102": 0.0007128791552966337, "13110_13103": 0.0035643957764831683, "13110_13104": 0.0011628110811805746, "13110_13105": 0.00011102216352980361, "13110_13106": 8.180580470617108e-05, "13110_13107": 6.135435352962831e-05, "13110_13108": 0.0002921635882363253, "13110_13109": 0.0074793878588499275, "13110_13111": 0.004318177834132888, "13110_13112": 0.01904322268124368, "13110_13113": 0.011014567276509464, "13110_13114": 0.00024833905000087647, "13110_13115": 0.0004528535617663042,