{"13101_13102": 0.01733829036708783, "13101_13103": 0.014340961456117338, "13101_13104": 0.011864710133599762, "13101_13105": 0.009945785275253572, "13101_13106": 0.010113436325451468, "13101_13107": 0.002426409118404687, "13101_13108": 0.003223884384210896, "13101_13109": 0.0005709197925658087, "13101_13110": 0.0001699166049303002, "13101_13111": 0.0004191276254947405, "13101_13112": 0.0005437331357769607, "13101_13113": 0.0021454803315865906, "13101_13114": 0.0005097498147909006, "13101_13115": 0.0004191276254947405, "13101_13116": 0.0009084874476940052, "13101_13117": 0.0007612263900877449, "13101_13118": 0.0013094906353295136, "13101_13119": 0.0004553765012132046, "13101_13120": 0.0002582732394940563, "13101_13121": 0.0012143373365685454, "13101_13122": 0.00043045539915676054, "13101_13123": 0.000811068594200633, "13102_13101": 0.019778292813886943, "13102_13103": 0.00955384430654768, "13102_13104": 0.0006819319744536048, "13102_13105": 0.00043045539915676054, "13102_13106": 0.0029203000500687597, "13102_13107": 0.004225259575933465, "13102_13108": 0.012150170029882668, "13102_13109": 0.0005890442304250407, "13102_13110": 0.00014046439340904818, "13102_13111": 0.00039647207817070047, "13102_13112": 0.00020843103538116826, "13102_13113": 0.000813334148933037, "13102_13114": 0.00013366772921183617, "13102_13115": 0.00011327773662020013, "13102_13116": 0.00013366772921183617, "13102_13117": 0.00011554329135260414, "13102_13118": 0.0005097498147909006, "13102_13119": 0.00011780884608500815, "13102_13120": 0.00012007440081741214, "13102_13121": 0.00038287874977627645, "13102_13122": 0.00030358433414213635, "13102_13123": 0.0007680230542849569, "13103_13101": 0.01331239960760592, "13103_13102": 0.009470018781448732, "13103_13104": 0.0036362153455084243, "13103_13105": 0.0007091186312424528, "13103_13106": 0.000752164171158129, "13103_13107": 0.0008835663456375611, "13103_13108": 0.0023312558196437187, "13103_13109": 0.01370887168577662, "13103_13110": 0.0012052751176389294, "13103_13111": 0.002553280183419311, "13103_13112": 0.0010919973810187293, "13103_13113": 0.01260554653109587, "13103_13114": 0.00019936881645155223, "13103_13115": 0.00015858883126828018, "13103_13116": 0.00026506990369126835, "13103_13117": 0.0003353021003957924, "13103_13118": 0.0002356176921700163, "13103_13119": 0.00013140217447943215, "13103_13120": 0.00022428991850799627, "13103_13121": 0.0002922565604801164, "13103_13122": 0.0002469454658320363, "13103_13123": 0.00033303654566338843, "13104_13101": 0.010446472871114857, "13104_13102": 0.0006796664197212008, "13104_13103": 0.0033167721282394602, "13104_13105": 0.007052671881973661, "13104_13106": 0.0004123309612975285, "13104_13107": 0.00021975880904318826, "13104_13108": 0.00036928542138185244, "13104_13109": 0.00036248875718464046, "13104_13110": 0.0003398332098606004, "13104_13111": 0.00013593328394424016, "13104_13112": 0.0011395740303992135, "13104_13113": 0.01702564381401608, "13104_13114": 0.012535314334391347, "13104_13115": 0.0019687670624590784, "13104_13116": 0.0100749218950006, "13104_13117": 0.0006298242156083127, "13104_13118": 0.0001789788238599162, "13104_13119": 0.0007612263900877449, "13104_13120": 0.0013208184089915336, "13104_13121": 0.00020616548064876424, "13104_13122": 0.00010874662715539213, "13104_13123": 0.00018577548805712822, "13105_13101": 0.009105264469531688, "13105_13102": 0.0004123309612975285, "13105_13103": 0.0007408363974961089, "13105_13104": 0.005967471165152143, "13105_13106": 0.006504407636731892, "13105_13107": 0.0002605387942264603, "13105_13108": 0.00021749325431078426, "13105_13109": 9.968440822577612e-05, "13105_13110": 4.757664938048406e-05, "13105_13111": 0.0002560076847616523, "13105_13112": 9.062218929616011e-05, "13105_13113": 0.00020163437118395625, "13105_13114": 0.00018350993332472422, "13105_13115": 0.00011554329135260414, "13105_13116": 0.00923666664401112, "13105_13117": 0.0028500678533642356, "13105_13118": 0.0013457395110479777, "13105_13119": 0.0006728697555239888, "13105_13120": 0.00027186656788848033, "13105_13121": 0.0006366208798055248, "13105_13122": 0.00010421551769058413, "13105_13123": 0.00011780884608500815, "13106_13101": 0.008194511467105278, "13106_13102": 0.0025442179644896952, "13106_13103": 0.000774819718482169, "13106_13104": 0.0004010031876355085, "13106_13105": 0.005543812430192595, "13106_13107": 0.007460471733806381, "13106_13108": 0.0006320897703407167, "13106_13109": 8.60910798313521e-05, "13106_13110": 3.851443045086805e-05, "13106_13111": 8.38255250989481e-05, "13106_13112": 5.6638868310100066e-05, "13106_13113": 0.0004961564863964766, "13106_13114": 7.70288609017361e-05, "13106_13115": 4.984220411288806e-05, "13106_13116": 0.00036928542138185244, "13106_13117": 0.0017988504575287782, "13106_13118": 0.010378506229142737, "13106_13119": 9.515329876096812e-05, "13106_13120": 7.249775143692808e-05, "13106_13121": 0.0022428991850799627, "13106_13122": 0.0007000564123128369, "13106_13123": 0.0003239743267337724, "13107_13101": 0.0017422115892186782, "13107_13102": 0.00313552774964714, "13107_13103": 0.000786147492144189, "13107_13104": 0.0002356176921700163, "13107_13105": 0.0002356176921700163, "13107_13106": 0.006479486534675448, "13107_13108": 0.012537579889123752, "13107_13109": 0.00027866323208569236, "13107_13110": 1.3593328394424016e-05, "13107_13111": 6.796664197212008e-05, "13107_13112": 7.249775143692808e-05, "13107_13113": 0.0001540577218034722, "13107_13114": 4.531109464808006e-05, "13107_13115": 2.9452211521252037e-05, "13107_13116": 4.531109464808006e-05, "13107_13117": 8.38255250989481e-05, "13107_13118": 0.0010761384978919012, "13107_13119": 3.851443045086805e-05, "13107_13120": 4.757664938048406e-05, "13107_13121": 0.001524718334907894, "13107_13122": 0.0045673583405264695, "13107_13123": 0.0036815264401565046, "13108_13101": 0.00314685552330916, "13108_13102": 0.01091770825545489, "13108_13103": 0.002356176921700163, "13108_13104": 0.00046217316541041656, "13108_13105": 0.00018804104278953224, "13108_13106": 0.0006751353102563928, "13108_13107": 0.012215871117122383, "13108_13109": 0.0009696574254689132, "13108_13110": 9.062218929616011e-05, "13108_13111": 0.0007680230542849569, "13108_13112": 0.00018350993332472422, "13108_13113": 0.0003285054361985804, "13108_13114": 7.476330616933209e-05, "13108_13115": 6.796664197212008e-05, "13108_13116": 0.00012233995554981615, "13108_13117": 0.00010421551769058413, "13108_13118": 0.00019936881645155223, "13108_13119": 7.929441563414009e-05, "13108_13120": 9.741885349337212e-05, "13108_13121": 0.0004077998518327205, "13108_13122": 0.0006298242156083127, "13108_13123": 0.012175091131939111, "13109_13101": 0.0006751353102563928, "13109_13102": 0.0005663886831010007, "13109_13103": 0.013242167410901397, "13109_13104": 0.0004123309612975285, "13109_13105": 8.835663456375611e-05, "13109_13106": 0.00010421551769058413, "13109_13107": 0.00018804104278953224, "13109_13108": 0.0009877818633281452, "13109_13110": 0.006830647518198068, "13109_13111": 0.01608543860006842, "13109_13112": 0.0005822475662278288, "13109_13113": 0.0018283026690500302, "13109_13114": 7.70288609017361e-05, "13109_13115": 0.00010648107242298812, "13109_13116": 0.00017444771439510822, "13109_13117": 8.38255250989481e-05, "13109_13118": 4.077998518327205e-05, "13109_13119": 0.00014046439340904818, "13109_13120": 9.515329876096812e-05, "13109_13121": 8.60910798313521e-05, "13109_13122": 6.343553250731208e-05, "13109_13123": 0.00012687106501462416, "13110_13101": 0.00021749325431078426, "13110_13102": 0.00018124437859232023, "13110_13103": 0.0011327773662020014, "13110_13104": 0.0003217087720013684, "13110_13105": 3.851443045086805e-05, "13110_13106": 4.757664938048406e-05, "13110_13107": 2.265554732404003e-05, "13110_13108": 9.741885349337212e-05, "13110_13109": 0.006402457673773712, "13110_13111": 0.002657495701109895, "13110_13112": 0.011996112308079196, "13110_13113": 0.007709682754370822,