{"13101_13102": 0.028462234115038218, "13101_13103": 0.025501418466074503, "13101_13104": 0.023017554291943857, "13101_13105": 0.016628262781680107, "13101_13106": 0.01561551516953457, "13101_13107": 0.003815611798664536, "13101_13108": 0.006361417722773504, "13101_13109": 0.002387854461664251, "13101_13110": 0.0008486019747029893, "13101_13111": 0.0018179903618637033, "13101_13112": 0.0027285340865450133, "13101_13113": 0.004695184648356685, "13101_13114": 0.0015423495744601777, "13101_13115": 0.0020285923117899928, "13101_13116": 0.003193097211382416, "13101_13117": 0.002542708836610052, "13101_13118": 0.0019728447368095045, "13101_13119": 0.0015237670494666815, "13101_13120": 0.0012171553870739956, "13101_13121": 0.0029824952614561267, "13101_13122": 0.0015547379244558418, "13101_13123": 0.002694466124056937, "13102_13101": 0.03211679736375912, "13102_13103": 0.017368466693921038, "13102_13104": 0.0022763593117032742, "13102_13105": 0.0013162621870393082, "13102_13106": 0.005156650685695172, "13102_13107": 0.007206922609977577, "13102_13108": 0.019935952230522417, "13102_13109": 0.0018582524993496117, "13102_13110": 0.0005884466247940437, "13102_13111": 0.0013565243245252164, "13102_13112": 0.0010189417871433704, "13102_13113": 0.001737466086891887, "13102_13114": 0.0004397864248460748, "13102_13115": 0.00041191263735583056, "13102_13116": 0.000789757312223585, "13102_13117": 0.000644194199774532, "13102_13118": 0.0007030388622539365, "13102_13119": 0.00032519418738618204, "13102_13120": 0.0003716504998699223, "13102_13121": 0.0015423495744601777, "13102_13122": 0.0011892815995837515, "13102_13123": 0.0021122136742607253, "13103_13101": 0.024216127154024356, "13103_13102": 0.016956554056565206, "13103_13104": 0.009446116871693859, "13103_13105": 0.001449436949492697, "13103_13106": 0.0022794563992021904, "13103_13107": 0.0015268641369655975, "13103_13108": 0.00511948563570818, "13103_13109": 0.021927379492325417, "13103_13110": 0.00384348558615478, "13103_13111": 0.006191077910333123, "13103_13112": 0.0032829127488509806, "13103_13113": 0.021574311517448992, "13103_13114": 0.0006689708997658602, "13103_13115": 0.0008609903246986533, "13103_13116": 0.0011985728620804994, "13103_13117": 0.0013472330620284685, "13103_13118": 0.0007711747872300889, "13103_13119": 0.000641097112275616, "13103_13120": 0.0004212038998525786, "13103_13121": 0.001272902962054484, "13103_13122": 0.0008424077997051572, "13103_13123": 0.0010375243121368664, "13104_13101": 0.017594554081341907, "13104_13102": 0.002812155449015746, "13104_13103": 0.008284709059600352, "13104_13105": 0.010198709133930452, "13104_13106": 0.0015299612244645136, "13104_13107": 0.000947708774668302, "13104_13108": 0.0019852330868051684, "13104_13109": 0.0015361553994623456, "13104_13110": 0.0010963689746162708, "13104_13111": 0.0005698640998005476, "13104_13112": 0.0037226991736970553, "13104_13113": 0.024222321329022186, "13104_13114": 0.019362991043222953, "13104_13115": 0.005305310885643141, "13104_13116": 0.014770010282330496, "13104_13117": 0.0016321651119287422, "13104_13118": 0.0006782621622626082, "13104_13119": 0.002078145711772649, "13104_13120": 0.004620854548382701, "13104_13121": 0.0007216213872474326, "13104_13122": 0.00032829127488509806, "13104_13123": 0.0008238252747116611, "13105_13101": 0.012961311182963542, "13105_13102": 0.0014958932619764374, "13105_13103": 0.0016166796744341622, "13105_13104": 0.008024553709691407, "13105_13106": 0.008569641109500625, "13105_13107": 0.0006132233247853719, "13105_13108": 0.0010406213996357824, "13105_13109": 0.0002446699124143655, "13105_13110": 8.981553746856456e-05, "13105_13111": 0.00017963107493712912, "13105_13112": 0.00023537864991761748, "13105_13113": 0.0005822524497962117, "13105_13114": 0.00034067962488076213, "13105_13115": 0.0002075048624273733, "13105_13116": 0.01463373843237819, "13105_13117": 0.004679699210862105, "13105_13118": 0.0022856505742000223, "13105_13119": 0.001920194249327932, "13105_13120": 0.0010251359621412024, "13105_13121": 0.0013286505370349723, "13105_13122": 0.00036235923737317426, "13105_13123": 0.00034687379987859417, "13106_13101": 0.011313660633540218, "13106_13102": 0.004586786585894624, "13106_13103": 0.002397145724160999, "13106_13104": 0.0014091748120067889, "13106_13105": 0.007417524559903866, "13106_13107": 0.010440281958845901, "13106_13108": 0.0015237670494666815, "13106_13109": 0.0006380000247767, "13106_13110": 0.00010530097496314465, "13106_13111": 0.0004614660373384869, "13106_13112": 0.00016414563744254903, "13106_13113": 0.0007463980872387607, "13106_13114": 0.00016724272494146505, "13106_13115": 0.00014556311244905292, "13106_13116": 0.001121145674607599, "13106_13117": 0.0024590874741393194, "13106_13118": 0.012840524770505816, "13106_13119": 0.0003840388498655864, "13106_13120": 0.00018272816243604514, "13106_13121": 0.004137708898551802, "13106_13122": 0.0021184078492585572, "13106_13123": 0.000802145662219249, "13107_13101": 0.0037226991736970553, "13107_13102": 0.004970825435760211, "13107_13103": 0.0016414563744254903, "13107_13104": 0.0008640874121975694, "13107_13105": 0.0007866602247246689, "13107_13106": 0.00835594207207542, "13107_13108": 0.014336418032482253, "13107_13109": 0.000480048562331983, "13107_13110": 0.00010220388746422863, "13107_13111": 0.0004026213748590825, "13107_13112": 0.00016414563744254903, "13107_13113": 0.0005234077873168073, "13107_13114": 0.00011768932495880874, "13107_13115": 0.00014556311244905292, "13107_13116": 0.0002570582624100296, "13107_13117": 0.00029422331239702186, "13107_13118": 0.0013967864620111248, "13107_13119": 0.00011768932495880874, "13107_13120": 3.7165049986992234e-05, "13107_13121": 0.002239194261716282, "13107_13122": 0.008408592559556992, "13107_13123": 0.005828718672959948, "13108_13101": 0.006079582760372146, "13108_13102": 0.0164331462692484, "13108_13103": 0.005274340010653981, "13108_13104": 0.0019697476493105884, "13108_13105": 0.0009167378996791418, "13108_13106": 0.00159500006194175, "13108_13107": 0.013961670445113416, "13108_13109": 0.0023568835866750906, "13108_13110": 0.000315902924889434, "13108_13111": 0.0019852330868051684, "13108_13112": 0.0005605728373037995, "13108_13113": 0.0011552136370956752, "13108_13114": 0.00042430098735149463, "13108_13115": 0.00021679612492412134, "13108_13116": 0.0006596796372691121, "13108_13117": 0.0003654563248720903, "13108_13118": 0.00042739807485041065, "13108_13119": 0.000322097099887266, "13108_13120": 0.00019511651243170921, "13108_13121": 0.00095700003716505, "13108_13122": 0.0014153689870046208, "13108_13123": 0.020583243517795866, "13109_13101": 0.0022856505742000223, "13109_13102": 0.0019047088118333518, "13109_13103": 0.01892939879337471, "13109_13104": 0.0016259709369309103, "13109_13105": 0.00031280583739051797, "13109_13106": 0.0006503883747723641, "13109_13107": 0.00040881554985691454, "13109_13108": 0.0024683787366360675, "13109_13110": 0.007950223609717422, "13109_13111": 0.024457699978939804, "13109_13112": 0.0020038156117986646, "13109_13113": 0.003877553548642856, "13109_13114": 0.0003654563248720903, "13109_13115": 0.0003654563248720903, "13109_13116": 0.0007154272122496005, "13109_13117": 0.00034687379987859417, "13109_13118": 0.0002106019499262893, "13109_13119": 0.00030970874989160195, "13109_13120": 0.00016414563744254903, "13109_13121": 0.0002446699124143655, "13109_13122": 0.00021679612492412134, "13109_13123": 0.0003375825373818461, "13110_13101": 0.0007835631372257529, "13110_13102": 0.0006163204122842878, "13110_13103": 0.0034408642112956976, "13110_13104": 0.0010530097496314467, "13110_13105": 7.742718747290049e-05, "13110_13106": 6.194174997832038e-05, "13110_13107": 5.884466247940437e-05, "13110_13108": 0.0002446699124143655, "13110_13109": 0.007358679897424462, "13110_13111": 0.004010728311096245, "13110_13112": 0.01868163179346143, "13110_13113": 0.010972981008659457, "13110_13114": 0.0002663495249067777, "13110_13115": 0.0005110194373211432,