{"13101_13102": 0.011821165295116842, "13101_13103": 0.008770222801259957, "13101_13104": 0.008938436927948282, "13101_13105": 0.007130959645101176, "13101_13106": 0.007055098372280951, "13101_13107": 0.0023484011412174084, "13101_13108": 0.003357685901347362, "13101_13109": 0.0011807972030278542, "13101_13110": 0.0003957979451490014, "13101_13111": 0.0010488645546448537, "13101_13112": 0.00138859112423108, "13101_13113": 0.0022626449197684583, "13101_13114": 0.0007223312498969276, "13101_13115": 0.0009004403252139782, "13101_13116": 0.0015073305077757805, "13101_13117": 0.0012665534244768045, "13101_13118": 0.0009268268548905783, "13101_13119": 0.0007718059930405528, "13101_13120": 0.000564012071837327, "13101_13121": 0.0015370153536619555, "13101_13122": 0.0007817009416692778, "13101_13123": 0.0014644523970513052, "13102_13101": 0.012520408331546745, "13102_13103": 0.007051800056071375, "13102_13104": 0.0011742005706087042, "13102_13105": 0.000550818806999027, "13102_13106": 0.0023747876708940085, "13102_13107": 0.0027936738295100353, "13102_13108": 0.009624486699539884, "13102_13109": 0.000827877368603328, "13102_13110": 0.000280356877813876, "13102_13111": 0.0007718059930405528, "13102_13112": 0.0004485710045022016, "13102_13113": 0.0010323729735969788, "13102_13114": 0.00020779392120322574, "13102_13115": 0.00020119728878407572, "13102_13116": 0.00034962151821495125, "13102_13117": 0.00023088213467025082, "13102_13118": 0.00032323498853835115, "13102_13119": 0.00011544106733512541, "13102_13120": 0.0001682141266883256, "13102_13121": 0.0007058396688490525, "13102_13122": 0.0005112390124841268, "13102_13123": 0.001104935930207629, "13103_13101": 0.008879067236175932, "13103_13102": 0.006557052624635124, "13103_13104": 0.004508798258489041, "13103_13105": 0.000854263898279928, "13103_13106": 0.0013325197486683048, "13103_13107": 0.0007223312498969276, "13103_13108": 0.0032851229447367117, "13103_13109": 0.009980704850173987, "13103_13110": 0.001978989725745007, "13103_13111": 0.003308211158203737, "13103_13112": 0.0018239688638949816, "13103_13113": 0.010142322344443162, "13103_13114": 0.0004254827910351765, "13103_13115": 0.00046176426934050165, "13103_13116": 0.0005805036528852021, "13103_13117": 0.0004551676369213516, "13103_13118": 0.00040899120998730146, "13103_13119": 0.0003397265695862262, "13103_13120": 0.0002242855022511008, "13103_13121": 0.0006167851311905272, "13103_13122": 0.0003694114154724013, "13103_13123": 0.0006398733446575523, "13104_13101": 0.007351946831142701, "13104_13102": 0.0012797466893151046, "13104_13103": 0.004096508732292165, "13104_13105": 0.005257516038062569, "13104_13106": 0.0011379190923033792, "13104_13107": 0.000550818806999027, "13104_13108": 0.0011873938354470042, "13104_13109": 0.0008905453765852532, "13104_13110": 0.0007553144119926777, "13104_13111": 0.00046506258555007666, "13104_13112": 0.002420964097828059, "13104_13113": 0.014614839124626878, "13104_13114": 0.011405577452710392, "13104_13115": 0.003403862328281412, "13104_13116": 0.008918647030690832, "13104_13117": 0.0009565117007767534, "13104_13118": 0.0004254827910351765, "13104_13119": 0.00136880122697363, "13104_13120": 0.002760690667414285, "13104_13121": 0.0004419743720830516, "13104_13122": 0.00029684845886175106, "13104_13123": 0.000550818806999027, "13105_13101": 0.0060524102445701465, "13105_13102": 0.0006794531391724524, "13105_13103": 0.0008080874713458779, "13105_13104": 0.004660520804129492, "13105_13106": 0.00536965878918812, "13105_13107": 0.0004188861586160265, "13105_13108": 0.000567310388046902, "13105_13109": 0.00018800402394577567, "13105_13110": 7.915958902980028e-05, "13105_13111": 0.00014512591322130052, "13105_13112": 0.00017481075910747562, "13105_13113": 0.00040899120998730146, "13105_13114": 0.0001682141266883256, "13105_13115": 0.00013523096459257548, "13105_13116": 0.007441001368801227, "13105_13117": 0.002411069149199334, "13105_13118": 0.0013292214324587299, "13105_13119": 0.001134620776093804, "13105_13120": 0.0004749575341788017, "13105_13121": 0.0007817009416692778, "13105_13122": 0.00023747876708940085, "13105_13123": 0.0001946006563649257, "13106_13101": 0.005689595461516895, "13106_13102": 0.002223065125253558, "13106_13103": 0.0013028349027821298, "13106_13104": 0.0010059864439203787, "13106_13105": 0.004921087784685918, "13106_13107": 0.00688358592938305, "13106_13108": 0.0010026881277108036, "13106_13109": 0.0003957979451490014, "13106_13110": 8.57562214489503e-05, "13106_13111": 0.00040569289377772645, "13106_13112": 0.00015172254564045054, "13106_13113": 0.0005838019690947771, "13106_13114": 0.00017481075910747562, "13106_13115": 0.0001418275970117255, "13106_13116": 0.000850965582070353, "13106_13117": 0.0015172254564045054, "13106_13118": 0.0076323037089565775, "13106_13119": 0.00026386529676600094, "13106_13120": 0.00015831917805960057, "13106_13121": 0.0030080643831324107, "13106_13122": 0.0014149776539076802, "13106_13123": 0.0006134868149809522, "13107_13101": 0.0018503553935715817, "13107_13102": 0.0025561950624206345, "13107_13103": 0.0007948942065075778, "13107_13104": 0.0006629615581245774, "13107_13105": 0.0005178356449032768, "13107_13106": 0.005821528109899896, "13107_13108": 0.010208288668634663, "13107_13109": 0.000286953510233026, "13107_13110": 7.586127282022527e-05, "13107_13111": 0.00020779392120322574, "13107_13112": 0.0001715124428979006, "13107_13113": 0.0004188861586160265, "13107_13114": 6.926464040107525e-05, "13107_13115": 0.0001121427511255504, "13107_13116": 0.00013523096459257548, "13107_13117": 0.00024407539950855087, "13107_13118": 0.001128024143674654, "13107_13119": 9.565117007767534e-05, "13107_13120": 3.957979451490014e-05, "13107_13121": 0.0017448092748651813, "13107_13122": 0.004973860844039118, "13107_13123": 0.003835941751735739, "13108_13101": 0.003255438098850537, "13108_13102": 0.008268878737404554, "13108_13103": 0.003242244834012237, "13108_13104": 0.0011742005706087042, "13108_13105": 0.000547520490789452, "13108_13106": 0.001121427511255504, "13108_13107": 0.00982568398832396, "13108_13109": 0.00134901132971618, "13108_13110": 0.00014512591322130052, "13108_13111": 0.0012401668948002044, "13108_13112": 0.00046836090175965167, "13108_13113": 0.0006926464040107525, "13108_13114": 0.0001682141266883256, "13108_13115": 0.00019130234015535068, "13108_13116": 0.0003990962613585764, "13108_13117": 0.0001946006563649257, "13108_13118": 0.00024407539950855087, "13108_13119": 0.00018800402394577567, "13108_13120": 0.00012203769975427544, "13108_13121": 0.0005112390124841268, "13108_13122": 0.0010224780249682537, "13108_13123": 0.013081122087174497, "13109_13101": 0.0010521628708544289, "13109_13102": 0.0009268268548905783, "13109_13103": 0.009070369576331283, "13109_13104": 0.0009631083331959034, "13109_13105": 0.00020449560499365073, "13109_13106": 0.0004221844748256015, "13109_13107": 0.00023418045087982584, "13109_13108": 0.0012038854164948794, "13109_13110": 0.00553457459966687, "13109_13111": 0.013668222372478849, "13109_13112": 0.0013457130135066048, "13109_13113": 0.0024011742005706086, "13109_13114": 0.00023088213467025082, "13109_13115": 0.00026716361297557595, "13109_13116": 0.00034962151821495125, "13109_13117": 0.00021439055362237577, "13109_13118": 0.00010224780249682537, "13109_13119": 0.00021768886983195078, "13109_13120": 0.00011873938354470042, "13109_13121": 0.00018470570773620066, "13109_13122": 9.894948628725035e-05, "13109_13123": 0.00026386529676600094, "13110_13101": 0.0003924996289394264, "13110_13102": 0.0003133400399096261, "13110_13103": 0.0017975823342183815, "13110_13104": 0.0006959447202203275, "13110_13105": 6.266800798192522e-05, "13110_13106": 6.596632419150024e-05, "13110_13107": 5.936969177235021e-05, "13110_13108": 0.0001418275970117255, "13110_13109": 0.005316885729834919, "13110_13111": 0.0028596401537015355, "13110_13112": 0.012236753137523294, "13110_13113": 0.006557052624635124, "13110_13114": 0.00020779392120322574,