{"13101_13102": 0.004946273238956166, "13101_13103": 0.005635624538063562, "13101_13104": 0.0032619819205185058, "13101_13105": 0.001826425606913412, "13101_13106": 0.0014710898857240322, "13101_13107": 0.0006680311558360339, "13101_13108": 0.0025370970492921713, "13101_13109": 0.0006822445846836091, "13101_13110": 0.00019188128944226505, "13101_13111": 0.0007462050144976974, "13101_13112": 0.0006822445846836091, "13101_13113": 0.001158394451077378, "13101_13114": 0.0003766558644607425, "13101_13115": 0.00042640286542725567, "13101_13116": 0.00043350957985104327, "13101_13117": 0.000490363295241344, "13101_13118": 0.0003979760077321053, "13101_13119": 0.0002842685769515038, "13101_13120": 0.00019898800386605265, "13101_13121": 0.000490363295241344, "13101_13122": 0.00023452157598499062, "13101_13123": 0.0005756438683267952, "13102_13101": 0.004114787651373017, "13102_13103": 0.00357467735516516, "13102_13104": 0.0006680311558360339, "13102_13105": 0.00023452157598499062, "13102_13106": 0.0006253908692933083, "13102_13107": 0.0007035647279549719, "13102_13108": 0.0031838080618568423, "13102_13109": 0.0006680311558360339, "13102_13110": 0.00017766786059468986, "13102_13111": 0.0006111774404457331, "13102_13112": 0.0002913752913752914, "13102_13113": 0.000490363295241344, "13102_13114": 0.00011370743078060151, "13102_13115": 0.00010660071635681392, "13102_13116": 7.106714423787595e-05, "13102_13117": 0.00014924100289953948, "13102_13118": 0.00015634771732332708, "13102_13119": 0.00016345443174711467, "13102_13120": 2.8426857695150378e-05, "13102_13121": 0.0003553357211893797, "13102_13122": 0.0002558417192563534, "13102_13123": 0.00034822900676559213, "13103_13101": 0.004718858377394963, "13103_13102": 0.0031838080618568423, "13103_13104": 0.0016558644607425096, "13103_13105": 0.0003553357211893797, "13103_13106": 0.0005543237250554324, "13103_13107": 0.0002700551481039286, "13103_13108": 0.0017624651770993234, "13103_13109": 0.0038518392176928764, "13103_13110": 0.0007106714423787595, "13103_13111": 0.002053840468474615, "13103_13112": 0.0007959520154642106, "13103_13113": 0.0025868440502586844, "13103_13114": 0.00021320143271362784, "13103_13115": 0.00019898800386605265, "13103_13116": 0.00022741486156120302, "13103_13117": 0.00020609471828984024, "13103_13118": 9.949400193302632e-05, "13103_13119": 0.00017766786059468986, "13103_13120": 9.238728750923873e-05, "13103_13121": 0.00023452157598499062, "13103_13122": 0.0001350275740519643, "13103_13123": 0.0002842685769515038, "13104_13101": 0.005521917107282961, "13104_13102": 0.001229461595315254, "13104_13103": 0.0032122349195519927, "13104_13105": 0.0014071294559099437, "13104_13106": 0.0004832565808175564, "13104_13107": 0.0002700551481039286, "13104_13108": 0.000980726590482688, "13104_13109": 0.000788845301040423, "13104_13110": 0.00043350957985104327, "13104_13111": 0.00023452157598499062, "13104_13112": 0.0010375803058729888, "13104_13113": 0.00410768093694923, "13104_13114": 0.0029350730570242766, "13104_13115": 0.0011157541645346524, "13104_13116": 0.0022528284723406676, "13104_13117": 0.0004974700096651316, "13104_13118": 0.00019188128944226505, "13104_13119": 0.0005898572971743703, "13104_13120": 0.0008954460173972369, "13104_13121": 0.00022030814713741543, "13104_13122": 9.949400193302632e-05, "13104_13123": 0.00021320143271362784, "13105_13101": 0.0036315310705554607, "13105_13102": 0.0007390983000739098, "13105_13103": 0.0009025527318210245, "13105_13104": 0.001876172607879925, "13105_13106": 0.0009096594462448121, "13105_13107": 0.00021320143271362784, "13105_13108": 0.0006538177269884587, "13105_13109": 0.0001208141452043891, "13105_13110": 3.553357211893797e-05, "13105_13111": 9.949400193302632e-05, "13105_13112": 9.949400193302632e-05, "13105_13113": 0.0002700551481039286, "13105_13114": 8.528057308545113e-05, "13105_13115": 7.817385866166354e-05, "13105_13116": 0.001385809312638581, "13105_13117": 0.0005187901529364944, "13105_13118": 0.0002416282904087782, "13105_13119": 0.0004192961510034681, "13105_13120": 9.238728750923873e-05, "13105_13121": 0.0002700551481039286, "13105_13122": 7.106714423787595e-05, "13105_13123": 0.0001279208596281767, "13106_13101": 0.004086360793677867, "13106_13102": 0.002103587469441128, "13106_13103": 0.0019756666098129515, "13106_13104": 0.0006822445846836091, "13106_13105": 0.001421342884757519, "13106_13107": 0.0014426630280288818, "13106_13108": 0.0007248848712263346, "13106_13109": 0.0004050827221558929, "13106_13110": 2.1320143271362784e-05, "13106_13111": 0.0003979760077321053, "13106_13112": 7.817385866166354e-05, "13106_13113": 0.00044061629427483086, "13106_13114": 0.00011370743078060151, "13106_13115": 0.0001208141452043891, "13106_13116": 0.0005187901529364944, "13106_13117": 0.0005472170106316448, "13106_13118": 0.0014284495991813066, "13106_13119": 9.949400193302632e-05, "13106_13120": 3.553357211893797e-05, "13106_13121": 0.0008599124452782989, "13106_13122": 0.0003695491500369549, "13106_13123": 0.0002771618625277162, "13107_13101": 0.0020609471828984026, "13107_13102": 0.002686338052191711, "13107_13103": 0.0015634771732332708, "13107_13104": 0.0005543237250554324, "13107_13105": 0.0003837625788845301, "13107_13106": 0.002238615043493092, "13107_13108": 0.0033259423503325942, "13107_13109": 0.00042640286542725567, "13107_13110": 7.106714423787595e-05, "13107_13111": 0.00029848200579907897, "13107_13112": 0.00010660071635681392, "13107_13113": 0.0003553357211893797, "13107_13114": 7.817385866166354e-05, "13107_13115": 4.264028654272557e-05, "13107_13116": 0.0001279208596281767, "13107_13117": 0.0001421342884757519, "13107_13118": 0.0004192961510034681, "13107_13119": 4.974700096651316e-05, "13107_13120": 1.4213428847575189e-05, "13107_13121": 0.0006040707260219455, "13107_13122": 0.0011441810222298028, "13107_13123": 0.0008385923020069362, "13108_13101": 0.00395843993404969, "13108_13102": 0.006275228836204446, "13108_13103": 0.0025797373358348967, "13108_13104": 0.001350275740519643, "13108_13105": 0.0004192961510034681, "13108_13106": 0.0007319915856501222, "13108_13107": 0.00319091477628063, "13108_13109": 0.0009238728750923873, "13108_13110": 9.949400193302632e-05, "13108_13111": 0.0010091534481778384, "13108_13112": 0.00031980214907044175, "13108_13113": 0.0007319915856501222, "13108_13114": 0.00019898800386605265, "13108_13115": 8.528057308545113e-05, "13108_13116": 0.00018477457501847746, "13108_13117": 0.00014924100289953948, "13108_13118": 0.00018477457501847746, "13108_13119": 8.528057308545113e-05, "13108_13120": 8.528057308545113e-05, "13108_13121": 0.00031980214907044175, "13108_13122": 0.00045482972312240605, "13108_13123": 0.0033117289214850193, "13109_13101": 0.001385809312638581, "13109_13102": 0.0009380863039399625, "13109_13103": 0.006921939848769117, "13109_13104": 0.0007319915856501222, "13109_13105": 0.0001421342884757519, "13109_13106": 0.0002487350048325658, "13109_13107": 0.00019898800386605265, "13109_13108": 0.0011868213087725284, "13109_13110": 0.001279208596281767, "13109_13111": 0.004889419523565865, "13109_13112": 0.0005187901529364944, "13109_13113": 0.0014142361703337314, "13109_13114": 9.238728750923873e-05, "13109_13115": 0.00018477457501847746, "13109_13116": 0.00021320143271362784, "13109_13117": 9.238728750923873e-05, "13109_13118": 7.817385866166354e-05, "13109_13119": 0.0001279208596281767, "13109_13120": 4.264028654272557e-05, "13109_13121": 7.817385866166354e-05, "13109_13122": 9.238728750923873e-05, "13109_13123": 0.00016345443174711467, "13110_13101": 0.00045482972312240605, "13110_13102": 0.00034112229234180454, "13110_13103": 0.0016274376030473593, "13110_13104": 0.00043350957985104327, "13110_13105": 6.396042981408835e-05, "13110_13106": 6.396042981408835e-05, "13110_13107": 2.1320143271362784e-05, "13110_13108": 0.00019188128944226505, "13110_13109": 0.0016203308886235715, "13110_13111": 0.0008314855875831486, "13110_13112": 0.002380749331968844, "13110_13113": 0.002458923190630508,