{"13101_13102": 0.026394933059844222, "13101_13103": 0.025071375114338774, "13101_13104": 0.01961545213478578, "13101_13105": 0.01499570363389417, "13101_13106": 0.013824597388918147, "13101_13107": 0.004379521578845248, "13101_13108": 0.007696501002485425, "13101_13109": 0.0032661621901303693, "13101_13110": 0.0010925705204608662, "13101_13111": 0.0026101579030037604, "13101_13112": 0.003972983710766786, "13101_13113": 0.006220491356450555, "13101_13114": 0.0021112250649074665, "13101_13115": 0.0027972577172898708, "13101_13116": 0.0036819395552106144, "13101_13117": 0.003698108674963735, "13101_13118": 0.0027071726215224844, "13101_13119": 0.002386100100710517, "13101_13120": 0.0016838983285749924, "13101_13121": 0.004414169692601935, "13101_13122": 0.002293705130692685, "13101_13123": 0.003850560375493158, "13102_13101": 0.029346952351913962, "13102_13103": 0.016573347746948654, "13102_13104": 0.0028480749507996785, "13102_13105": 0.001582263861555377, "13102_13106": 0.005382007003538728, "13102_13107": 0.006232040727702784, "13102_13108": 0.019100350176936367, "13102_13109": 0.0022659866396873354, "13102_13110": 0.0008246251074091527, "13102_13111": 0.002023449843390526, "13102_13112": 0.0013351073167576757, "13102_13113": 0.00263787639400911, "13102_13114": 0.0006952721493841876, "13102_13115": 0.0006536944128761631, "13102_13116": 0.0010325137899492751, "13102_13117": 0.0008846818379207435, "13102_13118": 0.0010810211492086371, "13102_13119": 0.0006282857961212591, "13102_13120": 0.0005266513291016437, "13102_13121": 0.0026956232502702553, "13102_13122": 0.0015152775082924485, "13102_13123": 0.0028503848250501242, "13103_13101": 0.023583816097051676, "13103_13102": 0.016716559950476297, "13103_13104": 0.008809860391200302, "13103_13105": 0.0021805212924208405, "13103_13106": 0.0034440225074146963, "13103_13107": 0.0022290286516802025, "13103_13108": 0.00615119512893718, "13103_13109": 0.019883397547837495, "13103_13110": 0.0038828986149993996, "13103_13111": 0.008022193271798284, "13103_13112": 0.004044589812530606, "13103_13113": 0.02044238711644538, "13103_13114": 0.0009308793229296597, "13103_13115": 0.0011849654904786983, "13103_13116": 0.0016030527298093891, "13103_13117": 0.0020373090888932007, "13103_13118": 0.0012773604604965306, "13103_13119": 0.0010001755504430339, "13103_13120": 0.0007391597601426579, "13103_13121": 0.0019125758793691271, "13103_13122": 0.0011711062449760235, "13103_13123": 0.0016330810950651847, "13104_13101": 0.016665742716966487, "13104_13102": 0.0031183302381018376, "13104_13103": 0.007876671194020197, "13104_13105": 0.00929031423529303, "13104_13106": 0.0018017019153477286, "13104_13107": 0.0011364581312193365, "13104_13108": 0.002298324879193577, "13104_13109": 0.002249817519934215, "13104_13110": 0.0013928541730188209, "13104_13111": 0.0009331891971801055, "13104_13112": 0.004106956417292642, "13104_13113": 0.021495689774648667, "13104_13114": 0.015935822453825615, "13104_13115": 0.00572155851835426, "13104_13116": 0.013182452347294213, "13104_13117": 0.002286775507941348, "13104_13118": 0.0008407942271622733, "13104_13119": 0.002508523435984145, "13104_13120": 0.0046474669918969615, "13104_13121": 0.0010071051731943713, "13104_13122": 0.0005197217063503063, "13104_13123": 0.0009955558019421422, "13105_13101": 0.012445602461402002, "13105_13102": 0.0018871672626142233, "13105_13103": 0.0023144939989466974, "13105_13104": 0.007084384326117286, "13105_13106": 0.007666472637229629, "13105_13107": 0.0007899769936524656, "13105_13108": 0.0012288531012371686, "13105_13109": 0.00043425635908381146, "13105_13110": 0.00018940968853655606, "13105_13111": 0.0002771849100534967, "13105_13112": 0.0003903687483253412, "13105_13113": 0.0007714979996488991, "13105_13114": 0.0005682290656096683, "13105_13115": 0.0003741996285722205, "13105_13116": 0.011320693701434894, "13105_13117": 0.004340253716587669, "13105_13118": 0.002212859531927082, "13105_13119": 0.0025223826814868198, "13105_13120": 0.0012427123467398434, "13105_13121": 0.001901026508116898, "13105_13122": 0.0005751586883610057, "13105_13123": 0.0005127920835989689, "13106_13101": 0.011087396402139868, "13106_13102": 0.005067864105478098, "13106_13103": 0.003386275651153551, "13106_13104": 0.001901026508116898, "13106_13105": 0.005987194057155528, "13106_13107": 0.009151721780266282, "13106_13108": 0.0023375927414511556, "13106_13109": 0.0009147102031765391, "13106_13110": 0.00011549371252229029, "13106_13111": 0.0007322301373913204, "13106_13112": 0.0002587059160499302, "13106_13113": 0.0011110495144644327, "13106_13114": 0.0002864244070552799, "13106_13115": 0.00020788868254012252, "13106_13116": 0.0015198972567933402, "13106_13117": 0.0025893690347497484, "13106_13118": 0.011246777725420628, "13106_13119": 0.0006259759218708134, "13106_13120": 0.0003511008860677625, "13106_13121": 0.005079413476730327, "13106_13122": 0.0023699309809573966, "13106_13123": 0.0011272186342175532, "13107_13101": 0.004374901830344356, "13107_13102": 0.004878454416941542, "13107_13103": 0.002533932052739049, "13107_13104": 0.0012704308377451932, "13107_13105": 0.0009401188199314429, "13107_13106": 0.007708050373737654, "13107_13108": 0.014129500789976993, "13107_13109": 0.0006536944128761631, "13107_13110": 0.00010394434127006126, "13107_13111": 0.00046197485008916115, "13107_13112": 0.0002979737783075089, "13107_13113": 0.0008153856104073695, "13107_13114": 0.00017786031728432705, "13107_13115": 0.000154761574779869, "13107_13116": 0.0003280021435633044, "13107_13117": 0.00041115761657935343, "13107_13118": 0.0012796703347469763, "13107_13119": 0.00012704308377451933, "13107_13120": 7.853572451515739e-05, "13107_13121": 0.002711792370023376, "13107_13122": 0.007227596529644926, "13107_13123": 0.0052064565605048465, "13108_13101": 0.007982925409540705, "13108_13102": 0.016249965351886244, "13108_13103": 0.006710184697545065, "13108_13104": 0.002402269220463638, "13108_13105": 0.0013143184485036635, "13108_13106": 0.002436917334220325, "13108_13107": 0.013764540658406557, "13108_13109": 0.0027810885975367503, "13108_13110": 0.00033031201781375024, "13108_13111": 0.00266559488501446, "13108_13112": 0.0007738078738993449, "13108_13113": 0.0016931378255767755, "13108_13114": 0.0004411859818351489, "13108_13115": 0.0003626502573199915, "13108_13116": 0.0009539780654341177, "13108_13117": 0.0005497500716061018, "13108_13118": 0.0006282857961212591, "13108_13119": 0.0004804538440927276, "13108_13120": 0.00030028365255795476, "13108_13121": 0.0014783195202853158, "13108_13122": 0.0018756178913619942, "13108_13123": 0.018767728284872172, "13109_13101": 0.0031783869686134287, "13109_13102": 0.002390719849211409, "13109_13103": 0.019014884829669874, "13109_13104": 0.002055788082896767, "13109_13105": 0.0003949884968262328, "13109_13106": 0.000951668191183672, "13109_13107": 0.0005612994428583308, "13109_13108": 0.002626327022756881, "13109_13110": 0.00762720477497205, "13109_13111": 0.022745331744139848, "13109_13112": 0.0024623259509752287, "13109_13113": 0.004370282081843465, "13109_13114": 0.0004712143470909444, "13109_13115": 0.0005220315806007521, "13109_13116": 0.001009415047444817, "13109_13117": 0.0006398351673734882, "13109_13118": 0.00029566390405706314, "13109_13119": 0.00042039711358113666, "13109_13120": 0.00018017019153477286, "13109_13121": 0.000332621892064196, "13109_13122": 0.00026563553880126767, "13109_13123": 0.000510482209348523, "13110_13101": 0.001198824735981373, "13110_13102": 0.0007945967421533572, "13110_13103": 0.00364036181870259, "13110_13104": 0.0014298121610259538, "13110_13105": 0.0001616911975312064, "13110_13106": 8.546534726649481e-05, "13110_13107": 9.008509576738643e-05, "13110_13108": 0.000321072520811967, "13110_13109": 0.007287653260156517, "13110_13111": 0.0037419962857222055, "13110_13112": 0.014681560735833541, "13110_13113": 0.009308793229296597, "13110_13114": 0.00036496013157043733, "13110_13115": 0.0006375252931230423,