{"13101_13102": 0.010782886466369393, "13101_13103": 0.00773754255648406, "13101_13104": 0.00785599382524999, "13101_13105": 0.005819396204209988, "13101_13106": 0.006767006354337418, "13101_13107": 0.001944893412963154, "13101_13108": 0.0027702312856547873, "13101_13109": 0.0010202093148549353, "13101_13110": 0.0003247857369388371, "13101_13111": 0.0008062328293422898, "13101_13112": 0.0011921547049990257, "13101_13113": 0.002074807707738689, "13101_13114": 0.0006151823958488562, "13101_13115": 0.0007642017339737344, "13101_13116": 0.001245648826377187, "13101_13117": 0.0009858202368261174, "13101_13118": 0.0008138748466820271, "13101_13119": 0.0005502252484610887, "13101_13120": 0.0004623420490541093, "13101_13121": 0.0012647538697265303, "13101_13122": 0.0007489176992942597, "13101_13123": 0.0012265437830278436, "13102_13101": 0.011344574740840087, "13102_13103": 0.006369621452671076, "13102_13104": 0.0009323261154479559, "13102_13105": 0.0005655092831405635, "13102_13106": 0.00221618502852383, "13102_13107": 0.0026364959822093837, "13102_13108": 0.009086358616947702, "13102_13109": 0.000722170638605179, "13102_13110": 0.00022543951152225163, "13102_13111": 0.0005731513004803008, "13102_13112": 0.0003706378409772612, "13102_13113": 0.0009132210720986125, "13102_13114": 0.00015666135546461556, "13102_13115": 0.0001490193381248782, "13102_13116": 0.0003668168323073925, "13102_13117": 0.00021397648551264563, "13102_13118": 0.00030950170225936243, "13102_13119": 0.00012991429477553484, "13102_13120": 0.00014519832945500953, "13102_13121": 0.0005807933178200381, "13102_13122": 0.00048908910974319, "13102_13123": 0.0009437891414575619, "13103_13101": 0.007443324888904173, "13103_13102": 0.006083045802430926, "13103_13104": 0.003599390167016289, "13103_13105": 0.0006113613871789875, "13103_13106": 0.0010393143582042787, "13103_13107": 0.0007145286212654416, "13103_13108": 0.0027549472509753124, "13103_13109": 0.009441712423245489, "13103_13110": 0.001757663988139589, "13103_13111": 0.002644137999549121, "13103_13112": 0.0015895396066653675, "13103_13113": 0.00880742498404729, "13103_13114": 0.00025982858955106967, "13103_13115": 0.00030950170225936243, "13103_13116": 0.0005425832311213515, "13103_13117": 0.000477626083733584, "13103_13118": 0.00024836556354146367, "13103_13119": 0.00025218657221133235, "13103_13120": 0.00021397648551264563, "13103_13121": 0.0005081941530925333, "13103_13122": 0.0003018596849196251, "13103_13123": 0.00046616305772397796, "13104_13101": 0.006442220617398581, "13104_13102": 0.0009972832628357233, "13104_13103": 0.0031599741699813917, "13104_13105": 0.00445911711773674, "13104_13106": 0.0008635479593903199, "13104_13107": 0.00042795297102529126, "13104_13108": 0.0009017580460890065, "13104_13109": 0.0006801395432366236, "13104_13110": 0.0005846143264899068, "13104_13111": 0.0003018596849196251, "13104_13112": 0.002246753097882779, "13104_13113": 0.012368605064364891, "13104_13114": 0.010412248625392131, "13104_13115": 0.002712916155606757, "13104_13116": 0.008092896362781847, "13104_13117": 0.0008368008987012391, "13104_13118": 0.00033242775427857444, "13104_13119": 0.001108092514261915, "13104_13120": 0.0022047220025142237, "13104_13121": 0.00044705801437463464, "13104_13122": 0.00016048236413448422, "13104_13123": 0.00045087902304450327, "13105_13101": 0.005043731444226647, "13105_13102": 0.000699244586585967, "13105_13103": 0.0006228244131885935, "13105_13104": 0.0038477557305577528, "13105_13106": 0.004397980979018842, "13105_13107": 0.0003706378409772612, "13105_13108": 0.00046616305772397796, "13105_13109": 0.00011463026009606016, "13105_13110": 6.495714738776742e-05, "13105_13111": 9.934622541658547e-05, "13105_13112": 0.00015284034679474687, "13105_13113": 0.00027893363290041305, "13105_13114": 0.0001757663988139589, "13105_13115": 0.00012991429477553484, "13105_13116": 0.006889278631773216, "13105_13117": 0.0020404186297098706, "13105_13118": 0.0012418278177073183, "13105_13119": 0.0007985908120025524, "13105_13120": 0.00042795297102529126, "13105_13121": 0.0006113613871789875, "13105_13122": 0.00012609328610566618, "13105_13123": 0.0001490193381248782, "13106_13101": 0.005414369285203908, "13106_13102": 0.0019525354303028914, "13106_13103": 0.0009972832628357233, "13106_13104": 0.0008291588813615018, "13106_13105": 0.004233677606214488, "13106_13107": 0.0061632869844981675, "13106_13108": 0.0010737034362330968, "13106_13109": 0.0003133227109292311, "13106_13110": 4.9673112708292735e-05, "13106_13111": 0.00026364959822093836, "13106_13112": 0.00011463026009606016, "13106_13113": 0.00047380507506371533, "13106_13114": 0.00012609328610566618, "13106_13115": 0.00010316723408645414, "13106_13116": 0.0007833067773230778, "13106_13117": 0.0011959757136688943, "13106_13118": 0.007091792091276255, "13106_13119": 0.00018722942482356494, "13106_13120": 7.642017339737344e-05, "13106_13121": 0.0024263405053666066, "13106_13122": 0.0010698824275632282, "13106_13123": 0.00045852104038424064, "13107_13101": 0.001665959780062741, "13107_13102": 0.002177974941825143, "13107_13103": 0.000710707612595573, "13107_13104": 0.00044323700570476595, "13107_13105": 0.00046998406639384664, "13107_13106": 0.005383801215844959, "13107_13108": 0.009602194787379973, "13107_13109": 0.0001910504334934336, "13107_13110": 5.731513004803008e-05, "13107_13111": 0.00015666135546461556, "13107_13112": 0.0001222722774357975, "13107_13113": 0.00027893363290041305, "13107_13114": 6.877815605763609e-05, "13107_13115": 9.170420807684813e-05, "13107_13116": 0.00018722942482356494, "13107_13117": 0.0001795874074838276, "13107_13118": 0.0009743572108165113, "13107_13119": 7.259916472750476e-05, "13107_13120": 5.349412137816141e-05, "13107_13121": 0.0015857185979954989, "13107_13122": 0.004726587724627547, "13107_13123": 0.003530612010958653, "13108_13101": 0.002602106904180566, "13108_13102": 0.008150211492829877, "13108_13103": 0.002495118661424243, "13108_13104": 0.0009132210720986125, "13108_13105": 0.00047380507506371533, "13108_13106": 0.0011042715055920463, "13108_13107": 0.009304156111130215, "13108_13109": 0.001257111852386793, "13108_13110": 0.00018722942482356494, "13108_13111": 0.0009094000634287439, "13108_13112": 0.0003286067456087058, "13108_13113": 0.0006075403785091189, "13108_13114": 0.0001490193381248782, "13108_13115": 0.00016048236413448422, "13108_13116": 0.0003973849016663419, "13108_13117": 0.0001643033728043529, "13108_13118": 0.00025982858955106967, "13108_13119": 0.00013373530344540352, "13108_13120": 0.00011080925142619149, "13108_13121": 0.0005769723091501695, "13108_13122": 0.0008750109853999259, "13108_13123": 0.012479414315791082, "13109_13101": 0.0009628941848069053, "13109_13102": 0.0009361471241178247, "13109_13103": 0.008077612328102373, "13109_13104": 0.0007947698033326838, "13109_13105": 9.934622541658547e-05, "13109_13106": 0.0003438907802881805, "13109_13107": 0.0001795874074838276, "13109_13108": 0.0011501236096304703, "13109_13110": 0.005166003721662445, "13109_13111": 0.012376247081704629, "13109_13112": 0.001188333696329157, "13109_13113": 0.002120659811777113, "13109_13114": 0.00013373530344540352, "13109_13115": 0.0001222722774357975, "13109_13116": 0.0003286067456087058, "13109_13117": 0.00013373530344540352, "13109_13118": 8.788319940697945e-05, "13109_13119": 0.00014137732078514087, "13109_13120": 8.406219073711078e-05, "13109_13121": 0.00013755631211527218, "13109_13122": 6.113613871789875e-05, "13109_13123": 0.0001795874074838276, "13110_13101": 0.00041648994501568526, "13110_13102": 0.00025218657221133235, "13110_13103": 0.0015513295199666808, "13110_13104": 0.0005387622224514827, "13110_13105": 6.495714738776742e-05, "13110_13106": 2.6747060689080704e-05, "13110_13107": 3.821008669868672e-05, "13110_13108": 0.0001643033728043529, "13110_13109": 0.00512015161762402, "13110_13111": 0.0026632430428984643, "13110_13112": 0.01151269912231431, "13110_13113": 0.006373442461340945,