{"13101_13102": 0.026459490607081162, "13101_13103": 0.02265330219250593, "13101_13104": 0.016893348950882493, "13101_13105": 0.014958438307931247, "13101_13106": 0.01472040423370704, "13101_13107": 0.0037119174940903918, "13101_13108": 0.0049232988223205255, "13101_13109": 0.0012891548376301233, "13101_13110": 0.0003888675469999458, "13101_13111": 0.0007023183576120233, "13101_13112": 0.0010558343094301558, "13101_13113": 0.0037401987702358423, "13101_13114": 0.0007588809099029246, "13101_13115": 0.0007329564067695948, "13101_13116": 0.0012231651932907387, "13101_13117": 0.0016120327402906844, "13101_13118": 0.0018689209986118608, "13101_13119": 0.0005844797070059791, "13101_13120": 0.0003700133629029787, "13101_13121": 0.002250718226575444, "13101_13122": 0.000629258394236276, "13101_13123": 0.0011265374997937825, "13102_13101": 0.029964012076104916, "13102_13103": 0.014703906822622194, "13102_13104": 0.0010346233523210679, "13102_13105": 0.0006433990323090012, "13102_13106": 0.004211553372660019, "13102_13107": 0.005246176724981087, "13102_13108": 0.015462787732525117, "13102_13109": 0.0008460815113513973, "13102_13110": 0.00030638049157571484, "13102_13111": 0.0006174745291756715, "13102_13112": 0.0003346617677211655, "13102_13113": 0.0014329179913694973, "13102_13114": 0.00010134123952119799, "13102_13115": 0.00024039084723633013, "13102_13116": 0.0002733856694060225, "13102_13117": 0.0001602605648242201, "13102_13118": 0.0006104042101393089, "13102_13119": 0.00017911474892118716, "13102_13120": 0.00021682311711512128, "13102_13121": 0.0006646099894180892, "13102_13122": 0.0004619275103756932, "13102_13123": 0.0010770452665392438, "13103_13101": 0.02080087860497892, "13103_13102": 0.013888463360428368, "13103_13104": 0.005486567572217417, "13103_13105": 0.0010204827142483426, "13103_13106": 0.0011029697696725736, "13103_13107": 0.0013292199788361783, "13103_13108": 0.0030661616887692695, "13103_13109": 0.018467673322979244, "13103_13110": 0.0020551060665694107, "13103_13111": 0.0035728678863752596, "13103_13112": 0.0015083347277573655, "13103_13113": 0.018446462365870157, "13103_13114": 0.00027102889639390163, "13103_13115": 0.00030873726458783575, "13103_13116": 0.0004595707373635723, "13103_13117": 0.0006811074005029353, "13103_13118": 0.000304023718563594, "13103_13119": 0.0003346617677211655, "13103_13120": 0.00029223985350298955, "13103_13121": 0.0006740370814665727, "13103_13122": 0.0003346617677211655, "13103_13123": 0.0005868364800181, "13104_13101": 0.014183059986943478, "13104_13102": 0.001192527144133167, "13104_13103": 0.004237477875793348, "13104_13105": 0.007951752142895861, "13104_13106": 0.000709388676648386, "13104_13107": 0.0004383597802544844, "13104_13108": 0.0005844797070059791, "13104_13109": 0.0005444145657999241, "13104_13110": 0.0005420577927878033, "13104_13111": 0.00033701854073328634, "13104_13112": 0.0018594939065633771, "13104_13113": 0.02248597130864535, "13104_13114": 0.013945025912719268, "13104_13115": 0.0029341824000905002, "13104_13116": 0.011505765845174154, "13104_13117": 0.0010652614014786395, "13104_13118": 0.00019561216000603334, "13104_13119": 0.001336290297872541, "13104_13120": 0.001616746286314926, "13104_13121": 0.00025688825832117634, "13104_13122": 0.00011783865060604418, "13104_13123": 0.0003629430438666161, "13105_13101": 0.011296013047095396, "13105_13102": 0.0007258860877332322, "13105_13103": 0.0009969149841271337, "13105_13104": 0.0059249273524719015, "13105_13106": 0.007004329392023266, "13105_13107": 0.0003417320867575281, "13105_13108": 0.00035115917880601164, "13105_13109": 0.0002003257060302751, "13105_13110": 6.834641735150562e-05, "13105_13111": 0.00018382829494542892, "13105_13112": 0.00012255219663028595, "13105_13113": 0.0003794404549514623, "13105_13114": 0.00020503925205451687, "13105_13115": 0.00023803407422420925, "13105_13116": 0.010282600651883415, "13105_13117": 0.0035210188801086, "13105_13118": 0.0018382829494542892, "13105_13119": 0.0009097143826786611, "13105_13120": 0.00038179722796358314, "13105_13121": 0.0009474227508725952, "13105_13122": 0.0001744012028969454, "13105_13123": 0.00011076833156968154, "13106_13101": 0.01005635044271981, "13106_13102": 0.003292411897932874, "13106_13103": 0.0011477484569028702, "13106_13104": 0.0006033338911029462, "13106_13105": 0.005533703032459834, "13106_13107": 0.008069590793501906, "13106_13108": 0.0008578653764120016, "13106_13109": 0.00016261733783634098, "13106_13110": 4.713546024241767e-05, "13106_13111": 0.00013197928867876948, "13106_13112": 8.484382843635181e-05, "13106_13113": 0.0007258860877332322, "13106_13114": 8.955737446059358e-05, "13106_13115": 8.72006014484727e-05, "13106_13116": 0.0006009771180908254, "13106_13117": 0.0025570987181511586, "13106_13118": 0.011918201122295309, "13106_13119": 7.305996337574739e-05, "13106_13120": 0.00011312510458180242, "13106_13121": 0.0031203674680480497, "13106_13122": 0.001171316187024079, "13106_13123": 0.00038415400097570405, "13107_13101": 0.002608947724417818, "13107_13102": 0.0032947686709449953, "13107_13103": 0.0011265374997937825, "13107_13104": 0.0003865107739878249, "13107_13105": 0.0003346617677211655, "13107_13106": 0.006151177561635506, "13107_13108": 0.012264646755077078, "13107_13109": 0.0002969533995272313, "13107_13110": 2.592450313332972e-05, "13107_13111": 0.00010841155855756064, "13107_13112": 8.955737446059358e-05, "13107_13113": 0.00016497411084846186, "13107_13114": 4.713546024241767e-05, "13107_13115": 6.363287132726386e-05, "13107_13116": 9.662769349695623e-05, "13107_13117": 8.248705542423093e-05, "13107_13118": 0.0008531518303877599, "13107_13119": 3.063804915757149e-05, "13107_13120": 4.477868723029679e-05, "13107_13121": 0.0014965508626967612, "13107_13122": 0.00517311676160534, "13107_13123": 0.003888675469999458, "13108_13101": 0.004935082687381131, "13108_13102": 0.012439047957974023, "13108_13103": 0.003282984805884391, "13108_13104": 0.0005891932530302209, "13108_13105": 0.00036058627085449517, "13108_13106": 0.0008743627874968478, "13108_13107": 0.011491625207101428, "13108_13109": 0.001336290297872541, "13108_13110": 0.00018147152193330804, "13108_13111": 0.0010228394872604635, "13108_13112": 0.0002616018043454181, "13108_13113": 0.0005797661609817374, "13108_13114": 8.72006014484727e-05, "13108_13115": 0.00012726574265452771, "13108_13116": 0.00015790379181209921, "13108_13117": 9.662769349695623e-05, "13108_13118": 0.00023567730121208837, "13108_13119": 9.898446650907711e-05, "13108_13120": 0.00012726574265452771, "13108_13121": 0.0005326307007393197, "13108_13122": 0.0007211725417089903, "13108_13123": 0.013813046624040499, "13109_13101": 0.0013127225677513322, "13109_13102": 0.0009167847017150237, "13109_13103": 0.016047267439531096, "13109_13104": 0.0006504693513453639, "13109_13105": 0.00019796893301815422, "13109_13106": 0.00012490896964240683, "13109_13107": 0.00024981793928481366, "13109_13108": 0.0010958994506362109, "13109_13110": 0.006851139146235408, "13109_13111": 0.016685952925815855, "13109_13112": 0.0007470970448423201, "13109_13113": 0.002634872227551148, "13109_13114": 0.0001555470187999783, "13109_13115": 0.000141406380727253, "13109_13116": 0.00028516953446662693, "13109_13117": 0.00010841155855756064, "13109_13118": 0.00010134123952119799, "13109_13119": 0.0001437631537393739, "13109_13120": 7.541673638786827e-05, "13109_13121": 0.00015790379181209921, "13109_13122": 0.00010134123952119799, "13109_13123": 0.0001720444298848245, "13110_13101": 0.0004312894612181217, "13110_13102": 0.00035115917880601164, "13110_13103": 0.0017369417099330911, "13110_13104": 0.0005609119768847703, "13110_13105": 8.248705542423093e-05, "13110_13106": 4.477868723029679e-05, "13110_13107": 2.3567730121208836e-05, "13110_13108": 0.00013197928867876948, "13110_13109": 0.005993273769823407, "13110_13111": 0.0025948070863450927, "13110_13112": 0.012443761503998266, "13110_13113": 0.008236921677362488, "13110_13114": 0.00011076833156968154,