{"13101_13102": 0.011605054532240812, "13101_13103": 0.007827973939167506, "13101_13104": 0.006684101970940022, "13101_13105": 0.005680974875760662, "13101_13106": 0.006891380783974533, "13101_13107": 0.0019601922319066067, "13101_13108": 0.0022621539595371284, "13101_13109": 0.0004555015891375666, "13101_13110": 0.0001535398615070449, "13101_13111": 0.00025078177379484005, "13101_13112": 0.00047085557528827107, "13101_13113": 0.0017247644442624714, "13101_13114": 0.00033011070224014656, "13101_13115": 0.000373613663000476, "13101_13116": 0.0005911284668021229, "13101_13117": 0.000532271519891089, "13101_13118": 0.0007062833629324066, "13101_13119": 0.00031731571378122616, "13101_13120": 0.00013562687766455634, "13101_13121": 0.000716519353699543, "13101_13122": 0.00020727881303451065, "13101_13123": 0.0005783334783432025, "13102_13101": 0.012365076846700684, "13102_13103": 0.006417966210994478, "13102_13104": 0.00047597357067183924, "13102_13105": 0.0002840487437880331, "13102_13106": 0.0017273234419542553, "13102_13107": 0.0023030979226056738, "13102_13108": 0.00784844592070178, "13102_13109": 0.0004119986283772372, "13102_13110": 9.98009099795792e-05, "13102_13111": 0.000281489746096249, "13102_13112": 0.00011259589843849961, "13102_13113": 0.0006934883744734862, "13102_13114": 4.606195845211348e-05, "13102_13115": 0.0001279498845892041, "13102_13116": 0.00012283188920563594, "13102_13117": 4.606195845211348e-05, "13102_13118": 0.00023798678533591962, "13102_13119": 7.676993075352246e-05, "13102_13120": 7.676993075352246e-05, "13102_13121": 0.0003249927068565784, "13102_13122": 0.00017912983842488574, "13102_13123": 0.0005450665083500094, "13103_13101": 0.007357118363879236, "13103_13102": 0.006336078284857387, "13103_13104": 0.002610177645619764, "13103_13105": 0.0004810915660554074, "13103_13106": 0.0005399485129664413, "13103_13107": 0.0004862095614389756, "13103_13108": 0.0018424783380845391, "13103_13109": 0.008759449098976912, "13103_13110": 0.0010159220836382806, "13103_13111": 0.0018348013450091869, "13103_13112": 0.000841910240596963, "13103_13113": 0.00912794476659382, "13103_13114": 0.0001151548961302837, "13103_13115": 0.00014842186612347677, "13103_13116": 0.0001714528453495335, "13103_13117": 0.00019448382457559022, "13103_13118": 0.00015098086381526085, "13103_13119": 0.00013562687766455634, "13103_13120": 0.00012283188920563594, "13103_13121": 0.0001535398615070449, "13103_13122": 0.00012027289151385185, "13103_13123": 0.00018168883611666982, "13104_13101": 0.006251631361028512, "13104_13102": 0.0005092405406650323, "13104_13103": 0.002159794051865765, "13104_13105": 0.004263290154512281, "13104_13106": 0.0003531416814662033, "13104_13107": 0.0003326696999319307, "13104_13108": 0.00029684373224695353, "13104_13109": 0.0003326696999319307, "13104_13110": 0.00034802368608263513, "13104_13111": 0.00011259589843849961, "13104_13112": 0.0010466300559396895, "13104_13113": 0.013237695059599056, "13104_13114": 0.008396071426743573, "13104_13115": 0.0017836213911735053, "13104_13116": 0.007398062326947781, "13104_13117": 0.0005425075106582254, "13104_13118": 0.00012027289151385185, "13104_13119": 0.0007318733398502474, "13104_13120": 0.0009877731090286556, "13104_13121": 0.00020216081765094248, "13104_13122": 5.6297949219249805e-05, "13104_13123": 0.00012539088689742002, "13105_13101": 0.004859536616697972, "13105_13102": 0.000312197718397658, "13105_13103": 0.00039664464222653273, "13105_13104": 0.003380435950846772, "13105_13106": 0.003994595396874952, "13105_13107": 0.0002558997691784082, "13105_13108": 0.00018168883611666982, "13105_13109": 4.350296076032939e-05, "13105_13110": 3.3266969993193063e-05, "13105_13111": 6.653393998638613e-05, "13105_13112": 4.606195845211348e-05, "13105_13113": 0.00014842186612347677, "13105_13114": 0.000186806831500238, "13105_13115": 0.000156098859198829, "13105_13116": 0.005711682848062071, "13105_13117": 0.0017426774281049599, "13105_13118": 0.0012283188920563593, "13105_13119": 0.000499004549897896, "13105_13120": 0.00014842186612347677, "13105_13121": 0.0005757744806514184, "13105_13122": 9.98009099795792e-05, "13105_13123": 6.909293767817021e-05, "13106_13101": 0.005437870095041175, "13106_13102": 0.0015840195712143468, "13106_13103": 0.0004964455522061119, "13106_13104": 0.00032243370916479433, "13106_13105": 0.0038871174938200207, "13106_13107": 0.005238268275082016, "13106_13108": 0.00047597357067183924, "13106_13109": 9.98009099795792e-05, "13106_13110": 4.8620956143897556e-05, "13106_13111": 9.212391690422695e-05, "13106_13112": 4.606195845211348e-05, "13106_13113": 0.00045806058682935067, "13106_13114": 3.582596768497715e-05, "13106_13115": 3.582596768497715e-05, "13106_13116": 0.00039152664684296456, "13106_13117": 0.0012513498712824161, "13106_13118": 0.007203578502372191, "13106_13119": 3.582596768497715e-05, "13106_13120": 7.16519353699543e-05, "13106_13121": 0.0017375594327213918, "13106_13122": 0.0005655384898842821, "13106_13123": 0.00022007380149343105, "13107_13101": 0.0012974118297345296, "13107_13102": 0.0016966154696528464, "13107_13103": 0.00042223461914437353, "13107_13104": 0.00025078177379484005, "13107_13105": 0.00021495580610986288, "13107_13106": 0.004199315212217679, "13107_13108": 0.009470850457292887, "13107_13109": 0.00012539088689742002, "13107_13110": 2.303097922605674e-05, "13107_13111": 6.397494229460205e-05, "13107_13112": 7.421093306173838e-05, "13107_13113": 0.0001305088822809882, "13107_13114": 6.141594460281797e-05, "13107_13115": 2.303097922605674e-05, "13107_13116": 6.141594460281797e-05, "13107_13117": 5.373895152746572e-05, "13107_13118": 0.000685811381398134, "13107_13119": 9.468291459601104e-05, "13107_13120": 5.117995383568164e-06, "13107_13121": 0.0012897348366591773, "13107_13122": 0.0031424491655108527, "13107_13123": 0.0027765124955857288, "13108_13101": 0.0021905020241671743, "13108_13102": 0.007487627246160224, "13108_13103": 0.002126527081872572, "13108_13104": 0.00039152664684296456, "13108_13105": 0.00021751480380164697, "13108_13106": 0.0004862095614389756, "13108_13107": 0.008183674618325495, "13108_13109": 0.000719078351391327, "13108_13110": 7.676993075352246e-05, "13108_13111": 0.0007114013583159748, "13108_13112": 0.000156098859198829, "13108_13113": 0.000373613663000476, "13108_13114": 6.397494229460205e-05, "13108_13115": 5.8856946911033884e-05, "13108_13116": 9.212391690422695e-05, "13108_13117": 4.606195845211348e-05, "13108_13118": 0.00017657084073310165, "13108_13119": 8.188792613709063e-05, "13108_13120": 4.350296076032939e-05, "13108_13121": 0.00026357676225376045, "13108_13122": 0.0004938865545143278, "13108_13123": 0.008925783948942879, "13109_13101": 0.0004529425914457825, "13109_13102": 0.00047597357067183924, "13109_13103": 0.008078755712962347, "13109_13104": 0.000373613663000476, "13109_13105": 5.8856946911033884e-05, "13109_13106": 6.909293767817021e-05, "13109_13107": 0.0001151548961302837, "13109_13108": 0.0006116004483363956, "13109_13110": 0.005038666455122858, "13109_13111": 0.010798970259328826, "13109_13112": 0.0005527435014253617, "13109_13113": 0.0015123676358443925, "13109_13114": 4.606195845211348e-05, "13109_13115": 8.444692382887471e-05, "13109_13116": 0.0001535398615070449, "13109_13117": 5.6297949219249805e-05, "13109_13118": 3.3266969993193063e-05, "13109_13119": 9.98009099795792e-05, "13109_13120": 3.838496537676123e-05, "13109_13121": 6.653393998638613e-05, "13109_13122": 4.606195845211348e-05, "13109_13123": 0.00012027289151385185, "13110_13101": 0.00017657084073310165, "13110_13102": 0.00010747790305493144, "13110_13103": 0.0010747790305493145, "13110_13104": 0.00039152664684296456, "13110_13105": 3.582596768497715e-05, "13110_13106": 5.373895152746572e-05, "13110_13107": 2.558997691784082e-05, "13110_13108": 5.8856946911033884e-05, "13110_13109": 0.004253054163745144, "13110_13111": 0.0020446391557354814, "13110_13112": 0.009836787127218012, "13110_13113": 0.005596527951931787,