{"13101_13102": 0.02567602036591062, "13101_13103": 0.022535668500746994, "13101_13104": 0.021936086551807524, "13101_13105": 0.01520155560045979, "13101_13106": 0.014969673078770493, "13101_13107": 0.0033589839570421064, "13101_13108": 0.005585056165259361, "13101_13109": 0.0020604418355820416, "13101_13110": 0.0007884005737436109, "13101_13111": 0.0014840481388115026, "13101_13112": 0.002428141262832213, "13101_13113": 0.004154009745691126, "13101_13114": 0.0012687286543857266, "13101_13115": 0.001772244987196772, "13101_13116": 0.002722963326122891, "13101_13117": 0.0021896335262375074, "13101_13118": 0.0016629289412575321, "13101_13119": 0.0015370498580547706, "13101_13120": 0.0012422277947640927, "13101_13121": 0.0028223415497040183, "13101_13122": 0.0013614816630614455, "13101_13123": 0.002385077365947058, "13102_13101": 0.028412234121844328, "13102_13103": 0.015821013194115482, "13102_13104": 0.0020471914057712246, "13102_13105": 0.0012687286543857266, "13102_13106": 0.004786717769157637, "13102_13107": 0.006717967914084213, "13102_13108": 0.018981240703995334, "13102_13109": 0.0017059928381426873, "13102_13110": 0.0005598306595070178, "13102_13111": 0.0012422277947640927, "13102_13112": 0.0008513401153449915, "13102_13113": 0.0015138616058858409, "13102_13114": 0.00046707765083129883, "13102_13115": 0.0003445111750812417, "13102_13116": 0.0007122106023314132, "13102_13117": 0.0004505146135677776, "13102_13118": 0.0007055853874260046, "13102_13119": 0.0003643868197974672, "13102_13120": 0.0003113851005541992, "13102_13121": 0.0014972985686223198, "13102_13122": 0.001046783955054542, "13102_13123": 0.00195775100454821, "13103_13101": 0.021773768786625017, "13103_13102": 0.01519493038555438, "13103_13104": 0.008582965909956703, "13103_13105": 0.0012919169065546564, "13103_13106": 0.002077004872845563, "13103_13107": 0.0014575472791898687, "13103_13108": 0.0047668421244414115, "13103_13109": 0.02091911606382732, "13103_13110": 0.0033457335272312895, "13103_13111": 0.00525710802744164, "13103_13112": 0.0029250323807378503, "13103_13113": 0.019766328670286243, "13103_13114": 0.000589644126581356, "13103_13115": 0.0007751501439327938, "13103_13116": 0.0010037200581693869, "13103_13117": 0.0011494747860883738, "13103_13118": 0.0009142796569463722, "13103_13119": 0.0005962693414867645, "13103_13120": 0.0004107633241353266, "13103_13121": 0.0011693504308045992, "13103_13122": 0.0007486492843111599, "13103_13123": 0.0010169704879802038, "13104_13101": 0.015940267062412836, "13104_13102": 0.002679899429237736, "13104_13103": 0.007367238974814246, "13104_13105": 0.00987488281651136, "13104_13106": 0.001272041261838431, "13104_13107": 0.0008414022929868788, "13104_13108": 0.00184843495860897, "13104_13109": 0.001394607737588488, "13104_13110": 0.000871215760061217, "13104_13111": 0.0005532054446016093, "13104_13112": 0.0031999787993123026, "13104_13113": 0.022012276523219722, "13104_13114": 0.018418097437035614, "13104_13115": 0.004770154731894116, "13104_13116": 0.014403217204358066, "13104_13117": 0.001540362465507475, "13104_13118": 0.0006161449862029899, "13104_13119": 0.002120068769730718, "13104_13120": 0.004167260175501943, "13104_13121": 0.0006823971352570749, "13104_13122": 0.00039751289432450967, "13104_13123": 0.0007652123215746811, "13105_13101": 0.011739880812383852, "13105_13102": 0.0013018547289127692, "13105_13103": 0.0012654160469330225, "13105_13104": 0.007310924648118273, "13105_13106": 0.008808223216740593, "13105_13107": 0.0006757719203516664, "13105_13108": 0.0008877787973247382, "13105_13109": 0.0002385077365947058, "13105_13110": 9.606561612842317e-05, "13105_13111": 0.00015900515772980387, "13105_13112": 0.0002583833813109313, "13105_13113": 0.0005962693414867645, "13105_13114": 0.0003014472781960865, "13105_13115": 0.00015237994282439536, "13105_13116": 0.014684788837837928, "13105_13117": 0.0043660166226641975, "13105_13118": 0.0021531948442577607, "13105_13119": 0.0018119962766292232, "13105_13120": 0.000844714900439583, "13105_13121": 0.001219039542595163, "13105_13122": 0.0003643868197974672, "13105_13123": 0.0003378859601758332, "13106_13101": 0.009964323217734375, "13106_13102": 0.00407119455937352, "13106_13103": 0.0020571292281293375, "13106_13104": 0.0012223521500478673, "13106_13105": 0.007244672499064188, "13106_13107": 0.010878602874680747, "13106_13108": 0.0015503002878655876, "13106_13109": 0.0005797063042232432, "13106_13110": 7.950257886490193e-05, "13106_13111": 0.00042732636139884787, "13106_13112": 0.00011594126084464865, "13106_13113": 0.0005995819489394687, "13106_13114": 0.00014244212046628262, "13106_13115": 0.0001556925502770996, "13106_13116": 0.0009672813761896402, "13106_13117": 0.002236010030575367, "13106_13118": 0.012733663048195126, "13106_13119": 0.00038426246451369266, "13106_13120": 0.0002252573067838888, "13106_13121": 0.004154009745691126, "13106_13122": 0.0020604418355820416, "13106_13123": 0.000804963611007132, "13107_13101": 0.003418610891190783, "13107_13102": 0.004574710892184565, "13107_13103": 0.0015635507176764046, "13107_13104": 0.0008149014333652448, "13107_13105": 0.0006492710607300324, "13107_13106": 0.008417335537321493, "13107_13108": 0.014615224081331138, "13107_13109": 0.0004505146135677776, "13107_13110": 7.287736395949343e-05, "13107_13111": 0.0002915094558379737, "13107_13112": 0.00014244212046628262, "13107_13113": 0.0004306389688515521, "13107_13114": 5.63143266959722e-05, "13107_13115": 0.00011594126084464865, "13107_13116": 0.0002252573067838888, "13107_13117": 0.0003113851005541992, "13107_13118": 0.001447609456831756, "13107_13119": 0.00013581690556087412, "13107_13120": 5.962693414867645e-05, "13107_13121": 0.0022227596007645496, "13107_13122": 0.008483587686375577, "13107_13123": 0.0055088661938471626, "13108_13101": 0.005594993987617473, "13108_13102": 0.015271120356966579, "13108_13103": 0.00472709083500896, "13108_13104": 0.001917999715115759, "13108_13105": 0.0009474057314734146, "13108_13106": 0.001553612895318292, "13108_13107": 0.01406201863672953, "13108_13109": 0.0022326974231226624, "13108_13110": 0.00029813467074338225, "13108_13111": 0.0019080618927576464, "13108_13112": 0.0004836406880948201, "13108_13113": 0.001073284814676176, "13108_13114": 0.00030807249310149497, "13108_13115": 0.0002451329515001143, "13108_13116": 0.0006062071638448772, "13108_13117": 0.0003113851005541992, "13108_13118": 0.0004438893986623691, "13108_13119": 0.0003312607452704247, "13108_13120": 0.00025175816640552275, "13108_13121": 0.0008380896855341745, "13108_13122": 0.0013879825226830796, "13108_13123": 0.02048847709497577, "13109_13101": 0.001974314041811731, "13109_13102": 0.0017225558754062084, "13109_13103": 0.017490567350278426, "13109_13104": 0.0013449186257979244, "13109_13105": 0.00025175816640552275, "13109_13106": 0.0005035163328110455, "13109_13107": 0.0003445111750812417, "13109_13108": 0.0020968805175617883, "13109_13110": 0.007864130092719883, "13109_13111": 0.023864024089281396, "13109_13112": 0.001768932379744068, "13109_13113": 0.003259605733460979, "13109_13114": 0.00025507077385822705, "13109_13115": 0.0003875750719663969, "13109_13116": 0.000576393696770539, "13109_13117": 0.0003246355303650162, "13109_13118": 0.00019544383970955057, "13109_13119": 0.000294822063290678, "13109_13120": 0.00019213123225684633, "13109_13121": 0.0002318825216892973, "13109_13122": 0.0001556925502770996, "13109_13123": 0.0003643868197974672, "13110_13101": 0.0007552744992165684, "13110_13102": 0.0005532054446016093, "13110_13103": 0.0029316575956432585, "13110_13104": 0.000884466189872034, "13110_13105": 8.944040122301468e-05, "13110_13106": 6.956475650678919e-05, "13110_13107": 3.6438681979746715e-05, "13110_13108": 0.0003014472781960865, "13110_13109": 0.006674904017199058, "13110_13111": 0.0037465590290085035, "13110_13112": 0.018219340989873357, "13110_13113": 0.010020637544430347, "13110_13114": 0.00022194469933118456, "13110_13115": 0.0004505146135677776,