{"13101_13102": 0.007819889755047457, "13101_13103": 0.006274666492710134, "13101_13104": 0.006547832610326495, "13101_13105": 0.004753905867771291, "13101_13106": 0.0052676212531393716, "13101_13107": 0.0015370690498711635, "13101_13108": 0.0022994879154571253, "13101_13109": 0.0007583417593528817, "13101_13110": 0.0002650119051502006, "13101_13111": 0.0006564141035258815, "13101_13112": 0.0008276525653152419, "13101_13113": 0.0016104569620666036, "13101_13114": 0.0005300238103004012, "13101_13115": 0.0006360285723604815, "13101_13116": 0.0010274307707361624, "13101_13117": 0.0007461104406536416, "13101_13118": 0.0006441827848266415, "13101_13119": 0.0004933298542026811, "13101_13120": 0.00034655402981180076, "13101_13121": 0.0010478163019015624, "13101_13122": 0.0006034117224958414, "13101_13123": 0.0008969633712776021, "13102_13101": 0.008268371440686258, "13102_13103": 0.005304315209237092, "13102_13104": 0.0009621970710068822, "13102_13105": 0.0004036335170749209, "13102_13106": 0.0017001532991943638, "13102_13107": 0.0023035650216902052, "13102_13108": 0.007868815029844418, "13102_13109": 0.0005544864476988812, "13102_13110": 0.00021200952412016048, "13102_13111": 0.00042809615447340096, "13102_13112": 0.00037917087967644087, "13102_13113": 0.0006360285723604815, "13102_13114": 0.00013454450569164031, "13102_13115": 0.00016308424932320038, "13102_13116": 0.0003098600737140807, "13102_13117": 0.00014677582439088033, "13102_13118": 0.00024462637398480055, "13102_13119": 0.00010192765582700023, "13102_13120": 7.338791219544016e-05, "13102_13121": 0.0005422551289996412, "13102_13122": 0.00037509377344336085, "13102_13123": 0.0008439609902475618, "13103_13101": 0.006274666492710134, "13103_13102": 0.004986300923056851, "13103_13104": 0.0034288463420202877, "13103_13105": 0.0005707948726312013, "13103_13106": 0.0008276525653152419, "13103_13107": 0.0005748719788642813, "13103_13108": 0.0020793241788708045, "13103_13109": 0.007289865944747056, "13103_13110": 0.0015533774748034835, "13103_13111": 0.002230177109494765, "13103_13112": 0.0012272089761570827, "13103_13113": 0.007367330963175577, "13103_13114": 0.0002283179490524805, "13103_13115": 0.0002772432238494406, "13103_13116": 0.0003914021983756809, "13103_13117": 0.00042401904824032095, "13103_13118": 0.00024462637398480055, "13103_13119": 0.00021200952412016048, "13103_13120": 0.0001386216119247203, "13103_13121": 0.000464790110571121, "13103_13122": 0.0002650119051502006, "13103_13123": 0.0004036335170749209, "13104_13101": 0.005622329495417333, "13104_13102": 0.0009866597084053621, "13104_13103": 0.0029518249127499264, "13104_13105": 0.003942561727388369, "13104_13106": 0.0007461104406536416, "13104_13107": 0.000452558791871881, "13104_13108": 0.0008154212466160018, "13104_13109": 0.0005830261913304413, "13104_13110": 0.000440327473172641, "13104_13111": 0.00032616849864640075, "13104_13112": 0.0016675364493297237, "13104_13113": 0.010221305326331583, "13104_13114": 0.0089737108190091, "13104_13115": 0.0026011937767050457, "13104_13116": 0.006996314295965296, "13104_13117": 0.0007094164845559216, "13104_13118": 0.00033024560487948077, "13104_13119": 0.0011089728953977624, "13104_13120": 0.0017939267425552041, "13104_13121": 0.00029762875501484066, "13104_13122": 0.00020385531165400045, "13104_13123": 0.0004158648357741609, "13105_13101": 0.0038977135588244886, "13105_13102": 0.0005177924916011611, "13105_13103": 0.0005585635539319613, "13105_13104": 0.0032779934113963275, "13105_13106": 0.0037550148406666883, "13105_13107": 0.00031801428618024073, "13105_13108": 0.00047294432303728105, "13105_13109": 0.00010600476206008024, "13105_13110": 5.300238103004012e-05, "13105_13111": 9.785054959392023e-05, "13105_13112": 0.0001263902932254803, "13105_13113": 0.00028947454254868064, "13105_13114": 0.0001426987181578003, "13105_13115": 0.0001304673994585603, "13105_13116": 0.005887341400567533, "13105_13117": 0.0019570109918784044, "13105_13118": 0.0011130500016308426, "13105_13119": 0.0007542646531198017, "13105_13120": 0.00029762875501484066, "13105_13121": 0.0005830261913304413, "13105_13122": 0.00018754688672168043, "13105_13123": 0.00020793241788708046, "13106_13101": 0.00442773736912489, "13106_13102": 0.0016675364493297237, "13106_13103": 0.0007379562281874816, "13106_13104": 0.0006686454222251214, "13106_13105": 0.003620470334975048, "13106_13107": 0.005247235721973971, "13106_13108": 0.0008602694151798819, "13106_13109": 0.0003587853485110408, "13106_13110": 2.4462637398480056e-05, "13106_13111": 0.0002283179490524805, "13106_13112": 9.377344336084021e-05, "13106_13113": 0.0003587853485110408, "13106_13114": 9.377344336084021e-05, "13106_13115": 5.300238103004012e-05, "13106_13116": 0.0007338791219544017, "13106_13117": 0.0012272089761570827, "13106_13118": 0.006148276199484654, "13106_13119": 0.0001426987181578003, "13106_13120": 0.00012231318699240028, "13106_13121": 0.002160866303532405, "13106_13122": 0.0009581199647738022, "13106_13123": 0.00042809615447340096, "13107_13101": 0.001382139013014123, "13107_13102": 0.0016471509181643237, "13107_13103": 0.0006319514661274014, "13107_13104": 0.000460713004338041, "13107_13105": 0.0003873250921426009, "13107_13106": 0.004757982974004371, "13107_13108": 0.00848038096480642, "13107_13109": 0.00018754688672168043, "13107_13110": 5.300238103004012e-05, "13107_13111": 0.00024054926775172054, "13107_13112": 0.00010600476206008024, "13107_13113": 0.00024870348021788056, "13107_13114": 7.338791219544016e-05, "13107_13115": 5.300238103004012e-05, "13107_13116": 0.00017123846178936038, "13107_13117": 0.00016308424932320038, "13107_13118": 0.0009377344336084021, "13107_13119": 9.377344336084021e-05, "13107_13120": 1.6308424932320038e-05, "13107_13121": 0.001329136631984083, "13107_13122": 0.0037387064157343684, "13107_13123": 0.0030252128249453666, "13108_13101": 0.002156789197299325, "13108_13102": 0.007216478032551616, "13108_13103": 0.0019284712482468443, "13108_13104": 0.0007257249094882416, "13108_13105": 0.0004036335170749209, "13108_13106": 0.0008602694151798819, "13108_13107": 0.008080824553964578, "13108_13109": 0.000905117583743762, "13108_13110": 0.00011415897452624025, "13108_13111": 0.000901040477510682, "13108_13112": 0.00024054926775172054, "13108_13113": 0.0005422551289996412, "13108_13114": 0.00011008186829316025, "13108_13115": 0.00012231318699240028, "13108_13116": 0.00024054926775172054, "13108_13117": 0.0001386216119247203, "13108_13118": 0.00024054926775172054, "13108_13119": 0.0001304673994585603, "13108_13120": 0.00011008186829316025, "13108_13121": 0.0004810985355034411, "13108_13122": 0.0008358067777814019, "13108_13123": 0.010090837926873023, "13109_13101": 0.0007053393783228416, "13109_13102": 0.0006971851658566816, "13109_13103": 0.006906617958837536, "13109_13104": 0.0006523369972928015, "13109_13105": 0.0001386216119247203, "13109_13106": 0.0003017058612479207, "13109_13107": 0.00012231318699240028, "13109_13108": 0.0008602694151798819, "13109_13110": 0.00452558791871881, "13109_13111": 0.011419974558857106, "13109_13112": 0.000892886265044522, "13109_13113": 0.0015207606249388434, "13109_13114": 0.00017123846178936038, "13109_13115": 0.00015900714309012036, "13109_13116": 0.0002731661176163606, "13109_13117": 0.00017123846178936038, "13109_13118": 4.892527479696011e-05, "13109_13119": 0.00013454450569164031, "13109_13120": 0.00010192765582700023, "13109_13121": 0.00016308424932320038, "13109_13122": 9.377344336084021e-05, "13109_13123": 0.00019162399295476044, "13110_13101": 0.0002731661176163606, "13110_13102": 0.00024462637398480055, "13110_13103": 0.0013169053132848429, "13110_13104": 0.000444404579405721, "13110_13105": 4.892527479696011e-05, "13110_13106": 6.115659349620014e-05, "13110_13107": 2.4462637398480056e-05, "13110_13108": 0.00011008186829316025, "13110_13109": 0.00425649890733553, "13110_13111": 0.002711275644998206, "13110_13112": 0.010176457157767703, "13110_13113": 0.0050229948791545714,