{"13101_13102": 0.027354025443292428, "13101_13103": 0.021993555123582045, "13101_13104": 0.01655021534221536, "13101_13105": 0.014734190282490156, "13101_13106": 0.014717616390158896, "13101_13107": 0.0036557271084950668, "13101_13108": 0.004723559314409105, "13101_13109": 0.001129392377430147, "13101_13110": 0.000393038018141309, "13101_13111": 0.0006345433063968121, "13101_13112": 0.0010749353026274354, "13101_13113": 0.0038333045263299957, "13101_13114": 0.0007813406384736866, "13101_13115": 0.0007268835636709751, "13101_13116": 0.0012998666985516785, "13101_13117": 0.0014845472131000046, "13101_13118": 0.001948616198375285, "13101_13119": 0.0005279968556958549, "13101_13120": 0.0003669933301921861, "13101_13121": 0.0018775852312413134, "13101_13122": 0.0006156017151610864, "13101_13123": 0.0011057153883854897, "13102_13101": 0.03060250834021939, "13102_13103": 0.014308004479686328, "13102_13104": 0.000928137970550561, "13102_13105": 0.0006724264888682636, "13102_13106": 0.003975366460597938, "13102_13107": 0.005261026965722823, "13102_13108": 0.01502541724773944, "13102_13109": 0.0008357977132763981, "13102_13110": 0.00017757741783492876, "13102_13111": 0.000710309671339715, "13102_13112": 0.000376464125810049, "13102_13113": 0.0013732653645901157, "13102_13114": 0.00017047432112153162, "13102_13115": 0.00019415131016618879, "13102_13116": 0.00021782829921084595, "13102_13117": 0.00016100352550366874, "13102_13118": 0.0006558525965370036, "13102_13119": 9.707565508309439e-05, "13102_13120": 0.00013022343974561444, "13102_13121": 0.0006984711768173865, "13102_13122": 0.0003811995236189804, "13102_13123": 0.001086773797149764, "13103_13101": 0.02042613844882574, "13103_13102": 0.014094911578284413, "13103_13104": 0.0051497451172129345, "13103_13105": 0.001037052120155984, "13103_13106": 0.0011814817533283928, "13103_13107": 0.001179114054423927, "13103_13108": 0.003002242210862529, "13103_13109": 0.01767724002074104, "13103_13110": 0.0018349666509609305, "13103_13111": 0.003866452310992516, "13103_13112": 0.0014395609339151558, "13103_13113": 0.018302312531519992, "13103_13114": 0.00024624068606443454, "13103_13115": 0.00029833006196268035, "13103_13116": 0.0005232614578869235, "13103_13117": 0.000594292425020895, "13103_13118": 0.000284123868535886, "13103_13119": 0.0003078008575805432, "13103_13120": 0.00029833006196268035, "13103_13121": 0.0005043198666511977, "13103_13122": 0.00031016855648500894, "13103_13123": 0.0005422030491226492, "13104_13101": 0.013512457647785846, "13104_13102": 0.0011672755599015983, "13104_13103": 0.00424528413570703, "13104_13105": 0.008206444402878176, "13104_13106": 0.0007505605527156322, "13104_13107": 0.0004167150071859662, "13104_13108": 0.000594292425020895, "13104_13109": 0.000644014102014675, "13104_13110": 0.0005800862315941006, "13104_13111": 0.0003267424488162689, "13104_13112": 0.0017047432112153162, "13104_13113": 0.023539662508198157, "13104_13114": 0.013955217342920935, "13104_13115": 0.002786781610556149, "13104_13116": 0.011173171130173718, "13104_13117": 0.0009494472606907525, "13104_13118": 0.00020598980468851738, "13104_13119": 0.0012785574084114872, "13104_13120": 0.0018373343498653963, "13104_13121": 0.00031727165319840605, "13104_13122": 0.00012548804193668298, "13104_13123": 0.0002959623630582146, "13105_13101": 0.011253672892925552, "13105_13102": 0.0007647667461424265, "13105_13103": 0.0010346844212515184, "13105_13104": 0.005895570272119635, "13105_13106": 0.0069941825637917275, "13105_13107": 0.00030543315867607746, "13105_13108": 0.00027465307291802316, "13105_13109": 0.00017757741783492876, "13105_13110": 7.813406384736866e-05, "13105_13111": 0.00014916503098134017, "13105_13112": 0.00010654645070095726, "13105_13113": 0.0003551548356698575, "13105_13114": 0.0002391375893510374, "13105_13115": 0.00028885926634481744, "13105_13116": 0.010017734064794448, "13105_13117": 0.0034331634114752895, "13105_13118": 0.0017165817057376448, "13105_13119": 0.0008997255836969725, "13105_13120": 0.00027465307291802316, "13105_13121": 0.0008665777990344524, "13105_13122": 0.00018941591235725736, "13105_13123": 9.94433539875601e-05, "13106_13101": 0.01048653844787866, "13106_13102": 0.003186922725410855, "13106_13103": 0.0011578047642837356, "13106_13104": 0.0007245158647665094, "13106_13105": 0.0056445941882462694, "13106_13107": 0.008218282897400503, "13106_13108": 0.0007813406384736866, "13106_13109": 0.0001539004287902716, "13106_13110": 3.551548356698575e-05, "13106_13111": 0.00012548804193668298, "13106_13112": 5.919247261164292e-05, "13106_13113": 0.0008168561220406723, "13106_13114": 0.00012785574084114872, "13106_13115": 8.997255836969724e-05, "13106_13116": 0.0006250725107789493, "13106_13117": 0.0025736887091542342, "13106_13118": 0.011781669748621408, "13106_13119": 7.576636494290294e-05, "13106_13120": 9.707565508309439e-05, "13106_13121": 0.0028814895667347773, "13106_13122": 0.0009896981420666696, "13106_13123": 0.00034568404005199467, "13107_13101": 0.0026636612675239317, "13107_13102": 0.0031395687473215407, "13107_13103": 0.0010678322059140383, "13107_13104": 0.0003906703192368433, "13107_13105": 0.0002793884707269546, "13107_13106": 0.006236518914362698, "13107_13108": 0.012828192664395255, "13107_13109": 0.00022256369701977738, "13107_13110": 4.0250881375917185e-05, "13107_13111": 0.00010654645070095726, "13107_13112": 0.00010417875179649155, "13107_13113": 0.00020598980468851738, "13107_13114": 7.339866603843723e-05, "13107_13115": 7.10309671339715e-05, "13107_13116": 8.050176275183437e-05, "13107_13117": 9.470795617862868e-05, "13107_13118": 0.0009305056694550268, "13107_13119": 4.2618580280382906e-05, "13107_13120": 3.788318247145147e-05, "13107_13121": 0.0016289768462724133, "13107_13122": 0.004972167699378006, "13107_13123": 0.003802524440571941, "13108_13101": 0.00503609556979858, "13108_13102": 0.012077632111679622, "13108_13103": 0.003236644402404635, "13108_13104": 0.0006108663173521549, "13108_13105": 0.00034568404005199467, "13108_13106": 0.0009210348738371639, "13108_13107": 0.011668020201207052, "13108_13109": 0.0012288357314177072, "13108_13110": 9.707565508309439e-05, "13108_13111": 0.0009020932826014381, "13108_13112": 0.0002912269652492832, "13108_13113": 0.0005114229633645949, "13108_13114": 0.00011128184850988869, "13108_13115": 8.28694616563001e-05, "13108_13116": 0.00021309290140191452, "13108_13117": 0.0001539004287902716, "13108_13118": 0.00029833006196268035, "13108_13119": 8.050176275183437e-05, "13108_13120": 0.00013495883755454586, "13108_13121": 0.0005232614578869235, "13108_13122": 0.0007339866603843722, "13108_13123": 0.013138361220880263, "13109_13101": 0.0010630968081051068, "13109_13102": 0.000845268508894261, "13109_13103": 0.015368733588886968, "13109_13104": 0.0005848216294030321, "13109_13105": 0.00019415131016618879, "13109_13106": 0.00017994511673939448, "13109_13107": 0.00014679733207687446, "13109_13108": 0.0011057153883854897, "13109_13110": 0.006939725488989016, "13109_13111": 0.016393947214520622, "13109_13112": 0.000894990185888041, "13109_13113": 0.002668396665332863, "13109_13114": 7.576636494290294e-05, "13109_13115": 0.00011601724631882013, "13109_13116": 0.0002083575035929831, "13109_13117": 0.00013022343974561444, "13109_13118": 4.972167699378005e-05, "13109_13119": 0.00013259113865008015, "13109_13120": 9.94433539875601e-05, "13109_13121": 0.0001515327298858059, "13109_13122": 8.050176275183437e-05, "13109_13123": 0.00016100352550366874, "13110_13101": 0.00038593492142791183, "13110_13102": 0.00020125440687958593, "13110_13103": 0.001614770652845619, "13110_13104": 0.0005137906622690605, "13110_13105": 7.339866603843723e-05, "13110_13106": 3.078008575805432e-05, "13110_13107": 2.8412386853588604e-05, "13110_13108": 9.707565508309439e-05, "13110_13109": 0.005838745498412458, "13110_13111": 0.0025736887091542342, "13110_13112": 0.01223390023937436, "13110_13113": 0.008568702335261429, "13110_13114": 8.523716056076581e-05,