{"13101_13102": 0.02999199459560804, "13101_13103": 0.026908872309335967, "13101_13104": 0.025233391761873444, "13101_13105": 0.016835157117221142, "13101_13106": 0.016058424572127503, "13101_13107": 0.004169357454698042, "13101_13108": 0.006475747195876473, "13101_13109": 0.0025444686822033015, "13101_13110": 0.0009612437243879139, "13101_13111": 0.0019671272502179912, "13101_13112": 0.00314859399505391, "13101_13113": 0.005026441642387575, "13101_13114": 0.00179452001797496, "13101_13115": 0.0021754463236147528, "13101_13116": 0.0032825133993803998, "13101_13117": 0.0026902920335810346, "13101_13118": 0.0019998631046089107, "13101_13119": 0.001892727581147719, "13101_13120": 0.0013153861491624085, "13101_13121": 0.0031366900480026666, "13101_13122": 0.0017409522562443643, "13101_13123": 0.0027438597953116303, "13102_13101": 0.033747689890275365, "13102_13103": 0.017983888007666142, "13102_13104": 0.0024670930263702186, "13102_13105": 0.0013659779241301934, "13102_13106": 0.005514503471488559, "13102_13107": 0.00724355178068168, "13102_13108": 0.021355681009930867, "13102_13109": 0.0019076075149617735, "13102_13110": 0.0006249572201902846, "13102_13111": 0.0014225216726236002, "13102_13112": 0.0009166039229457507, "13102_13113": 0.001770712123872473, "13102_13114": 0.000467229921761308, "13102_13115": 0.0004821098555753624, "13102_13116": 0.0008422042538754787, "13102_13117": 0.0005743654452224997, "13102_13118": 0.0008660121479779658, "13102_13119": 0.00045830196147287537, "13102_13120": 0.0003779503188769816, "13102_13121": 0.0016397687063087944, "13102_13122": 0.0011636108242590536, "13102_13123": 0.002243894019159403, "13103_13101": 0.025676813789532266, "13103_13102": 0.017951152153275224, "13103_13104": 0.009829684277564333, "13103_13105": 0.001675480547462525, "13103_13106": 0.0023510295426205944, "13103_13107": 0.0015415611431360352, "13103_13108": 0.005094889337932225, "13103_13109": 0.023912053639185412, "13103_13110": 0.003946158447487225, "13103_13111": 0.006160292599018519, "13103_13112": 0.0033866729360787803, "13103_13113": 0.022659163212042033, "13103_13114": 0.0007886364921448829, "13103_13115": 0.000886844055317642, "13103_13116": 0.0013213381226880303, "13103_13117": 0.0013243141094508412, "13103_13118": 0.0009493397773366704, "13103_13119": 0.0007588766245167741, "13103_13120": 0.00044937400118444273, "13103_13121": 0.0014195456858607893, "13103_13122": 0.0008749401082663984, "13103_13123": 0.0012737223344830562, "13104_13101": 0.018361838326543124, "13104_13102": 0.0030087226172017985, "13104_13103": 0.008502394181350681, "13104_13105": 0.010758192147561327, "13104_13106": 0.0015862009445781985, "13104_13107": 0.0010445713537466186, "13104_13108": 0.0021992542177172395, "13104_13109": 0.001550489103424468, "13104_13110": 0.0010148114861185098, "13104_13111": 0.0006249572201902846, "13104_13112": 0.0036098719432895963, "13104_13113": 0.024706642104855916, "13104_13114": 0.020939042863137344, "13104_13115": 0.0055502153126422895, "13104_13116": 0.015379899590206622, "13104_13117": 0.0019254634355386387, "13104_13118": 0.0005713894584596888, "13104_13119": 0.0021962782309544286, "13104_13120": 0.004577067641203132, "13104_13121": 0.00081244438624737, "13104_13122": 0.0003779503188769816, "13104_13123": 0.0009314838567598051, "13105_13101": 0.012835430908003322, "13105_13102": 0.0015415611431360352, "13105_13103": 0.0015296571960847919, "13105_13104": 0.007898268868500072, "13105_13106": 0.009011287917791341, "13105_13107": 0.0005773414319853106, "13105_13108": 0.000910651949420129, "13105_13109": 0.00027974275570422265, "13105_13110": 0.00011308749698681341, "13105_13111": 0.00020831907339676154, "13105_13112": 0.0002856947292298444, "13105_13113": 0.0005207976834919038, "13105_13114": 0.0004255661070819557, "13105_13115": 0.00021427104692238328, "13105_13116": 0.01550489103424468, "13105_13117": 0.004815146582228002, "13105_13118": 0.0025057808542867602, "13105_13119": 0.0020028390913717216, "13105_13120": 0.0010415953669838077, "13105_13121": 0.0013600259506045718, "13105_13122": 0.0004374700541331992, "13105_13123": 0.0003571184115373055, "13106_13101": 0.011124238519387066, "13106_13102": 0.004514571919184103, "13106_13103": 0.0023926933572999466, "13106_13104": 0.0014106177255723566, "13106_13105": 0.007365567237956926, "13106_13107": 0.011151022400252364, "13106_13108": 0.0016129848254434964, "13106_13109": 0.0006725730083952586, "13106_13110": 9.820756317275901e-05, "13106_13111": 0.0005207976834919038, "13106_13112": 0.0001696312454802201, "13106_13113": 0.0006636450481068261, "13106_13114": 0.00017855920576865275, "13106_13115": 8.927960288432638e-05, "13106_13116": 0.001104091089002836, "13106_13117": 0.002678388086529791, "13106_13118": 0.013752034830949071, "13106_13119": 0.0003749743321141708, "13106_13120": 0.00021724703368519418, "13106_13121": 0.004353868633992316, "13106_13122": 0.0021992542177172395, "13106_13123": 0.0008838680685548311, "13107_13101": 0.003946158447487225, "13107_13102": 0.0048895462512982745, "13107_13103": 0.001672504560699714, "13107_13104": 0.000934459843522616, "13107_13105": 0.0006815009686836913, "13107_13106": 0.0084250185255176, "13107_13108": 0.01492754960225937, "13107_13109": 0.0004880618291009842, "13107_13110": 9.523157640994813e-05, "13107_13111": 0.000369022358588549, "13107_13112": 0.00022319900721081592, "13107_13113": 0.0004910378158637951, "13107_13114": 0.00010713552346119164, "13107_13115": 0.00013391940432648956, "13107_13116": 0.00027676676894141175, "13107_13117": 0.0003362865041976293, "13107_13118": 0.001374905884418626, "13107_13119": 0.0001666552587174092, "13107_13120": 5.356776173059582e-05, "13107_13121": 0.002288533820601566, "13107_13122": 0.009326742514649294, "13107_13123": 0.0059966133270639215, "13108_13101": 0.006553122851709556, "13108_13102": 0.01634709528812016, "13108_13103": 0.005306184398091798, "13108_13104": 0.001868919687045232, "13108_13105": 0.0009671956979135357, "13108_13106": 0.0017379762694815534, "13108_13107": 0.01459423908482455, "13108_13109": 0.0023540055293834053, "13108_13110": 0.0002440309145504921, "13108_13111": 0.0019373673825898823, "13108_13112": 0.0006368611672415281, "13108_13113": 0.0011517068772078103, "13108_13114": 0.00032140657038357494, "13108_13115": 0.00032140657038357494, "13108_13116": 0.0006844769554465021, "13108_13117": 0.00040175821297946864, "13108_13118": 0.0004136621600307122, "13108_13119": 0.0003511664380116837, "13108_13120": 0.00022319900721081592, "13108_13121": 0.0010267154331697532, "13108_13122": 0.0014850173946426286, "13108_13123": 0.022194909277043536, "13109_13101": 0.0024284051984536773, "13109_13102": 0.0019314154090642605, "13109_13103": 0.019787335985929536, "13109_13104": 0.0016903604812765793, "13109_13105": 0.00027974275570422265, "13109_13106": 0.0006547170878183934, "13109_13107": 0.00040175821297946864, "13109_13108": 0.0023837653970115143, "13109_13110": 0.00846668234019695, "13109_13111": 0.0256589578689554, "13109_13112": 0.0020772387604419936, "13109_13113": 0.003809263056397925, "13109_13114": 0.00039283025269103606, "13109_13115": 0.00038687827916541426, "13109_13116": 0.0007172128098374218, "13109_13117": 0.00036009439830011634, "13109_13118": 0.00021427104692238328, "13109_13119": 0.0003303345306720076, "13109_13120": 0.0001874871660570854, "13109_13121": 0.00024998288807611383, "13109_13122": 0.00022022302044800505, "13109_13123": 0.0004196141335563339, "13110_13101": 0.000886844055317642, "13110_13102": 0.0007172128098374218, "13110_13103": 0.003475952538963107, "13110_13104": 0.0011636108242590536, "13110_13105": 0.00012499144403805692, "13110_13106": 9.523157640994813e-05, "13110_13107": 4.463980144216319e-05, "13110_13108": 0.0002440309145504921, "13110_13109": 0.007404255065873467, "13110_13111": 0.004258637057582368, "13110_13112": 0.019709960330096452, "13110_13113": 0.01079985596224068, "13110_13114": 0.0002440309145504921, "13110_13115": 0.0005088937364406604,