{"13101_13102": 0.010915960302856626, "13101_13103": 0.00820488069741486, "13101_13104": 0.008087991312479262, "13101_13105": 0.006198908026907183, "13101_13106": 0.006885161835238756, "13101_13107": 0.0019343307894181172, "13101_13108": 0.0029146933727489366, "13101_13109": 0.0010821694669844047, "13101_13110": 0.0003582094054477995, "13101_13111": 0.000965280082048807, "13101_13112": 0.0010520044644203794, "13101_13113": 0.0021454858073662935, "13101_13114": 0.0006598594310880516, "13101_13115": 0.0007767488160236493, "13101_13116": 0.0012857832342915748, "13101_13117": 0.0011575819733944677, "13101_13118": 0.0007842900666646557, "13101_13119": 0.0007616663147416368, "13101_13120": 0.0005278875448704413, "13101_13121": 0.0011575819733944677, "13101_13122": 0.0006862538083315737, "13101_13123": 0.001236765105125034, "13102_13101": 0.012009441645802539, "13102_13103": 0.007069922475943411, "13102_13104": 0.0011198757201894363, "13102_13105": 0.0006485475551265421, "13102_13106": 0.0021831920605713253, "13102_13107": 0.0025376308406986213, "13102_13108": 0.009238032035232723, "13102_13109": 0.0008069138185876746, "13102_13110": 0.00032050315224276796, "13102_13111": 0.0007051069349340895, "13102_13112": 0.00045247503846037825, "13102_13113": 0.0009313444541642786, "13102_13114": 0.00019984314198666706, "13102_13115": 0.00019230189134566077, "13102_13116": 0.0003732919067298121, "13102_13117": 0.00022246689390968599, "13102_13118": 0.00032804440288377424, "13102_13119": 0.00021492564326867968, "13102_13120": 0.00016213688878163554, "13102_13121": 0.0007578956894211336, "13102_13122": 0.00042231003589635307, "13102_13123": 0.0010708575910228953, "13103_13101": 0.007824047540044041, "13103_13102": 0.006364815541009321, "13103_13104": 0.003879973454797744, "13103_13105": 0.0007880606919851588, "13103_13106": 0.001085940092304908, "13103_13107": 0.0006749419323700643, "13103_13108": 0.002801574613133842, "13103_13109": 0.009249343911194233, "13103_13110": 0.0020436789237127085, "13103_13111": 0.003095683388133088, "13103_13112": 0.0016439926397393745, "13103_13113": 0.009271967663117251, "13103_13114": 0.00035066815480679314, "13103_13115": 0.00036952128140930893, "13103_13116": 0.0004637869144218877, "13103_13117": 0.00041476878525534673, "13103_13118": 0.00030542065096075534, "13103_13119": 0.0002601731471147175, "13103_13120": 0.00018476064070465446, "13103_13121": 0.0004977225423064161, "13103_13122": 0.00036575065608880576, "13103_13123": 0.0006108413019215107, "13104_13101": 0.0071227112304304546, "13104_13102": 0.001165123224035474, "13104_13103": 0.0035783234291574917, "13104_13105": 0.004735905402551959, "13104_13106": 0.0008936382009592471, "13104_13107": 0.000520346294229435, "13104_13108": 0.0011198757201894363, "13104_13109": 0.000742813188139121, "13104_13110": 0.0006560888057675485, "13104_13111": 0.0004185394105758499, "13104_13112": 0.0021605683086483064, "13104_13113": 0.012906850472082291, "13104_13114": 0.010761364664715996, "13104_13115": 0.0032238846490301953, "13104_13116": 0.008555548852221652, "13104_13117": 0.0008747850743567313, "13104_13118": 0.0003091912762812585, "13104_13119": 0.0012179119785225181, "13104_13120": 0.0023490995746734637, "13104_13121": 0.0003582094054477995, "13104_13122": 0.00024132002051220175, "13104_13123": 0.0004826400410244035, "13105_13101": 0.0053354348285119604, "13105_13102": 0.0006749419323700643, "13105_13103": 0.0007277306868571084, "13105_13104": 0.004004404090374347, "13105_13106": 0.004596392265693343, "13105_13107": 0.0004675575397423909, "13105_13108": 0.0004939519169859129, "13105_13109": 0.00019607251666616392, "13105_13110": 4.1476878525534676e-05, "13105_13111": 0.00012066001025610087, "13105_13112": 0.00016213688878163554, "13105_13113": 0.0003393562788452837, "13105_13114": 0.00022623751923018913, "13105_13115": 0.00010180688365358511, "13105_13116": 0.006779584326264668, "13105_13117": 0.0022699164429428975, "13105_13118": 0.0012216826038430214, "13105_13119": 0.0010520044644203794, "13105_13120": 0.0003770625320503152, "13105_13121": 0.0007239600615366052, "13105_13122": 0.00024132002051220175, "13105_13123": 0.00015082501282012608, "13106_13101": 0.005625772978190703, "13106_13102": 0.0021907333112123313, "13106_13103": 0.0010595457150613858, "13106_13104": 0.0009087207022412597, "13106_13105": 0.004287200989412084, "13106_13107": 0.006330879913124793, "13106_13108": 0.0010293807124973605, "13106_13109": 0.000395915658652831, "13106_13110": 7.91831317305662e-05, "13106_13111": 0.00024886127115320803, "13106_13112": 0.00011311875961509456, "13106_13113": 0.0004411631624988688, "13106_13114": 0.00012443063557660401, "13106_13115": 0.00014328376217911978, "13106_13116": 0.0007390425628186179, "13106_13117": 0.001361195740701638, "13106_13118": 0.00700959247081536, "13106_13119": 0.00024132002051220175, "13106_13120": 9.049500769207565e-05, "13106_13121": 0.002926005248710446, "13106_13122": 0.0011802057253174866, "13106_13123": 0.0004977225423064161, "13107_13101": 0.0017269463967904436, "13107_13102": 0.002281228318904407, "13107_13103": 0.0006372356791650327, "13107_13104": 0.0005052637929474224, "13107_13105": 0.00044493378781937197, "13107_13106": 0.005290187324665923, "13107_13108": 0.010052487104461404, "13107_13109": 0.00017344876474314501, "13107_13110": 4.1476878525534676e-05, "13107_13111": 0.00017344876474314501, "13107_13112": 0.0001583662634611324, "13107_13113": 0.00032427377756327107, "13107_13114": 7.541250641006304e-05, "13107_13115": 0.00011311875961509456, "13107_13116": 0.00015082501282012608, "13107_13117": 0.0001885312660251576, "13107_13118": 0.0011085638442279268, "13107_13119": 8.672438237157251e-05, "13107_13120": 4.901812916654098e-05, "13107_13121": 0.0017721939006364817, "13107_13122": 0.004573768513770324, "13107_13123": 0.0035594703025549758, "13108_13101": 0.0029373171246719555, "13108_13102": 0.008630961358631716, "13108_13103": 0.002827968990377364, "13108_13104": 0.001063316340381889, "13108_13105": 0.0004939519169859129, "13108_13106": 0.0010783988416639015, "13108_13107": 0.009471810805103918, "13108_13109": 0.0010783988416639015, "13108_13110": 0.0001659075141021387, "13108_13111": 0.001085940092304908, "13108_13112": 0.00034312690416578686, "13108_13113": 0.0007201894362161021, "13108_13114": 0.0001659075141021387, "13108_13115": 0.00019984314198666706, "13108_13116": 0.00047509879038339716, "13108_13117": 0.00014705438749962294, "13108_13118": 0.00021492564326867968, "13108_13119": 0.00016213688878163554, "13108_13120": 0.00014328376217911978, "13108_13121": 0.0004675575397423909, "13108_13122": 0.0008370788211516998, "13108_13123": 0.01234502729932732, "13109_13101": 0.0009313444541642786, "13109_13102": 0.0008446200717927061, "13109_13103": 0.008408494464722029, "13109_13104": 0.0008257669451901904, "13109_13105": 0.00013197188621761032, "13109_13106": 0.00030542065096075534, "13109_13107": 0.00022246689390968599, "13109_13108": 0.001089710717625411, "13109_13110": 0.005037555428192212, "13109_13111": 0.012699466079454616, "13109_13112": 0.0010783988416639015, "13109_13113": 0.002107779554161262, "13109_13114": 0.0001659075141021387, "13109_13115": 0.00019607251666616392, "13109_13116": 0.00034312690416578686, "13109_13117": 0.00012820126089710718, "13109_13118": 8.295375705106935e-05, "13109_13119": 0.00017721939006364815, "13109_13120": 0.00010557750897408827, "13109_13121": 0.00012066001025610087, "13109_13122": 8.295375705106935e-05, "13109_13123": 0.00019984314198666706, "13110_13101": 0.0002941087749992459, "13110_13102": 0.00032804440288377424, "13110_13103": 0.0016213688878163554, "13110_13104": 0.0006937950589725801, "13110_13105": 7.164188108955989e-05, "13110_13106": 8.295375705106935e-05, "13110_13107": 4.901812916654098e-05, "13110_13108": 0.00017721939006364815, "13110_13109": 0.004788694157039003, "13110_13111": 0.0027563271092878043, "13110_13112": 0.010964978432023167, "13110_13113": 0.006391209918252843,