{"13101_13102": 0.030515785201577186, "13101_13103": 0.02798588707885639, "13101_13104": 0.025399703166520026, "13101_13105": 0.017777422288580206, "13101_13106": 0.01671095469586418, "13101_13107": 0.0043221561604796736, "13101_13108": 0.006840204643281402, "13101_13109": 0.0023847400337122255, "13101_13110": 0.0009094598637883892, "13101_13111": 0.0019374161267674478, "13101_13112": 0.0029090866001309384, "13101_13113": 0.0050834955252797255, "13101_13114": 0.0015700772892763722, "13101_13115": 0.002292905324339457, "13101_13116": 0.00324383892784458, "13101_13117": 0.0027254171813854006, "13101_13118": 0.002014438786241383, "13101_13119": 0.0018574310573137459, "13101_13120": 0.0013982575104499013, "13101_13121": 0.003383072196893617, "13101_13122": 0.001765596347940977, "13101_13123": 0.002654319341870999, "13102_13101": 0.03441135432497045, "13102_13103": 0.0187846416817009, "13102_13104": 0.002461762693186161, "13102_13105": 0.0012886483411985318, "13102_13106": 0.005433059902892201, "13102_13107": 0.007699303537413757, "13102_13108": 0.021521908503005366, "13102_13109": 0.0018959423870507136, "13102_13110": 0.0006635798354677497, "13102_13111": 0.001537490779498938, "13102_13112": 0.0010783172326350933, "13102_13113": 0.0017922580377588775, "13102_13114": 0.0005065721065401125, "13102_13115": 0.0004473239069447777, "13102_13116": 0.0008146627444358534, "13102_13117": 0.0006428429656093825, "13102_13118": 0.0007228280350630845, "13102_13119": 0.00048583523668174533, "13102_13120": 0.0004265870370864105, "13102_13121": 0.0016974609184063419, "13102_13122": 0.0011968136318257628, "13102_13123": 0.0023491911139550247, "13103_13101": 0.02617881699119868, "13103_13102": 0.018420265254189588, "13103_13104": 0.010116630080903417, "13103_13105": 0.0015848893391752058, "13103_13106": 0.002195145795007154, "13103_13107": 0.0016589495886693744, "13103_13108": 0.005201991924470395, "13103_13109": 0.024377671723500503, "13103_13110": 0.004064426492239967, "13103_13111": 0.006443241705992659, "13103_13112": 0.0036378394551535567, "13103_13113": 0.02308013615236267, "13103_13114": 0.00080873792447632, "13103_13115": 0.0009094598637883892, "13103_13116": 0.0012679114713401646, "13103_13117": 0.0013478965407938666, "13103_13118": 0.0009213095037074561, "13103_13119": 0.0008353996142942207, "13103_13120": 0.000500647286580579, "13103_13121": 0.0014101071503689682, "13103_13122": 0.0009124222737681559, "13103_13123": 0.0012353249615627306, "13104_13101": 0.019146055699232438, "13104_13102": 0.00295352274982744, "13104_13103": 0.008866493069441853, "13104_13105": 0.011132736703963409, "13104_13106": 0.0014960170397822037, "13104_13107": 0.0010516555428171925, "13104_13108": 0.0022010706149666877, "13104_13109": 0.0016796864585277415, "13104_13110": 0.0010486931328374258, "13104_13111": 0.0007317152650023847, "13104_13112": 0.0037504110343846925, "13104_13113": 0.02549450028587256, "13104_13114": 0.02079019323800298, "13104_13115": 0.0055782179919007715, "13104_13116": 0.015605975773411185, "13104_13117": 0.001821882137556545, "13104_13118": 0.0006428429656093825, "13104_13119": 0.0022988301442989903, "13104_13120": 0.004751705607545851, "13104_13121": 0.0008709485340514215, "13104_13122": 0.00042066221712687706, "13104_13123": 0.0008176251544156201, "13105_13101": 0.013644860366805603, "13105_13102": 0.001638212718811007, "13105_13103": 0.0016026637990538062, "13105_13104": 0.008416206752517308, "13105_13106": 0.009387877225880798, "13105_13107": 0.000660617425487983, "13105_13108": 0.000980557703302791, "13105_13109": 0.0002073686985836718, "13105_13110": 8.88722993930022e-05, "13105_13111": 0.00018070700876577113, "13105_13112": 0.0002755041281183068, "13105_13113": 0.0006013692258926482, "13105_13114": 0.0004088125772078101, "13105_13115": 0.00019551905866460484, "13105_13116": 0.01567707361292559, "13105_13117": 0.0049620367161092895, "13105_13118": 0.0024469506432873273, "13105_13119": 0.0020677621658771843, "13105_13120": 0.0009864825232623244, "13105_13121": 0.0014515808900857025, "13105_13122": 0.0005036096965603458, "13105_13123": 0.0003703012474708425, "13106_13101": 0.01138454155224358, "13106_13102": 0.0046095099285170475, "13106_13103": 0.002470649923125461, "13106_13104": 0.0014189943803082684, "13106_13105": 0.007524521348607519, "13106_13107": 0.011292706842870813, "13106_13108": 0.0016648744086289078, "13106_13109": 0.0006309933256903156, "13106_13110": 0.00012442121915020308, "13106_13111": 0.0005361962063377799, "13106_13112": 0.0001333084490895033, "13106_13113": 0.0006961663452451839, "13106_13114": 0.00017478218880623766, "13106_13115": 9.479711935253567e-05, "13106_13116": 0.001173114351987629, "13106_13117": 0.0026691313917698327, "13106_13118": 0.014018124024256213, "13106_13119": 0.0004176998071471103, "13106_13120": 0.00023995520836110593, "13106_13121": 0.004408066049892909, "13106_13122": 0.002061837345917651, "13106_13123": 0.0008620613041121212, "13107_13101": 0.003777072724202593, "13107_13102": 0.0052701273540050305, "13107_13103": 0.001765596347940977, "13107_13104": 0.0009953697532016246, "13107_13105": 0.0006932039352654171, "13107_13106": 0.008582101711384245, "13107_13108": 0.015297885135515445, "13107_13109": 0.0005598954861759138, "13107_13110": 5.0360969656034576e-05, "13107_13111": 0.00037326365745060923, "13107_13112": 0.00021921833850273875, "13107_13113": 0.0005243465664187129, "13107_13114": 0.00018366941874553786, "13107_13115": 0.00012145880917043633, "13107_13116": 0.0002873537680373738, "13107_13117": 0.0003999253472685099, "13107_13118": 0.0014723177599440696, "13107_13119": 0.00011553398921090285, "13107_13120": 6.221060957510154e-05, "13107_13121": 0.002369927983813392, "13107_13122": 0.009299004926487796, "13107_13123": 0.006155887937955285, "13108_13101": 0.006715783424131199, "13108_13102": 0.016832413505034616, "13108_13103": 0.005516007382325669, "13108_13104": 0.002230694714764355, "13108_13105": 0.0011079413324327607, "13108_13106": 0.0018366941874553787, "13108_13107": 0.014856486048530201, "13108_13109": 0.002355115933914558, "13108_13110": 0.0002606920782194731, "13108_13111": 0.0021921833850273875, "13108_13112": 0.0006724670654070499, "13108_13113": 0.001205700861765063, "13108_13114": 0.00038215088738990943, "13108_13115": 0.00027846653809807353, "13108_13116": 0.0007317152650023847, "13108_13117": 0.0004176998071471103, "13108_13118": 0.00048583523668174533, "13108_13119": 0.00037326365745060923, "13108_13120": 0.00024291761834087266, "13108_13121": 0.0010842420525946268, "13108_13122": 0.0014634305300047694, "13108_13123": 0.02243433077677352, "13109_13101": 0.002378815213752692, "13109_13102": 0.0019285288968281477, "13109_13103": 0.02038138066079517, "13109_13104": 0.001661911998649141, "13109_13105": 0.00031697786783504116, "13109_13106": 0.0006813542953463501, "13109_13107": 0.00038215088738990943, "13109_13108": 0.0024765747430849946, "13109_13110": 0.008644312320959347, "13109_13111": 0.02667057704783996, "13109_13112": 0.0019877770964234825, "13109_13113": 0.003928155633170697, "13109_13114": 0.0003347523277136416, "13109_13115": 0.0004976848766008123, "13109_13116": 0.0008057755144965532, "13109_13117": 0.00037622606743037597, "13109_13118": 0.00023403038840157244, "13109_13119": 0.00029327858799690725, "13109_13120": 0.00018663182872530462, "13109_13121": 0.0002755041281183068, "13109_13122": 0.00017478218880623766, "13109_13123": 0.0004147373971673436, "13110_13101": 0.0009657456534039572, "13110_13102": 0.0006783918853665834, "13110_13103": 0.0032053275981076125, "13110_13104": 0.001001294573161158, "13110_13105": 0.00011257157923113611, "13110_13106": 7.702265947393524e-05, "13110_13107": 5.6285789615568054e-05, "13110_13108": 0.0002755041281183068, "13110_13109": 0.0075511830384254195, "13110_13111": 0.004185885301410403, "13110_13112": 0.019341574757897044, "13110_13113": 0.01107645091434784, "13110_13114": 0.0003229026877945746, "13110_13115": 0.0005065721065401125,