{"13101_13102": 0.026623086249579334, "13101_13103": 0.02465689641660174, "13101_13104": 0.019650373184213317, "13101_13105": 0.014950418823789745, "13101_13106": 0.014053762499020362, "13101_13107": 0.0044832816238469094, "13101_13108": 0.007620426245983487, "13101_13109": 0.0032408709321998736, "13101_13110": 0.001104108944895974, "13101_13111": 0.0026738337705205215, "13101_13112": 0.003918549491280075, "13101_13113": 0.005988465634320961, "13101_13114": 0.0019661898329775907, "13101_13115": 0.002789085226146406, "13101_13116": 0.00352438951303955, "13101_13117": 0.0037341471622786594, "13101_13118": 0.002530921965544425, "13101_13119": 0.0023511296947680447, "13101_13120": 0.0016665360483502907, "13101_13121": 0.0045939230212477585, "13101_13122": 0.0021321519290788643, "13101_13123": 0.0035958454155275983, "13102_13101": 0.029209328913824183, "13102_13103": 0.016598514639239892, "13102_13104": 0.002678443828745557, "13102_13105": 0.0014452532535485924, "13102_13106": 0.005497494433354694, "13102_13107": 0.006267374156935602, "13102_13108": 0.018580839676005108, "13102_13109": 0.0024295006845936463, "13102_13110": 0.0009035714121069349, "13102_13111": 0.0019800200076526965, "13102_13112": 0.001290816303009907, "13102_13113": 0.002694579032533181, "13102_13114": 0.0006500182097299888, "13102_13115": 0.0006730685008551658, "13102_13116": 0.0010925837993333856, "13102_13117": 0.0008989613538818996, "13102_13118": 0.0011824799347215755, "13102_13119": 0.0006292729477173297, "13102_13120": 0.0005048013756413744, "13102_13121": 0.002507871674419248, "13102_13122": 0.0017172466888256798, "13102_13123": 0.0029804026424853744, "13103_13101": 0.023193202930153006, "13103_13102": 0.016635395105040175, "13103_13104": 0.00823586901902571, "13103_13105": 0.002104491579728652, "13103_13106": 0.0032039904663995907, "13103_13107": 0.002201302802454395, "13103_13108": 0.006152122701309717, "13103_13109": 0.019302313788223145, "13103_13110": 0.003558964949727315, "13103_13111": 0.007917775001498269, "13103_13112": 0.00403380094690596, "13103_13113": 0.02064384073170844, "13103_13114": 0.0010096027512827488, "13103_13115": 0.0011248542069086332, "13103_13116": 0.0016665360483502907, "13103_13117": 0.002208217889791948, "13103_13118": 0.0013576621472729201, "13103_13119": 0.000947366965244771, "13103_13120": 0.0007260841704430727, "13103_13121": 0.0018785987267019182, "13103_13122": 0.0012101402840717878, "13103_13123": 0.0015120990978116054, "13104_13101": 0.01655241405698954, "13104_13102": 0.0032431759613123913, "13104_13103": 0.007525920052370261, "13104_13105": 0.008883582199643181, "13104_13106": 0.0018555484355767414, "13104_13107": 0.0011110240322335272, "13104_13108": 0.0022635385884923727, "13104_13109": 0.002127541870853829, "13104_13110": 0.001304646477685013, "13104_13111": 0.0008528607716315458, "13104_13112": 0.004022275801343371, "13104_13113": 0.021261588533863184, "13104_13114": 0.015185531793266548, "13104_13115": 0.0057602677521817105, "13104_13116": 0.012456377324045602, "13104_13117": 0.002524006878206872, "13104_13118": 0.0007399143451181789, "13104_13119": 0.002558582314894637, "13104_13120": 0.004748359971786444, "13104_13121": 0.0009888574892700894, "13104_13122": 0.0004448706187159144, "13104_13123": 0.0009588921108073595, "13105_13101": 0.012290415227944329, "13105_13102": 0.0018255830571140114, "13105_13103": 0.0023857051314558103, "13105_13104": 0.006901257162877967, "13105_13106": 0.007184775743717643, "13105_13107": 0.0008689959754191695, "13105_13108": 0.0012954263612349425, "13105_13109": 0.0004471756478284321, "13105_13110": 0.00014060677586357916, "13105_13111": 0.000283518580839676, "13105_13112": 0.0003618895706652775, "13105_13113": 0.0008367255678439219, "13105_13114": 0.000573952249016905, "13105_13115": 0.000380329803565419, "13105_13116": 0.011004208983159458, "13105_13117": 0.0042182032759073744, "13105_13118": 0.0021644223366541118, "13105_13119": 0.002417975539031058, "13105_13120": 0.0011801749056090578, "13105_13121": 0.0017218567470507152, "13105_13122": 0.0006338830059423651, "13105_13123": 0.0004587007933910205, "13106_13101": 0.011211661603286049, "13106_13102": 0.0050987243968891325, "13106_13103": 0.0035474398041647264, "13106_13104": 0.0016204354660999368, "13106_13105": 0.006032261187458797, "13106_13107": 0.008878972141418147, "13106_13108": 0.0020699161430408866, "13106_13109": 0.0008943512956568642, "13106_13110": 8.759110627567226e-05, "13106_13111": 0.0007721847526934266, "13106_13112": 0.0002466381150393929, "13106_13113": 0.0011225491777961155, "13106_13114": 0.00029504372640226444, "13106_13115": 0.0001844023290014153, "13106_13116": 0.0014729136028988046, "13106_13117": 0.0027752550514713002, "13106_13118": 0.010829026770608112, "13106_13119": 0.000567037161679352, "13106_13120": 0.0003365342504275829, "13106_13121": 0.004937372359012895, "13106_13122": 0.002187472627779289, "13106_13123": 0.0010948888284459033, "13107_13101": 0.0044279609251464845, "13107_13102": 0.004944287446350447, "13107_13103": 0.0022658436176048904, "13107_13104": 0.001237800633422, "13107_13105": 0.0008713010045316872, "13107_13106": 0.007620426245983487, "13107_13108": 0.013860140053568877, "13107_13109": 0.0007099489666554489, "13107_13110": 0.00010833636828833149, "13107_13111": 0.00038724489090297213, "13107_13112": 0.0002904336681772291, "13107_13113": 0.0007744897818059443, "13107_13114": 0.00015904700876372068, "13107_13115": 0.00016135203787623838, "13107_13116": 0.0004033800946905959, "13107_13117": 0.00046561588072857363, "13107_13118": 0.0013230867105851547, "13107_13119": 0.00014752186320113222, "13107_13120": 8.298104805063689e-05, "13107_13121": 0.002678443828745557, "13107_13122": 0.00702803376406644, "13107_13123": 0.005186315503164805, "13108_13101": 0.008009976165998977, "13108_13102": 0.01584477011944661, "13108_13103": 0.006504792155524924, "13108_13104": 0.002348824665655527, "13108_13105": 0.0013069515067975308, "13108_13106": 0.0021759474822167003, "13108_13107": 0.01348672533734101, "13108_13109": 0.0026968840616456986, "13108_13110": 0.00037571974534038365, "13108_13111": 0.002602377868032473, "13108_13112": 0.0006615433552925774, "13108_13113": 0.0018924289013770245, "13108_13114": 0.00048636114274123283, "13108_13115": 0.00041029518202814904, "13108_13116": 0.0009519770234698064, "13108_13117": 0.0005324617249915866, "13108_13118": 0.0006177478021547413, "13108_13119": 0.0004610058225035382, "13108_13120": 0.000283518580839676, "13108_13121": 0.0016204354660999368, "13108_13122": 0.0017126366306006444, "13108_13123": 0.0181497992319643, "13109_13101": 0.00319477034994952, "13109_13102": 0.0025170917908693188, "13109_13103": 0.018516298860854614, "13109_13104": 0.0021091016379536872, "13109_13105": 0.00044256558960339667, "13109_13106": 0.000977332343707501, "13109_13107": 0.0006016125983671174, "13109_13108": 0.002692274003420663, "13109_13110": 0.007576630692845651, "13109_13111": 0.022229700761120613, "13109_13112": 0.0024110604516935047, "13109_13113": 0.0042527787125951405, "13109_13114": 0.0004679209098410913, "13109_13115": 0.0005278516667665512, "13109_13116": 0.0009865524601575717, "13109_13117": 0.0005416818414416574, "13109_13118": 0.0002927386972897468, "13109_13119": 0.0004679209098410913, "13109_13120": 0.00024433308592687527, "13109_13121": 0.00027199343527708754, "13109_13122": 0.00027660349350212295, "13109_13123": 0.0005048013756413744, "13110_13101": 0.0013000364194599777, "13110_13102": 0.0009058764412194526, "13110_13103": 0.0035013392219143727, "13110_13104": 0.0013576621472729201, "13110_13105": 0.00016826712521379145, "13110_13106": 0.0001336916885260261, "13110_13107": 0.0001037263100632961, "13110_13108": 0.00029965378462729986, "13110_13109": 0.0069381376286782506, "13110_13111": 0.0036165906775402572, "13110_13112": 0.014588529253124467, "13110_13113": 0.00966268203967416, "13110_13114": 0.00035266945421520674, "13110_13115": 0.0006223578603797766,