{"13101_13102": 0.009326525773894196, "13101_13103": 0.0068498950077897445, "13101_13104": 0.006532378242904559, "13101_13105": 0.004932093747883222, "13101_13106": 0.005715301767933347, "13101_13107": 0.001807728781412992, "13101_13108": 0.002637505926979611, "13101_13109": 0.0009440831809252862, "13101_13110": 0.00035985233353654406, "13101_13111": 0.0007154711102079523, "13101_13112": 0.0009610174083858295, "13101_13113": 0.001693422746054325, "13101_13114": 0.0006180993023098286, "13101_13115": 0.0007874415769152612, "13101_13116": 0.0012573663889453362, "13101_13117": 0.0009059811691390639, "13101_13118": 0.000745106008263903, "13101_13119": 0.0006731355415565942, "13101_13120": 0.0004106550159181738, "13101_13121": 0.0011472939104518053, "13101_13122": 0.0005122603806814333, "13101_13123": 0.0011769288085077558, "13102_13101": 0.009597473413262886, "13102_13103": 0.005173406489195963, "13102_13104": 0.0008382442592968908, "13102_13105": 0.0005588295061979273, "13102_13106": 0.0018246630088735352, "13102_13107": 0.002209916683600894, "13102_13108": 0.007590767459188512, "13102_13109": 0.000656201314096051, "13102_13110": 0.00022437851385219805, "13102_13111": 0.000520727494411705, "13102_13112": 0.0003429181060760008, "13102_13113": 0.0007832080200501253, "13102_13114": 0.00016087516087516087, "13102_13115": 0.00015664160401002505, "13102_13116": 0.00025401341190814874, "13102_13117": 0.00021167784325679063, "13102_13118": 0.0002328456275824697, "13102_13119": 0.00015240804714488924, "13102_13120": 0.00013970737654948182, "13102_13121": 0.0006053986317144212, "13102_13122": 0.0004487570277043961, "13102_13123": 0.0008636456004877058, "13103_13101": 0.006583180925286188, "13103_13102": 0.005029465555781345, "13103_13104": 0.0034207139470297365, "13103_13105": 0.0007705073494547179, "13103_13106": 0.0009440831809252862, "13103_13107": 0.0005799972905236063, "13103_13108": 0.002662907268170426, "13103_13109": 0.007142010431484116, "13103_13110": 0.0016172187224818804, "13103_13111": 0.0026544401544401543, "13103_13112": 0.0014986791302580777, "13103_13113": 0.006777924541082436, "13103_13114": 0.0003048160942897785, "13103_13115": 0.00039795434532276637, "13103_13116": 0.0004402899139741245, "13103_13117": 0.00042335568651358127, "13103_13118": 0.0003429181060760008, "13103_13119": 0.00028788186682923527, "13103_13120": 0.00016510871774029669, "13103_13121": 0.00048262548262548264, "13103_13122": 0.0003259838786154576, "13103_13123": 0.0005630630630630631, "13104_13101": 0.005694133983607668, "13104_13102": 0.0008467113730271625, "13104_13103": 0.0030185260448418343, "13104_13105": 0.003450348845085687, "13104_13106": 0.000791675133780397, "13104_13107": 0.0005122603806814333, "13104_13108": 0.0008340107024317551, "13104_13109": 0.0005630630630630631, "13104_13110": 0.00048262548262548264, "13104_13111": 0.00031751676488518595, "13104_13112": 0.001600284495021337, "13104_13113": 0.01032141163720111, "13104_13114": 0.008678791573528416, "13104_13115": 0.0026756079387658337, "13104_13116": 0.00604551920341394, "13104_13117": 0.00067736909842173, "13104_13118": 0.000338684549210865, "13104_13119": 0.0009102147260041997, "13104_13120": 0.0017780938833570413, "13104_13121": 0.00034715166294113664, "13104_13122": 0.00018627650206597574, "13104_13123": 0.0003640858904016799, "13105_13101": 0.004191221296484454, "13105_13102": 0.0005757637336584705, "13105_13103": 0.0005926979611190138, "13105_13104": 0.0033953126058389217, "13105_13106": 0.003865237417868997, "13105_13107": 0.0003767865609970873, "13105_13108": 0.00048262548262548264, "13105_13109": 0.000135473819684346, "13105_13110": 5.9269796111901376e-05, "13105_13111": 0.00011430603535866694, "13105_13112": 0.00013970737654948182, "13105_13113": 0.0002963489805595069, "13105_13114": 0.000203210729526519, "13105_13115": 0.00011853959222380275, "13105_13116": 0.005605229289439816, "13105_13117": 0.0019347354873670663, "13105_13118": 0.0010075865339023234, "13105_13119": 0.000994885863306916, "13105_13120": 0.0003683194472668157, "13105_13121": 0.0006858362121520016, "13105_13122": 0.00021167784325679063, "13105_13123": 0.00018627650206597574, "13106_13101": 0.004728883018356702, "13106_13102": 0.0017061234166497324, "13106_13103": 0.0010287543182280025, "13106_13104": 0.000791675133780397, "13106_13105": 0.004098083045451466, "13106_13107": 0.005956614509246088, "13106_13108": 0.0008932804985436564, "13106_13109": 0.000270947639368692, "13106_13110": 5.080268238162975e-05, "13106_13111": 0.00032175032175032174, "13106_13112": 0.00013124026281921019, "13106_13113": 0.0005164939375465692, "13106_13114": 0.00016510871774029669, "13106_13115": 7.197046670730882e-05, "13106_13116": 0.0007154711102079523, "13106_13117": 0.0013843730948994108, "13106_13118": 0.006109022556390977, "13106_13119": 0.00024977985504301295, "13106_13120": 9.737180789812369e-05, "13106_13121": 0.00234539050328524, "13106_13122": 0.0010880241143399038, "13106_13123": 0.0005545959493327915, "13107_13101": 0.001511379800853485, "13107_13102": 0.0018796992481203006, "13107_13103": 0.0006435006435006435, "13107_13104": 0.0004783919257603468, "13107_13105": 0.00040218790218790216, "13107_13106": 0.005084501795028111, "13107_13108": 0.008327406353722143, "13107_13109": 0.00020744428639165482, "13107_13110": 7.620402357244462e-05, "13107_13111": 0.00015664160401002505, "13107_13112": 0.00012277314908893855, "13107_13113": 0.00033021743548059337, "13107_13114": 0.0001016053647632595, "13107_13115": 0.0001016053647632595, "13107_13116": 0.00016510871774029669, "13107_13117": 0.00021591140012192645, "13107_13118": 0.0009737180789812369, "13107_13119": 7.620402357244462e-05, "13107_13120": 6.350335297703718e-05, "13107_13121": 0.0014478764478764478, "13107_13122": 0.003975309896362528, "13107_13123": 0.0032386710018288967, "13108_13101": 0.002552834789676895, "13108_13102": 0.006875296348980559, "13108_13103": 0.0028407166565061303, "13108_13104": 0.0009991194201720518, "13108_13105": 0.000474158368895211, "13108_13106": 0.0009821851927115084, "13108_13107": 0.008242735216419427, "13108_13109": 0.0010541556594188173, "13108_13110": 0.00016510871774029669, "13108_13111": 0.0010626227731490889, "13108_13112": 0.00035561877667140827, "13108_13113": 0.0004953261532208901, "13108_13114": 0.00014817449027975345, "13108_13115": 0.00012700670595407437, "13108_13116": 0.000338684549210865, "13108_13117": 0.0001693422746054325, "13108_13118": 0.00016510871774029669, "13108_13119": 0.00016510871774029669, "13108_13120": 9.737180789812369e-05, "13108_13121": 0.0005630630630630631, "13108_13122": 0.0008297771455666193, "13108_13123": 0.011125787441576915, "13109_13101": 0.000880579827948249, "13109_13102": 0.0008086093612409402, "13109_13103": 0.006883763462710831, "13109_13104": 0.0006477342003657793, "13109_13105": 0.00013124026281921019, "13109_13106": 0.00038948723159249474, "13109_13107": 0.00014817449027975345, "13109_13108": 0.000948316737790422, "13109_13110": 0.0035604213235792184, "13109_13111": 0.010359513648987333, "13109_13112": 0.0009059811691390639, "13109_13113": 0.0014563435616067196, "13109_13114": 0.00010583892162839532, "13109_13115": 0.0002328456275824697, "13109_13116": 0.00022014495698706224, "13109_13117": 0.00011853959222380275, "13109_13118": 0.00012277314908893855, "13109_13119": 0.00017780938833570413, "13109_13120": 7.620402357244462e-05, "13109_13121": 0.00018204294520083995, "13109_13122": 0.00011007247849353112, "13109_13123": 0.00014394093341461763, "13110_13101": 0.0003429181060760008, "13110_13102": 0.00022437851385219805, "13110_13103": 0.0014140079929553613, "13110_13104": 0.0004318228002438529, "13110_13105": 5.080268238162975e-05, "13110_13106": 4.2335568651358125e-05, "13110_13107": 1.693422746054325e-05, "13110_13108": 0.00013970737654948182, "13110_13109": 0.003547720652983811, "13110_13111": 0.0021633475580844002, "13110_13112": 0.00846288017340649, "13110_13113": 0.004381731355415566,