{"13101_13102": 0.026768824507725317, "13101_13103": 0.024001168001828176, "13101_13104": 0.022423730750187262, "13101_13105": 0.015209415110388869, "13101_13106": 0.015047545291810021, "13101_13107": 0.0038436147117447664, "13101_13108": 0.006265314154404763, "13101_13109": 0.0021296989856158036, "13101_13110": 0.0008506100270417815, "13101_13111": 0.0017456549062424618, "13101_13112": 0.0026914824736247412, "13101_13113": 0.00459265936242335, "13101_13114": 0.0013838282529485698, "13101_13115": 0.0016980461360722129, "13101_13116": 0.0028565262102149378, "13101_13117": 0.002434395114705397, "13101_13118": 0.0019138725608440082, "13101_13119": 0.0014885675473231175, "13101_13120": 0.0011362626480632752, "13101_13121": 0.0030088742747597344, "13101_13122": 0.001520306727436617, "13101_13123": 0.002510569146977795, "13102_13101": 0.030444221564868538, "13102_13103": 0.015920372744931254, "13102_13104": 0.0023233079843081495, "13102_13105": 0.001234654106415123, "13102_13106": 0.004986225195830741, "13102_13107": 0.0067921845442888516, "13102_13108": 0.019471986999631825, "13102_13109": 0.0016694808739700635, "13102_13110": 0.0004919572917592393, "13102_13111": 0.001279088958574022, "13102_13112": 0.0008696535351098811, "13102_13113": 0.0017932636764127108, "13102_13114": 0.00040943542346414107, "13102_13115": 0.0004221310955095408, "13102_13116": 0.0007522185686899336, "13102_13117": 0.0005268703898840885, "13102_13118": 0.0006696967003948355, "13102_13119": 0.0003999136694300913, "13102_13120": 0.00033326139119174274, "13102_13121": 0.0014631762032323182, "13102_13122": 0.001101349549938426, "13102_13123": 0.0020376553632866557, "13103_13101": 0.022604644076834206, "13103_13102": 0.015875937892772352, "13103_13104": 0.008899666103825206, "13103_13105": 0.0014155674330620692, "13103_13106": 0.0021170033135704037, "13103_13107": 0.0013965239249939696, "13103_13108": 0.004976703441796691, "13103_13109": 0.02071933677809235, "13103_13110": 0.0035389185826551726, "13103_13111": 0.005836835222872523, "13103_13112": 0.003040613454873234, "13103_13113": 0.020925641448830093, "13103_13114": 0.0006316096842586362, "13103_13115": 0.0007966534208488326, "13103_13116": 0.0011203930580065255, "13103_13117": 0.0012251323523810732, "13103_13118": 0.0008537839450531313, "13103_13119": 0.0007077837165310346, "13103_13120": 0.0005141747178386888, "13103_13121": 0.0011743496641994744, "13103_13122": 0.0006633488643721355, "13103_13123": 0.001139436566074625, "13104_13101": 0.016843982886234083, "13104_13102": 0.0027898739319765892, "13104_13103": 0.007937968946386176, "13104_13105": 0.009820102327116685, "13104_13106": 0.0015710894156182157, "13104_13107": 0.0008410882730077317, "13104_13108": 0.0019614813310142574, "13104_13109": 0.0014600022852209681, "13104_13110": 0.000961697157439029, "13104_13111": 0.0005649574060202876, "13104_13112": 0.0033294399939060772, "13104_13113": 0.0228712531897876, "13104_13114": 0.019164116952530882, "13104_13115": 0.0054527911434991815, "13104_13116": 0.014133456904541241, "13104_13117": 0.0015774372516409157, "13104_13118": 0.0006284357662472863, "13104_13119": 0.0021043076415250043, "13104_13120": 0.004380006855662905, "13104_13121": 0.000688740208462935, "13104_13122": 0.0002951743750555436, "13104_13123": 0.0007141315525537344, "13105_13101": 0.012273540949890182, "13105_13102": 0.0013457412368123706, "13105_13103": 0.0014568283672096183, "13105_13104": 0.007519011768887986, "13105_13106": 0.00827440425558927, "13105_13107": 0.0006823923724402351, "13105_13108": 0.0008728274531212309, "13105_13109": 0.00023169601482854495, "13105_13110": 6.982619624969848e-05, "13105_13111": 0.00015234806454479668, "13105_13112": 0.0002856526210214938, "13105_13113": 0.0005808269960770374, "13105_13114": 0.0003586527352825422, "13105_13115": 0.00022217426079449516, "13105_13116": 0.014320718067210888, "13105_13117": 0.0044688765599807025, "13105_13118": 0.0020852641334569047, "13105_13119": 0.0018726116266964592, "13105_13120": 0.0008886970431779806, "13105_13121": 0.001199741008290274, "13105_13122": 0.0003713484073279419, "13105_13123": 0.0002697830309647441, "13106_13101": 0.01057232089580662, "13106_13102": 0.004234006627140807, "13106_13103": 0.0022249165259563015, "13106_13104": 0.0013870021709599199, "13106_13105": 0.006985793542981198, "13106_13107": 0.010321581372909975, "13106_13108": 0.0014409587771528685, "13106_13109": 0.0005649574060202876, "13106_13110": 7.617403227239834e-05, "13106_13111": 0.00043800068556629044, "13106_13112": 0.00016186981857884648, "13106_13113": 0.0006950880444856349, "13106_13114": 0.00017773940863559612, "13106_13115": 0.00015869590056749654, "13106_13116": 0.0011172191399951756, "13106_13117": 0.0023677428364670483, "13106_13118": 0.012667106783297574, "13106_13119": 0.0003713484073279419, "13106_13120": 0.0002380438508512448, "13106_13121": 0.004364137265606155, "13106_13122": 0.002050351035332055, "13106_13123": 0.0008220447649396321, "13107_13101": 0.0035611360087346223, "13107_13102": 0.004770398771058946, "13107_13103": 0.0015774372516409157, "13107_13104": 0.0009363058133482296, "13107_13105": 0.0007173054705650844, "13107_13106": 0.008166491043203371, "13107_13108": 0.013981108839996445, "13107_13109": 0.0005236964718727386, "13107_13110": 5.713052420429875e-05, "13107_13111": 0.0002602612769306943, "13107_13112": 0.00020313075272639558, "13107_13113": 0.0005141747178386888, "13107_13114": 0.00013965239249939695, "13107_13115": 0.00011743496641994745, "13107_13116": 0.00026343519494204424, "13107_13117": 0.00030469612908959337, "13107_13118": 0.0013171759747102212, "13107_13119": 0.0001333045564766971, "13107_13120": 6.0304442215648686e-05, "13107_13121": 0.0022185686899336018, "13107_13122": 0.008407708812065966, "13107_13123": 0.005462312897533231, "13108_13101": 0.006052661647644318, "13108_13102": 0.015761676844363755, "13108_13103": 0.005227442964693336, "13108_13104": 0.0018980029707872587, "13108_13105": 0.0008569578630644813, "13108_13106": 0.0016599591199360137, "13108_13107": 0.013720847563065752, "13108_13109": 0.0023106123122627496, "13108_13110": 0.0002951743750555436, "13108_13111": 0.0019329160689121078, "13108_13112": 0.0006252618482359364, "13108_13113": 0.001152132238120025, "13108_13114": 0.0003523048992598423, "13108_13115": 0.0002666091129533942, "13108_13116": 0.0006125661761905366, "13108_13117": 0.00039673975141874137, "13108_13118": 0.00042847893153224065, "13108_13119": 0.0002888265390328437, "13108_13120": 0.00027295694897609403, "13108_13121": 0.0009521754034049792, "13108_13122": 0.001561567661584166, "13108_13123": 0.020566988713547552, "13109_13101": 0.0021868295098201023, "13109_13102": 0.0017043939720949128, "13109_13103": 0.01784059314179796, "13109_13104": 0.0015234806454479668, "13109_13105": 0.00026343519494204424, "13109_13106": 0.0006474792743153859, "13109_13107": 0.0003396092272144426, "13109_13108": 0.0023582210824329985, "13109_13110": 0.008331534779793568, "13109_13111": 0.024286820622849672, "13109_13112": 0.0019170464788553583, "13109_13113": 0.003815049449642617, "13109_13114": 0.00031739180113499307, "13109_13115": 0.0003713484073279419, "13109_13116": 0.0006792184544288852, "13109_13117": 0.0003872179973846916, "13109_13118": 0.0001872611626696459, "13109_13119": 0.0003808701613619917, "13109_13120": 0.00015869590056749654, "13109_13121": 0.0002380438508512448, "13109_13122": 0.0001967829167036957, "13109_13123": 0.0003872179973846916, "13110_13101": 0.0009109144692574302, "13110_13102": 0.0005617834880089378, "13110_13103": 0.0033230921578833775, "13110_13104": 0.0009426536493709294, "13110_13105": 0.00010473929437454772, "13110_13106": 8.886970431779806e-05, "13110_13107": 4.760877017024896e-05, "13110_13108": 0.0002920004570441936, "13110_13109": 0.007557098785024185, "13110_13111": 0.0039578757601533635, "13110_13112": 0.018183376287023753, "13110_13113": 0.010461233765409372, "13110_13114": 0.00026343519494204424,