{"13101_13102": 0.026823090254632715, "13101_13103": 0.021372705861440695, "13101_13104": 0.016351153179576056, "13101_13105": 0.015333511087410568, "13101_13106": 0.013862596098298005, "13101_13107": 0.0034350975425498824, "13101_13108": 0.00483935475269964, "13101_13109": 0.0010643025374394526, "13101_13110": 0.00038661511798426877, "13101_13111": 0.0005777007510109763, "13101_13112": 0.0009887570546149402, "13101_13113": 0.003108474425632138, "13101_13114": 0.000675465493489757, "13101_13115": 0.0007843398657956717, "13101_13116": 0.0012065057992267697, "13101_13117": 0.0016020086210727458, "13101_13118": 0.0018664178109585388, "13101_13119": 0.0006399146780429276, "13101_13120": 0.00036883971026085413, "13101_13121": 0.002288583744389637, "13101_13122": 0.0005510376394258544, "13101_13123": 0.0012998266897746968, "13102_13101": 0.030002666311158513, "13102_13103": 0.014113673732391236, "13102_13104": 0.0008554414966893303, "13102_13105": 0.0006265831222503666, "13102_13106": 0.0044216326711993955, "13102_13107": 0.005865884548726837, "13102_13108": 0.016288939252544106, "13102_13109": 0.0007465671243834155, "13102_13110": 0.0002288583744389637, "13102_13111": 0.000475492156601342, "13102_13112": 0.00034884237657201265, "13102_13113": 0.001124294538505977, "13102_13114": 0.00021774874461182953, "13102_13115": 0.0002355241523352442, "13102_13116": 0.0001955294849575612, "13102_13117": 0.00017997600319957338, "13102_13118": 0.0005932542327689641, "13102_13119": 0.00015331289161445142, "13102_13120": 0.00018664178109585388, "13102_13121": 0.0007910056436919522, "13102_13122": 0.0005221526018753055, "13102_13123": 0.0012753855041550016, "13103_13101": 0.020426165400168866, "13103_13102": 0.014127005288183798, "13103_13104": 0.005159312091721104, "13103_13105": 0.001017642092165489, "13103_13106": 0.001150957650091099, "13103_13107": 0.0011865084655379283, "13103_13108": 0.0032351242056614673, "13103_13109": 0.01802426343154246, "13103_13110": 0.0020019552948495755, "13103_13111": 0.003650624361196285, "13103_13112": 0.001586455139314758, "13103_13113": 0.01818646402701862, "13103_13114": 0.00030218193129804915, "13103_13115": 0.0004177220815002444, "13103_13116": 0.0004666044527396347, "13103_13117": 0.0006399146780429276, "13103_13118": 0.0002421899302315247, "13103_13119": 0.00025329956005865886, "13103_13120": 0.00028662844954006135, "13103_13121": 0.0005065991201173177, "13103_13122": 0.0004377194151890859, "13103_13123": 0.0005377060836332933, "13104_13101": 0.014886903968359774, "13104_13102": 0.0009954228325112207, "13104_13103": 0.004717148824601164, "13104_13105": 0.009256543571968182, "13104_13106": 0.0007710083100031107, "13104_13107": 0.0003888370439496956, "13104_13108": 0.0005399280095987202, "13104_13109": 0.0005265964538061592, "13104_13110": 0.0005399280095987202, "13104_13111": 0.000264409189885793, "13104_13112": 0.0017019952895169534, "13104_13113": 0.024130115984535395, "13104_13114": 0.015904546060525264, "13104_13115": 0.0028751721992623207, "13104_13116": 0.013500422165933432, "13104_13117": 0.0011176287606096964, "13104_13118": 0.0002577434119895125, "13104_13119": 0.0013775940985646358, "13104_13120": 0.0017219926232057948, "13104_13121": 0.00041105630360396394, "13104_13122": 0.00012887170599475625, "13104_13123": 0.0003266231169177443, "13105_13101": 0.012747189263653735, "13105_13102": 0.0007843398657956717, "13105_13103": 0.0010020886104075012, "13105_13104": 0.007545660578589522, "13105_13106": 0.008474425632137936, "13105_13107": 0.00030218193129804915, "13105_13108": 0.0003421765986757321, "13105_13109": 0.0001999733368884149, "13105_13110": 5.55481491356708e-05, "13105_13111": 0.00021108296671554905, "13105_13112": 9.77647424787806e-05, "13105_13113": 0.00035773008043371997, "13105_13114": 0.00023330222636981735, "13105_13115": 0.00018886370706128072, "13105_13116": 0.011738434875349953, "13105_13117": 0.0043483091143403105, "13105_13118": 0.0020063991467804292, "13105_13119": 0.0009420966093409768, "13105_13120": 0.00035995200639914675, "13105_13121": 0.001148735724125672, "13105_13122": 0.00018886370706128072, "13105_13123": 0.00016886637337243924, "13106_13101": 0.011147402568546416, "13106_13102": 0.0036306270275074434, "13106_13103": 0.0010331955739234769, "13106_13104": 0.0006199173443540861, "13106_13105": 0.007407901168733058, "13106_13107": 0.009214326978625072, "13106_13108": 0.000819890681242501, "13106_13109": 0.00018886370706128072, "13106_13110": 4.221659334310981e-05, "13106_13111": 8.443318668621962e-05, "13106_13112": 7.776740878993912e-05, "13106_13113": 0.000646580455939208, "13106_13114": 0.00013553748389103675, "13106_13115": 8.221126072079278e-05, "13106_13116": 0.0006021419366306715, "13106_13117": 0.002310803004043905, "13106_13118": 0.013515975647691419, "13106_13119": 9.332089054792694e-05, "13106_13120": 9.77647424787806e-05, "13106_13121": 0.003081811314047016, "13106_13122": 0.0009820912767186597, "13106_13123": 0.00043549748922365906, "13107_13101": 0.002606319157445674, "13107_13102": 0.0042038839265875665, "13107_13103": 0.0011020752788517088, "13107_13104": 0.0003532862285028663, "13107_13105": 0.0002755188197129272, "13107_13106": 0.008305559258765497, "13107_13108": 0.015671243834155447, "13107_13109": 0.000264409189885793, "13107_13110": 3.9994667377682974e-05, "13107_13111": 9.332089054792694e-05, "13107_13112": 7.332355685908546e-05, "13107_13113": 0.00015109096564902457, "13107_13114": 4.88823712393903e-05, "13107_13115": 6.88797049282318e-05, "13107_13116": 9.77647424787806e-05, "13107_13117": 8.443318668621962e-05, "13107_13118": 0.0012887170599475625, "13107_13119": 3.5550815446829314e-05, "13107_13120": 2.6663111585121983e-05, "13107_13121": 0.0018886370706128071, "13107_13122": 0.005885881882415678, "13107_13123": 0.004603830600364396, "13108_13101": 0.004490512376127628, "13108_13102": 0.01430698129138337, "13108_13103": 0.0033262231702439675, "13108_13104": 0.0005065991201173177, "13108_13105": 0.0003421765986757321, "13108_13106": 0.0009265431275829889, "13108_13107": 0.015160200862107275, "13108_13109": 0.0011398480202639647, "13108_13110": 0.00011554015020219527, "13108_13111": 0.0009087677198595743, "13108_13112": 0.0002710749677820735, "13108_13113": 0.0005710349731146958, "13108_13114": 0.0001110962982713416, "13108_13115": 7.554548282451229e-05, "13108_13116": 0.00017553215126871972, "13108_13117": 0.00021108296671554905, "13108_13118": 0.0002421899302315247, "13108_13119": 0.00014886903968359773, "13108_13120": 0.00011998400213304893, "13108_13121": 0.0008132249033462205, "13108_13122": 0.0009398746833755499, "13108_13123": 0.015551259832022397, "13109_13101": 0.0010287517219926233, "13109_13102": 0.0008021152735190863, "13109_13103": 0.017557658978802827, "13109_13104": 0.00058214460294183, "13109_13105": 0.0002421899302315247, "13109_13106": 0.00019775141092298804, "13109_13107": 0.0002155268186464027, "13109_13108": 0.0011354041683331111, "13109_13110": 0.008163355996978181, "13109_13111": 0.019135226414255878, "13109_13112": 0.0008154468293116473, "13109_13113": 0.002393014264764698, "13109_13114": 9.109896458250011e-05, "13109_13115": 8.887703861707328e-05, "13109_13116": 0.0002421899302315247, "13109_13117": 0.00013553748389103675, "13109_13118": 7.554548282451229e-05, "13109_13119": 0.00011331822423676844, "13109_13120": 6.22139270319513e-05, "13109_13121": 0.0002021952628538417, "13109_13122": 6.22139270319513e-05, "13109_13123": 0.00018886370706128072, "13110_13101": 0.0004288317113273786, "13110_13102": 0.00022441452250811003, "13110_13103": 0.0016242278807270141, "13110_13104": 0.0004910456383593299, "13110_13105": 6.22139270319513e-05, "13110_13106": 6.88797049282318e-05, "13110_13107": 3.5550815446829314e-05, "13110_13108": 0.00011331822423676844, "13110_13109": 0.00765897880282629, "13110_13111": 0.003281784650935431, "13110_13112": 0.015595698351330933, "13110_13113": 0.010720792783184465, "13110_13114": 9.109896458250011e-05,