{"13101_13102": 0.027341659637379483, "13101_13103": 0.025611547985088842, "13101_13104": 0.02012416895685378, "13101_13105": 0.015019999455797121, "13101_13106": 0.01428986059336254, "13101_13107": 0.004512348870325524, "13101_13108": 0.008237871078338005, "13101_13109": 0.0034420832086201735, "13101_13110": 0.0012471315973261498, "13101_13111": 0.0029976508575730366, "13101_13112": 0.003906923167623557, "13101_13113": 0.006271938178552964, "13101_13114": 0.001931920219857963, "13101_13115": 0.0028071798499814064, "13101_13116": 0.004038438863341587, "13101_13117": 0.0038275602477937107, "13101_13118": 0.002662059082292545, "13101_13119": 0.0023037921870606697, "13101_13120": 0.0015963284445774718, "13101_13121": 0.004791252845727554, "13101_13122": 0.0021745440033377776, "13101_13123": 0.0037708724479152494, "13102_13101": 0.03042547595076778, "13102_13103": 0.0171945434591349, "13102_13104": 0.0029863132975973443, "13102_13105": 0.001662086292436487, "13102_13106": 0.0056324997959239205, "13102_13107": 0.00649868937806681, "13102_13108": 0.018838489655610278, "13102_13109": 0.002426237834798146, "13102_13110": 0.0007754891023373513, "13102_13111": 0.002056633379590578, "13102_13112": 0.001258469157301842, "13102_13113": 0.002811714873971683, "13102_13114": 0.000723336326449167, "13102_13115": 0.0005872856067408597, "13102_13116": 0.0012221889653796269, "13102_13117": 0.0008797946541137203, "13102_13118": 0.0011655011655011655, "13102_13119": 0.000544202878833229, "13102_13120": 0.00047844503097421384, "13102_13121": 0.002689269226234207, "13102_13122": 0.0016507487324607948, "13102_13123": 0.002979510761611929, "13103_13101": 0.02380434092496349, "13103_13102": 0.017477982458527205, "13103_13104": 0.008426074573934496, "13103_13105": 0.002340072378982885, "13103_13106": 0.0036053440722701425, "13103_13107": 0.0023582124749439923, "13103_13108": 0.00649868937806681, "13103_13109": 0.01995183804522326, "13103_13110": 0.003984018575458264, "13103_13111": 0.008190253326440097, "13103_13112": 0.00431280781475334, "13103_13113": 0.021024371218923747, "13103_13114": 0.00096822762192412, "13103_13115": 0.0012244564773747652, "13103_13116": 0.0016711563404170407, "13103_13117": 0.002090646059517655, "13103_13118": 0.0014625452368643031, "13103_13119": 0.0009999727898560584, "13103_13120": 0.0007913616863033206, "13103_13121": 0.0018706973959892249, "13103_13122": 0.0011586986295157502, "13103_13123": 0.001711971556329533, "13104_13101": 0.017389549490716805, "13104_13102": 0.003319637560882697, "13104_13103": 0.007999782318848467, "13104_13105": 0.00871178108532194, "13104_13106": 0.0018140095961107635, "13104_13107": 0.0011859087734574117, "13104_13108": 0.002385422618885654, "13104_13109": 0.0022493718991773467, "13104_13110": 0.001238061549345596, "13104_13111": 0.0008797946541137203, "13104_13112": 0.00426972508684571, "13104_13113": 0.021831605489193037, "13104_13114": 0.015351056207087335, "13104_13115": 0.005972626595194689, "13104_13116": 0.013092614259929435, "13104_13117": 0.0024171677868175924, "13104_13118": 0.0007392089104151361, "13104_13119": 0.002759562098083499, "13104_13120": 0.004818462989669215, "13104_13121": 0.0010271829337977199, "13104_13122": 0.00040361713513464484, "13104_13123": 0.0009410174779824586, "13105_13101": 0.012911213300318358, "13105_13102": 0.001999945579712117, "13105_13103": 0.0024330403707835614, "13105_13104": 0.007038357232909762, "13105_13106": 0.007013414600963239, "13105_13107": 0.0008344444142109512, "13105_13108": 0.001263004181292119, "13105_13109": 0.0004058846471297833, "13105_13110": 0.00011791062374719962, "13105_13111": 0.0003038466073485529, "13105_13112": 0.00039001206316381415, "13105_13113": 0.0008208393422401204, "13105_13114": 0.0005056551749158753, "13105_13115": 0.000374139479197845, "13105_13116": 0.011203776767979103, "13105_13117": 0.004374030638622078, "13105_13118": 0.002285652091099562, "13105_13119": 0.0025917662104432532, "13105_13120": 0.0012516666213164267, "13105_13121": 0.0019001750519260247, "13105_13122": 0.0005532729268137829, "13105_13123": 0.00046937498299366004, "13106_13101": 0.011430527967492948, "13106_13102": 0.005374003428478136, "13106_13103": 0.0032810898569653434, "13106_13104": 0.0018729649079843632, "13106_13105": 0.006074664634975919, "13106_13107": 0.008854634341015664, "13106_13108": 0.0021632064433620853, "13106_13109": 0.0009591575739435662, "13106_13110": 0.0001292481837228919, "13106_13111": 0.000863922070147751, "13106_13112": 0.00024715880747009153, "13106_13113": 0.0011496285815351963, "13106_13114": 0.00029477655936799903, "13106_13115": 0.0002131461275430147, "13106_13116": 0.0014648127488594415, "13106_13117": 0.002795842290005714, "13106_13118": 0.010655038865155597, "13106_13119": 0.0005804830707554443, "13106_13120": 0.0003333242632853528, "13106_13121": 0.005315048116604537, "13106_13122": 0.002505600754627992, "13106_13123": 0.0010475905417539658, "13107_13101": 0.004582641742174816, "13107_13102": 0.00503160911721223, "13107_13103": 0.0024965307066474383, "13107_13104": 0.0012811442772532266, "13107_13105": 0.0009070047980553818, "13107_13106": 0.007779833655320037, "13107_13108": 0.01345088115516131, "13107_13109": 0.0006915911585172285, "13107_13110": 0.00013151569571803035, "13107_13111": 0.00047844503097421384, "13107_13112": 0.0002562288554506453, "13107_13113": 0.0007528139823859668, "13107_13114": 0.00017233091163052253, "13107_13115": 0.00014058574369858417, "13107_13116": 0.00032878923929507585, "13107_13117": 0.0004988526389304599, "13107_13118": 0.0012856793012435035, "13107_13119": 0.00017913344761593788, "13107_13120": 0.00010657306377150735, "13107_13121": 0.0030951538733639903, "13107_13122": 0.007017949624953516, "13107_13123": 0.005274232900692045, "13108_13101": 0.008260546198289389, "13108_13102": 0.016713830916165545, "13108_13103": 0.006795733449429947, "13108_13104": 0.0024942631946522995, "13108_13105": 0.0013106219331900267, "13108_13106": 0.002360479986939131, "13108_13107": 0.013396460867277988, "13108_13109": 0.0029228229617334674, "13108_13110": 0.00034466182326104507, "13108_13111": 0.0027459570261126683, "13108_13112": 0.0007822916383227668, "13108_13113": 0.001857092324018394, "13108_13114": 0.0004466998630422755, "13108_13115": 0.0003718719672027065, "13108_13116": 0.0008548520221671972, "13108_13117": 0.0005827505827505828, "13108_13118": 0.0005600754627991982, "13108_13119": 0.00043082727907630634, "13108_13120": 0.0002879740233825837, "13108_13121": 0.0014852203568156877, "13108_13122": 0.001975002947765594, "13108_13123": 0.01826707663283539, "13109_13101": 0.0033604527767951893, "13109_13102": 0.0026212438663800533, "13109_13103": 0.019387227558433785, "13109_13104": 0.0022493718991773467, "13109_13105": 0.0004580374230179678, "13109_13106": 0.0010113103498317507, "13109_13107": 0.0005804830707554443, "13109_13108": 0.002911485401757775, "13109_13110": 0.007448776904029822, "13109_13111": 0.022697795071335927, "13109_13112": 0.002480658122681469, "13109_13113": 0.0047096224139025695, "13109_13114": 0.0005056551749158753, "13109_13115": 0.0006167632626776596, "13109_13116": 0.0010770681976907657, "13109_13117": 0.0006394383826290441, "13109_13118": 0.0003129166553291067, "13109_13119": 0.0005305978068623983, "13109_13120": 0.0002131461275430147, "13109_13121": 0.0004603049350131062, "13109_13122": 0.00027890397540202987, "13109_13123": 0.0005714130227748905, "13110_13101": 0.001362774709078211, "13110_13102": 0.0008820621661088587, "13110_13103": 0.0038343627837791262, "13110_13104": 0.001387717341024734, "13110_13105": 0.00017006339963538406, "13110_13106": 0.00013831823170344572, "13110_13107": 5.215277588818445e-05, "13110_13108": 0.0003333242632853528, "13110_13109": 0.0071880130245889, "13110_13111": 0.003664299384143742, "13110_13112": 0.014516611792876385, "13110_13113": 0.009775244211041876, "13110_13114": 0.00039908211114436795, "13110_13115": 0.0006235657986630749,