{"13101_13102": 0.011241059722997443, "13101_13103": 0.008813717727384832, "13101_13104": 0.008718527845203944, "13101_13105": 0.006533487367869953, "13101_13106": 0.006633004062877244, "13101_13107": 0.0021460991618963555, "13101_13108": 0.003106651609358031, "13101_13109": 0.0010860300194273896, "13101_13110": 0.0003721059030707391, "13101_13111": 0.0008523821268015767, "13101_13112": 0.0011595858374762566, "13101_13113": 0.002172060038854779, "13101_13114": 0.0008350748754959609, "13101_13115": 0.0007874799344055176, "13101_13116": 0.0015100576764149759, "13101_13117": 0.0011639126503026605, "13101_13118": 0.0008394016883223649, "13101_13119": 0.000752865431794286, "13101_13120": 0.00044998853394601003, "13101_13121": 0.0013369851633588182, "13101_13122": 0.0007442118061414782, "13101_13123": 0.0012461220940043355, "13102_13101": 0.01149201486692887, "13102_13103": 0.006875305581155865, "13102_13104": 0.001116317709212217, "13102_13105": 0.0005495052289533007, "13102_13106": 0.002089850595153104, "13102_13107": 0.0028383892141209863, "13102_13108": 0.009151209127844338, "13102_13109": 0.0007312313676622663, "13102_13110": 0.00032018414915389176, "13102_13111": 0.0007701726830999018, "13102_13112": 0.00045431534677241396, "13102_13113": 0.0009216111320240397, "13102_13114": 0.00014278482327133012, "13102_13115": 0.00016874570022975375, "13102_13116": 0.00041104721850837453, "13102_13117": 0.00018605295153536954, "13102_13118": 0.00031153052350108387, "13102_13119": 0.00016009207457694588, "13102_13120": 0.00014711163609773404, "13102_13121": 0.0007831531215791136, "13102_13122": 0.0005668124802589165, "13102_13123": 0.0010946836450801975, "13103_13101": 0.008350748754959609, "13103_13102": 0.0060834988339239435, "13103_13104": 0.004088838120951726, "13103_13105": 0.0008567089396279806, "13103_13106": 0.0011552590246498527, "13103_13107": 0.0007398849933150742, "13103_13108": 0.002574453631710346, "13103_13109": 0.009397837458949364, "13103_13110": 0.0019254317077497544, "13103_13111": 0.003106651609358031, "13103_13112": 0.0017783200716520204, "13103_13113": 0.00947139327699823, "13103_13114": 0.000376432715897143, "13103_13115": 0.00045431534677241396, "13103_13116": 0.0006317146726549756, "13103_13117": 0.0004672957852516258, "13103_13118": 0.0003418182132859115, "13103_13119": 0.0003634522774179312, "13103_13120": 0.00022932107979940897, "13103_13121": 0.0006620023624398032, "13103_13122": 0.0003331645876331036, "13103_13123": 0.0005797929187381283, "13104_13101": 0.006845017891371037, "13104_13102": 0.0011855467144346802, "13104_13103": 0.003690771340922563, "13104_13105": 0.004413349082932021, "13104_13106": 0.0009562256346352713, "13104_13107": 0.0005754661059117243, "13104_13108": 0.001124971334865025, "13104_13109": 0.0007788263087527096, "13104_13110": 0.000748538618967882, "13104_13111": 0.0004456617211196061, "13104_13112": 0.00239272749300138, "13104_13113": 0.012638620265925916, "13104_13114": 0.011020392268850841, "13104_13115": 0.0034095285072063067, "13104_13116": 0.008337768316480398, "13104_13117": 0.0008394016883223649, "13104_13118": 0.0003418182132859115, "13104_13119": 0.0012937170350947789, "13104_13120": 0.002254269482556454, "13104_13121": 0.0005062371006892613, "13104_13122": 0.00018605295153536954, "13104_13123": 0.00041104721850837453, "13105_13101": 0.005637837112804338, "13105_13102": 0.0007312313676622663, "13105_13103": 0.0008004603728847294, "13105_13104": 0.003941726484853992, "13105_13106": 0.004179701190306208, "13105_13107": 0.0003980667800291627, "13105_13108": 0.0005495052289533007, "13105_13109": 9.518988218088673e-05, "13105_13110": 7.788263087527097e-05, "13105_13111": 8.220944370167491e-05, "13105_13112": 0.00016441888740334983, "13105_13113": 0.0003677790902443351, "13105_13114": 0.00019037976436177346, "13105_13115": 0.00014278482327133012, "13105_13116": 0.006966168650510348, "13105_13117": 0.002115811472111528, "13105_13118": 0.0011379517733442368, "13105_13119": 0.0009086306935448279, "13105_13120": 0.0003634522774179312, "13105_13121": 0.0007788263087527096, "13105_13122": 0.00026826239523704444, "13105_13123": 0.00019903339001458136, "13106_13101": 0.005490725476706603, "13106_13102": 0.0019340853334025624, "13106_13103": 0.0009518988218088673, "13106_13104": 0.0009216111320240397, "13106_13105": 0.004197008441611825, "13106_13107": 0.005637837112804338, "13106_13108": 0.0009692060731144831, "13106_13109": 0.0003245109619802957, "13106_13110": 5.192175391684731e-05, "13106_13111": 0.00032018414915389176, "13106_13112": 0.00016441888740334983, "13106_13113": 0.0004153740313347785, "13106_13114": 0.00011682394631290646, "13106_13115": 9.951669500729068e-05, "13106_13116": 0.0007744994959263058, "13106_13117": 0.0013889069172756657, "13106_13118": 0.006416663421557047, "13106_13119": 0.00025095514393142865, "13106_13120": 8.653625652807885e-05, "13106_13121": 0.002496571000835075, "13106_13122": 0.0011552590246498527, "13106_13123": 0.0005711392930853205, "13107_13101": 0.001812934574263252, "13107_13102": 0.0024143615571334, "13107_13103": 0.000674982800919015, "13107_13104": 0.0005019102878628573, "13107_13105": 0.0004932566622100495, "13107_13106": 0.005183521766031924, "13107_13108": 0.009077653309795472, "13107_13109": 0.00029855008502187205, "13107_13110": 3.0287689784827598e-05, "13107_13111": 0.00015143844892413799, "13107_13112": 0.00012980438479211827, "13107_13113": 0.00031153052350108387, "13107_13114": 7.788263087527097e-05, "13107_13115": 0.00010384350783369463, "13107_13116": 0.00012547757196571433, "13107_13117": 0.00019903339001458136, "13107_13118": 0.0009735328859408871, "13107_13119": 7.355581804886702e-05, "13107_13120": 4.3268128264039424e-05, "13107_13121": 0.001505730863588572, "13107_13122": 0.00421431569291744, "13107_13123": 0.0033922212559006908, "13108_13101": 0.00286435009107941, "13108_13102": 0.008017584167326506, "13108_13103": 0.002769160208898523, "13108_13104": 0.0010384350783369462, "13108_13105": 0.0005581588546061085, "13108_13106": 0.001051415516816158, "13108_13107": 0.008549782144974191, "13108_13109": 0.0012331416555251236, "13108_13110": 0.0002033602028409853, "13108_13111": 0.0009692060731144831, "13108_13112": 0.0003547986517651233, "13108_13113": 0.000752865431794286, "13108_13114": 0.00015576526175054193, "13108_13115": 0.00015143844892413799, "13108_13116": 0.0003591254645915272, "13108_13117": 0.00018605295153536954, "13108_13118": 0.00025095514393142865, "13108_13119": 0.00022932107979940897, "13108_13120": 0.00013413119761852222, "13108_13121": 0.0004975834750364534, "13108_13122": 0.0009692060731144831, "13108_13123": 0.01225786073720237, "13109_13101": 0.0010730495809481778, "13109_13102": 0.0008826698165864043, "13109_13103": 0.00819931030603547, "13109_13104": 0.0008004603728847294, "13109_13105": 0.00016009207457694588, "13109_13106": 0.00029855008502187205, "13109_13107": 0.00021201382849379317, "13109_13108": 0.0011725662759554684, "13109_13110": 0.004465270836848868, "13109_13111": 0.012668907955710743, "13109_13112": 0.0011595858374762566, "13109_13113": 0.0020595629053682765, "13109_13114": 0.00019037976436177346, "13109_13115": 0.00022499426697300502, "13109_13116": 0.0003331645876331036, "13109_13117": 0.00019037976436177346, "13109_13118": 0.00016441888740334983, "13109_13119": 0.00015576526175054193, "13109_13120": 9.951669500729068e-05, "13109_13121": 0.00016441888740334983, "13109_13122": 6.922900522246308e-05, "13109_13123": 0.00024230151827862078, "13110_13101": 0.0003591254645915272, "13110_13102": 0.00025960876958423655, "13110_13103": 0.001804280948610444, "13110_13104": 0.0006057537956965519, "13110_13105": 8.653625652807885e-05, "13110_13106": 6.922900522246308e-05, "13110_13107": 3.894131543763548e-05, "13110_13108": 0.0001947065771881774, "13110_13109": 0.004525846216418524, "13110_13111": 0.002492244188008671, "13110_13112": 0.010592037799036851, "13110_13113": 0.005763314684770052, "13110_13114": 0.00019037976436177346,