{"13101_13102": 0.03135838616528739, "13101_13103": 0.03049936279017245, "13101_13104": 0.02282058107083515, "13101_13105": 0.014728419558308732, "13101_13106": 0.014798996596170289, "13101_13107": 0.004956524544677281, "13101_13108": 0.009370614141218604, "13101_13109": 0.004103550629950475, "13101_13110": 0.0012280404587910758, "13101_13111": 0.003629676232880027, "13101_13112": 0.0052247172885511945, "13101_13113": 0.007410588975463389, "13101_13114": 0.0025024601138911745, "13101_13115": 0.0034018132249270033, "13101_13116": 0.004575408540224878, "13101_13117": 0.004520963396731678, "13101_13118": 0.0029077739598961107, "13101_13119": 0.002782751778541354, "13101_13120": 0.0020870638339060155, "13101_13121": 0.005291261352820662, "13101_13122": 0.002716207714271887, "13101_13123": 0.004186226588588298, "13102_13101": 0.03425002823081515, "13102_13103": 0.02076981399925793, "13102_13104": 0.0036276597460839824, "13102_13105": 0.001734178644598235, "13102_13106": 0.005785300617851554, "13102_13107": 0.007114165416444853, "13102_13108": 0.020628659923534822, "13102_13109": 0.002972301537369533, "13102_13110": 0.0010788204358837857, "13102_13111": 0.0024197841552533513, "13102_13112": 0.0017261126974140574, "13102_13113": 0.0032465437416315797, "13102_13114": 0.0009336333865685848, "13102_13115": 0.0006916549710432496, "13102_13116": 0.0014458210327638775, "13102_13117": 0.0012582877607317427, "13102_13118": 0.0013026504702447208, "13102_13119": 0.000570665763280582, "13102_13120": 0.0006573746955104938, "13102_13121": 0.003093290745132201, "13102_13122": 0.001865250286341125, "13102_13123": 0.0032324283340592684, "13103_13101": 0.028134023778412297, "13103_13102": 0.020558082885673266, "13103_13104": 0.010193340754004743, "13103_13105": 0.002153607898175483, "13103_13106": 0.004095484682766297, "13103_13107": 0.002752504476600687, "13103_13108": 0.00736622626595041, "13103_13109": 0.02390746745390311, "13103_13110": 0.004174127667812031, "13103_13111": 0.010161076965268032, "13103_13112": 0.004726645049928213, "13103_13113": 0.022032134733581763, "13103_13114": 0.0012804691154882318, "13103_13115": 0.0013187823646130766, "13103_13116": 0.0020648824791495266, "13103_13117": 0.0026254658084498865, "13103_13118": 0.0018007227088677024, "13103_13119": 0.0010324412395747633, "13103_13120": 0.0007965122844375615, "13103_13121": 0.001955992192163126, "13103_13122": 0.0013752439949023213, "13103_13123": 0.0019035635354659698, "13104_13101": 0.019295762151349434, "13104_13102": 0.00416001226023972, "13104_13103": 0.009475471454612916, "13104_13105": 0.008404716965913307, "13104_13106": 0.0022040200680765944, "13104_13107": 0.0012663537079159206, "13104_13108": 0.0028351804352385102, "13104_13109": 0.0029259223410605106, "13104_13110": 0.0014982496894610335, "13104_13111": 0.0010405071867589412, "13104_13112": 0.004801255061381858, "13104_13113": 0.02513752439949023, "13104_13114": 0.016180290051460742, "13104_13115": 0.006323702592395425, "13104_13116": 0.012911564955072674, "13104_13117": 0.0026617625707786867, "13104_13118": 0.0009437158205488071, "13104_13119": 0.0027444385294165094, "13104_13120": 0.005490893545629063, "13104_13121": 0.0010647050283114747, "13104_13122": 0.0004779073706625369, "13104_13123": 0.0011251996321928084, "13105_13101": 0.013435851522044233, "13105_13102": 0.002175789252931972, "13105_13103": 0.002506493087483263, "13105_13104": 0.0070940005484844085, "13105_13106": 0.006478972075690848, "13105_13107": 0.0008529739147268064, "13105_13108": 0.0014518704931520108, "13105_13109": 0.0004295116875574699, "13105_13110": 0.00014922002290729, "13105_13111": 0.00021173111358466825, "13105_13112": 0.00041539627998515865, "13105_13113": 0.0009880785300617851, "13105_13114": 0.000526303053767604, "13105_13115": 0.00029642355901853554, "13105_13116": 0.010532110535740212, "13105_13117": 0.003536917840261982, "13105_13118": 0.0019075965090580586, "13105_13119": 0.0027182242010679314, "13105_13120": 0.001470018874316411, "13105_13121": 0.001597057542467212, "13105_13122": 0.000526303053767604, "13105_13123": 0.00041942925357724755, "13106_13101": 0.012225959444417558, "13106_13102": 0.005785300617851554, "13106_13103": 0.004127748471503008, "13106_13104": 0.0019459097581829034, "13106_13105": 0.005724806013970221, "13106_13107": 0.008328090467663618, "13106_13108": 0.0023068608946748615, "13106_13109": 0.001141331526561164, "13106_13110": 0.00011090677378244528, "13106_13111": 0.0008731387826872509, "13106_13112": 0.0002339124683411573, "13106_13113": 0.0011695623417057866, "13106_13114": 0.0002802916646501799, "13106_13115": 0.00020971462678862378, "13106_13116": 0.0016353707915920566, "13106_13117": 0.0031094226395005564, "13106_13118": 0.009751730145671007, "13106_13119": 0.0006916549710432496, "13106_13120": 0.0003186049137750246, "13106_13121": 0.005261014050879995, "13106_13122": 0.0025427898498120633, "13106_13123": 0.0010243752923905854, "13107_13101": 0.004998870767394215, "13107_13102": 0.005605833293003597, "13107_13103": 0.002998515865718111, "13107_13104": 0.0012603042475277872, "13107_13105": 0.0007924793108454725, "13107_13106": 0.0071423962315894755, "13107_13108": 0.013268483117972544, "13107_13109": 0.0008610398619109842, "13107_13110": 0.00010889028698640081, "13107_13111": 0.0005081546726032038, "13107_13112": 0.00027020923066995757, "13107_13113": 0.0009517817677329849, "13107_13114": 0.00017745083805191243, "13107_13115": 0.0001734178644598235, "13107_13116": 0.00033675329493942474, "13107_13117": 0.0005121876461952927, "13107_13118": 0.0011614963945216087, "13107_13119": 0.00014922002290729, "13107_13120": 6.654406426946717e-05, "13107_13121": 0.002720240687863976, "13107_13122": 0.006579796415493071, "13107_13123": 0.005200519446998661, "13108_13101": 0.010221571569149365, "13108_13102": 0.018257271451386538, "13108_13103": 0.007961089870783526, "13108_13104": 0.0028775266579554436, "13108_13105": 0.0015547113197502782, "13108_13106": 0.0024278501024375294, "13108_13107": 0.012849053864395296, "13108_13109": 0.003206214005710691, "13108_13110": 0.0003790995176563584, "13108_13111": 0.002790817725725532, "13108_13112": 0.0008912871638516512, "13108_13113": 0.0022322508832212165, "13108_13114": 0.0006049460388133378, "13108_13115": 0.0004295116875574699, "13108_13116": 0.0011393150397651197, "13108_13117": 0.0005343690009517818, "13108_13118": 0.0006997209182274275, "13108_13119": 0.00041942925357724755, "13108_13120": 0.00032667086095920246, "13108_13121": 0.001461952927132233, "13108_13122": 0.0017220797238219683, "13108_13123": 0.01744059429898853, "13109_13101": 0.004111616577134653, "13109_13102": 0.003242510768039491, "13109_13103": 0.022731855651809192, "13109_13104": 0.0026799109519430866, "13109_13105": 0.0004678249366823146, "13109_13106": 0.0012623207343238317, "13109_13107": 0.0008065947184177838, "13109_13108": 0.003141686428237268, "13109_13110": 0.007959073383987481, "13109_13111": 0.023742115536627466, "13109_13112": 0.002879543144751488, "13109_13113": 0.005410234073787285, "13109_13114": 0.0006291438803658713, "13109_13115": 0.0007178692993918276, "13109_13116": 0.0013792769684944103, "13109_13117": 0.0007662649824968946, "13109_13118": 0.0003932149252286696, "13109_13119": 0.0004879898046427592, "13109_13120": 0.00027625869105809094, "13109_13121": 0.00027625869105809094, "13109_13122": 0.0002823081514462243, "13109_13123": 0.0005182371065834261, "13110_13101": 0.001395408862862766, "13110_13102": 0.0010122763716143186, "13110_13103": 0.003972478988207585, "13110_13104": 0.001461952927132233, "13110_13105": 0.0001734178644598235, "13110_13106": 0.0001290551549468454, "13110_13107": 0.00010284082659826744, "13110_13108": 0.0004073303328009808, "13110_13109": 0.0073863911339108555, "13110_13111": 0.003510703511913404, "13110_13112": 0.01391779186629886, "13110_13113": 0.01005218667828163, "13110_13114": 0.0003932149252286696, "13110_13115": 0.0006654406426946717, "13110_13116": 0.0005081546726032038,