{"13101_13102": 0.026351935818100587, "13101_13103": 0.024018307810762255, "13101_13104": 0.019550669670440394, "13101_13105": 0.014790733928384711, "13101_13106": 0.013749869297820363, "13101_13107": 0.004253761846370282, "13101_13108": 0.007663900533264893, "13101_13109": 0.0031962623929430328, "13101_13110": 0.0010337354207659623, "13101_13111": 0.0027637569985076186, "13101_13112": 0.0038759137270558265, "13101_13113": 0.005603558901531355, "13101_13114": 0.002124504519919012, "13101_13115": 0.002654442448265701, "13101_13116": 0.003716694708225207, "13101_13117": 0.003752340757217137, "13101_13118": 0.0026782064809269873, "13101_13119": 0.0024310605412496077, "13101_13120": 0.0014947576543949202, "13101_13121": 0.004417733671733159, "13101_13122": 0.0021221281166528836, "13101_13123": 0.0036929306755639204, "13102_13101": 0.029448389273866216, "13102_13103": 0.01600745240064258, "13102_13104": 0.002694841303789888, "13102_13105": 0.0015351565099191071, "13102_13106": 0.005451469092499121, "13102_13107": 0.006202412524595774, "13102_13108": 0.018516934249674433, "13102_13109": 0.0021672797787093277, "13102_13110": 0.0008174827235482553, "13102_13111": 0.001867852967177118, "13102_13112": 0.0013711846845562304, "13102_13113": 0.002716228933185046, "13102_13114": 0.0006321232687902206, "13102_13115": 0.0005917244132660336, "13102_13116": 0.0011858252297981958, "13102_13117": 0.0009767017423788747, "13102_13118": 0.0011192859383465936, "13102_13119": 0.000629746865524092, "13102_13120": 0.00048240986302411576, "13102_13121": 0.002625925609072157, "13102_13122": 0.001592190188306195, "13102_13123": 0.003094077052499501, "13103_13101": 0.02274217925685117, "13103_13102": 0.01590051425366679, "13103_13104": 0.007960950941530974, "13103_13105": 0.00211024610032224, "13103_13106": 0.0033079533464510794, "13103_13107": 0.002131633729717398, "13103_13108": 0.006157260862539329, "13103_13109": 0.019427096700601706, "13103_13110": 0.0036572846265719907, "13103_13111": 0.007865894810885827, "13103_13112": 0.0039495822283058145, "13103_13113": 0.019367686618948488, "13103_13114": 0.0010242298077014478, "13103_13115": 0.0010479938403627341, "13103_13116": 0.001732397981007785, "13103_13117": 0.002050836018669024, "13103_13118": 0.0014258419596771895, "13103_13119": 0.0008792692084676001, "13103_13120": 0.0006440052851208639, "13103_13121": 0.0018203249018545452, "13103_13122": 0.0010741342762901494, "13103_13123": 0.0016729878993545688, "13104_13101": 0.016268856759916732, "13104_13102": 0.0031320995047575593, "13104_13103": 0.0073074400433455955, "13104_13105": 0.008754669632417942, "13104_13106": 0.0018227013051206737, "13104_13107": 0.0011264151481449795, "13104_13108": 0.0023573920399996198, "13104_13109": 0.0020555888252012816, "13104_13110": 0.0012642465375804412, "13104_13111": 0.0008459995627417991, "13104_13112": 0.0038830429368542124, "13104_13113": 0.021045427324835317, "13104_13114": 0.015113924772578207, "13104_13115": 0.005567912852539425, "13104_13116": 0.012656723795401184, "13104_13117": 0.0023383808138705904, "13104_13118": 0.000710544576572466, "13104_13119": 0.002366897653064134, "13104_13120": 0.004681514434273439, "13104_13121": 0.0010337354207659623, "13104_13122": 0.00039685934544348437, "13104_13123": 0.0010479938403627341, "13105_13101": 0.01247136434064315, "13105_13102": 0.0019034990161690478, "13105_13103": 0.002416802121652836, "13105_13104": 0.00696523797302307, "13105_13106": 0.007067423313466602, "13105_13107": 0.000710544576572466, "13105_13108": 0.0013426678453626866, "13105_13109": 0.00038735373237896976, "13105_13110": 0.00014733700249997623, "13105_13111": 0.0002518987462096368, "13105_13112": 0.0003778481193144552, "13105_13113": 0.0008459995627417991, "13105_13114": 0.0005798423969353904, "13105_13115": 0.000358836893185426, "13105_13116": 0.010750848375966009, "13105_13117": 0.004123059666733206, "13105_13118": 0.0021363865362496555, "13105_13119": 0.0025356222849592684, "13105_13120": 0.0011763196167336812, "13105_13121": 0.0017704204332658435, "13105_13122": 0.0005798423969353904, "13105_13123": 0.00046339863689508654, "13106_13101": 0.011123943688748205, "13106_13102": 0.0052185815724185135, "13106_13103": 0.003357857815039781, "13106_13104": 0.0016016958013707094, "13106_13105": 0.005983783424111938, "13106_13107": 0.008638225872377638, "13106_13108": 0.0022932291518141463, "13106_13109": 0.0009624433227821028, "13106_13110": 9.505613064514595e-05, "13106_13111": 0.000710544576572466, "13106_13112": 0.000223381907016093, "13106_13113": 0.001062252259959506, "13106_13114": 0.0002186291004838357, "13106_13115": 0.0001948650678225492, "13106_13116": 0.0014163363466126748, "13106_13117": 0.0025974087698786134, "13106_13118": 0.010738966359635364, "13106_13119": 0.00052756152508056, "13106_13120": 0.0002899211984676952, "13106_13121": 0.004883508711894373, "13106_13122": 0.0023241223942738185, "13106_13123": 0.0009458084999192023, "13107_13101": 0.00431079552475737, "13107_13102": 0.005028469311128221, "13107_13103": 0.002381156072660906, "13107_13104": 0.0012238476820562543, "13107_13105": 0.000812729917015998, "13107_13106": 0.007464282658910086, "13107_13108": 0.013623919924715544, "13107_13109": 0.000684404140645051, "13107_13110": 0.00011406735677417515, "13107_13111": 0.00042537618463702815, "13107_13112": 0.0002899211984676952, "13107_13113": 0.0007913422876208401, "13107_13114": 0.00023526392334673624, "13107_13115": 0.00016872463189513407, "13107_13116": 0.0003398256670563968, "13107_13117": 0.00045864583036282926, "13107_13118": 0.0012571173277820553, "13107_13119": 0.00014971340576610487, "13107_13120": 5.2280871854830275e-05, "13107_13121": 0.002842178306289864, "13107_13122": 0.0066634347582247315, "13107_13123": 0.005220957975684642, "13108_13101": 0.008015608216651933, "13108_13102": 0.016119143354150624, "13108_13103": 0.0066539291451602174, "13108_13104": 0.002435813347781865, "13108_13105": 0.0013497970551610726, "13108_13106": 0.002105493293789983, "13108_13107": 0.013355386355643007, "13108_13109": 0.0029134704042737235, "13108_13110": 0.00038497732911284114, "13108_13111": 0.0024952234294350812, "13108_13112": 0.0007438142222982671, "13108_13113": 0.0017894316593948727, "13108_13114": 0.00047290424995960115, "13108_13115": 0.00038735373237896976, "13108_13116": 0.0009671961293143601, "13108_13117": 0.0004919154760886303, "13108_13118": 0.0006701457210482791, "13108_13119": 0.00038735373237896976, "13108_13120": 0.0002423931331451222, "13108_13121": 0.0014519823956046045, "13108_13122": 0.001827454111652931, "13108_13123": 0.018034524386650316, "13109_13101": 0.0031368523112898167, "13109_13102": 0.0024215549281850933, "13109_13103": 0.018868641933061474, "13109_13104": 0.00211024610032224, "13109_13105": 0.0004895390728225017, "13109_13106": 0.0008626343856046996, "13109_13107": 0.0005727131871370044, "13109_13108": 0.0026758300776608588, "13109_13110": 0.007625878081006835, "13109_13111": 0.022542561382496364, "13109_13112": 0.002300358361612532, "13109_13113": 0.0040707787948783755, "13109_13114": 0.0004301289911692855, "13109_13115": 0.0005204323152821741, "13109_13116": 0.0010052185815724185, "13109_13117": 0.0005489491544757179, "13109_13118": 0.00028279198866930925, "13109_13119": 0.0004942918793547589, "13109_13120": 0.0001901122612902919, "13109_13121": 0.00029467400499995247, "13109_13122": 0.0003303200539918822, "13109_13123": 0.00052756152508056, "13110_13101": 0.001150179180806266, "13110_13102": 0.0008745164019353429, "13110_13103": 0.0033483522019752666, "13110_13104": 0.001292763376773985, "13110_13105": 0.00014733700249997623, "13110_13106": 0.0001069381469757892, "13110_13107": 9.267972737901731e-05, "13110_13108": 0.0003493312801209114, "13110_13109": 0.0071696086539101336, "13110_13111": 0.0035954981416526457, "13110_13112": 0.014503189133183145, "13110_13113": 0.009134894154998527, "13110_13114": 0.00038497732911284114, "13110_13115": 0.0006582637047176358,