{"13101_13102": 0.02886726322681696, "13101_13103": 0.02661732420947221, "13101_13104": 0.023879523950135446, "13101_13105": 0.01620533822906369, "13101_13106": 0.015852280751306312, "13101_13107": 0.003604395886559423, "13101_13108": 0.006223440448832343, "13101_13109": 0.0023686947144085967, "13101_13110": 0.0008377091063152354, "13101_13111": 0.0017781258425235264, "13101_13112": 0.0026960752846927117, "13101_13113": 0.004512716488426134, "13101_13114": 0.001582339423039889, "13101_13115": 0.001887252699284898, "13101_13116": 0.002949634745991193, "13101_13117": 0.0026575599234828157, "13101_13118": 0.0019225584470606361, "13101_13119": 0.0015213567677908873, "13101_13120": 0.001299893440833986, "13101_13121": 0.0030298750818451427, "13101_13122": 0.0014635837259760435, "13101_13123": 0.00255485229358976, "13102_13101": 0.03205119975350169, "13102_13103": 0.017749162290893686, "13102_13104": 0.0024296773696575982, "13102_13105": 0.0013608760960829877, "13102_13106": 0.005106494973745362, "13102_13107": 0.007183114865645581, "13102_13108": 0.01997663401419933, "13102_13109": 0.0017877546828260005, "13102_13110": 0.0005681015778459642, "13102_13111": 0.00122928194528251, "13102_13112": 0.0007991937451053395, "13102_13113": 0.0017460297081819465, "13102_13114": 0.0005263766032019104, "13102_13115": 0.0004172497464405387, "13102_13116": 0.0007189534092513898, "13102_13117": 0.0005424246703727003, "13102_13118": 0.000661180367436546, "13102_13119": 0.00040120167926974875, "13102_13120": 0.00036910554492816883, "13102_13121": 0.0015470336752641512, "13102_13122": 0.0010174474586280829, "13102_13123": 0.0020702006650319036, "13103_13101": 0.024977211744617478, "13103_13102": 0.01745708746838531, "13103_13104": 0.009641678756210602, "13103_13105": 0.0014411164319369375, "13103_13106": 0.002230681336739803, "13103_13107": 0.0016625797588938388, "13103_13108": 0.004795162470632037, "13103_13109": 0.02245124597193514, "13103_13110": 0.003575509365652001, "13103_13111": 0.006037282869651179, "13103_13112": 0.0033091114506168876, "13103_13113": 0.021905611688128282, "13103_13114": 0.0006900668883439679, "13103_13115": 0.0008665956272226573, "13103_13116": 0.0011233647019552966, "13103_13117": 0.001315941508004776, "13103_13118": 0.0009019013749983952, "13103_13119": 0.0007029053420805998, "13103_13120": 0.00045255549421627657, "13103_13121": 0.0012164434915458782, "13103_13122": 0.0007991937451053395, "13103_13123": 0.0010976877944820326, "13104_13101": 0.017556585484844206, "13104_13102": 0.0026928656712585535, "13104_13103": 0.008277593046693456, "13104_13105": 0.010322116804252096, "13104_13106": 0.0015149375409225713, "13104_13107": 0.0009179494421691851, "13104_13108": 0.0021279737068467474, "13104_13109": 0.001559872129000783, "13104_13110": 0.000985351324286503, "13104_13111": 0.0007125341823830738, "13104_13112": 0.003729570810491584, "13104_13113": 0.02365164139631023, "13104_13114": 0.01928977673928952, "13104_13115": 0.005051931545364676, "13104_13116": 0.014523500789564905, "13104_13117": 0.0017973835231284744, "13104_13118": 0.0006322938465291241, "13104_13119": 0.0020798295053343777, "13104_13120": 0.004474201127216238, "13104_13121": 0.0006900668883439679, "13104_13122": 0.00036910554492816883, "13104_13123": 0.0007350014764221797, "13105_13101": 0.012283190612522627, "13105_13102": 0.0013737145498196198, "13105_13103": 0.0014250683647661477, "13105_13104": 0.00776084528379402, "13105_13106": 0.008534362121426095, "13105_13107": 0.000651551527134072, "13105_13108": 0.0008473379466177093, "13105_13109": 0.0002567690747326392, "13105_13110": 9.94980164588977e-05, "13105_13111": 0.0001925768060494794, "13105_13112": 0.0002567690747326392, "13105_13113": 0.000635503459963282, "13105_13114": 0.00033379979715243095, "13105_13115": 0.0001989960329177954, "13105_13116": 0.014934331309137128, "13105_13117": 0.004827258604973617, "13105_13118": 0.002304502445725437, "13105_13119": 0.001887252699284898, "13105_13120": 0.0008537571734860254, "13105_13121": 0.0011971858109409302, "13105_13122": 0.0003562670911915369, "13105_13123": 0.0002952844359425351, "13106_13101": 0.011426223825602445, "13106_13102": 0.004355445430152392, "13106_13103": 0.002509917705511548, "13106_13104": 0.0014314875916344636, "13106_13105": 0.007147809117869844, "13106_13107": 0.010675174282009476, "13106_13108": 0.0015502432886983092, "13106_13109": 0.0005873592584509121, "13106_13110": 7.703072241979177e-05, "13106_13111": 0.0005199573763335944, "13106_13112": 0.00015085183140542554, "13106_13113": 0.0007414207032904957, "13106_13114": 0.0001315941508004776, "13106_13115": 0.0001283845373663196, "13106_13116": 0.0011265743153894545, "13106_13117": 0.002532384999550654, "13106_13118": 0.013249284256204183, "13106_13119": 0.000330590183718273, "13106_13120": 0.0002278825538252173, "13106_13121": 0.004121143649458859, "13106_13122": 0.001983541102309638, "13106_13123": 0.0007670976107637596, "13107_13101": 0.0036525400880717926, "13107_13102": 0.004852935512446881, "13107_13103": 0.0015470336752641512, "13107_13104": 0.0008665956272226573, "13107_13105": 0.0006836476614756518, "13107_13106": 0.008300060340732562, "13107_13108": 0.014616579579155487, "13107_13109": 0.0005295862166360683, "13107_13110": 9.307878959058171e-05, "13107_13111": 0.000330590183718273, "13107_13112": 0.00021183448665442733, "13107_13113": 0.00047502278825538254, "13107_13114": 9.62884030247397e-05, "13107_13115": 0.00015727105827374152, "13107_13116": 0.0002728171419034291, "13107_13117": 0.0002567690747326392, "13107_13118": 0.0014828414065809915, "13107_13119": 8.665956272226573e-05, "13107_13120": 5.456342838068583e-05, "13107_13121": 0.002208214042700697, "13107_13122": 0.008566458255767675, "13107_13123": 0.005610404282908167, "13108_13101": 0.006053330936821969, "13108_13102": 0.016452478463493857, "13108_13103": 0.004958852755774095, "13108_13104": 0.00202847569038785, "13108_13105": 0.000982141710852345, "13108_13106": 0.0015341952215275191, "13108_13107": 0.01416402408493921, "13108_13109": 0.002246729403910593, "13108_13110": 0.0002728171419034291, "13108_13111": 0.0018487373380750023, "13108_13112": 0.0005905688718850702, "13108_13113": 0.0011907665840726143, "13108_13114": 0.0003530574777573789, "13108_13115": 0.0002567690747326392, "13108_13116": 0.000645132300265756, "13108_13117": 0.0003755247717964848, "13108_13118": 0.00045897472108459255, "13108_13119": 0.0002599786881667972, "13108_13120": 0.00015406144483958353, "13108_13121": 0.0009372071227741331, "13108_13122": 0.001290264600531512, "13108_13123": 0.021035806447471467, "13109_13101": 0.002301292832291279, "13109_13102": 0.001989960329177954, "13109_13103": 0.01927372867211873, "13109_13104": 0.0014828414065809915, "13109_13105": 0.0002856555956400611, "13109_13106": 0.0006547611405682299, "13109_13107": 0.00040441129270390677, "13109_13108": 0.002265987084515541, "13109_13110": 0.0080144047450925, "13109_13111": 0.024649831174333364, "13109_13112": 0.001919348833626478, "13109_13113": 0.0036076054999935807, "13109_13114": 0.0002567690747326392, "13109_13115": 0.0004140401330063807, "13109_13116": 0.0006868572749098099, "13109_13117": 0.0003851536120989588, "13109_13118": 0.0002246729403910593, "13109_13119": 0.0002663979150351132, "13109_13120": 0.0001604806717078995, "13109_13121": 0.0002663979150351132, "13109_13122": 0.00016369028514205748, "13109_13123": 0.00043650742704548663, "13110_13101": 0.0007927745182370235, "13110_13102": 0.0005295862166360683, "13110_13103": 0.0031069058042649342, "13110_13104": 0.0009275782824716591, "13110_13105": 8.665956272226573e-05, "13110_13106": 7.703072241979177e-05, "13110_13107": 8.344994928810774e-05, "13110_13108": 0.00024393062099600725, "13110_13109": 0.006996957286464418, "13110_13111": 0.004050532153907383, "13110_13112": 0.018574032943472287, "13110_13113": 0.010620610853628788, "13110_13114": 0.0002503498478643232, "13110_13115": 0.00034342863745490495,