Epoch,loss_train,loss_val,loss_test,mae_val,rmse_val,mae_test,rmse_test,err,lr,time
0,1646.80664,1136.52917,3565.06714,10.449,30.125,22.46,59.708,10.448510063477451,0.001,1.372408s
1,1646.18201,1135.37024,3562.56860,10.441,30.106,22.446,59.687,10.441041358794484,0.001,0.116313s
2,1645.55981,1134.43372,3559.04761,10.435,30.091,22.432,59.658,10.434512518246969,0.001,0.119218s
3,1644.93628,1133.46436,3556.35400,10.428,30.075,22.418,59.635,10.427670594562613,0.001,0.127713s
4,1644.30994,1132.57776,3553.92871,10.421,30.06,22.404,59.615,10.420754286192713,0.001,0.118150s
