{"13101_13102": 0.027566799190098926, "13101_13103": 0.024261735383114654, "13101_13104": 0.022772852270065428, "13101_13105": 0.016015119864717, "13101_13106": 0.014898457529930081, "13101_13107": 0.0037286253822482775, "13101_13108": 0.005984411650510359, "13101_13109": 0.0024547318566436596, "13101_13110": 0.0008952551477170994, "13101_13111": 0.0017199166995568648, "13101_13112": 0.0026600950446504495, "13101_13113": 0.004822826118346954, "13101_13114": 0.0014920919128618322, "13101_13115": 0.0019188622879384423, "13101_13116": 0.002798073436592511, "13101_13117": 0.0025991278482109335, "13101_13118": 0.0020215438819418375, "13101_13119": 0.001517762311362681, "13101_13120": 0.0013220255227937095, "13101_13121": 0.003061195021226211, "13101_13122": 0.0015979823066778333, "13101_13123": 0.0026023366480235396, "13102_13101": 0.030826939799706715, "13102_13103": 0.01608892226040694, "13102_13104": 0.002358467862265477, "13102_13105": 0.0012161351289777084, "13102_13106": 0.005223926094922716, "13102_13107": 0.007011227590544309, "13102_13108": 0.019509502860645032, "13102_13109": 0.001873939090561957, "13102_13110": 0.00048131997189091363, "13102_13111": 0.0013188167229811034, "13102_13112": 0.0009690575434070395, "13102_13113": 0.0016364879044291063, "13102_13114": 0.0004075175762009735, "13102_13115": 0.00048131997189091363, "13102_13116": 0.0006128807642077634, "13102_13117": 0.0005487047679556416, "13102_13118": 0.0007893647539010984, "13102_13119": 0.0004299791748892162, "13102_13120": 0.000458858373202671, "13102_13121": 0.0015723119081769846, "13102_13122": 0.0011808383310390415, "13102_13123": 0.0019349062870014728, "13103_13101": 0.023334392237271493, "13103_13102": 0.015543426292263905, "13103_13104": 0.00953013544344009, "13103_13105": 0.0014920919128618322, "13103_13106": 0.002188401472197354, "13103_13107": 0.0014953007126744383, "13103_13108": 0.004806782119283925, "13103_13109": 0.021672233934341537, "13103_13110": 0.003523262194241488, "13103_13111": 0.006042170047137269, "13103_13112": 0.0032280526114817276, "13103_13113": 0.021486123545210387, "13103_13114": 0.000667430361022067, "13103_13115": 0.0008824199484666751, "13103_13116": 0.001055695138347404, "13103_13117": 0.0013316519222315278, "13103_13118": 0.0008439143507154019, "13103_13119": 0.0007027271589607339, "13103_13120": 0.0005615399672060659, "13103_13121": 0.0012546407267289815, "13103_13122": 0.0007925735537137044, "13103_13123": 0.0011134535349743135, "13104_13101": 0.017192749395943435, "13104_13102": 0.00247077585570669, "13104_13103": 0.008121472325706015, "13104_13105": 0.010017873014956215, "13104_13106": 0.0014535863151105592, "13104_13107": 0.0009145079465927359, "13104_13108": 0.0019862470840031703, "13104_13109": 0.0015434327098635297, "13104_13110": 0.0010428599390969796, "13104_13111": 0.0006963095593355217, "13104_13112": 0.003523262194241488, "13104_13113": 0.023042391454324337, "13104_13114": 0.019057062087067575, "13104_13115": 0.00538436608555302, "13104_13116": 0.01434012636253662, "13104_13117": 0.001694246301056016, "13104_13118": 0.000564748767018672, "13104_13119": 0.002214071870698203, "13104_13120": 0.004505154936898952, "13104_13121": 0.0007797383544632801, "13104_13122": 0.0003369239803236395, "13104_13123": 0.0007508591561498253, "13105_13101": 0.011988076099896355, "13105_13102": 0.001373366319795407, "13105_13103": 0.0014664215143609836, "13105_13104": 0.0077428339478184975, "13105_13106": 0.008474440305092687, "13105_13107": 0.0006192983638329756, "13105_13108": 0.0008214527520271593, "13105_13109": 0.000247077585570669, "13105_13110": 8.663759494036446e-05, "13105_13111": 0.00019894558838157763, "13105_13112": 0.00033050638069842737, "13105_13113": 0.000603254364769945, "13105_13114": 0.0003208799812606091, "13105_13115": 0.00016364879044291063, "13105_13116": 0.014587203948107289, "13105_13117": 0.004694474125842711, "13105_13118": 0.002262203867887294, "13105_13119": 0.0017680486967459562, "13105_13120": 0.0008727935490288567, "13105_13121": 0.0012995639241054667, "13105_13122": 0.00034013278013624563, "13105_13123": 0.0003144623816353969, "13106_13101": 0.010791193769794283, "13106_13102": 0.004216362953764404, "13106_13103": 0.0022461598688242636, "13106_13104": 0.0012289703282281328, "13106_13105": 0.007232634777614129, "13106_13107": 0.01012055460895961, "13106_13108": 0.001591564707052621, "13106_13109": 0.0005487047679556416, "13106_13110": 0.00012193439287903146, "13106_13111": 0.0004396055743270345, "13106_13112": 0.00019252798875636545, "13106_13113": 0.0006128807642077634, "13106_13114": 0.00017327518988072892, "13106_13115": 0.00010268159400339491, "13106_13116": 0.001062112737972616, "13106_13117": 0.002364885461890689, "13106_13118": 0.012421264074598178, "13106_13119": 0.00035296797938667, "13106_13120": 0.00016685759025551674, "13106_13121": 0.004299791748892162, "13106_13122": 0.0021370606751956564, "13106_13123": 0.0007348151570867948, "13107_13101": 0.00330827260679688, "13107_13102": 0.00499931010804029, "13107_13103": 0.001488883113049226, "13107_13104": 0.0008663759494036445, "13107_13105": 0.0007701119550254618, "13107_13106": 0.007746042747631104, "13107_13108": 0.014288785565534923, "13107_13109": 0.0004428143741396405, "13107_13110": 7.701119550254618e-05, "13107_13111": 0.0003144623816353969, "13107_13112": 0.00019252798875636545, "13107_13113": 0.0004652759728278832, "13107_13114": 0.00012193439287903146, "13107_13115": 0.00015081359119248626, "13107_13116": 0.00025670398500848726, "13107_13117": 0.00027595678388412384, "13107_13118": 0.0013669487201701947, "13107_13119": 0.00011551679325381928, "13107_13120": 4.813199718909136e-05, "13107_13121": 0.002326379864139416, "13107_13122": 0.008683012292912082, "13107_13123": 0.005390783685178232, "13108_13101": 0.00570524606681363, "13108_13102": 0.015864306273524514, "13108_13103": 0.004931925311975562, "13108_13104": 0.001973411884752746, "13108_13105": 0.0009369695452809785, "13108_13106": 0.0017134990999316526, "13108_13107": 0.013958279184836496, "13108_13109": 0.0022397422691990514, "13108_13110": 0.0002791655836967299, "13108_13111": 0.001835433492810684, "13108_13112": 0.0005840015658943085, "13108_13113": 0.0011744207314138293, "13108_13114": 0.00034655037976145784, "13108_13115": 0.000317671181448003, "13108_13116": 0.0006385511627086121, "13108_13117": 0.00036259437882448826, "13108_13118": 0.0005134079700169745, "13108_13119": 0.00029200078294715426, "13108_13120": 0.00020215438819418374, "13108_13121": 0.0010075631411583126, "13108_13122": 0.001415080717359286, "13108_13123": 0.020542736400304195, "13109_13101": 0.002255786268262082, "13109_13102": 0.0017038727004938343, "13109_13103": 0.018662379710117024, "13109_13104": 0.0015626855087391663, "13109_13105": 0.00027595678388412384, "13109_13106": 0.0006160895640203695, "13109_13107": 0.000423561575264004, "13109_13108": 0.002210863070885597, "13109_13110": 0.007922526737324439, "13109_13111": 0.024515230568310536, "13109_13112": 0.0019092358885006242, "13109_13113": 0.0037222077826230657, "13109_13114": 0.0003593855790118822, "13109_13115": 0.00046848477264048926, "13109_13116": 0.0005840015658943085, "13109_13117": 0.0003914735771379431, "13109_13118": 0.00019894558838157763, "13109_13119": 0.00030804478201018474, "13109_13120": 0.00020857198781939592, "13109_13121": 0.0002631215846336995, "13109_13122": 0.00019252798875636545, "13109_13123": 0.0003144623816353969, "13110_13101": 0.0008278703516523715, "13110_13102": 0.0006257159634581877, "13110_13103": 0.003279393408483425, "13110_13104": 0.001023607140221343, "13110_13105": 0.00013797839194206192, "13110_13106": 9.305519456557663e-05, "13110_13107": 3.5296797938667e-05, "13110_13108": 0.00020857198781939592, "13110_13109": 0.00704331558867037, "13110_13111": 0.004010999765757614, "13110_13112": 0.01784413575790247, "13110_13113": 0.0105890393816001, "13110_13114": 0.0003016271823849725, "13110_13115": 0.00043639677451442837,