{"13101_13102": 0.030695994262761962, "13101_13103": 0.02872750775442024, "13101_13104": 0.025218466587376306, "13101_13105": 0.01689002741715092, "13101_13106": 0.016367655435177177, "13101_13107": 0.004099291994132907, "13101_13108": 0.00673181068294972, "13101_13109": 0.0024879072361800145, "13101_13110": 0.0009296450526651301, "13101_13111": 0.002110146706843073, "13101_13112": 0.0030515967760499823, "13101_13113": 0.005403746321999534, "13101_13114": 0.0017530449564542453, "13101_13115": 0.002009804066237948, "13101_13116": 0.003364429714407137, "13101_13117": 0.002750568854234607, "13101_13118": 0.002107195452707628, "13101_13119": 0.0018888026466847086, "13101_13120": 0.0013192105985438511, "13101_13121": 0.003302453377562795, "13101_13122": 0.0014785783218578736, "13101_13123": 0.0028302527158916182, "13102_13101": 0.0346919923621543, "13102_13103": 0.018893928975117977, "13102_13104": 0.0027387638376928274, "13102_13105": 0.0012778930406476233, "13102_13106": 0.00599104589495306, "13102_13107": 0.007404696625831147, "13102_13108": 0.021349372415808098, "13102_13109": 0.0020363653534569517, "13102_13110": 0.0006787884511523172, "13102_13111": 0.0016408972993073407, "13102_13112": 0.0010388414556765898, "13102_13113": 0.0020363653534569517, "13102_13114": 0.0004928594406192912, "13102_13115": 0.0004899081864838463, "13102_13116": 0.0008233999037891152, "13102_13117": 0.0006433734015269789, "13102_13118": 0.0008824249864980123, "13102_13119": 0.0005961533353598612, "13102_13120": 0.0004013705624205006, "13102_13121": 0.0017618987188605798, "13102_13122": 0.0013693819188464137, "13102_13123": 0.0022193431098545325, "13103_13101": 0.026882973919767204, "13103_13102": 0.01942515471949805, "13103_13104": 0.010406122081578567, "13103_13105": 0.0016025309955465575, "13103_13106": 0.00247905347377368, "13103_13107": 0.0016231897744946714, "13103_13108": 0.005607382857345229, "13103_13109": 0.023406396548213162, "13103_13110": 0.004226195921957035, "13103_13111": 0.0065517841806875836, "13103_13112": 0.0037126777023896306, "13103_13113": 0.023267687603847256, "13103_13114": 0.0008912787489043469, "13103_13115": 0.0009060350195815712, "13103_13116": 0.001156891621094384, "13103_13117": 0.0013103568361375166, "13103_13118": 0.0009532550857486889, "13103_13119": 0.0007407647879966592, "13103_13120": 0.0005135182195674052, "13103_13121": 0.0014313582556907559, "13103_13122": 0.0008529124451435638, "13103_13123": 0.0013280643609501859, "13104_13101": 0.01903558917361933, "13104_13102": 0.003269989582072902, "13104_13103": 0.008794737323625675, "13104_13105": 0.010589099837976148, "13104_13106": 0.0017264836692352415, "13104_13107": 0.001053597726353814, "13104_13108": 0.0021780255519583047, "13104_13109": 0.0017264836692352415, "13104_13110": 0.0011539403669589391, "13104_13111": 0.0006905934676940966, "13104_13112": 0.0038779479339745423, "13104_13113": 0.02501483005203061, "13104_13114": 0.0202574083856935, "13104_13115": 0.005639846652835122, "13104_13116": 0.015302252692281585, "13104_13117": 0.0019183151880391572, "13104_13118": 0.0006787884511523172, "13104_13119": 0.002340344529407772, "13104_13120": 0.004857764306942235, "13104_13121": 0.0007673260752156629, "13104_13122": 0.0003600530045242726, "13104_13123": 0.0007968386165701115, "13105_13101": 0.013310156150856307, "13105_13102": 0.0016054822496820024, "13105_13103": 0.001673361094797234, "13105_13104": 0.008201535242401258, "13105_13106": 0.008839006135657348, "13105_13107": 0.0006699346887459826, "13105_13108": 0.0009207912902587955, "13105_13109": 0.00025971036391914744, "13105_13110": 0.00012985518195957372, "13105_13111": 0.0001711727398558017, "13105_13112": 0.00024495409324192316, "13105_13113": 0.0006227146225788649, "13105_13114": 0.00038071178347238657, "13105_13115": 0.00018297775639758115, "13105_13116": 0.014856613317829412, "13105_13117": 0.004633468992648426, "13105_13118": 0.0024701997113673454, "13105_13119": 0.002172123043687415, "13105_13120": 0.0010034264060512514, "13105_13121": 0.0014992371008059875, "13105_13122": 0.00044859062858761833, "13105_13123": 0.0003777605293369417, "13106_13101": 0.011796162779373095, "13106_13102": 0.004916789389651132, "13106_13103": 0.002546932318888912, "13106_13104": 0.0015346521504313259, "13106_13105": 0.007366330322070364, "13106_13107": 0.011099666803408108, "13106_13108": 0.0017825574978086937, "13106_13109": 0.0006581296722042031, "13106_13110": 0.00011509891128234944, "13106_13111": 0.0005872995729535266, "13106_13112": 0.00015641646917857743, "13106_13113": 0.0008115948872473357, "13106_13114": 0.00019773402707480545, "13106_13115": 0.00012100141955323914, "13106_13116": 0.0012660880241058437, "13106_13117": 0.002541029810618022, "13106_13118": 0.013203911001980291, "13106_13119": 0.000351199242117938, "13106_13120": 0.00023019782256469888, "13106_13121": 0.00475742166633711, "13106_13122": 0.0022813194466988745, "13106_13123": 0.000805692378976446, "13107_13101": 0.00372448271893141, "13107_13102": 0.00527389114003996, "13107_13103": 0.001758947464725135, "13107_13104": 0.0009886701353740272, "13107_13105": 0.0006787884511523172, "13107_13106": 0.008555685738654641, "13107_13108": 0.014534926617065923, "13107_13109": 0.0005518845233281883, "13107_13110": 8.853762406334571e-05, "13107_13111": 0.00034824798798249317, "13107_13112": 0.00016231897744946715, "13107_13113": 0.0005813970646826368, "13107_13114": 0.00014166019850135315, "13107_13115": 0.00012690392782412888, "13107_13116": 0.0002744666345963717, "13107_13117": 0.00036890676693060714, "13107_13118": 0.0013929919519299727, "13107_13119": 0.00012690392782412888, "13107_13120": 2.951254135444857e-05, "13107_13121": 0.0024967609985863492, "13107_13122": 0.008818347356709234, "13107_13123": 0.005548357774636332, "13108_13101": 0.00682329956114851, "13108_13102": 0.017533400818677897, "13108_13103": 0.005666407940054126, "13108_13104": 0.0022045868391773085, "13108_13105": 0.0010624514887601485, "13108_13106": 0.001758947464725135, "13108_13107": 0.014015505889227627, "13108_13109": 0.002546932318888912, "13108_13110": 0.00024495409324192316, "13108_13111": 0.0021868793143646394, "13108_13112": 0.0006079583519016406, "13108_13113": 0.0012985518195957372, "13108_13114": 0.00038071178347238657, "13108_13115": 0.0003393942255761586, "13108_13116": 0.0006551784180687583, "13108_13117": 0.0003954680541496109, "13108_13118": 0.00038956554587872116, "13108_13119": 0.0003954680541496109, "13108_13120": 0.00020953904361658486, "13108_13121": 0.0010506464722183691, "13108_13122": 0.0015818722165984436, "13108_13123": 0.021916013209813512, "13109_13101": 0.002476102219638235, "13109_13102": 0.0021012929444367383, "13109_13103": 0.020446288650361973, "13109_13104": 0.0017058248902871275, "13109_13105": 0.0002626616180545923, "13109_13106": 0.0005902508270889715, "13109_13107": 0.00046629815340028745, "13109_13108": 0.00247905347377368, "13109_13110": 0.008422879302559623, "13109_13111": 0.025796912397923498, "13109_13112": 0.0019743890166126097, "13109_13113": 0.0042173421595507014, "13109_13114": 0.000289222905273596, "13109_13115": 0.00034824798798249317, "13109_13116": 0.00072305726318399, "13109_13117": 0.0003157841924925997, "13109_13118": 0.00020363653534569514, "13109_13119": 0.00030988168422171, "13109_13120": 0.00019773402707480545, "13109_13121": 0.00025085660151281285, "13109_13122": 0.00022429531429380917, "13109_13123": 0.00047220066167117714, "13110_13101": 0.0009532550857486889, "13110_13102": 0.000681739705287762, "13110_13103": 0.0036329938407326195, "13110_13104": 0.0010860615218437075, "13110_13105": 0.00011214765714690458, "13110_13106": 0.00012100141955323914, "13110_13107": 7.378135338612144e-05, "13110_13108": 0.0002744666345963717, "13110_13109": 0.007578820619822394, "13110_13111": 0.004084535723455683, "13110_13112": 0.018970661582639544, "13110_13113": 0.010878322743249744, "13110_13114": 0.0002833203970027063, "13110_13115": 0.0005400795067864089,