{"13101_13102": 0.01201253235639419, "13101_13103": 0.009671556077344158, "13101_13104": 0.009137587167772325, "13101_13105": 0.00698049422181988, "13101_13106": 0.007129015375475621, "13101_13107": 0.002178310253617551, "13101_13108": 0.0034230589699704374, "13101_13109": 0.0013013282034598356, "13101_13110": 0.00043849102507885766, "13101_13111": 0.0010714740370878538, "13101_13112": 0.0013190092931807573, "13101_13113": 0.0021959913433384727, "13101_13114": 0.0008239387809949503, "13101_13115": 0.0010078221140925358, "13101_13116": 0.0015311823698318174, "13101_13117": 0.0013543714726226006, "13101_13118": 0.0009335615372646647, "13101_13119": 0.0007673592938880009, "13101_13120": 0.000495070512185807, "13101_13121": 0.0015311823698318174, "13101_13122": 0.0007991852553856599, "13101_13123": 0.0015135012801108958, "13102_13101": 0.012680877547845028, "13102_13103": 0.007327043580349944, "13102_13104": 0.0012270676266319645, "13102_13105": 0.0006824900632275768, "13102_13106": 0.002429381727654639, "13102_13107": 0.0031118717908822156, "13102_13108": 0.009600831718460472, "13102_13109": 0.0008486923066042407, "13102_13110": 0.0002899698714231155, "13102_13111": 0.0007107798067810515, "13102_13112": 0.0004597083327439637, "13102_13113": 0.0010219669858692732, "13102_13114": 0.00020156442281850715, "13102_13115": 0.0002051006407626915, "13102_13116": 0.0003606942303068023, "13102_13117": 0.0002439990381487192, "13102_13118": 0.0003147233970324059, "13102_13119": 0.00019095576898595415, "13102_13120": 0.00015912980748829513, "13102_13121": 0.0007143160247252359, "13102_13122": 0.0005940846146229684, "13102_13123": 0.0010679378191436695, "13103_13101": 0.009388658641809412, "13103_13102": 0.007220957042024414, "13103_13104": 0.004812792622034881, "13103_13105": 0.0008274749989391347, "13103_13106": 0.001336690382901679, "13103_13107": 0.0008486923066042407, "13103_13108": 0.0034513487135239117, "13103_13109": 0.010760711204152935, "13103_13110": 0.0020722237152920207, "13103_13111": 0.00322149454715193, "13103_13112": 0.0017857900618130896, "13103_13113": 0.010658160883771589, "13103_13114": 0.00046678076863233234, "13103_13115": 0.00043141858919048897, "13103_13116": 0.0006930987170601299, "13103_13117": 0.0005728673069578625, "13103_13118": 0.00041373749946956734, "13103_13119": 0.0003925201918044613, "13103_13120": 0.00025107147403708786, "13103_13121": 0.0007178522426694202, "13103_13122": 0.00047385320452070104, "13103_13123": 0.0006612727555624708, "13104_13101": 0.00742959390073129, "13104_13102": 0.0012235314086877802, "13104_13103": 0.004342475635458365, "13104_13105": 0.004862299673253462, "13104_13106": 0.0009972134602599827, "13104_13107": 0.0005445775634043878, "13104_13108": 0.0012447487163528862, "13104_13109": 0.0008593009604367936, "13104_13110": 0.0006824900632275768, "13104_13111": 0.0004455634609672263, "13104_13112": 0.0022454983945570535, "13104_13113": 0.013427019534067924, "13104_13114": 0.011308824985501507, "13104_13115": 0.0032886826880914326, "13104_13116": 0.008610690694088858, "13104_13117": 0.0010219669858692732, "13104_13118": 0.00031118717908822156, "13104_13119": 0.0012695022419621767, "13104_13120": 0.002546076919812722, "13104_13121": 0.0004703169865765167, "13104_13122": 0.0002581439099254565, "13104_13123": 0.0005021429480741757, "13105_13101": 0.006121193261383086, "13105_13102": 0.0007107798067810515, "13105_13103": 0.0007779679477205539, "13105_13104": 0.004133838776751489, "13105_13106": 0.00490119807063949, "13105_13107": 0.00039605640974864565, "13105_13108": 0.0005622586531253094, "13105_13109": 0.0001662022433766638, "13105_13110": 4.9507051218580706e-05, "13105_13111": 0.00015559358954411078, "13105_13112": 0.0002051006407626915, "13105_13113": 0.00038898397386027695, "13105_13114": 0.0002439990381487192, "13105_13115": 0.0001485211536557421, "13105_13116": 0.008002461207689153, "13105_13117": 0.0025107147403708786, "13105_13118": 0.001389733652064444, "13105_13119": 0.0009866048064274297, "13105_13120": 0.00047385320452070104, "13105_13121": 0.0007673592938880009, "13105_13122": 0.00022985416637198185, "13105_13123": 0.00016266602543247945, "13106_13101": 0.006117657043438901, "13106_13102": 0.0019944269205199655, "13106_13103": 0.001357907690566785, "13106_13104": 0.0009194166654879274, "13106_13105": 0.004777430442593038, "13106_13107": 0.006722350311894423, "13106_13108": 0.0011174448703622501, "13106_13109": 0.00041373749946956734, "13106_13110": 4.9507051218580706e-05, "13106_13111": 0.00033947692264169624, "13106_13112": 0.00011669519215808309, "13106_13113": 0.000516287819850913, "13106_13114": 0.00010255032038134575, "13106_13115": 9.547788449297708e-05, "13106_13116": 0.0008133301271623973, "13106_13117": 0.0014144871776737343, "13106_13118": 0.00751092691344753, "13106_13119": 0.00025107147403708786, "13106_13120": 0.00011315897421389875, "13106_13121": 0.0026061926248638558, "13106_13122": 0.0012376762804645175, "13106_13123": 0.0006082294863997058, "13107_13101": 0.0018565144206967763, "13107_13102": 0.0022879330098872653, "13107_13103": 0.0007991852553856599, "13107_13104": 0.00044909967891141066, "13107_13105": 0.0003819115379719083, "13107_13106": 0.005880730441178551, "13107_13108": 0.009961525948767274, "13107_13109": 0.00023692660226035052, "13107_13110": 4.243461533021203e-05, "13107_13111": 0.00022985416637198185, "13107_13112": 0.00015912980748829513, "13107_13113": 0.0003324044867533276, "13107_13114": 9.194166654879273e-05, "13107_13115": 8.133301271623973e-05, "13107_13116": 0.00013437628187900477, "13107_13117": 0.00015912980748829513, "13107_13118": 0.0009972134602599827, "13107_13119": 8.84054486046084e-05, "13107_13120": 3.8898397386027695e-05, "13107_13121": 0.0016973846132084813, "13107_13122": 0.004805720186146513, "13107_13123": 0.00349024711090994, "13108_13101": 0.0031154080088264, "13108_13102": 0.008646052873530702, "13108_13103": 0.00349024711090994, "13108_13104": 0.0011280535241948032, "13108_13105": 0.0005764035249020468, "13108_13106": 0.0010467205114785634, "13108_13107": 0.009466455436581468, "13108_13109": 0.001357907690566785, "13108_13110": 0.00015559358954411078, "13108_13111": 0.001357907690566785, "13108_13112": 0.00034654935853006494, "13108_13113": 0.0007567506400554479, "13108_13114": 0.00021570929459524448, "13108_13115": 0.00020863685870687581, "13108_13116": 0.0003925201918044613, "13108_13117": 0.00020156442281850715, "13108_13118": 0.00021217307665106016, "13108_13119": 0.00016266602543247945, "13108_13120": 0.00015205737159992646, "13108_13121": 0.0005304326916276504, "13108_13122": 0.0009653874987623237, "13108_13123": 0.013062789085816937, "13109_13101": 0.001251821152241255, "13109_13102": 0.0009017355757670057, "13109_13103": 0.00927196344965133, "13109_13104": 0.00090527179371119, "13109_13105": 0.00018034711515340114, "13109_13106": 0.00043849102507885766, "13109_13107": 0.00023339038431616617, "13109_13108": 0.001241212498408702, "13109_13110": 0.0051593419805649465, "13109_13111": 0.013702844533714302, "13109_13112": 0.0013190092931807573, "13109_13113": 0.002266715702222159, "13109_13114": 0.0002051006407626915, "13109_13115": 0.00027936121759056254, "13109_13116": 0.0004243461533021203, "13109_13117": 0.0001874195510417698, "13109_13118": 9.547788449297708e-05, "13109_13119": 0.00016973846132084812, "13109_13120": 9.901410243716141e-05, "13109_13121": 0.00020863685870687581, "13109_13122": 9.901410243716141e-05, "13109_13123": 0.00023339038431616617, "13110_13101": 0.0004243461533021203, "13110_13102": 0.0002758249996463782, "13110_13103": 0.0019696733949106753, "13110_13104": 0.0006683451914508395, "13110_13105": 4.9507051218580706e-05, "13110_13106": 6.365192299531805e-05, "13110_13107": 3.1825961497659026e-05, "13110_13108": 0.00016266602543247945, "13110_13109": 0.004865835891197647, "13110_13111": 0.0026769169837475423, "13110_13112": 0.011892300946291921, "13110_13113": 0.006425308004582938, "13110_13114": 0.0001662022433766638,