{"13101_13102": 0.012618399629202666, "13101_13103": 0.009674007344639482, "13101_13104": 0.009436316746491093, "13101_13105": 0.007080208692345174, "13101_13106": 0.008069595807137848, "13101_13107": 0.002362050319099628, "13101_13108": 0.0035891280320406926, "13101_13109": 0.0013548364094458244, "13101_13110": 0.0004545832689587963, "13101_13111": 0.0010785210890983208, "13101_13112": 0.0014231724564134865, "13101_13113": 0.0025878563873405988, "13101_13114": 0.0008764840806721891, "13101_13115": 0.0010904056190057401, "13101_13116": 0.0017440547639138134, "13101_13117": 0.0013578075419226792, "13101_13118": 0.0011557705334965475, "13101_13119": 0.0009626469225009805, "13101_13120": 0.0005912553628941207, "13101_13121": 0.0019282649774788158, "13101_13122": 0.0009210510678250122, "13101_13123": 0.0017410836314369585, "13102_13101": 0.014065341145430992, "13102_13103": 0.008259748285656562, "13102_13104": 0.0013696920718300988, "13102_13105": 0.0007962635037971073, "13102_13106": 0.0026859037590768096, "13102_13107": 0.0033276683740774632, "13102_13108": 0.011005074694270468, "13102_13109": 0.0011735973283576767, "13102_13110": 0.00036247816217629513, "13102_13111": 0.0008883686105796085, "13102_13112": 0.0005704574355561365, "13102_13113": 0.0011290303412048537, "13102_13114": 0.0002733441878706488, "13102_13115": 0.00025254626053266465, "13102_13116": 0.0004842945937273451, "13102_13117": 0.00032682457245403657, "13102_13118": 0.00048132346125049025, "13102_13119": 0.0002317483331946805, "13102_13120": 0.00020500814090298658, "13102_13121": 0.0009953293797463842, "13102_13122": 0.0005763997005098463, "13102_13123": 0.0014558549136588902, "13103_13101": 0.009950322664986987, "13103_13102": 0.007870529931188572, "13103_13104": 0.004730042903152966, "13103_13105": 0.0009537335250704159, "13103_13106": 0.0014944796358580036, "13103_13107": 0.0009359067302092866, "13103_13108": 0.003601012561948112, "13103_13109": 0.011016959224177888, "13103_13110": 0.002281829742224546, "13103_13111": 0.003696088801207468, "13103_13112": 0.0020649370714141404, "13103_13113": 0.011120948860867808, "13103_13114": 0.00040110288437540854, "13103_13115": 0.0004932079911579097, "13103_13116": 0.0007457542516905744, "13103_13117": 0.0006714759397692024, "13103_13118": 0.00060908215775525, "13103_13119": 0.00040110288437540854, "13103_13120": 0.00023769059814839023, "13103_13121": 0.0007457542516905744, "13103_13122": 0.0004486410040050866, "13103_13123": 0.0007219851918757353, "13104_13101": 0.0078883567260497, "13104_13102": 0.0015004219008117135, "13104_13103": 0.004480467775097156, "13104_13105": 0.005437172432644427, "13104_13106": 0.0011260592087279989, "13104_13107": 0.0006506780124312183, "13104_13108": 0.0013578075419226792, "13104_13109": 0.0010101850421306586, "13104_13110": 0.0008378593584730756, "13104_13111": 0.0004991502561116195, "13104_13112": 0.0028314892504426987, "13104_13113": 0.01436839665807019, "13104_13114": 0.011911270099711206, "13104_13115": 0.003651521814054645, "13104_13116": 0.010161273070843684, "13104_13117": 0.001241933375325339, "13104_13118": 0.0003743626920837146, "13104_13119": 0.0016905743793304256, "13104_13120": 0.0029027964298872157, "13104_13121": 0.0005585729056487171, "13104_13122": 0.00024066173062524512, "13104_13123": 0.0006447357474775085, "13105_13101": 0.006046254590399677, "13105_13102": 0.000900253140487028, "13105_13103": 0.0009834448498389646, "13105_13104": 0.004661706856185304, "13105_13106": 0.005202452966972891, "13105_13107": 0.0005496595082181524, "13105_13108": 0.000680389337199767, "13105_13109": 0.00016044115375016342, "13105_13110": 8.319170935193659e-05, "13105_13111": 8.022057687508171e-05, "13105_13112": 0.00021986380328726097, "13105_13113": 0.0004991502561116195, "13105_13114": 0.0002614596579632293, "13105_13115": 0.00011587416659734025, "13105_13116": 0.008164672046397205, "13105_13117": 0.0026651058317388255, "13105_13118": 0.001628180597316473, "13105_13119": 0.0014053456615523573, "13105_13120": 0.0005882842304172659, "13105_13121": 0.0010785210890983208, "13105_13122": 0.00022580606824097073, "13105_13123": 0.0002287772007178256, "13106_13101": 0.006402790487622262, "13106_13102": 0.0025432894001877755, "13106_13103": 0.0014053456615523573, "13106_13104": 0.001022069572038078, "13106_13105": 0.004703302710861272, "13106_13107": 0.0069791901881321085, "13106_13108": 0.001337009614584695, "13106_13109": 0.0003743626920837146, "13106_13110": 6.83360469676622e-05, "13106_13111": 0.00032979570493089146, "13106_13112": 0.00011587416659734025, "13106_13113": 0.0006179955551858146, "13106_13114": 0.00013964322641217927, "13106_13115": 0.0001515277563195988, "13106_13116": 0.0008943108755333183, "13106_13117": 0.0016370939947470378, "13106_13118": 0.008286488477948255, "13106_13119": 0.000341680234838311, "13106_13120": 0.00018123908108814757, "13106_13121": 0.0034168023483831097, "13106_13122": 0.0014172301914597769, "13106_13123": 0.000683360469676622, "13107_13101": 0.0020589948064604303, "13107_13102": 0.00280177792567415, "13107_13103": 0.0008675706832416244, "13107_13104": 0.0005971976278478305, "13107_13105": 0.0005050925210653293, "13107_13106": 0.006168071021950727, "13107_13108": 0.010767384096122079, "13107_13109": 0.00023769059814839023, "13107_13110": 5.34803845833878e-05, "13107_13111": 0.00025254626053266465, "13107_13112": 0.0001485566238427439, "13107_13113": 0.00039813175189855365, "13107_13114": 9.210510678250122e-05, "13107_13115": 0.00010993190164363049, "13107_13116": 0.00019312361099556706, "13107_13117": 0.0002555173930095195, "13107_13118": 0.0013459230120152598, "13107_13119": 0.00011884529907419512, "13107_13120": 5.6451517060242684e-05, "13107_13121": 0.0020738504688447047, "13107_13122": 0.005502537347135234, "13107_13123": 0.004189296792365378, "13108_13101": 0.0036931176687306135, "13108_13102": 0.009947351532510132, "13108_13103": 0.0035713012371795636, "13108_13104": 0.0013815766017375183, "13108_13105": 0.0006774182047229122, "13108_13106": 0.0013696920718300988, "13108_13107": 0.010618827472279335, "13108_13109": 0.0014469415162283257, "13108_13110": 0.00018421021356500243, "13108_13111": 0.0015331043580571171, "13108_13112": 0.00045161213648194147, "13108_13113": 0.0008051769012276719, "13108_13114": 0.00022283493576411584, "13108_13115": 0.00016638341870387318, "13108_13116": 0.0004545832689587963, "13108_13117": 0.0002287772007178256, "13108_13118": 0.00032682457245403657, "13108_13119": 0.00024660399557895486, "13108_13120": 0.0001366720939353244, "13108_13121": 0.0007903212388433975, "13108_13122": 0.0012775869650475976, "13108_13123": 0.014291147213671963, "13109_13101": 0.001295413759908727, "13109_13102": 0.0010933767514825952, "13109_13103": 0.010274176104964169, "13109_13104": 0.0010101850421306586, "13109_13105": 0.00016044115375016342, "13109_13106": 0.00041298741428282806, "13109_13107": 0.00024660399557895486, "13109_13108": 0.0014974507683348584, "13109_13110": 0.006135388564705323, "13109_13111": 0.0153488703754323, "13109_13112": 0.0015331043580571171, "13109_13113": 0.002528433737803501, "13109_13114": 0.00020797927337984145, "13109_13115": 0.00024066173062524512, "13109_13116": 0.0004159585467596829, "13109_13117": 0.0002139215383335512, "13109_13118": 0.00011290303412048537, "13109_13119": 0.00020203700842613172, "13109_13120": 0.0001366720939353244, "13109_13121": 0.0002139215383335512, "13109_13122": 0.0001337009614584695, "13109_13123": 0.0002436328631021, "13110_13101": 0.00036247816217629513, "13110_13102": 0.000341680234838311, "13110_13103": 0.002201609165349465, "13110_13104": 0.000828945961042511, "13110_13105": 7.427831192137195e-05, "13110_13106": 6.83360469676622e-05, "13110_13107": 5.942264953709756e-05, "13110_13108": 0.0002555173930095195, "13110_13109": 0.006037341192969112, "13110_13111": 0.003235563267294962, "13110_13112": 0.01276695625304541, "13110_13113": 0.007335726085354694, "13110_13114": 0.0002436328631021,