{"13101_13102": 0.03022340133154597, "13101_13103": 0.02757601422409683, "13101_13104": 0.024258367033299866, "13101_13105": 0.017768903297455254, "13101_13106": 0.016405947646798175, "13101_13107": 0.0040524092905339084, "13101_13108": 0.006825995995266113, "13101_13109": 0.0025688629135841245, "13101_13110": 0.000992770165293428, "13101_13111": 0.0019518871046447061, "13101_13112": 0.003034399205783868, "13101_13113": 0.005059201633303232, "13101_13114": 0.0016882701680978635, "13101_13115": 0.0022772016220854903, "13101_13116": 0.0033849536426812646, "13101_13117": 0.0028212621081502506, "13101_13118": 0.0020248024275193646, "13101_13119": 0.0018425141203327181, "13101_13120": 0.0014050221830847669, "13101_13121": 0.0033681270297101894, "13101_13122": 0.0016714435551267886, "13101_13123": 0.002815653237159892, "13102_13101": 0.03401499812102822, "13102_13103": 0.01873643354329207, "13102_13104": 0.002479120977738391, "13102_13105": 0.0013938044411040502, "13102_13106": 0.005771528249078743, "13102_13107": 0.00785522382199687, "13102_13108": 0.02088182669710414, "13102_13109": 0.0019294516206832726, "13102_13110": 0.0007207399222610481, "13102_13111": 0.0014863508124449629, "13102_13112": 0.0010292278267307574, "13102_13113": 0.0020668689599470523, "13102_13114": 0.00045992742120938476, "13102_13115": 0.0005664959700261935, "13102_13116": 0.0008497439550392902, "13102_13117": 0.0006225846799297769, "13102_13118": 0.0008329173420682151, "13102_13119": 0.00042627419526723465, "13102_13120": 0.000367381049868472, "13102_13121": 0.0019574959756350646, "13102_13122": 0.001217125004907762, "13102_13123": 0.002336094767484253, "13103_13101": 0.026103685589127765, "13103_13102": 0.018178350879751413, "13103_13104": 0.010250211734879887, "13103_13105": 0.0018929939592459435, "13103_13106": 0.0025492318651178705, "13103_13107": 0.0016882701680978635, "13103_13108": 0.005535955667483692, "13103_13109": 0.023532018240048462, "13103_13110": 0.004058018161524267, "13103_13111": 0.006924151237597384, "13103_13112": 0.0035448064659064776, "13103_13113": 0.022844931543729564, "13103_13114": 0.0007684153256790941, "13103_13115": 0.0009619213748464572, "13103_13116": 0.0012956491987727791, "13103_13117": 0.00159852823225213, "13103_13118": 0.0010348366977211158, "13103_13119": 0.0008329173420682151, "13103_13120": 0.00044029637274313054, "13103_13121": 0.0013208891182293916, "13103_13122": 0.0010152056492548614, "13103_13123": 0.001312475811743854, "13104_13101": 0.018301746041539297, "13104_13102": 0.003034399205783868, "13104_13103": 0.008651683502627756, "13104_13105": 0.011049475851005951, "13104_13106": 0.001649008071165355, "13104_13107": 0.0009759435523223531, "13104_13108": 0.0021846552507445776, "13104_13109": 0.0017695987974580597, "13104_13110": 0.0011554274240138203, "13104_13111": 0.0006674556478526438, "13104_13112": 0.0037775746120063494, "13104_13113": 0.024432242034000975, "13104_13114": 0.019802119031460157, "13104_13115": 0.005552782280454767, "13104_13116": 0.015620705708148008, "13104_13117": 0.0019098205722170184, "13104_13118": 0.0006786733898333604, "13104_13119": 0.002330485896493895, "13104_13120": 0.004789975825766031, "13104_13121": 0.0009142459714284112, "13104_13122": 0.00040383871130580127, "13104_13123": 0.0008160907290971401, "13105_13101": 0.013441659328393788, "13105_13102": 0.0015901149257665924, "13105_13103": 0.0020079758145482894, "13105_13104": 0.00823101817835088, "13105_13106": 0.009296703666518967, "13105_13107": 0.0006506290348815687, "13105_13108": 0.000959116939351278, "13105_13109": 0.00028324798501309673, "13105_13110": 9.254637134091279e-05, "13105_13111": 0.00021313709763361733, "13105_13112": 0.00029166129149863423, "13105_13113": 0.0006197802444345978, "13105_13114": 0.0003729899208588303, "13105_13115": 0.00025520363006130496, "13105_13116": 0.015113102883520576, "13105_13117": 0.005098463730235741, "13105_13118": 0.0026277560589828873, "13105_13119": 0.0020556512179663354, "13105_13120": 0.0009815524233127114, "13105_13121": 0.001553657264329263, "13105_13122": 0.00044029637274313054, "13105_13123": 0.00031690121095524684, "13106_13101": 0.01169730045039234, "13106_13102": 0.004736691551357627, "13106_13103": 0.00275395565626595, "13106_13104": 0.001517199602891934, "13106_13105": 0.0074654072881669645, "13106_13107": 0.010968147221645755, "13106_13108": 0.0016658346841364302, "13106_13109": 0.0007235443577562272, "13106_13110": 8.693750035055443e-05, "13106_13111": 0.0005777137120069101, "13106_13112": 0.00020752822664325897, "13106_13113": 0.0007431754062224814, "13106_13114": 0.00024398588808058826, "13106_13115": 0.00015424395223485464, "13106_13116": 0.001132991940052387, "13106_13117": 0.0026978669463623667, "13106_13118": 0.01370247182944545, "13106_13119": 0.00040664314680098043, "13106_13120": 0.00025520363006130496, "13106_13121": 0.004576838728132414, "13106_13122": 0.002288419364066207, "13106_13123": 0.0008777883099910819, "13107_13101": 0.0038673165478520827, "13107_13102": 0.0053648851022777624, "13107_13103": 0.0017667943619628806, "13107_13104": 0.0009871612943030698, "13107_13105": 0.0007571975836983773, "13107_13106": 0.00853670164732541, "13107_13108": 0.015856278289743057, "13107_13109": 0.0005132116956177891, "13107_13110": 9.815524233127114e-05, "13107_13111": 0.00034494556590703855, "13107_13112": 0.0001907016136721839, "13107_13113": 0.00054406048606476, "13107_13114": 0.00015704838773003383, "13107_13115": 0.00011778629079752537, "13107_13116": 0.00025520363006130496, "13107_13117": 0.0003281189529359635, "13107_13118": 0.0014526975865028129, "13107_13119": 0.00014022177475895878, "13107_13120": 7.291532287465856e-05, "13107_13121": 0.0024174233968444494, "13107_13122": 0.009055522213933557, "13107_13123": 0.005892118975371448, "13108_13101": 0.006755885107886633, "13108_13102": 0.01710425208509779, "13108_13103": 0.0053172096988597164, "13108_13104": 0.0020556512179663354, "13108_13105": 0.0010152056492548614, "13108_13106": 0.0017639899264677013, "13108_13107": 0.01506542748010253, "13108_13109": 0.002462294364767316, "13108_13110": 0.00027763911402273834, "13108_13111": 0.0021201532343554565, "13108_13112": 0.000687086696318898, "13108_13113": 0.0014134354895703044, "13108_13114": 0.0003533588723925761, "13108_13115": 0.0003084879044697093, "13108_13116": 0.000751588712708019, "13108_13117": 0.00040383871130580127, "13108_13118": 0.0005104072601226099, "13108_13119": 0.0003281189529359635, "13108_13120": 0.00027203024303238, "13108_13121": 0.0010208145202452198, "13108_13122": 0.0017022923455737595, "13108_13123": 0.022225151299294966, "13109_13101": 0.0024202278323396283, "13109_13102": 0.002207090734706011, "13109_13103": 0.020839760164676452, "13109_13104": 0.0017555766199821637, "13109_13105": 0.00037018548536365116, "13109_13106": 0.0007067177447851522, "13109_13107": 0.00045151411472384726, "13109_13108": 0.0023949879128830156, "13109_13110": 0.008948953665116749, "13109_13111": 0.025500731957664242, "13109_13112": 0.0020191935565290063, "13109_13113": 0.003937427435231562, "13109_13114": 0.0003898165338299054, "13109_13115": 0.0004234697597720555, "13109_13116": 0.0008020685516212442, "13109_13117": 0.0003729899208588303, "13109_13118": 0.00024679032357576746, "13109_13119": 0.00034494556590703855, "13109_13120": 0.0001710705652059297, "13109_13121": 0.00024679032357576746, "13109_13122": 0.0002159415331287965, "13109_13123": 0.0004655362921997431, "13110_13101": 0.0009310725843994862, "13110_13102": 0.0007628064546887357, "13110_13103": 0.0036766149341798987, "13110_13104": 0.0010460544397018325, "13110_13105": 0.00010095967782645032, "13110_13106": 9.535080683609196e-05, "13110_13107": 8.693750035055443e-05, "13110_13108": 0.00031129233996488845, "13110_13109": 0.007740241966694524, "13110_13111": 0.004330048404556646, "13110_13112": 0.019061748060732856, "13110_13113": 0.011024235931549338, "13110_13114": 0.0003337278239263219, "13110_13115": 0.0005188205666081475,