{"13101_13102": 0.03046630039291523, "13101_13103": 0.02881750959931589, "13101_13104": 0.025086771108714, "13101_13105": 0.017105505843426357, "13101_13106": 0.016499086178661852, "13101_13107": 0.004253321335352869, "13101_13108": 0.006910948529781633, "13101_13109": 0.00244803514439495, "13101_13110": 0.000877492049474902, "13101_13111": 0.00217696275968455, "13101_13112": 0.0031354970685058604, "13101_13113": 0.005186704598170121, "13101_13114": 0.0016627635969349258, "13101_13115": 0.0021629899563489624, "13101_13116": 0.0032612522985261488, "13101_13117": 0.002962234307144574, "13101_13118": 0.0020707694543340843, "13101_13119": 0.0017773405842867443, "13101_13120": 0.0014140476975614664, "13101_13121": 0.0033031707085329114, "13101_13122": 0.0016404071115979856, "13101_13123": 0.0026883673617670565, "13102_13101": 0.03461342842291763, "13102_13103": 0.01899183429373068, "13102_13104": 0.002657627194428764, "13102_13105": 0.0013469782415506458, "13102_13106": 0.005359967359531408, "13102_13107": 0.00717363723249068, "13102_13108": 0.02110172759740441, "13102_13109": 0.0019003012536399154, "13102_13110": 0.0006818728027766755, "13102_13111": 0.0015202410029119323, "13102_13112": 0.0010507548108361884, "13102_13113": 0.0019645761489836184, "13102_13114": 0.0005812686187604447, "13102_13115": 0.0004834589954113314, "13102_13116": 0.0008523410034708443, "13102_13117": 0.0005672958154248571, "13102_13118": 0.0008607246854721969, "13102_13119": 0.00038006025072798307, "13102_13120": 0.0005141991627496241, "13102_13121": 0.0019003012536399154, "13102_13122": 0.001165331798188007, "13102_13123": 0.002336252717710249, "13103_13101": 0.026509202488276817, "13103_13102": 0.018446894963642765, "13103_13104": 0.010571823003705587, "13103_13105": 0.0016515853542664557, "13103_13106": 0.002509515479071535, "13103_13107": 0.0017270384922786289, "13103_13108": 0.0055863267735679276, "13103_13109": 0.02401645437320799, "13103_13110": 0.003906795812630297, "13103_13111": 0.007243501249168618, "13103_13112": 0.0036580799132568368, "13103_13113": 0.023695079896489474, "13103_13114": 0.0007740933047915538, "13103_13115": 0.0009417669448186051, "13103_13116": 0.0012491686182015324, "13103_13117": 0.001257552300202885, "13103_13118": 0.0010172200828307781, "13103_13119": 0.0007126129701149682, "13103_13120": 0.0006036251040973849, "13103_13121": 0.0013357999988821757, "13103_13122": 0.0008691083674735495, "13103_13123": 0.0012379903755330623, "13104_13101": 0.019033752703737444, "13104_13102": 0.003241690373856326, "13104_13103": 0.0087078510387382, "13104_13105": 0.010599768610376762, "13104_13106": 0.0016292288689295155, "13104_13107": 0.0009557397481541927, "13104_13108": 0.002207702927022843, "13104_13109": 0.0016711472789362784, "13104_13110": 0.001112235145512774, "13104_13111": 0.0006678999994410878, "13104_13112": 0.0036133669425829564, "13104_13113": 0.02479054767799954, "13104_13114": 0.020129220485247516, "13104_13115": 0.005597505016236398, "13104_13116": 0.015602032204517127, "13104_13117": 0.001947808784980913, "13104_13118": 0.0006287761501014425, "13104_13119": 0.002341841839044484, "13104_13120": 0.00475913681610114, "13104_13121": 0.0009166158988145474, "13104_13122": 0.0004499242674059211, "13104_13123": 0.0007852715474600239, "13105_13101": 0.013385945595492933, "13105_13102": 0.0016935037642732186, "13105_13103": 0.0016236397475952805, "13105_13104": 0.007958908779950704, "13105_13106": 0.008727412963408022, "13105_13107": 0.0007042292881136157, "13105_13108": 0.0009054376561460773, "13105_13109": 0.0003493200833896903, "13105_13110": 0.0001257552300202885, "13105_13111": 0.00019003012536399154, "13105_13112": 0.00031578535538428, "13105_13113": 0.000684667363443793, "13105_13114": 0.00035490920472392535, "13105_13115": 0.00025430502070769454, "13105_13116": 0.015040325510426505, "13105_13117": 0.004655738071417792, "13105_13118": 0.0022831560650350157, "13105_13119": 0.002235648533694018, "13105_13120": 0.000930588702150135, "13105_13121": 0.0014140476975614664, "13105_13122": 0.0003856493720622181, "13105_13123": 0.00035490920472392535, "13106_13101": 0.011963514215930114, "13106_13102": 0.00466971087475338, "13106_13103": 0.0024759807510661247, "13106_13104": 0.0014783225929051694, "13106_13105": 0.007383229282524494, "13106_13107": 0.010848484509750221, "13106_13108": 0.0016571744756006907, "13106_13109": 0.0006986401667793806, "13106_13110": 7.265857734505559e-05, "13106_13111": 0.0005728849367590921, "13106_13112": 0.00020679748936669665, "13106_13113": 0.0008076280327969639, "13106_13114": 0.00022077029270228427, "13106_13115": 0.00016767364002705134, "13106_13116": 0.0011876882835249471, "13106_13117": 0.0025765849350823555, "13106_13118": 0.012977939738093774, "13106_13119": 0.0003493200833896903, "13106_13120": 0.0002347430960378719, "13106_13121": 0.004672505435420498, "13106_13122": 0.002140633471012022, "13106_13123": 0.0009753016728240153, "13107_13101": 0.003962687025972647, "13107_13102": 0.005295692464187705, "13107_13103": 0.0018751502076358576, "13107_13104": 0.0009277941414830175, "13107_13105": 0.0007182020914492033, "13107_13106": 0.008568123005382323, "13107_13108": 0.014758074883047636, "13107_13109": 0.0005058154807482715, "13107_13110": 9.222050201487824e-05, "13107_13111": 0.00038006025072798307, "13107_13112": 0.0002235648533694018, "13107_13113": 0.0005812686187604447, "13107_13114": 0.0001369334726887586, "13107_13115": 0.0001117824266847009, "13107_13116": 0.00029063430938022235, "13107_13117": 0.00032137447671851506, "13107_13118": 0.0014028694548929963, "13107_13119": 0.00011737154801893595, "13107_13120": 3.353472800541027e-05, "13107_13121": 0.002411705855722422, "13107_13122": 0.008839195390092723, "13107_13123": 0.005795918823601741, "13108_13101": 0.00710656777647986, "13108_13102": 0.0170328472660813, "13108_13103": 0.0055751485308994575, "13108_13104": 0.002101509621672377, "13108_13105": 0.0009697125514897803, "13108_13106": 0.0017941079482894494, "13108_13107": 0.014171217142952957, "13108_13109": 0.0023921439310525994, "13108_13110": 0.00031857991605139754, "13108_13111": 0.0021629899563489624, "13108_13112": 0.00063157071076856, "13108_13113": 0.0012966761495425303, "13108_13114": 0.00035490920472392535, "13108_13115": 0.0003493200833896903, "13108_13116": 0.000818806275465434, "13108_13117": 0.0003856493720622181, "13108_13118": 0.0003828548113951006, "13108_13119": 0.0003074016733829275, "13108_13120": 0.00025709958137481206, "13108_13121": 0.0009473560661528402, "13108_13122": 0.0015230355635790498, "13108_13123": 0.021230277388091818, "13109_13101": 0.0024955426757359476, "13109_13102": 0.0020791531363354367, "13109_13103": 0.02019908450192545, "13109_13104": 0.0017354221742799814, "13109_13105": 0.000374471129393748, "13109_13106": 0.000684667363443793, "13109_13107": 0.000433156903403216, "13109_13108": 0.002330663596376014, "13109_13110": 0.008814044344088666, "13109_13111": 0.02560376483213074, "13109_13112": 0.0019310414209782081, "13109_13113": 0.004194635561343401, "13109_13114": 0.0003241690373856326, "13109_13115": 0.0003716765687266305, "13109_13116": 0.0008299845181339041, "13109_13117": 0.0003632928867252779, "13109_13118": 0.00019282468603110906, "13109_13119": 0.0003632928867252779, "13109_13120": 0.00023753765670498942, "13109_13121": 0.00026827782404328216, "13109_13122": 0.00024592133870634196, "13109_13123": 0.0003604983260581604, "13110_13101": 0.0009417669448186051, "13110_13102": 0.0007237912127834383, "13110_13103": 0.0036776418379266596, "13110_13104": 0.0010898786601758338, "13110_13105": 9.780962334911329e-05, "13110_13106": 0.00010619330535046585, "13110_13107": 6.427489534370302e-05, "13110_13108": 0.0002626887027090471, "13110_13109": 0.007556492043885781, "13110_13111": 0.0043231853520308075, "13110_13112": 0.019606637640496537, "13110_13113": 0.011080433045120977, "13110_13114": 0.00029063430938022235, "13110_13115": 0.0005449393300879169,