{"13101_13102": 0.024242121981723458, "13101_13103": 0.02152596082282803, "13101_13104": 0.021253577429774958, "13101_13105": 0.015249633625154415, "13101_13106": 0.014443992603448143, "13101_13107": 0.0032801098740898173, "13101_13108": 0.005324903514896686, "13101_13109": 0.0017954285626596896, "13101_13110": 0.0007519316202591862, "13101_13111": 0.0014885176972477768, "13101_13112": 0.0025857240410953647, "13101_13113": 0.00397449570708427, "13101_13114": 0.0012890256347300336, "13101_13115": 0.001734046389577307, "13101_13116": 0.0025550329545541736, "13101_13117": 0.002367050049489377, "13101_13118": 0.0016726642164949246, "13101_13119": 0.0014309719099830432, "13101_13120": 0.0011278974303887794, "13101_13121": 0.002627924285089503, "13101_13122": 0.0013657533510830118, "13101_13123": 0.0022289401600540165, "13102_13101": 0.027763924162325156, "13102_13103": 0.015046305176819022, "13102_13104": 0.0020102661684480287, "13102_13105": 0.0011317338162064282, "13102_13106": 0.004764791185519946, "13102_13107": 0.006448964559467816, "13102_13108": 0.01877910857739141, "13102_13109": 0.0015537362561478083, "13102_13110": 0.0005601123293767408, "13102_13111": 0.0010818608005769925, "13102_13112": 0.0007941318642533242, "13102_13113": 0.0014117899808947986, "13102_13114": 0.00042967521157667786, "13102_13115": 0.00035678388104134855, "13102_13116": 0.0007135677620826971, "13102_13117": 0.00047187545557081584, "13102_13118": 0.0005792942584649853, "13102_13119": 0.00035678388104134855, "13102_13120": 0.0002877289363236682, "13102_13121": 0.001354244193630065, "13102_13122": 0.0009974603125887163, "13102_13123": 0.0018299560350185297, "13103_13101": 0.020712647029486463, "13103_13102": 0.014708703224865918, "13103_13104": 0.008217538421403964, "13103_13105": 0.0011931159892888108, "13103_13106": 0.0019680659244538904, "13103_13107": 0.00126600731982414, "13103_13108": 0.004173987769602014, "13103_13109": 0.0209351574069101, "13103_13110": 0.0033606739762604447, "13103_13111": 0.005336412672349633, "13103_13112": 0.002739179473801321, "13103_13113": 0.018901872923556176, "13103_13114": 0.0005332576286531984, "13103_13115": 0.000721240533717995, "13103_13116": 0.0010089694700416631, "13103_13117": 0.0010012966984063653, "13103_13118": 0.0007826227068003775, "13103_13119": 0.0005984761875532298, "13103_13120": 0.0003874749675825398, "13103_13121": 0.0009974603125887163, "13103_13122": 0.0007058949904473993, "13103_13123": 0.0009821147693181208, "13104_13101": 0.014981086617918991, "13104_13102": 0.0022979951047716967, "13104_13103": 0.006330036599120701, "13104_13105": 0.009713728890287038, "13104_13106": 0.0012736800914594378, "13104_13107": 0.0008018046358886221, "13104_13108": 0.0017839194052067429, "13104_13109": 0.0012199706900123532, "13104_13110": 0.0008785323522416003, "13104_13111": 0.00044502075484727346, "13104_13112": 0.0030652722683014787, "13104_13113": 0.0218060169875164, "13104_13114": 0.018828981593020846, "13104_13115": 0.004503916949919819, "13104_13116": 0.013814825329353722, "13104_13117": 0.0015345543270595637, "13104_13118": 0.0005869670301002831, "13104_13119": 0.0019642295386362416, "13104_13120": 0.0040665689667078436, "13104_13121": 0.000763440777712133, "13104_13122": 0.0002877289363236682, "13104_13123": 0.000679040289723857, "13105_13101": 0.010933699580299392, "13105_13102": 0.0011931159892888108, "13105_13103": 0.0013043711780006291, "13105_13104": 0.007200896179727002, "13105_13106": 0.008271247822851048, "13105_13107": 0.0006023125733708788, "13105_13108": 0.0007289133053532928, "13105_13109": 0.0002071648341530411, "13105_13110": 8.4400487988276e-05, "13105_13111": 0.00010358241707652055, "13105_13112": 0.00021867399160598784, "13105_13113": 0.0004258388257590289, "13105_13114": 0.0002800561646883704, "13105_13115": 0.00013810988943536073, "13105_13116": 0.013949098832971435, "13105_13117": 0.004381152603755055, "13105_13118": 0.002148376057883389, "13105_13119": 0.00165348228740668, "13105_13120": 0.0007327496911709416, "13105_13121": 0.001181606831835864, "13105_13122": 0.000337601951953104, "13105_13123": 0.00026087423560012586, "13106_13101": 0.00964083755975171, "13106_13102": 0.0035908571253193793, "13106_13103": 0.001772410247753796, "13106_13104": 0.0011240610445711304, "13106_13105": 0.006775057353967974, "13106_13107": 0.010699680045422807, "13106_13108": 0.0013734261227183095, "13106_13109": 0.0006176581166414744, "13106_13110": 9.974603125887165e-05, "13106_13111": 0.0004565299123002202, "13106_13112": 0.0001227643461647651, "13106_13113": 0.0004910573846590604, "13106_13114": 0.00013043711780006293, "13106_13115": 0.0001227643461647651, "13106_13116": 0.0009130598246004404, "13106_13117": 0.0022711404040481544, "13106_13118": 0.01280201947349441, "13106_13119": 0.0003491111094060508, "13106_13120": 0.0001611282043412542, "13106_13121": 0.0038862588332783453, "13106_13122": 0.0017839194052067429, "13106_13123": 0.0006406764315473679, "13107_13101": 0.0030652722683014787, "13107_13102": 0.004304424887402077, "13107_13103": 0.0014654993823418833, "13107_13104": 0.0007787863209827286, "13107_13105": 0.0005025665421120072, "13107_13106": 0.007853081768727318, "13107_13108": 0.01442097428854225, "13107_13109": 0.00040665689667078437, "13107_13110": 4.9873015629435824e-05, "13107_13111": 0.00035294749522369966, "13107_13112": 0.00014194627525300965, "13107_13113": 0.0004373479832119757, "13107_13114": 0.00011892796034711618, "13107_13115": 0.00011125518871181837, "13107_13116": 0.00025320146396482803, "13107_13117": 0.00026087423560012586, "13107_13118": 0.001185443217653513, "13107_13119": 9.207325962357382e-05, "13107_13120": 4.2200243994138e-05, "13107_13121": 0.0021445396720657403, "13107_13122": 0.008574322302445312, "13107_13123": 0.005443831475243802, "13108_13101": 0.005493704490873238, "13108_13102": 0.014363428501277517, "13108_13103": 0.004473225863378628, "13108_13104": 0.0016189548150478397, "13108_13105": 0.0009245689820533871, "13108_13106": 0.0014885176972477768, "13108_13107": 0.013431186747588832, "13108_13109": 0.0020064297826303795, "13108_13110": 0.00020332844833539218, "13108_13111": 0.0017187008463067114, "13108_13112": 0.0005140756995649538, "13108_13113": 0.0009897875409534186, "13108_13114": 0.0002915653221413171, "13108_13115": 0.0002493650781471791, "13108_13116": 0.00047571184138846473, "13108_13117": 0.00035678388104134855, "13108_13118": 0.0003874749675825398, "13108_13119": 0.00018414651924714763, "13108_13120": 0.00017263736179420092, "13108_13121": 0.0008708595806063024, "13108_13122": 0.0011355702020240772, "13108_13123": 0.020816229446562983, "13109_13101": 0.0017800830193890939, "13109_13102": 0.0015192087837889682, "13109_13103": 0.016837897353661063, "13109_13104": 0.001350407807812416, "13109_13105": 0.00020332844833539218, "13109_13106": 0.0004948937704767093, "13109_13107": 0.0003337655661354551, "13109_13108": 0.0018491379641067743, "13109_13110": 0.007991191658162679, "13109_13111": 0.023160261181146464, "13109_13112": 0.0016841733739478711, "13109_13113": 0.0029770353944955537, "13109_13114": 0.0002570378497824769, "13109_13115": 0.0003606202668589975, "13109_13116": 0.0005601123293767408, "13109_13117": 0.0002723833930530726, "13109_13118": 0.00014961904688830745, "13109_13119": 0.00025320146396482803, "13109_13120": 0.0001649645901589031, "13109_13121": 0.00023785592069423237, "13109_13122": 0.00021483760578833893, "13109_13123": 0.0002838925505060193, "13110_13101": 0.0006943858329944525, "13110_13102": 0.0005946398017355809, "13110_13103": 0.0026739609149012897, "13110_13104": 0.0007979682500709732, "13110_13105": 0.00010741880289416946, "13110_13106": 7.289133053532928e-05, "13110_13107": 3.836385817648909e-05, "13110_13108": 0.00022251037742363673, "13110_13109": 0.006633111078714964, "13110_13111": 0.0036675848416723575, "13110_13112": 0.018487543255250094, "13110_13113": 0.009425999953963371, "13110_13114": 0.00019565567670009438,