{"13101_13102": 0.02787907760984796, "13101_13103": 0.024674808696747604, "13101_13104": 0.023499048732666422, "13101_13105": 0.016499400814633688, "13101_13106": 0.015533597986995579, "13101_13107": 0.003914893067215355, "13101_13108": 0.006198580689757645, "13101_13109": 0.002370900586910949, "13101_13110": 0.0008236779968151118, "13101_13111": 0.0017991711538275187, "13101_13112": 0.0028069654087542434, "13101_13113": 0.004799943150067671, "13101_13114": 0.0015278419313472466, "13101_13115": 0.001931605655276223, "13101_13116": 0.0027262126639684484, "13101_13117": 0.0025162555275253804, "13101_13118": 0.001879923898613314, "13101_13119": 0.0016053645663416099, "13101_13120": 0.001262972928449838, "13101_13121": 0.002897408482914334, "13101_13122": 0.0015116913823900874, "13101_13123": 0.0024516533316967445, "13102_13101": 0.03136113596501145, "13102_13103": 0.016515551363590848, "13102_13104": 0.0021900144385907675, "13102_13105": 0.0013372654536527697, "13102_13106": 0.004967908859222125, "13102_13107": 0.007109471650941415, "13102_13108": 0.020252788392277454, "13102_13109": 0.0017184184090417232, "13102_13110": 0.0005426584449605442, "13102_13111": 0.001314654685112747, "13102_13112": 0.0009270415101409297, "13102_13113": 0.0015439924803044055, "13102_13114": 0.00040376372392897635, "13102_13115": 0.000478056249131908, "13102_13116": 0.0006363316289120667, "13102_13117": 0.0005200476764205215, "13102_13118": 0.0007073940443235666, "13102_13119": 0.00033916152810034014, "13102_13120": 0.00042314438267756723, "13102_13121": 0.0016441258838387916, "13102_13122": 0.0011176179878354066, "13102_13123": 0.00208665092526495, "13103_13101": 0.023896352237012537, "13103_13102": 0.016273293129233462, "13103_13104": 0.009389929163692273, "13103_13105": 0.0014826203942672012, "13103_13106": 0.002306298391082313, "13103_13107": 0.0013566461124013606, "13103_13108": 0.004683659197576125, "13103_13109": 0.022488024367948268, "13103_13110": 0.003517589562869242, "13103_13111": 0.005962782674983123, "13103_13112": 0.003323782975383333, "13103_13113": 0.020963412546392453, "13103_13114": 0.0006783230562006803, "13103_13115": 0.0007946070086922255, "13103_13116": 0.0010659362311724976, "13103_13117": 0.0013178847949041788, "13103_13118": 0.0008333683261894072, "13103_13119": 0.0006589423974520894, "13103_13120": 0.0004715960295490444, "13103_13121": 0.0012403621599098153, "13103_13122": 0.00078491667931793, "13103_13123": 0.001059476011589634, "13104_13101": 0.017575027375180484, "13104_13102": 0.002848956836042857, "13104_13103": 0.00797514107504514, "13104_13105": 0.010410643857784726, "13104_13106": 0.001418018198438565, "13104_13107": 0.000868899533895157, "13104_13108": 0.0018185518125761095, "13104_13109": 0.0015052311628072238, "13104_13110": 0.0010691663409639293, "13104_13111": 0.0006040305309977486, "13104_13112": 0.0033205528655919016, "13104_13113": 0.023360154011634854, "13104_13114": 0.019758581594188387, "13104_13115": 0.005194016544622352, "13104_13116": 0.014990939542035033, "13104_13117": 0.0017087280796674279, "13104_13118": 0.0006621725072435212, "13104_13119": 0.0020446594979763363, "13104_13120": 0.0046707387584103985, "13104_13121": 0.0007235445932807257, "13104_13122": 0.00040699383372040817, "13104_13123": 0.000649252068077794, "13105_13101": 0.012829996091567153, "13105_13102": 0.001434168747395724, "13105_13103": 0.0015246118215558146, "13105_13104": 0.008049433600248072, "13105_13106": 0.00870514588790873, "13105_13107": 0.0006266412995377713, "13105_13108": 0.0008753597534780207, "13105_13109": 0.00025840878331454486, "13105_13110": 0.00013243450144870424, "13105_13111": 0.00019703669727734046, "13105_13112": 0.00023256790498309038, "13105_13113": 0.0005394283351691124, "13105_13114": 0.0004134540533032718, "13105_13115": 0.0002164173560259313, "13105_13116": 0.015058771847655101, "13105_13117": 0.004715960295490444, "13105_13118": 0.002202934877756495, "13105_13119": 0.0018960744475704729, "13105_13120": 0.001023944803883884, "13105_13121": 0.001314654685112747, "13105_13122": 0.0003650024064317946, "13105_13123": 0.0003650024064317946, "13106_13101": 0.011263392842722724, "13106_13102": 0.004518923598213103, "13106_13103": 0.0023418295987880627, "13106_13104": 0.0012726632578241334, "13106_13105": 0.007477704167164642, "13106_13107": 0.010833788240462293, "13106_13108": 0.0014729300648929056, "13106_13109": 0.0006008004212063168, "13106_13110": 0.00010982373290868156, "13106_13111": 0.0004748261393404762, "13106_13112": 0.0002099571364430677, "13106_13113": 0.000700933824740703, "13106_13114": 0.00021318724623449952, "13106_13115": 0.00012597428186584061, "13106_13116": 0.001023944803883884, "13106_13117": 0.0023482898183709265, "13106_13118": 0.01313039630217031, "13106_13119": 0.0003650024064317946, "13106_13120": 0.00016473559936302235, "13106_13121": 0.00405055767845549, "13106_13122": 0.0020963412546392453, "13106_13123": 0.0007946070086922255, "13107_13101": 0.003462677696414901, "13107_13102": 0.004896846443810625, "13107_13103": 0.0015666032488444283, "13107_13104": 0.0009108909611837706, "13107_13105": 0.0007041639345321348, "13107_13106": 0.008433816665428457, "13107_13108": 0.015013550310575056, "13107_13109": 0.0004586755903833171, "13107_13110": 4.5221537080045354e-05, "13107_13111": 0.0002939399910202948, "13107_13112": 0.00018088614832018142, "13107_13113": 0.0003876131749718173, "13107_13114": 0.00013566461124013606, "13107_13115": 0.00013243450144870424, "13107_13116": 0.00020026680706877227, "13107_13117": 0.0003294711987260447, "13107_13118": 0.0013695665515670878, "13107_13119": 0.0001227441720744088, "13107_13120": 5.8141976245772594e-05, "13107_13121": 0.002128642352553563, "13107_13122": 0.008837580389357435, "13107_13123": 0.005759285758122919, "13108_13101": 0.006169509701634758, "13108_13102": 0.015837228307390167, "13108_13103": 0.0049388378710992385, "13108_13104": 0.001912224996527632, "13108_13105": 0.0009819533765952704, "13108_13106": 0.0015633731390529964, "13108_13107": 0.014354607913122966, "13108_13109": 0.0022901478421251537, "13108_13110": 0.00029717010081172656, "13108_13111": 0.0018896142279876092, "13108_13112": 0.0006395617387034985, "13108_13113": 0.001211291171786929, "13108_13114": 0.00031332064976888563, "13108_13115": 0.00028424966164599936, "13108_13116": 0.0006234111897463394, "13108_13117": 0.00040699383372040817, "13108_13118": 0.0004199142728861354, "13108_13119": 0.00025840878331454486, "13108_13120": 0.00025517867352311304, "13108_13121": 0.0009948738157609977, "13108_13122": 0.001282353587198429, "13108_13123": 0.021696647469047474, "13109_13101": 0.0021383326819278585, "13109_13102": 0.001876693788821882, "13109_13103": 0.01917393172193923, "13109_13104": 0.0015084612725986557, "13109_13105": 0.0003004002106031584, "13109_13106": 0.0006234111897463394, "13109_13107": 0.00034562174768320376, "13109_13108": 0.0021480230113021543, "13109_13110": 0.008553330727711434, "13109_13111": 0.0248169335275706, "13109_13112": 0.001857313130073291, "13109_13113": 0.003811529553889537, "13109_13114": 0.0003650024064317946, "13109_13115": 0.00037792284559752184, "13109_13116": 0.0007687661303607709, "13109_13117": 0.0003908432847632491, "13109_13118": 0.000239028124565954, "13109_13119": 0.0003359314183089083, "13109_13120": 0.00020026680706877227, "13109_13121": 0.00028424966164599936, "13109_13122": 0.00021964746581736312, "13109_13123": 0.00040053361413754454, "13110_13101": 0.0009528823884723842, "13110_13102": 0.0006104907505806122, "13110_13103": 0.0032624108893461287, "13110_13104": 0.000991643705969566, "13110_13105": 0.0001227441720744088, "13110_13106": 8.075274478579527e-05, "13110_13107": 4.845164687147716e-05, "13110_13108": 0.00026163889310597667, "13110_13109": 0.007219295383850097, "13110_13111": 0.003982725372835423, "13110_13112": 0.018586051739898638, "13110_13113": 0.010765955934842225, "13110_13114": 0.0002357980147745222, "13110_13115": 0.000529738005794817,