{"13101_13102": 0.0117917023849186, "13101_13103": 0.009332290173207006, "13101_13104": 0.009298599594964381, "13101_13105": 0.007127428997106354, "13101_13106": 0.007370749839969754, "13101_13107": 0.0020850724534602094, "13101_13108": 0.0036123786671258566, "13101_13109": 0.0010743551061814724, "13101_13110": 0.0004342341195716056, "13101_13111": 0.0009321059980459465, "13101_13112": 0.001269011780472192, "13101_13113": 0.0023433668866536645, "13101_13114": 0.0007374493237552267, "13101_13115": 0.0009021588173858357, "13101_13116": 0.001441208069267829, "13101_13117": 0.0012390645998120815, "13101_13118": 0.001036921130356334, "13101_13119": 0.0008347776609005866, "13101_13120": 0.0005615096373770762, "13101_13121": 0.001415004286190232, "13101_13122": 0.0008048304802404758, "13101_13123": 0.0014112608886077181, "13102_13101": 0.013012049996818112, "13102_13103": 0.007636531068328236, "13102_13104": 0.0012091174191519707, "13102_13105": 0.0007187323358426575, "13102_13106": 0.0024406952237990246, "13102_13107": 0.0029760010780985036, "13102_13108": 0.010522690604446407, "13102_13109": 0.0009021588173858357, "13102_13110": 0.0002919850114360796, "13102_13111": 0.0007673965044153375, "13102_13112": 0.00046043790264920246, "13102_13113": 0.000872211636725725, "13102_13114": 0.0002470642404459135, "13102_13115": 0.00017968308396066438, "13102_13116": 0.00040428693891149484, "13102_13117": 0.00027701142110602426, "13102_13118": 0.0002919850114360796, "13102_13119": 0.0002470642404459135, "13102_13120": 0.0001085585298929014, "13102_13121": 0.0008609814439781835, "13102_13122": 0.0005165888663869101, "13102_13123": 0.0010294343351913064, "13103_13101": 0.009365980751449631, "13103_13102": 0.007367006442387239, "13103_13104": 0.004634326207152135, "13103_13105": 0.0008085738778229897, "13103_13106": 0.001201630623986943, "13103_13107": 0.0007823700947453929, "13103_13108": 0.00287492934337063, "13103_13109": 0.010780985037639863, "13103_13110": 0.002163683802693, "13103_13111": 0.0033203936556897773, "13103_13112": 0.001811804429936699, "13103_13113": 0.010114660267952399, "13103_13114": 0.00044920770990166097, "13103_13115": 0.0004379775171541194, "13103_13116": 0.0005839700228721592, "13103_13117": 0.0005652530349595901, "13103_13118": 0.0004379775171541194, "13103_13119": 0.0003331623848437319, "13103_13120": 0.00028824161385356575, "13103_13121": 0.0007037587455126021, "13103_13122": 0.000400543541328981, "13103_13123": 0.0006663247696874638, "13104_13101": 0.007696425429648457, "13104_13102": 0.0012877287683847613, "13104_13103": 0.004162658111755391, "13104_13105": 0.005293164181674572, "13104_13106": 0.0009583097811235433, "13104_13107": 0.0006588379745224361, "13104_13108": 0.0011978872264044292, "13104_13109": 0.0006925285527650606, "13104_13110": 0.0006476077817748945, "13104_13111": 0.000400543541328981, "13104_13112": 0.0023246498987410952, "13104_13113": 0.013697091754418146, "13104_13114": 0.011933951493054125, "13104_13115": 0.003279216282282125, "13104_13116": 0.00946330908859499, "13104_13117": 0.0010406645279388478, "13104_13118": 0.0004342341195716056, "13104_13119": 0.0014486948644328566, "13104_13120": 0.002665299078749855, "13104_13121": 0.0004641813002317163, "13104_13122": 0.0002171170597858028, "13104_13123": 0.0005053586736393686, "13105_13101": 0.005779805867401371, "13105_13102": 0.0006401209866098668, "13105_13103": 0.0007748832995803652, "13105_13104": 0.004503307291764151, "13105_13106": 0.005064816929141227, "13105_13107": 0.00046043790264920246, "13105_13108": 0.00044920770990166097, "13105_13109": 0.00016470949363060902, "13105_13110": 7.861134923279066e-05, "13105_13111": 8.984154198033219e-05, "13105_13112": 0.00019465667429071975, "13105_13113": 0.0004267473244065779, "13105_13114": 0.00019840007187323357, "13105_13115": 0.00013850571055301213, "13105_13116": 0.008183067115375257, "13105_13117": 0.002830008572380464, "13105_13118": 0.0016171477556459794, "13105_13119": 0.0011866570336568876, "13105_13120": 0.000471668095396744, "13105_13121": 0.0009770267690361125, "13105_13122": 0.0003406491800087595, "13105_13123": 0.00020963026462077512, "13106_13101": 0.005862160614216676, "13106_13102": 0.002264755537420874, "13106_13103": 0.0011567098529967769, "13106_13104": 0.0008909286246382942, "13106_13105": 0.004769088520122634, "13106_13107": 0.006689451479952234, "13106_13108": 0.00117917023849186, "13106_13109": 0.00035187937275630107, "13106_13110": 5.615096373770762e-05, "13106_13111": 0.00031444539693116264, "13106_13112": 9.358493956284603e-05, "13106_13113": 0.0005016152760568547, "13106_13114": 0.00011978872264044291, "13106_13115": 8.235474681530451e-05, "13106_13116": 0.0006513511793574084, "13106_13117": 0.0013551099248700106, "13106_13118": 0.007715142417561027, "13106_13119": 0.00024332084286339967, "13106_13120": 9.732833714535988e-05, "13106_13121": 0.002987231270846045, "13106_13122": 0.0013176759490448721, "13106_13123": 0.0005016152760568547, "13107_13101": 0.0019353365501596559, "13107_13102": 0.002500589585119246, "13107_13103": 0.0008123172754055035, "13107_13104": 0.0006064304083672423, "13107_13105": 0.0004342341195716056, "13107_13106": 0.0057947794577314264, "13107_13108": 0.010305573544660605, "13107_13109": 0.00025829443319345507, "13107_13110": 4.866416857267994e-05, "13107_13111": 0.00014224910813552598, "13107_13112": 0.0001085585298929014, "13107_13113": 0.00036685296308635646, "13107_13114": 6.738115648524914e-05, "13107_13115": 7.486795165027682e-05, "13107_13116": 0.00014224910813552598, "13107_13117": 0.00027701142110602426, "13107_13118": 0.0012428079973945954, "13107_13119": 0.00010107173472787371, "13107_13120": 2.9947180660110728e-05, "13107_13121": 0.001766883658946533, "13107_13122": 0.0051097377001313934, "13107_13123": 0.0037883183535040075, "13108_13101": 0.0034027484025050815, "13108_13102": 0.008823188101985124, "13108_13103": 0.003039638837001239, "13108_13104": 0.00122783440706454, "13108_13105": 0.0005652530349595901, "13108_13106": 0.0011641966481618045, "13108_13107": 0.010511460411698866, "13108_13109": 0.001366340117617552, "13108_13110": 0.00020214346945574742, "13108_13111": 0.0016134043580634655, "13108_13112": 0.0004454643123191471, "13108_13113": 0.0006625813721049499, "13108_13114": 0.00018716987912569205, "13108_13115": 0.00016470949363060902, "13108_13116": 0.00039305674616395335, "13108_13117": 0.00021337366220328894, "13108_13118": 0.00025080763802842737, "13108_13119": 0.0002171170597858028, "13108_13120": 0.00015722269846558132, "13108_13121": 0.0006251473962798115, "13108_13122": 0.0012128608167344846, "13108_13123": 0.014108865488494668, "13109_13101": 0.0010930720940940416, "13109_13102": 0.0009021588173858357, "13109_13103": 0.009362237353867117, "13109_13104": 0.0008123172754055035, "13109_13105": 0.00014973590330055365, "13109_13106": 0.0003181887945136765, "13109_13107": 0.00026952462594099656, "13109_13108": 0.001347623129704983, "13109_13110": 0.005723654903663663, "13109_13111": 0.014681605318619286, "13109_13112": 0.0011379928650842078, "13109_13113": 0.002332136693906123, "13109_13114": 0.00016845289121312286, "13109_13115": 0.000235834047698372, "13109_13116": 0.0004454643123191471, "13109_13117": 0.00020214346945574742, "13109_13118": 0.0001085585298929014, "13109_13119": 0.00018716987912569205, "13109_13120": 0.00010481513231038756, "13109_13121": 0.00020963026462077512, "13109_13122": 0.00010107173472787371, "13109_13123": 0.00023209065011585816, "13110_13101": 0.00034439257759127337, "13110_13102": 0.0003331623848437319, "13110_13103": 0.001811804429936699, "13110_13104": 0.0006513511793574084, "13110_13105": 6.36377589027353e-05, "13110_13106": 5.9894361320221457e-05, "13110_13107": 5.615096373770762e-05, "13110_13108": 0.00017968308396066438, "13110_13109": 0.005502794446295346, "13110_13111": 0.00306958601766135, "13110_13112": 0.012334495034383107, "13110_13113": 0.007127428997106354, "13110_13114": 0.0002171170597858028,