{"13101_13102": 0.00989686618520584, "13101_13103": 0.0071501792172752035, "13101_13104": 0.006877130302181846, "13101_13105": 0.004764472170993412, "13101_13106": 0.0059908783150567965, "13101_13107": 0.0019830755952119253, "13101_13108": 0.003318238510541308, "13101_13109": 0.0013351629153293826, "13101_13110": 0.00042808516349382284, "13101_13111": 0.001362930601610063, "13101_13112": 0.0015665603010017193, "13101_13113": 0.002443556392699875, "13101_13114": 0.0009117056995490065, "13101_13115": 0.0009579851766834738, "13101_13116": 0.0015966419611391231, "13101_13117": 0.001249545882630618, "13101_13118": 0.0011384751375078965, "13101_13119": 0.0008607982747010925, "13101_13120": 0.0005576676994703313, "13101_13121": 0.0016614332291273774, "13101_13122": 0.0008723681439847092, "13101_13123": 0.001728538470972355, "13102_13101": 0.010424452224538767, "13102_13103": 0.005923773073211819, "13102_13104": 0.0012518598564873415, "13102_13105": 0.0006317148628854791, "13102_13106": 0.0021126581311884337, "13102_13107": 0.002408846784849025, "13102_13108": 0.008434434707756672, "13102_13109": 0.0009371594119729636, "13102_13110": 0.0003771777386459088, "13102_13111": 0.0008885659609817728, "13102_13112": 0.0005414698824732678, "13102_13113": 0.00115467295450496, "13102_13114": 0.00022445546410216656, "13102_13115": 0.00024065328109923014, "13102_13116": 0.0004489109282043331, "13102_13117": 0.00024759520266940023, "13102_13118": 0.0004142013203534826, "13102_13119": 0.0002429672549559535, "13102_13120": 0.00023139738567233667, "13102_13121": 0.0009834388891074308, "13102_13122": 0.0005761794903241183, "13102_13123": 0.0012657436996276817, "13103_13101": 0.006761431609345677, "13103_13102": 0.0057872486156651404, "13103_13104": 0.00369078830147377, "13103_13105": 0.0007844371374292213, "13103_13106": 0.0015087109545836351, "13103_13107": 0.0009255895426893467, "13103_13108": 0.0028947812947609317, "13103_13109": 0.008510795845028543, "13103_13110": 0.0017377943663992484, "13103_13111": 0.0037486376478918543, "13103_13112": 0.001885888693229544, "13103_13113": 0.008272456537786035, "13103_13114": 0.0004581668236312266, "13103_13115": 0.0005067602746224173, "13103_13116": 0.0006062611504615221, "13103_13117": 0.0006664244707363296, "13103_13118": 0.0004442829804908864, "13103_13119": 0.00032164236608454795, "13103_13120": 0.0002799908366635274, "13103_13121": 0.0007011340785871801, "13103_13122": 0.0004188292680669294, "13103_13123": 0.0006733663923064997, "13104_13101": 0.0063356604197085786, "13104_13102": 0.0014207799480281471, "13104_13103": 0.0036306249811989626, "13104_13105": 0.0037069861184708336, "13104_13106": 0.0009672410721103674, "13104_13107": 0.000650226653739266, "13104_13108": 0.0011500450067915132, "13104_13109": 0.0010759978433763655, "13104_13110": 0.0007497275295783708, "13104_13111": 0.0004813065621984603, "13104_13112": 0.002353311412287664, "13104_13113": 0.012599587649858732, "13104_13114": 0.00989686618520584, "13104_13115": 0.00345707694194471, "13104_13116": 0.007462565687932857, "13104_13117": 0.00115467295450496, "13104_13118": 0.0004581668236312266, "13104_13119": 0.0012472319087738946, "13104_13120": 0.0025014057391179595, "13104_13121": 0.0005669235948972249, "13104_13122": 0.000208257647105103, "13104_13123": 0.0005252720654762042, "13105_13101": 0.004544644654604692, "13105_13102": 0.000807576875996455, "13105_13103": 0.0007427856080082007, "13105_13104": 0.003420053360237136, "13105_13106": 0.004010116693701595, "13105_13107": 0.00044196900663416306, "13105_13108": 0.0005946912811779052, "13105_13109": 0.0001943738039647628, "13105_13110": 6.0163320274807536e-05, "13105_13111": 0.00015503624840046556, "13105_13112": 0.00017586201311097586, "13105_13113": 0.0004373410589207163, "13105_13114": 0.00026842096737991056, "13105_13115": 0.00012958253597650853, "13105_13116": 0.0060903791908959014, "13105_13117": 0.0018396092160950766, "13105_13118": 0.001027404392385175, "13105_13119": 0.0010991375819435992, "13105_13120": 0.0005067602746224173, "13105_13121": 0.0008978218564086662, "13105_13122": 0.0002452812288126769, "13105_13123": 0.00019900175167820953, "13106_13101": 0.005491059962004549, "13106_13102": 0.002182077346890135, "13106_13103": 0.0012773135689112985, "13106_13104": 0.0008885659609817728, "13106_13105": 0.00393838350414317, "13106_13107": 0.005137021961925874, "13106_13108": 0.0013027672813352555, "13106_13109": 0.000416515294210206, "13106_13110": 8.561703269876457e-05, "13106_13111": 0.00040725939878331256, "13106_13112": 0.00012726856211978517, "13106_13113": 0.0007751812420023279, "13106_13114": 0.00014346637911684873, "13106_13115": 0.0001318965098332319, "13106_13116": 0.0010297183662418981, "13106_13117": 0.0015920140134256763, "13106_13118": 0.006391195792269939, "13106_13119": 0.0003401541569383349, "13106_13120": 0.0001735480392542525, "13106_13121": 0.0028554437391966345, "13106_13122": 0.0012217781963499376, "13106_13123": 0.0006409707583123726, "13107_13101": 0.0018187834513845663, "13107_13102": 0.002126541974328774, "13107_13103": 0.0008446004577040289, "13107_13104": 0.0006062611504615221, "13107_13105": 0.0003887476079295256, "13107_13106": 0.004938020210247664, "13107_13108": 0.009644643034822993, "13107_13109": 0.0002707349412366339, "13107_13110": 6.0163320274807536e-05, "13107_13111": 0.0002753628889500806, "13107_13112": 0.00016197816997063567, "13107_13113": 0.0004465969543476098, "13107_13114": 8.33030588420412e-05, "13107_13115": 9.255895426893467e-05, "13107_13116": 0.0002429672549559535, "13107_13117": 0.0002499091765261236, "13107_13118": 0.0009880668368208777, "13107_13119": 8.098908498531783e-05, "13107_13120": 3.702358170757387e-05, "13107_13121": 0.0018396092160950766, "13107_13122": 0.00346401886351488, "13107_13123": 0.0035357520530733045, "13108_13101": 0.0034246813079505827, "13108_13102": 0.007886022903713234, "13108_13103": 0.0029294909026117825, "13108_13104": 0.0011130214250839395, "13108_13105": 0.000624772941315309, "13108_13106": 0.00138144239246385, "13108_13107": 0.009438699361574612, "13108_13109": 0.0011847546146423638, "13108_13110": 0.00018511790853786934, "13108_13111": 0.0012726856211978518, "13108_13112": 0.0003794917125026321, "13108_13113": 0.0009232755688326234, "13108_13114": 0.0001943738039647628, "13108_13115": 0.0001527222745437422, "13108_13116": 0.0004095733726400359, "13108_13117": 0.00023371135952906003, "13108_13118": 0.00028693275823369745, "13108_13119": 0.0001943738039647628, "13108_13120": 0.0001180126666928917, "13108_13121": 0.0006918781831602867, "13108_13122": 0.001022776444671728, "13108_13123": 0.010905758786737227, "13109_13101": 0.0011824406407856404, "13109_13102": 0.0010621140002360252, "13109_13103": 0.008244688851505356, "13109_13104": 0.0010297183662418981, "13109_13105": 0.00017123406539752914, "13109_13106": 0.00046973669291484345, "13109_13107": 0.0003077585229442078, "13109_13108": 0.0011245912943675562, "13109_13110": 0.004919508419393878, "13109_13111": 0.012967509493077747, "13109_13112": 0.0014115240526012538, "13109_13113": 0.002429672549559535, "13109_13114": 0.0002452812288126769, "13109_13115": 0.00028924673209042084, "13109_13116": 0.00045585284977450323, "13109_13117": 0.0002637930196664638, "13109_13118": 0.00013652445754667864, "13109_13119": 0.0001735480392542525, "13109_13120": 0.00015503624840046556, "13109_13121": 0.0001527222745437422, "13109_13122": 0.00011338471897944497, "13109_13123": 0.00021057162096182637, "13110_13101": 0.00038643363407280223, "13110_13102": 0.0003332122353681648, "13110_13103": 0.00185580703309214, "13110_13104": 0.0007612973988619877, "13110_13105": 9.255895426893467e-05, "13110_13106": 6.479126798825427e-05, "13110_13107": 4.85934509911907e-05, "13110_13108": 0.00018048996082442261, "13110_13109": 0.004840833308265283, "13110_13111": 0.0025314873992553634, "13110_13112": 0.010061158329033199, "13110_13113": 0.005849725909796671, "13110_13114": 0.0001943738039647628,