{"13101_13102": 0.0250833734300078, "13101_13103": 0.022276053159894477, "13101_13104": 0.0217152527749664, "13101_13105": 0.015178112193260441, "13101_13106": 0.014736772245358465, "13101_13107": 0.003444442600919182, "13101_13108": 0.005415539811849812, "13101_13109": 0.0018881385741069503, "13101_13110": 0.0007267176585754343, "13101_13111": 0.0015098471901909708, "13101_13112": 0.002661313069303645, "13101_13113": 0.0040682915498332535, "13101_13114": 0.0015098471901909708, "13101_13115": 0.0018416817374856897, "13101_13116": 0.0024489389590350253, "13101_13117": 0.002163561248361567, "13101_13118": 0.0015828507905958089, "13101_13119": 0.0014932554628262348, "13101_13120": 0.0012344245159363542, "13101_13121": 0.0027210432878166948, "13101_13122": 0.0014368435897861326, "13101_13123": 0.0023195234855900846, "13102_13101": 0.02845481243052214, "13102_13103": 0.015121700320220338, "13102_13104": 0.002127059448159148, "13102_13105": 0.001108327387964361, "13102_13106": 0.004632410280234275, "13102_13107": 0.007127806075890561, "13102_13108": 0.018818337177083505, "13102_13109": 0.0015529856813392843, "13102_13110": 0.00047784174810439517, "13102_13111": 0.0012443795523551958, "13102_13112": 0.0008528147865474275, "13102_13113": 0.001460072008096763, "13102_13114": 0.00042474822053724013, "13102_13115": 0.00043470325695608167, "13102_13116": 0.0005840288032387051, "13102_13117": 0.00048447843905028955, "13102_13118": 0.0006537140581705962, "13102_13119": 0.00033183454729471886, "13102_13120": 0.0003749730384430323, "13102_13121": 0.001406978480529608, "13102_13122": 0.0010685072422889946, "13102_13123": 0.0019976439747142077, "13103_13101": 0.02084584626105424, "13103_13102": 0.014992284846775398, "13103_13104": 0.00834563886446218, "13103_13105": 0.0011746942974233047, "13103_13106": 0.0019146853378905278, "13103_13107": 0.0013140648072870866, "13103_13108": 0.004360305951452606, "13103_13109": 0.020567105241326676, "13103_13110": 0.0031756566176104595, "13103_13111": 0.005518408521511174, "13103_13112": 0.0031092897081515156, "13103_13113": 0.020009623201871548, "13103_13114": 0.0005840288032387051, "13103_13115": 0.0008196313318179555, "13103_13116": 0.0009556834962087903, "13103_13117": 0.0012410612068822484, "13103_13118": 0.0008295863682367972, "13103_13119": 0.0006304856398599659, "13103_13120": 0.0003816097293889267, "13103_13121": 0.0010850989696537306, "13103_13122": 0.000879361550331005, "13103_13123": 0.0009755935690464734, "13104_13101": 0.01609729388926681, "13104_13102": 0.00250203248660218, "13104_13103": 0.007151034494201191, "13104_13105": 0.00972607058120821, "13104_13106": 0.0013804317167460305, "13104_13107": 0.0008163129863450084, "13104_13108": 0.0018615918103233728, "13104_13109": 0.0013804317167460305, "13104_13110": 0.0008893165867498465, "13104_13111": 0.0005773921122928108, "13104_13112": 0.0030661512170032023, "13104_13113": 0.022133364304557746, "13104_13114": 0.019070531433027494, "13104_13115": 0.0047020955351661665, "13104_13116": 0.013930414295432297, "13104_13117": 0.0015762140996499144, "13104_13118": 0.000580710457765758, "13104_13119": 0.002219973121401669, "13104_13120": 0.004111430040981566, "13104_13121": 0.0006603507491164905, "13104_13122": 0.00033183454729471886, "13104_13123": 0.000686897512900068, "13105_13101": 0.011587662391531582, "13105_13102": 0.0013339748801247699, "13105_13103": 0.001387068407691925, "13105_13104": 0.006875611819946574, "13105_13106": 0.008053624462842827, "13105_13107": 0.0005508453485092333, "13105_13108": 0.00082626802276385, "13105_13109": 0.0002356025285792504, "13105_13110": 0.00012941547344494036, "13105_13111": 0.00018582734648504257, "13105_13112": 0.0001725539645932538, "13105_13113": 0.0005010701664150255, "13105_13114": 0.00030860612898408855, "13105_13115": 0.00015928058270146505, "13105_13116": 0.014501169716779214, "13105_13117": 0.00444990127922218, "13105_13118": 0.0022564749216040882, "13105_13119": 0.0017719964825537986, "13105_13120": 0.0008727248593851106, "13105_13121": 0.0011315558062749912, "13105_13122": 0.0003451079291865076, "13105_13123": 0.0003251978563488245, "13106_13101": 0.010227140747623235, "13106_13102": 0.0040682915498332535, "13106_13103": 0.00228965837633356, "13106_13104": 0.0011514658791126743, "13106_13105": 0.006719649582718056, "13106_13107": 0.010293507657082179, "13106_13108": 0.001390386753164872, "13106_13109": 0.0005442086575633389, "13106_13110": 4.9775182094207826e-05, "13106_13111": 0.0004977518209420783, "13106_13112": 0.00013273381891788755, "13106_13113": 0.0006636690945894377, "13106_13114": 0.00018250900101209538, "13106_13115": 0.00012609712797199317, "13106_13116": 0.001075143933234889, "13106_13117": 0.0022730666489688242, "13106_13118": 0.012808813525576147, "13106_13119": 0.00033847123824061324, "13106_13120": 0.00016923561912030662, "13106_13121": 0.0038990559307129466, "13106_13122": 0.0019213220288364222, "13106_13123": 0.000686897512900068, "13107_13101": 0.0032519785634882448, "13107_13102": 0.004559406679829437, "13107_13103": 0.0014467986262049742, "13107_13104": 0.0008196313318179555, "13107_13105": 0.0005707554213469164, "13107_13106": 0.007472914005077069, "13107_13108": 0.01417597186043039, "13107_13109": 0.00042142987506429297, "13107_13110": 6.636690945894378e-05, "13107_13111": 0.0003185611654029301, "13107_13112": 0.00016591727364735943, "13107_13113": 0.00044133994790197605, "13107_13114": 0.0001426888553367291, "13107_13115": 7.632194587778533e-05, "13107_13116": 0.0002356025285792504, "13107_13117": 0.000335152892767666, "13107_13118": 0.0013771133712730831, "13107_13119": 7.632194587778533e-05, "13107_13120": 4.9775182094207826e-05, "13107_13121": 0.002150287866469778, "13107_13122": 0.0084385525377047, "13107_13123": 0.005654460685902009, "13108_13101": 0.005236349156310664, "13108_13102": 0.015198022266098123, "13108_13103": 0.004506313152262282, "13108_13104": 0.0016458993545818055, "13108_13105": 0.0007433093859401703, "13108_13106": 0.0015894874815417033, "13108_13107": 0.013280018582734648, "13108_13109": 0.00207728426606494, "13108_13110": 0.00025219425594398635, "13108_13111": 0.0018715468467422143, "13108_13112": 0.0005375719666174445, "13108_13113": 0.001108327387964361, "13108_13114": 0.0002787410197275638, "13108_13115": 0.00028205936520051103, "13108_13116": 0.0005641187304010221, "13108_13117": 0.00030528778351114134, "13108_13118": 0.0003915647658077682, "13108_13119": 0.00031524281992998293, "13108_13120": 0.0001991007283768313, "13108_13121": 0.0009158633505334241, "13108_13122": 0.0013671583348542416, "13108_13123": 0.02112790562625475, "13109_13101": 0.0018748651922151616, "13109_13102": 0.0017919065553914817, "13109_13103": 0.017278624877636012, "13109_13104": 0.0013638399893812945, "13109_13105": 0.0002953327470922998, "13109_13106": 0.0006138939124952299, "13109_13107": 0.000404838147699557, "13109_13108": 0.0021701979393074613, "13109_13110": 0.00799057589885683, "13109_13111": 0.02369962336778882, "13109_13112": 0.001705629573094855, "13109_13113": 0.0032519785634882448, "13109_13114": 0.00030196943803819417, "13109_13115": 0.000404838147699557, "13109_13116": 0.0006006205306034411, "13109_13117": 0.00036169965655124354, "13109_13118": 0.00021237411026862006, "13109_13119": 0.00026878598330872227, "13109_13120": 0.00018250900101209538, "13109_13121": 0.00024555756499809197, "13109_13122": 0.00018250900101209538, "13109_13123": 0.0003185611654029301, "13110_13101": 0.0007068075857377511, "13110_13102": 0.0005242985847256558, "13110_13103": 0.0028239119974780573, "13110_13104": 0.000809676295399114, "13110_13105": 8.95953277695741e-05, "13110_13106": 7.964029135073252e-05, "13110_13107": 5.3093527567155016e-05, "13110_13108": 0.0002555126014169335, "13110_13109": 0.006938660383932572, "13110_13111": 0.003985332913009574, "13110_13112": 0.01785933533540177, "13110_13113": 0.009825620945396626, "13110_13114": 0.0002322841831063032, "13110_13115": 0.00044465829337492327,