{"13101_13102": 0.009821242261946164, "13101_13103": 0.007576916834759222, "13101_13104": 0.007558368690732883, "13101_13105": 0.005462428415756648, "13101_13106": 0.005879761656349261, "13101_13107": 0.001780621826528483, "13101_13108": 0.002675569775799309, "13101_13109": 0.0008903109132642415, "13101_13110": 0.00033386659247409056, "13101_13111": 0.0006538220769284274, "13101_13112": 0.000964503489369595, "13101_13113": 0.0018177181145811597, "13101_13114": 0.0005981776448494122, "13101_13115": 0.0005935406088428276, "13101_13116": 0.0012566367577844242, "13101_13117": 0.0009552294173564258, "13101_13118": 0.0008022072291391343, "13101_13119": 0.0006445480049152582, "13101_13120": 0.0004405184206255362, "13101_13121": 0.0012519997217778397, "13101_13122": 0.0007651109410864575, "13101_13123": 0.0011407108576198094, "13102_13101": 0.01015974589042684, "13102_13103": 0.00612088752869166, "13102_13104": 0.0009088590572905799, "13102_13105": 0.000612088752869166, "13102_13106": 0.001813081078574575, "13102_13107": 0.0024298068674503256, "13102_13108": 0.008597064756207832, "13102_13109": 0.0006955554009876886, "13102_13110": 0.0002086666202963066, "13102_13111": 0.0005935406088428276, "13102_13112": 0.00033386659247409056, "13102_13113": 0.0007465627970601192, "13102_13114": 0.00014374811620412233, "13102_13115": 0.0001622962602304607, "13102_13116": 0.000329229556467506, "13102_13117": 0.00021330365630289118, "13102_13118": 0.0002735851243884909, "13102_13119": 0.00018548144026338365, "13102_13120": 0.00012056293617119937, "13102_13121": 0.0005193480327374742, "13102_13122": 0.0003709628805267673, "13102_13123": 0.0008810368412510724, "13103_13101": 0.0072152280262456235, "13103_13102": 0.0055134358118290785, "13103_13104": 0.0033154807447079828, "13103_13105": 0.000612088752869166, "13103_13106": 0.0008995849852774107, "13103_13107": 0.0005749924648164893, "13103_13108": 0.002462266119496418, "13103_13109": 0.008712990656372446, "13103_13110": 0.001599777422271684, "13103_13111": 0.0024900883355359255, "13103_13112": 0.0014282070900280542, "13103_13113": 0.00835130184785885, "13103_13114": 0.00033386659247409056, "13103_13115": 0.00024112587234239875, "13103_13116": 0.00043124434861236695, "13103_13117": 0.00035705177250701354, "13103_13118": 0.0003153184484477522, "13103_13119": 0.00022721476432264497, "13103_13120": 0.00018548144026338365, "13103_13121": 0.0005657183928033201, "13103_13122": 0.000329229556467506, "13103_13123": 0.00044979249263870535, "13104_13101": 0.0064222948691196585, "13104_13102": 0.0010294219934617792, "13104_13103": 0.0031114511604182606, "13104_13105": 0.004228976838005147, "13104_13106": 0.0006445480049152582, "13104_13107": 0.0004868887806913821, "13104_13108": 0.0009227701653103336, "13104_13109": 0.0006770072569613503, "13104_13110": 0.0005425332127703972, "13104_13111": 0.000329229556467506, "13104_13112": 0.0016925181424033758, "13104_13113": 0.011356101180125663, "13104_13114": 0.010169019962440008, "13104_13115": 0.002925969720154877, "13104_13116": 0.007720664950963344, "13104_13117": 0.0007975701931325497, "13104_13118": 0.0002503999443555679, "13104_13119": 0.000941318309336672, "13104_13120": 0.002031021770884051, "13104_13121": 0.00038951102455310563, "13104_13122": 0.00012056293617119937, "13104_13123": 0.0003941480605596903, "13105_13101": 0.00464631007859776, "13105_13102": 0.0005147109967308896, "13105_13103": 0.0006538220769284274, "13105_13104": 0.0036678954812084117, "13105_13106": 0.004103776865827363, "13105_13107": 0.0003709628805267673, "13105_13108": 0.0004590665646518745, "13105_13109": 0.00012056293617119937, "13105_13110": 4.173332405926132e-05, "13105_13111": 7.419257610535346e-05, "13105_13112": 9.737775613827641e-05, "13105_13113": 0.0003106814124411676, "13105_13114": 0.00019475551227655282, "13105_13115": 0.00012056293617119937, "13105_13116": 0.006570680021330366, "13105_13117": 0.0018733625466601748, "13105_13118": 0.001043333101481533, "13105_13119": 0.0008439405531983956, "13105_13120": 0.0003245925204609214, "13105_13121": 0.0005796295008230739, "13105_13122": 0.00026894808838190626, "13105_13123": 0.0001622962602304607, "13106_13101": 0.004970902599058681, "13106_13102": 0.001826992186594329, "13106_13103": 0.0008022072291391343, "13106_13104": 0.0007604739050798729, "13106_13105": 0.00396930282163641, "13106_13107": 0.005369687695624957, "13106_13108": 0.0009088590572905799, "13106_13109": 0.000329229556467506, "13106_13110": 6.028146808559969e-05, "13106_13111": 0.0002596740163687371, "13106_13112": 6.955554009876887e-05, "13106_13113": 0.0003524147365004289, "13106_13114": 0.00010201479214486101, "13106_13115": 0.00012056293617119937, "13106_13116": 0.0006074517168625814, "13106_13117": 0.001098977533560548, "13106_13118": 0.006542857805290858, "13106_13119": 0.0001530221882172915, "13106_13120": 0.00012983700818436854, "13106_13121": 0.002188680995107927, "13106_13122": 0.0010711553175210406, "13106_13123": 0.00043124434861236695, "13107_13101": 0.0017064292504231295, "13107_13102": 0.0020124736268577127, "13107_13103": 0.0005193480327374742, "13107_13104": 0.0003941480605596903, "13107_13105": 0.0003755999165333519, "13107_13106": 0.004845702626880897, "13107_13108": 0.008634161044260508, "13107_13109": 0.00021330365630289118, "13107_13110": 1.8548144026338364e-05, "13107_13111": 0.00014374811620412233, "13107_13112": 0.00011592590016461478, "13107_13113": 0.00028285919640166007, "13107_13114": 5.5644432079015095e-05, "13107_13115": 4.173332405926132e-05, "13107_13116": 0.00013447404419095313, "13107_13117": 0.0001530221882172915, "13107_13118": 0.0009876886694025178, "13107_13119": 5.5644432079015095e-05, "13107_13120": 2.7822216039507548e-05, "13107_13121": 0.0012519997217778397, "13107_13122": 0.0041362361178734555, "13107_13123": 0.002990888224247061, "13108_13101": 0.002471540191509587, "13108_13102": 0.00765574644687116, "13108_13103": 0.0022628735712132805, "13108_13104": 0.0010850664255407944, "13108_13105": 0.0004126962045860286, "13108_13106": 0.0009505923813498411, "13108_13107": 0.008425494423964203, "13108_13109": 0.0009134960932971645, "13108_13110": 0.00010665182815144559, "13108_13111": 0.0008903109132642415, "13108_13112": 0.0002503999443555679, "13108_13113": 0.0005054369247177204, "13108_13114": 0.00013447404419095313, "13108_13115": 0.00013911108019753774, "13108_13116": 0.0002967703044214138, "13108_13117": 0.00018548144026338365, "13108_13118": 0.00022721476432264497, "13108_13119": 0.00019475551227655282, "13108_13120": 6.955554009876887e-05, "13108_13121": 0.0005471702487769818, "13108_13122": 0.000918133129303749, "13108_13123": 0.011319004892072987, "13109_13101": 0.0007419257610535346, "13109_13102": 0.0007094665090074425, "13109_13103": 0.007525909438686792, "13109_13104": 0.0006028146808559968, "13109_13105": 0.00012056293617119937, "13109_13106": 0.00023185180032922955, "13109_13107": 0.00017620736825021445, "13109_13108": 0.0009274072013169182, "13109_13110": 0.004734413762722867, "13109_13111": 0.011945004752961907, "13109_13112": 0.0009366812733300874, "13109_13113": 0.0017991699705548214, "13109_13114": 0.00012056293617119937, "13109_13115": 0.00013447404419095313, "13109_13116": 0.0003755999165333519, "13109_13117": 0.00011592590016461478, "13109_13118": 6.491850409218427e-05, "13109_13119": 0.00016693329623704528, "13109_13120": 0.00010201479214486101, "13109_13121": 0.0001622962602304607, "13109_13122": 9.274072013169182e-05, "13109_13123": 0.00018084440425679906, "13110_13101": 0.0002550369803621525, "13110_13102": 0.00017620736825021445, "13110_13103": 0.001497762630126823, "13110_13104": 0.0005749924648164893, "13110_13105": 7.419257610535346e-05, "13110_13106": 5.5644432079015095e-05, "13110_13107": 6.491850409218427e-05, "13110_13108": 0.0001622962602304607, "13110_13109": 0.004219702765991978, "13110_13111": 0.002480814263522756, "13110_13112": 0.010317405114650716, "13110_13113": 0.006028146808559969,