{"13101_13102": 0.03279392839729192, "13101_13103": 0.03044593827683503, "13101_13104": 0.022986323706906887, "13101_13105": 0.015057111112887368, "13101_13106": 0.015332875058949539, "13101_13107": 0.0049177903714420455, "13101_13108": 0.009527844165394423, "13101_13109": 0.004290327479677396, "13101_13110": 0.0013388539410264814, "13101_13111": 0.003612907351307281, "13101_13112": 0.00485384510858705, "13101_13113": 0.007731381937061875, "13101_13114": 0.0024958635408090673, "13101_13115": 0.0033091673527460494, "13101_13116": 0.0047199597144844015, "13101_13117": 0.0044841615577066035, "13101_13118": 0.003009423933113255, "13101_13119": 0.0026097660402695294, "13101_13120": 0.002072226174394718, "13101_13121": 0.005433349053210452, "13101_13122": 0.0024778789356310997, "13101_13123": 0.004030549849328975, "13102_13101": 0.03644680153788357, "13102_13103": 0.021415668188031044, "13102_13104": 0.0037587824821952408, "13102_13105": 0.001782474202083017, "13102_13106": 0.005823015498733084, "13102_13107": 0.006796182467807557, "13102_13108": 0.02074024634912515, "13102_13109": 0.002745649723836396, "13102_13110": 0.0010091361794304075, "13102_13111": 0.002411935383311885, "13102_13112": 0.0015366845979841255, "13102_13113": 0.003499004851846819, "13102_13114": 0.0009771635480029094, "13102_13115": 0.0007113910492618318, "13102_13116": 0.001410792361738352, "13102_13117": 0.0011729959154963352, "13102_13118": 0.001200971967995396, "13102_13119": 0.0006194697339077749, "13102_13120": 0.0005954902603371514, "13102_13121": 0.002933488933472947, "13102_13122": 0.001744506702262863, "13102_13123": 0.003261208405604802, "13103_13101": 0.028705428153500603, "13103_13102": 0.021269793057143084, "13103_13104": 0.010149312188766416, "13103_13105": 0.002148161174035026, "13103_13106": 0.004090498533255533, "13103_13107": 0.0027636343290143636, "13103_13108": 0.007469606017249234, "13103_13109": 0.02324410304779109, "13103_13110": 0.00418241984860959, "13103_13111": 0.010221250609478287, "13103_13112": 0.004909797213585171, "13103_13113": 0.02280647765512721, "13103_13114": 0.0013068813095989834, "13103_13115": 0.0013488453883475746, "13103_13116": 0.002036256964038783, "13103_13117": 0.0024139336727761035, "13103_13118": 0.0017365135444059885, "13103_13119": 0.0010870694685349341, "13103_13120": 0.0008033123646158888, "13103_13121": 0.002030262095646127, "13103_13122": 0.001232944599422894, "13103_13123": 0.0017125340708353648, "13104_13101": 0.01943136675006195, "13104_13102": 0.004046536165042723, "13104_13103": 0.009565811665214577, "13104_13105": 0.008622619038103383, "13104_13106": 0.0020802193322515925, "13104_13107": 0.0011849856522816468, "13104_13108": 0.0029155043282949795, "13104_13109": 0.0026956924872309305, "13104_13110": 0.0014627478878080364, "13104_13111": 0.0010111344688946262, "13104_13112": 0.0047819066878751785, "13104_13113": 0.025410248827004083, "13104_13114": 0.016943496367109755, "13104_13115": 0.006404517732820705, "13104_13116": 0.013548402567402303, "13104_13117": 0.002589783145627343, "13104_13118": 0.0008852422326488526, "13104_13119": 0.002729663408122647, "13104_13120": 0.005249506422502338, "13104_13121": 0.001045105389786343, "13104_13122": 0.00039965789284372575, "13104_13123": 0.0010690848633569665, "13105_13101": 0.01374223664543151, "13105_13102": 0.002218101305282678, "13105_13103": 0.0024219268306329782, "13105_13104": 0.007267778781363153, "13105_13106": 0.0070779412822623835, "13105_13107": 0.0007633465753315162, "13105_13108": 0.0013548402567402304, "13105_13109": 0.00046160486623450324, "13105_13110": 0.00013588368356686677, "13105_13111": 0.00027576394606217076, "13105_13112": 0.0004016561823079444, "13105_13113": 0.0009192131535405693, "13105_13114": 0.0004935774976620014, "13105_13115": 0.0003536972351666973, "13105_13116": 0.011012573237308863, "13105_13117": 0.003770772218980553, "13105_13118": 0.0019743099906480055, "13105_13119": 0.002627750645447497, "13105_13120": 0.0013128761779916392, "13105_13121": 0.001630604202802401, "13105_13122": 0.0006074799971224631, "13105_13123": 0.00046560144516294053, "13106_13101": 0.012701127834573604, "13106_13102": 0.005789044577841368, "13106_13103": 0.003950618270760229, "13106_13104": 0.0020162740693965963, "13106_13105": 0.006126755497294316, "13106_13107": 0.008840432589703214, "13106_13108": 0.002411935383311885, "13106_13109": 0.0012369411783513312, "13106_13110": 0.00011190420999624322, "13106_13111": 0.0008332867065791683, "13106_13112": 0.00020182723588608152, "13106_13113": 0.0012369411783513312, "13106_13114": 0.0002917502617759198, "13106_13115": 0.0002078221042787374, "13106_13116": 0.0017105357813711464, "13106_13117": 0.0031572973534654335, "13106_13118": 0.010622906791786232, "13106_13119": 0.0005795039446234024, "13106_13120": 0.00030973486695388746, "13106_13121": 0.00502769629197407, "13106_13122": 0.002671713013660307, "13106_13123": 0.0010411088108579056, "13107_13101": 0.0047819066878751785, "13107_13102": 0.0054813080003516985, "13107_13103": 0.002927494065080291, "13107_13104": 0.001286898414956797, "13107_13105": 0.0008532696012213545, "13107_13106": 0.007897239962592022, "13107_13108": 0.01367029822471964, "13107_13109": 0.0008672576274708849, "13107_13110": 8.592644696140104e-05, "13107_13111": 0.0005195552606968434, "13107_13112": 0.0002917502617759198, "13107_13113": 0.0008692559169351036, "13107_13114": 0.00016186144660170894, "13107_13115": 0.00016785631499436482, "13107_13116": 0.00037567841927310224, "13107_13117": 0.00046160486623450324, "13107_13118": 0.0012449343362082059, "13107_13119": 0.00016385973606592756, "13107_13120": 7.593499964030789e-05, "13107_13121": 0.002735658276515303, "13107_13122": 0.0065643808899581955, "13107_13123": 0.005193554317504216, "13108_13101": 0.010109346399482043, "13108_13102": 0.018528139912235127, "13108_13103": 0.007953192067590143, "13108_13104": 0.002907511170438105, "13108_13105": 0.0014887256508428785, "13108_13106": 0.002453899462060476, "13108_13107": 0.013580375198829802, "13108_13109": 0.0032292357741773043, "13108_13110": 0.0003856698665941954, "13108_13111": 0.002881533407403263, "13108_13112": 0.0007953192067590143, "13108_13113": 0.002202114989568929, "13108_13114": 0.0006114765760509005, "13108_13115": 0.0003596921035593532, "13108_13116": 0.0011909805206743028, "13108_13117": 0.0005994868392655887, "13108_13118": 0.0007233807860471436, "13108_13119": 0.0004516134189134101, "13108_13120": 0.00030573828802545023, "13108_13121": 0.001448759861558506, "13108_13122": 0.001906368148864572, "13108_13123": 0.018050548730286876, "13109_13101": 0.004214392480037088, "13109_13102": 0.0030713709065040323, "13109_13103": 0.02222697371050381, "13109_13104": 0.0028455641970473273, "13109_13105": 0.00046959802409137776, "13109_13106": 0.001099059205320246, "13109_13107": 0.0008013140751516702, "13109_13108": 0.0030074256436490366, "13109_13110": 0.008021133909373576, "13109_13111": 0.02478878080363209, "13109_13112": 0.0028575539338326393, "13109_13113": 0.0055552447105277885, "13109_13114": 0.0005715107867665278, "13109_13115": 0.000635456049621524, "13109_13116": 0.0013628334145971048, "13109_13117": 0.000721382496582925, "13109_13118": 0.0003676852614162277, "13109_13119": 0.00047159631355559643, "13109_13120": 0.00023579815677779822, "13109_13121": 0.0003516989457024787, "13109_13122": 0.0002937485512401384, "13109_13123": 0.0005095638133757503, "13110_13101": 0.001550672624233656, "13110_13102": 0.0010610917055000918, "13110_13103": 0.0038547003764777352, "13110_13104": 0.0014887256508428785, "13110_13105": 0.00012988881517421086, "13110_13106": 0.00010191276267515007, "13110_13107": 8.99230258898383e-05, "13110_13108": 0.00041164762962903756, "13110_13109": 0.007751364831704062, "13110_13111": 0.003940626823439136, "13110_13112": 0.01519898966484689, "13110_13113": 0.010636894818035762, "13110_13114": 0.00038367157712997676, "13110_13115": 0.000737368812296674, "13110_13116": 0.0004875826292693454,