{"13101_13102": 0.029726284381453916, "13101_13103": 0.02697632474017335, "13101_13104": 0.02441285021626707, "13101_13105": 0.01803060582612907, "13101_13106": 0.015812267937363268, "13101_13107": 0.004166689861333007, "13101_13108": 0.00677191478465144, "13101_13109": 0.0025495577241022274, "13101_13110": 0.00095469246655793, "13101_13111": 0.001992885731940169, "13101_13112": 0.003092312916460234, "13101_13113": 0.0048680965714572, "13101_13114": 0.0016254822171132104, "13101_13115": 0.00219607100907932, "13101_13116": 0.0031980805949710254, "13101_13117": 0.0029531449184197196, "13101_13118": 0.0022378214084914747, "13101_13119": 0.0019038182131942397, "13101_13120": 0.0013694131007186635, "13101_13121": 0.0035738341896804147, "13101_13122": 0.001756300135271294, "13101_13123": 0.0028612940397129798, "13102_13101": 0.033439286569174845, "13102_13103": 0.017888654468127745, "13102_13104": 0.002585741403592761, "13102_13105": 0.0014278636598956797, "13102_13106": 0.005605686961071927, "13102_13107": 0.00744270453520672, "13102_13108": 0.020880766425998808, "13102_13109": 0.00209865341045096, "13102_13110": 0.0006735731105160906, "13102_13111": 0.001544764778249712, "13102_13112": 0.0009435590267146889, "13102_13113": 0.001870417893664516, "13102_13114": 0.0005511052722404377, "13102_13115": 0.00041750399412154377, "13102_13116": 0.0008517081480079493, "13102_13117": 0.0006234726312215053, "13102_13118": 0.0008544915079687596, "13102_13119": 0.0004202873540823541, "13102_13120": 0.0003590534349445276, "13102_13121": 0.0018815513335077572, "13102_13122": 0.0012051948630308563, "13102_13123": 0.002268438368060388, "13103_13101": 0.02586576411581004, "13103_13102": 0.01786360422848045, "13103_13104": 0.009719492983149539, "13103_13105": 0.0018370175741347925, "13103_13106": 0.002435439965709005, "13103_13107": 0.0016950662161334677, "13103_13108": 0.0052744671257355024, "13103_13109": 0.023324556471590246, "13103_13110": 0.003924537544742511, "13103_13111": 0.006707897505552803, "13103_13112": 0.0034959001107777265, "13103_13113": 0.021507022417181124, "13103_13114": 0.0007654239892228303, "13103_13115": 0.0009435590267146889, "13103_13116": 0.001269212142129493, "13103_13117": 0.001611565417309159, "13103_13118": 0.0009407756667538786, "13103_13119": 0.0007264569497714862, "13103_13120": 0.0004954380730242319, "13103_13121": 0.0013972467003267664, "13103_13122": 0.000848924788047139, "13103_13123": 0.0013443628610713709, "13104_13101": 0.01831729190209253, "13104_13102": 0.0028612940397129798, "13104_13103": 0.008213695244351171, "13104_13105": 0.01059625137080478, "13104_13106": 0.0015809484577402457, "13104_13107": 0.001021493105617377, "13104_13108": 0.0019789689321361176, "13104_13109": 0.0017256831757023808, "13104_13110": 0.0010855103847160139, "13104_13111": 0.0006346060710647466, "13104_13112": 0.0038744370654479263, "13104_13113": 0.023814427824692855, "13104_13114": 0.018751496055978936, "13104_13115": 0.005285600565578744, "13104_13116": 0.01497447658915937, "13104_13117": 0.001928868452841532, "13104_13118": 0.0007487238294579685, "13104_13119": 0.00229070524774687, "13104_13120": 0.004840262971849097, "13104_13121": 0.0008461414280863287, "13104_13122": 0.00038967039451344085, "13104_13123": 0.0008294412683214669, "13105_13101": 0.0134408452507529, "13105_13102": 0.0017061996559767088, "13105_13103": 0.001945568612606394, "13105_13104": 0.008052260366624174, "13105_13106": 0.008363996682234927, "13105_13107": 0.0007765574290660714, "13105_13108": 0.0010994271845200653, "13105_13109": 0.000334003195297235, "13105_13110": 0.0001280345581972734, "13105_13111": 0.00018091839745266897, "13105_13112": 0.00032008639549318353, "13105_13113": 0.0006791398304377112, "13105_13114": 0.00038688703455263054, "13105_13115": 0.00021988543690401304, "13105_13116": 0.014671090353431048, "13105_13117": 0.004937680570477458, "13105_13118": 0.0024855404450035905, "13105_13119": 0.0021320537299806836, "13105_13120": 0.000963042546440361, "13105_13121": 0.0016839327762902265, "13105_13122": 0.0004731711933377496, "13105_13123": 0.00037575359470938937, "13106_13101": 0.011484143198303263, "13106_13102": 0.004728928573416686, "13106_13103": 0.0026163583631616744, "13106_13104": 0.0014445638196605413, "13106_13105": 0.007089217820183813, "13106_13107": 0.010323482094645372, "13106_13108": 0.0017145497358591398, "13106_13109": 0.0006986233501633832, "13106_13110": 6.95839990202573e-05, "13106_13111": 0.0005288383925539554, "13106_13112": 0.00016421823768780723, "13106_13113": 0.0007125401499674346, "13106_13114": 0.0001976185572175307, "13106_13115": 0.00012525119823646313, "13106_13116": 0.0011773612634227535, "13106_13117": 0.0026358418828873464, "13106_13118": 0.013056741576161079, "13106_13119": 0.00039245375447425116, "13106_13120": 0.0001697849576094278, "13106_13121": 0.0045535768958856375, "13106_13122": 0.002301838687590111, "13106_13123": 0.0008711916677336213, "13107_13101": 0.003960721224233045, "13107_13102": 0.005285600565578744, "13107_13103": 0.001859284453821275, "13107_13104": 0.001021493105617377, "13107_13105": 0.0007988243087525538, "13107_13106": 0.00820812852442955, "13107_13108": 0.014746241072372926, "13107_13109": 0.0005483219122796274, "13107_13110": 9.741759862836021e-05, "13107_13111": 0.00037575359470938937, "13107_13112": 0.00021988543690401304, "13107_13113": 0.0005316217525147657, "13107_13114": 0.00010298431854998079, "13107_13115": 0.0001280345581972734, "13107_13116": 0.0002644191962769777, "13107_13117": 0.00036183679490533793, "13107_13118": 0.001402813420248387, "13107_13119": 0.0001280345581972734, "13107_13120": 4.731711933377496e-05, "13107_13121": 0.0024660569252779184, "13107_13122": 0.008642332678315956, "13107_13123": 0.005666920880209754, "13108_13101": 0.006844282143632507, "13108_13102": 0.016352239769760465, "13108_13103": 0.005494352562639516, "13108_13104": 0.0020457695711955646, "13108_13105": 0.0010604601450687212, "13108_13106": 0.0018008338946442588, "13108_13107": 0.014479038516135138, "13108_13109": 0.002318538847354973, "13108_13110": 0.00023936895662968508, "13108_13111": 0.0020958700504901495, "13108_13112": 0.0006540895907904186, "13108_13113": 0.001269212142129493, "13108_13114": 0.00032008639549318353, "13108_13115": 0.0002783359960810292, "13108_13116": 0.0006568729507512289, "13108_13117": 0.00042585407400397464, "13108_13118": 0.00046482111345531874, "13108_13119": 0.00032843647537561445, "13108_13120": 0.0002031852771391513, "13108_13121": 0.0011216940642065475, "13108_13122": 0.0015391980583280914, "13108_13123": 0.020847366106469086, "13109_13101": 0.002421523165904954, "13109_13102": 0.002109786850294201, "13109_13103": 0.020563463390466434, "13109_13104": 0.0016282655770740208, "13109_13105": 0.0003367865552580453, "13109_13106": 0.0007014067101241935, "13109_13107": 0.0004425542337688364, "13109_13108": 0.0023324556471590245, "13109_13110": 0.008035560206859312, "13109_13111": 0.024847054370153474, "13109_13112": 0.0021014367704117703, "13109_13113": 0.0037881529066628073, "13109_13114": 0.00032565311541480415, "13109_13115": 0.0004342041538864055, "13109_13116": 0.0007904742288701228, "13109_13117": 0.0004035871943174923, "13109_13118": 0.00022545215682563362, "13109_13119": 0.00034791999510128645, "13109_13120": 0.00021988543690401304, "13109_13121": 0.00025050239647292626, "13109_13122": 0.00022266879686482334, "13109_13123": 0.00036183679490533793, "13110_13101": 0.0009435590267146889, "13110_13102": 0.0007431571095363479, "13110_13103": 0.0035098169105817778, "13110_13104": 0.0010632435050295314, "13110_13105": 0.00010855103847160138, "13110_13106": 5.5667199216205836e-05, "13110_13107": 5.0100479294585254e-05, "13110_13108": 0.00026163583631616744, "13110_13109": 0.007225602458263518, "13110_13111": 0.003857736905683064, "13110_13112": 0.018011122306403397, "13110_13113": 0.01078830320810069, "13110_13114": 0.00027555263612021887, "13110_13115": 0.0004815212732201805,