{"13101_13102": 0.017517713038080356, "13101_13103": 0.014986514545026437, "13101_13104": 0.012746965772630948, "13101_13105": 0.009378277714750518, "13101_13106": 0.009306034205963569, "13101_13107": 0.002980713658839395, "13101_13108": 0.005996211229316951, "13101_13109": 0.002210116231778582, "13101_13110": 0.0007358135154226513, "13101_13111": 0.0020576021576727958, "13101_13112": 0.0031198493053920416, "13101_13113": 0.003735256972836441, "13101_13114": 0.001479654087377186, "13101_13115": 0.002060277843183424, "13101_13116": 0.0025900635742877325, "13101_13117": 0.002557955348160199, "13101_13118": 0.0018381959458013144, "13101_13119": 0.00184354731682257, "13101_13120": 0.0014743027163559303, "13101_13121": 0.0032536335809234328, "13101_13122": 0.0016642763876105059, "13101_13123": 0.0028255238992229807, "13102_13101": 0.018772609542564805, "13102_13103": 0.011181689748913672, "13102_13104": 0.0021084401823747243, "13102_13105": 0.0010542200911873622, "13102_13106": 0.004131258428409359, "13102_13107": 0.004273069760472633, "13102_13108": 0.014357728450028898, "13102_13109": 0.001798060663141897, "13102_13110": 0.0007090566603163731, "13102_13111": 0.0014261403771646296, "13102_13112": 0.0011291392854849412, "13102_13113": 0.0016187897339298327, "13102_13114": 0.0005993535543806323, "13102_13115": 0.0004575422223173577, "13102_13116": 0.0008481923068690199, "13102_13117": 0.0007759487980820686, "13102_13118": 0.0008803005329965537, "13102_13119": 0.00040402851210480123, "13102_13120": 0.000347839116381617, "13102_13121": 0.0020549264721621678, "13102_13122": 0.0013512211828670506, "13102_13123": 0.0024054412740544128, "13103_13101": 0.015291542693238007, "13103_13102": 0.01116028426482865, "13103_13104": 0.005725966992743541, "13103_13105": 0.001359248239398934, "13103_13106": 0.0024214953871181796, "13103_13107": 0.0017579253804824795, "13103_13108": 0.004968747993235867, "13103_13109": 0.01404734893079607, "13103_13110": 0.002416144016096924, "13103_13111": 0.006475158935719331, "13103_13112": 0.0031011195068176467, "13103_13113": 0.010205064537534517, "13103_13114": 0.0009793008968897832, "13103_13115": 0.0008829762185071816, "13103_13116": 0.0011505447695699638, "13103_13117": 0.001645546589036111, "13103_13118": 0.0011264635999743134, "13103_13119": 0.0006394888370400497, "13103_13120": 0.0005485155296787036, "13103_13121": 0.0015304921120791147, "13103_13122": 0.0008642464199327868, "13103_13123": 0.0012254639638675428, "13104_13101": 0.011192392490956183, "13104_13102": 0.002325170708735578, "13104_13103": 0.005412911788000086, "13104_13105": 0.006135346875869598, "13104_13106": 0.0014876811439090696, "13104_13107": 0.0008829762185071816, "13104_13108": 0.0019398719952051717, "13104_13109": 0.0016482222745467388, "13104_13110": 0.0009498683562728771, "13104_13111": 0.0006501915790825609, "13104_13112": 0.0028603078108611424, "13104_13113": 0.014098186955497999, "13104_13114": 0.011323501080976947, "13104_13115": 0.004083096089218058, "13104_13116": 0.008982276259177602, "13104_13117": 0.0017927092921206412, "13104_13118": 0.0005832994413168653, "13104_13119": 0.0018221418327375473, "13104_13120": 0.003885095361431599, "13104_13121": 0.0007759487980820686, "13104_13122": 0.0003077038337221996, "13104_13123": 0.0007384892009332791, "13105_13101": 0.008548815206455894, "13105_13102": 0.0013003831581651218, "13105_13103": 0.0016054113063766937, "13105_13104": 0.005300532996553717, "13105_13106": 0.004752017466875013, "13105_13107": 0.0006528672645931887, "13105_13108": 0.0010783012607830126, "13105_13109": 0.00033178500331785003, "13105_13110": 0.00010167604940385727, "13105_13111": 0.00015786544512704154, "13105_13112": 0.00026489286555215444, "13105_13113": 0.0005538669006999594, "13105_13114": 0.00035586617291350045, "13105_13115": 0.00022743326840336494, "13105_13116": 0.007604298221204273, "13105_13117": 0.0029084701500524434, "13105_13118": 0.0013940321510370957, "13105_13119": 0.0020950617548215855, "13105_13120": 0.0009284628721878545, "13105_13121": 0.0013940321510370957, "13105_13122": 0.0003505148018922448, "13105_13123": 0.0003719202859772674, "13106_13101": 0.007556135882012972, "13106_13102": 0.003946636128176039, "13106_13103": 0.0026007663163302437, "13106_13104": 0.0014288160626752574, "13106_13105": 0.004152663912494381, "13106_13107": 0.006421645225506775, "13106_13108": 0.0018167904617162917, "13106_13109": 0.0008134083952308582, "13106_13110": 6.95678232763234e-05, "13106_13111": 0.0006769484341888392, "13106_13112": 0.0001872979857439476, "13106_13113": 0.0005297857311043089, "13106_13114": 0.00024883875248838755, "13106_13115": 0.00011237879144636857, "13106_13116": 0.0011211122289530577, "13106_13117": 0.0021057644968640967, "13106_13118": 0.0074972708007791595, "13106_13119": 0.0005217586745724255, "13106_13120": 0.00023010895391399277, "13106_13121": 0.003925230644091016, "13106_13122": 0.0018488986878438256, "13106_13123": 0.0007893272256352077, "13107_13101": 0.002972686602307511, "13107_13102": 0.0036817432626238844, "13107_13103": 0.001811439090695036, "13107_13104": 0.0008776248474859259, "13107_13105": 0.0006715970631675835, "13107_13106": 0.0058062375580623755, "13107_13108": 0.010555579339426762, "13107_13109": 0.0006234347239762828, "13107_13110": 3.745959714878952e-05, "13107_13111": 0.0003077038337221996, "13107_13112": 0.00021673052636085366, "13107_13113": 0.0004842990774236359, "13107_13114": 0.00012843290451013548, "13107_13115": 0.00013645996104201896, "13107_13116": 0.00020602778431834235, "13107_13117": 0.00036121754393475606, "13107_13118": 0.0010836526318042682, "13107_13119": 0.00013378427553139115, "13107_13120": 4.548665368067299e-05, "13107_13121": 0.0023492518783312286, "13107_13122": 0.0051533702934691865, "13107_13123": 0.0041580152835156365, "13108_13101": 0.0062557527238478496, "13108_13102": 0.012516856818716955, "13108_13103": 0.005418263159021342, "13108_13104": 0.002038872359098401, "13108_13105": 0.0011104094869105465, "13108_13106": 0.0018943853415244985, "13108_13107": 0.010467281717576042, "13108_13109": 0.0023064409101611833, "13108_13110": 0.00032643363229659437, "13108_13111": 0.002416144016096924, "13108_13112": 0.000634137466018794, "13108_13113": 0.0012602478755057045, "13108_13114": 0.00036924460046663954, "13108_13115": 0.00028362266412654925, "13108_13116": 0.0007732731125714408, "13108_13117": 0.000422758310679196, "13108_13118": 0.0004816233919130081, "13108_13119": 0.0003531904874028726, "13108_13120": 0.00014448701757390243, "13108_13121": 0.001222788278356915, "13108_13122": 0.0014769784018665581, "13108_13123": 0.014098186955497999, "13109_13101": 0.002210116231778582, "13109_13102": 0.0018167904617162917, "13109_13103": 0.013766401952180148, "13109_13104": 0.0016508979600573666, "13109_13105": 0.00028629834963717706, "13109_13106": 0.0008535436778902755, "13109_13107": 0.0005886508123381211, "13109_13108": 0.0023305220797568338, "13109_13110": 0.005720615621722285, "13109_13111": 0.018216066956354218, "13109_13112": 0.0019291692531626602, "13109_13113": 0.0028469293833080036, "13109_13114": 0.0003505148018922448, "13109_13115": 0.0004762720208917525, "13109_13116": 0.000679624119699467, "13109_13117": 0.00044951516578547427, "13109_13118": 0.00023278463942462058, "13109_13119": 0.00039332577006228995, "13109_13120": 0.00016589250165892502, "13109_13121": 0.00022743326840336494, "13109_13122": 0.00018194661472269196, "13109_13123": 0.000422758310679196, "13110_13101": 0.0007679217415501852, "13110_13102": 0.0006608943211250723, "13110_13103": 0.002434873814671319, "13110_13104": 0.0009793008968897832, "13110_13105": 8.829762185071815e-05, "13110_13106": 4.548665368067299e-05, "13110_13107": 4.816233919130081e-05, "13110_13108": 0.0003371363743391057, "13110_13109": 0.00546910118372327, "13110_13111": 0.0026783611961384507, "13110_13112": 0.010167604940385726, "13110_13113": 0.006188860586082154, "13110_13114": 0.00022475758289273713,