{"13101_13102": 0.01499457367685665, "13101_13103": 0.011277459352359206, "13101_13104": 0.011068371671606224, "13101_13105": 0.008058172839178385, "13101_13106": 0.008848059633134092, "13101_13107": 0.00250573331696033, "13101_13108": 0.003992579046759307, "13101_13109": 0.001277758049045996, "13101_13110": 0.0005675237049009488, "13101_13111": 0.0011781924867826717, "13101_13112": 0.0014337440965918708, "13101_13113": 0.0027745603350713055, "13101_13114": 0.0008927712082944751, "13101_13115": 0.0010786269245193472, "13101_13116": 0.0017523538958345087, "13101_13117": 0.001324221978102214, "13101_13118": 0.0011250908535755653, "13101_13119": 0.0009956556226332436, "13101_13120": 0.0005542482965991723, "13101_13121": 0.0016096432565904106, "13101_13122": 0.000979061362256023, "13101_13123": 0.0016826580022501817, "13102_13101": 0.016298882542506197, "13102_13103": 0.009412264485959596, "13102_13104": 0.0014768891735726446, "13102_13105": 0.0007865679418802624, "13102_13106": 0.0029770103116733984, "13102_13107": 0.0034914323833672408, "13102_13108": 0.011951186323674368, "13102_13109": 0.0011682359305563391, "13102_13110": 0.00036175487622341185, "13102_13111": 0.0008297130188610364, "13102_13112": 0.0004945089592411776, "13102_13113": 0.0012047433033862249, "13102_13114": 0.00021904423697931359, "13102_13115": 0.00022236308905475773, "13102_13116": 0.00040489995320418574, "13102_13117": 0.0003119720950917497, "13102_13118": 0.00042481306565685063, "13102_13119": 0.00027214587018641994, "13102_13120": 0.00015598604754587484, "13102_13121": 0.0008595826875400337, "13102_13122": 0.0006471761547116084, "13102_13123": 0.0014071932799883176, "13103_13101": 0.01128077820443465, "13103_13102": 0.009073741574264294, "13103_13104": 0.005423004291275734, "13103_13105": 0.0009657859539542463, "13103_13106": 0.0014403818007427591, "13103_13107": 0.0009691048060296904, "13103_13108": 0.0035943167977060095, "13103_13109": 0.012359405128953997, "13103_13110": 0.002552197246016548, "13103_13111": 0.004035724123740081, "13103_13112": 0.0022236308905475774, "13103_13113": 0.012412506762161104, "13103_13114": 0.0004613204384867362, "13103_13115": 0.0005343351841465074, "13103_13116": 0.0007102343441450471, "13103_13117": 0.0007002777879187147, "13103_13118": 0.0005077843675429542, "13103_13119": 0.00041817536150596233, "13103_13120": 0.0002854212784881965, "13103_13121": 0.0007201909003713796, "13103_13122": 0.0005044655154675101, "13103_13123": 0.000799843350182039, "13104_13101": 0.009213133361432948, "13104_13102": 0.0016992522626274025, "13104_13103": 0.004961683852788997, "13104_13105": 0.005652005084481379, "13104_13106": 0.0011715547826317834, "13104_13107": 0.0006737269713151615, "13104_13108": 0.0014038744279128736, "13104_13109": 0.0009027277645208075, "13104_13110": 0.0008097999064083715, "13104_13111": 0.0004214942135814065, "13104_13112": 0.0029405029388435127, "13104_13113": 0.016142896494960323, "13104_13114": 0.012920291129704059, "13104_13115": 0.004165159354682402, "13104_13116": 0.010779631541042584, "13104_13117": 0.0011815113388581157, "13104_13118": 0.00048787125509028935, "13104_13119": 0.0016096432565904106, "13104_13120": 0.0030798947260121667, "13104_13121": 0.0006206253381080552, "13104_13122": 0.0002787835743373082, "13104_13123": 0.000594074521504502, "13105_13101": 0.006564689405228519, "13105_13102": 0.0007566982732012652, "13105_13103": 0.0009691048060296904, "13105_13104": 0.005111032196183984, "13105_13106": 0.00553252640976539, "13105_13107": 0.0005608860007500605, "13105_13108": 0.0005907556694290579, "13105_13109": 0.00014934834339498654, "13105_13110": 7.965244981065949e-05, "13105_13111": 0.00010952211848965679, "13105_13112": 0.00019249342037576042, "13105_13113": 0.0004613204384867362, "13105_13114": 0.0002754647222618641, "13105_13115": 0.0001460294913195424, "13105_13116": 0.008705348993889993, "13105_13117": 0.0027977922995994146, "13105_13118": 0.0016328752211185195, "13105_13119": 0.0012412506762161104, "13105_13120": 0.000501146663392066, "13105_13121": 0.0009325974331998049, "13105_13122": 0.00033520405961985866, "13105_13123": 0.00025887046188464335, "13106_13101": 0.007215184412015572, "13106_13102": 0.0026849513290343138, "13106_13103": 0.0014237875403655383, "13106_13104": 0.0011151342973492327, "13106_13105": 0.005413047735049401, "13106_13107": 0.007437547501070329, "13106_13108": 0.0012512072324424427, "13106_13109": 0.00038498684075152084, "13106_13110": 0.0001393917871686541, "13106_13111": 0.0003584360241479677, "13106_13112": 0.00016594260377220726, "13106_13113": 0.000547610592448284, "13106_13114": 0.00012279752679143337, "13106_13115": 0.00010288441433876851, "13106_13116": 0.0009259597290489166, "13106_13117": 0.0016494694814957402, "13106_13118": 0.008492942461061567, "13106_13119": 0.00028874013056364063, "13106_13120": 0.0001526671954704307, "13106_13121": 0.0032989389629914804, "13106_13122": 0.0015266719547043068, "13106_13123": 0.0006073499298062786, "13107_13101": 0.0020410940263981495, "13107_13102": 0.0028807636014855182, "13107_13103": 0.0009591482498033581, "13107_13104": 0.0006206253381080552, "13107_13105": 0.0004480450301849596, "13107_13106": 0.00638879024522998, "13107_13108": 0.011304010168962758, "13107_13109": 0.0002688270181109758, "13107_13110": 9.292785811243608e-05, "13107_13111": 0.00026550816603553164, "13107_13112": 0.00014271063924409824, "13107_13113": 0.00038498684075152084, "13107_13114": 7.965244981065949e-05, "13107_13115": 9.956556226332436e-05, "13107_13116": 0.00020576882867753702, "13107_13117": 0.00023563849735653433, "13107_13118": 0.0011947867471598923, "13107_13119": 0.0001526671954704307, "13107_13120": 4.314507698077389e-05, "13107_13121": 0.001958122724512046, "13107_13122": 0.005837860800706252, "13107_13123": 0.0042116232837386205, "13108_13101": 0.003534577460348015, "13108_13102": 0.01046434059387539, "13108_13103": 0.0038996511886468708, "13108_13104": 0.0013308596822531023, "13108_13105": 0.000706915492069603, "13108_13106": 0.0014403818007427591, "13108_13107": 0.01097544381349379, "13108_13109": 0.0016428317773448519, "13108_13110": 0.00019249342037576042, "13108_13111": 0.0014934834339498655, "13108_13112": 0.0004414073260340713, "13108_13113": 0.0009093654686716958, "13108_13114": 0.00022900079320564603, "13108_13115": 0.00016262375169676314, "13108_13116": 0.0004679581426376245, "13108_13117": 0.00028210242641275233, "13108_13118": 0.0003318852075444145, "13108_13119": 0.00017921801207398385, "13108_13120": 0.00014271063924409824, "13108_13121": 0.0007367851607486003, "13108_13122": 0.0011284097056510093, "13108_13123": 0.015117371203648082, "13109_13101": 0.0013607293509320995, "13109_13102": 0.0011051777411229004, "13109_13103": 0.011373706062547086, "13109_13104": 0.0010222064392367968, "13109_13105": 0.00021572538490386944, "13109_13106": 0.00044472617810951547, "13109_13107": 0.0002920589826390848, "13109_13108": 0.001549903919232416, "13109_13110": 0.00613323863542078, "13109_13111": 0.016511289075334622, "13109_13112": 0.0013507727947057672, "13109_13113": 0.0028874013056364063, "13109_13114": 0.00021904423697931359, "13109_13115": 0.00025887046188464335, "13109_13116": 0.0005210597758447308, "13109_13117": 0.0001758991599985397, "13109_13118": 0.00012279752679143337, "13109_13119": 0.00020908768075298117, "13109_13120": 0.00013275408301776582, "13109_13121": 0.00021904423697931359, "13109_13122": 0.00010288441433876851, "13109_13123": 0.0002688270181109758, "13110_13101": 0.0005111032196183984, "13110_13102": 0.00034847946792163526, "13110_13103": 0.0024293997192251144, "13110_13104": 0.0007799302377293741, "13110_13105": 5.973933735799462e-05, "13110_13106": 9.624671018788021e-05, "13110_13107": 5.973933735799462e-05, "13110_13108": 0.00020244997660209287, "13110_13109": 0.005920832102592356, "13110_13111": 0.003438330750160135, "13110_13112": 0.013527641059510336, "13110_13113": 0.008084723655781938, "13110_13114": 0.0002754647222618641,