{"13101_13102": 0.02952812209756364, "13101_13103": 0.026144021905058795, "13101_13104": 0.02457248819742834, "13101_13105": 0.01690443211070796, "13101_13106": 0.015686413143035278, "13101_13107": 0.003747256243552373, "13101_13108": 0.006466105970863958, "13101_13109": 0.0024392517057086204, "13101_13110": 0.0008645042277149129, "13101_13111": 0.0019282622179514785, "13101_13112": 0.0027927664456663913, "13101_13113": 0.004679249648895588, "13101_13114": 0.001619740263079242, "13101_13115": 0.0019861100844900227, "13101_13116": 0.002879538245474208, "13101_13117": 0.002577443831328476, "13101_13118": 0.0019443310697677407, "13101_13119": 0.0016165264927159894, "13101_13120": 0.0012983632267539954, "13101_13121": 0.0030145166007308115, "13101_13122": 0.0017290084554298258, "13101_13123": 0.002635291697867021, "13102_13101": 0.03255228000938421, "13102_13103": 0.0180646032118421, "13102_13104": 0.0025581612091489614, "13102_13105": 0.0011665986418606445, "13102_13106": 0.005209521758832244, "13102_13107": 0.007224555776591539, "13102_13108": 0.020664543435713344, "13102_13109": 0.0018607730403231767, "13102_13110": 0.0005559822728426763, "13102_13111": 0.001397990108014822, "13102_13112": 0.000989841271881759, "13102_13113": 0.0018029251737846324, "13102_13114": 0.00044350031012884003, "13102_13115": 0.00046278293230835483, "13102_13116": 0.000803442590813116, "13102_13117": 0.0005720511246589386, "13102_13118": 0.0009030694720739424, "13102_13119": 0.00038243867322704326, "13102_13120": 0.00038243867322704326, "13102_13121": 0.0016358091148955044, "13102_13122": 0.0011376747085913724, "13102_13123": 0.001992537625216528, "13103_13101": 0.02447607508653077, "13103_13102": 0.01738649766519583, "13103_13104": 0.009618814697214624, "13103_13105": 0.0015458235447244353, "13103_13106": 0.0022528530246399775, "13103_13107": 0.0015040445300021532, "13103_13108": 0.004952420129772047, "13103_13109": 0.022830624660545504, "13103_13110": 0.003670125754834314, "13103_13111": 0.0060193918903718655, "13103_13112": 0.003316611014876543, "13103_13113": 0.022110740099176955, "13103_13114": 0.0007713048871805914, "13103_13115": 0.0009127107831636999, "13103_13116": 0.0010766130716895754, "13103_13117": 0.0013337147007497726, "13103_13118": 0.0008484353758986506, "13103_13119": 0.0006427540726504929, "13103_13120": 0.0003792249028637908, "13103_13121": 0.0012983632267539954, "13103_13122": 0.0008902143906209326, "13103_13123": 0.0011537435604076346, "13104_13101": 0.018681647121586573, "13104_13102": 0.0029245310305597424, "13104_13103": 0.008265817374285337, "13104_13105": 0.01053795302110483, "13104_13106": 0.0015683199372672025, "13104_13107": 0.0009737724200654966, "13104_13108": 0.0018800556625026914, "13104_13109": 0.00155225108545094, "13104_13110": 0.0010766130716895754, "13104_13111": 0.0006620366948300076, "13104_13112": 0.003406596585047612, "13104_13113": 0.024389303286722952, "13104_13114": 0.019790397896908674, "13104_13115": 0.005039191929579864, "13104_13116": 0.01540360135106906, "13104_13117": 0.0017161533739768159, "13104_13118": 0.0006331127615607354, "13104_13119": 0.002056813032481577, "13104_13120": 0.004325734908937817, "13104_13121": 0.0008709317684414178, "13104_13122": 0.00037279736213728583, "13104_13123": 0.0008227252129926309, "13105_13101": 0.01293863948245442, "13105_13102": 0.0015168996114551631, "13105_13103": 0.0015618923965406977, "13105_13104": 0.007844813456699264, "13105_13106": 0.008702890143687672, "13105_13107": 0.000623471450470978, "13105_13108": 0.0008805730795311752, "13105_13109": 0.00027638425123971194, "13105_13110": 0.00012855081453009857, "13105_13111": 0.00014140589598310842, "13105_13112": 0.0003053081845089841, "13105_13113": 0.0005720511246589386, "13105_13114": 0.00032780457705175133, "13105_13115": 0.00020889507361141016, "13105_13116": 0.014969742352029978, "13105_13117": 0.0046921047303485975, "13105_13118": 0.0023653349873538135, "13105_13119": 0.0019636136919472555, "13105_13120": 0.0009255658646167097, "13105_13121": 0.0012630117527582185, "13105_13122": 0.00043385899903908265, "13105_13123": 0.0003310183474150038, "13106_13101": 0.011405671019182995, "13106_13102": 0.004521774901096217, "13106_13103": 0.002368548757717066, "13106_13104": 0.001372279945108802, "13106_13105": 0.007112073813877703, "13106_13107": 0.010554021872921092, "13106_13108": 0.001571533707630455, "13106_13109": 0.0006813193170095224, "13106_13110": 0.00011248196271383624, "13106_13111": 0.00046278293230835483, "13106_13112": 0.0001446196663463609, "13106_13113": 0.0007327396428215619, "13106_13114": 0.00016390228852587567, "13106_13115": 0.0001253370441668461, "13106_13116": 0.0010701855309630706, "13106_13117": 0.002442465476071873, "13106_13118": 0.013378926022220008, "13106_13119": 0.00035351473995777103, "13106_13120": 0.00020568130324815772, "13106_13121": 0.004139336227869174, "13106_13122": 0.002140371061926141, "13106_13123": 0.000845221605535398, "13107_13101": 0.003506223466308438, "13107_13102": 0.004900999803960008, "13107_13103": 0.001703298292523806, "13107_13104": 0.0008709317684414178, "13107_13105": 0.0007295258724583093, "13107_13106": 0.008182259344840773, "13107_13108": 0.014757633508055316, "13107_13109": 0.0005238445692101516, "13107_13110": 6.748917762830175e-05, "13107_13111": 0.000359942280684276, "13107_13112": 0.0002506740883336922, "13107_13113": 0.0004659967026716073, "13107_13114": 0.00016390228852587567, "13107_13115": 0.00011569573307708871, "13107_13116": 0.0002892393326927218, "13107_13117": 0.00027317048087645946, "13107_13118": 0.0013787074858353072, "13107_13119": 7.391671835480667e-05, "13107_13120": 8.034425908131161e-05, "13107_13121": 0.002339624824447794, "13107_13122": 0.008844296039670782, "13107_13123": 0.005707656165136376, "13108_13101": 0.006360051548876627, "13108_13102": 0.016438435408036352, "13108_13103": 0.005154887662656952, "13108_13104": 0.001973255003037013, "13108_13105": 0.0010509029087835558, "13108_13106": 0.0017675736997888553, "13108_13107": 0.014375194834828272, "13108_13109": 0.0022817769579092494, "13108_13110": 0.000269956710513207, "13108_13111": 0.0018511317292334193, "13108_13112": 0.0005977612875649583, "13108_13113": 0.0010476891384203033, "13108_13114": 0.00029888064378247916, "13108_13115": 0.00020568130324815772, "13108_13116": 0.00066525046519326, "13108_13117": 0.000401721295406558, "13108_13118": 0.00043707276940233513, "13108_13119": 0.0002956668734192267, "13108_13120": 0.0001896124514318954, "13108_13121": 0.0009769861904287492, "13108_13122": 0.0014558379745533664, "13108_13123": 0.02153226143379151, "13109_13101": 0.002342838594811046, "13109_13102": 0.0020053927066695375, "13109_13103": 0.01911871989098891, "13109_13104": 0.0015940301001732221, "13109_13105": 0.00029245310305597426, "13109_13106": 0.0005591960432059287, "13109_13107": 0.00041779014722282033, "13109_13108": 0.0024039002317128434, "13109_13110": 0.007954081649049849, "13109_13111": 0.024729962945227713, "13109_13112": 0.0019154071364984686, "13109_13113": 0.0037536837842788782, "13109_13114": 0.0003406596585047612, "13109_13115": 0.0003952937546800531, "13109_13116": 0.0007423809539113192, "13109_13117": 0.00036958359177403336, "13109_13118": 0.00023781900688068234, "13109_13119": 0.00034387342886801366, "13109_13120": 0.00021210884397466264, "13109_13121": 0.0002667429401499545, "13109_13122": 0.0002506740883336922, "13109_13123": 0.0003342321177782563, "13110_13101": 0.0009094970128004473, "13110_13102": 0.0005913337468384534, "13110_13103": 0.003329466096329553, "13110_13104": 0.0010284065162407886, "13110_13105": 0.00014783343670961334, "13110_13106": 0.00010605442198733132, "13110_13107": 6.748917762830175e-05, "13110_13108": 0.00023781900688068234, "13110_13109": 0.007034943325159644, "13110_13111": 0.0039786477097065506, "13110_13112": 0.01836348385562458, "13110_13113": 0.010753275635442745, "13110_13114": 0.00024103277724393481, "13110_13115": 0.00047242424339811225,