{"13101_13102": 0.008999702051943207, "13101_13103": 0.006819390570918599, "13101_13104": 0.006259693753950597, "13101_13105": 0.004923104340295665, "13101_13106": 0.005741765356159311, "13101_13107": 0.0019631157013056807, "13101_13108": 0.0030769402126847906, "13101_13109": 0.0012140687174032295, "13101_13110": 0.00040376138537492727, "13101_13111": 0.0010637024083670497, "13101_13112": 0.0013365894136549315, "13101_13113": 0.0022722020032133836, "13101_13114": 0.0007351241775102123, "13101_13115": 0.0009634582023429299, "13101_13116": 0.001478602038855768, "13101_13117": 0.0011361010016066918, "13101_13118": 0.0009996574989627508, "13101_13119": 0.0007880308418007201, "13101_13120": 0.0005262820816266293, "13101_13121": 0.0016122609802212613, "13101_13122": 0.0008297992609774367, "13101_13123": 0.0016206146640566047, "13102_13101": 0.009473077469279327, "13102_13103": 0.005644305711413639, "13102_13104": 0.001060917847088602, "13102_13105": 0.0006460182165998836, "13102_13106": 0.002055006223494457, "13102_13107": 0.002453198486312489, "13102_13108": 0.008540249440999324, "13102_13109": 0.000985734692570512, "13102_13110": 0.0003035171793508074, "13102_13111": 0.0007462624226240034, "13102_13112": 0.0004733754173361216, "13102_13113": 0.0011667311756696174, "13102_13114": 0.0001949192894913442, "13102_13115": 0.00017542736054220977, "13102_13116": 0.0003787003338688973, "13102_13117": 0.0002784561278447774, "13102_13118": 0.0003731312113120017, "13102_13119": 0.0002283340248327175, "13102_13120": 0.00017821192182065755, "13102_13121": 0.0009328280282800043, "13102_13122": 0.000690571197055048, "13102_13123": 0.0011862231046187517, "13103_13101": 0.006607763913756568, "13103_13102": 0.005463309228314533, "13103_13104": 0.0032774286247330303, "13103_13105": 0.0007379087387886601, "13103_13106": 0.0012224224012385729, "13103_13107": 0.0007713234741300335, "13103_13108": 0.003394380198427837, "13103_13109": 0.008423297867304516, "13103_13110": 0.00182667219866174, "13103_13111": 0.003489055281895061, "13103_13112": 0.0019798230689763675, "13103_13113": 0.00808079683005544, "13103_13114": 0.00040097682409647947, "13103_13115": 0.00042882243688095723, "13103_13116": 0.0006571564617136747, "13103_13117": 0.0005624813782464504, "13103_13118": 0.00044831436583009165, "13103_13119": 0.0003536392823628673, "13103_13120": 0.00031743998574304625, "13103_13121": 0.0007100631260041824, "13103_13122": 0.0004204687530456139, "13103_13123": 0.0005875424297524804, "13104_13101": 0.005647090272692086, "13104_13102": 0.0010943325824299753, "13104_13103": 0.003182753541265806, "13104_13105": 0.004001414557129451, "13104_13106": 0.0010135803053549898, "13104_13107": 0.0006432336553214358, "13104_13108": 0.0011639466143911696, "13104_13109": 0.0008576448737619145, "13104_13110": 0.0008019536481929589, "13104_13111": 0.0004845136624499127, "13104_13112": 0.002366877086680608, "13104_13113": 0.011310887913054858, "13104_13114": 0.009111084503081117, "13104_13115": 0.003539177384907121, "13104_13116": 0.007223151956293526, "13104_13117": 0.0010330722343041242, "13104_13118": 0.0003731312113120017, "13104_13119": 0.0012753290655290806, "13104_13120": 0.0023613079641237123, "13104_13121": 0.0003981922628180317, "13104_13122": 0.00021441121844047861, "13104_13123": 0.0005318512041835249, "13105_13101": 0.004405175942504379, "13105_13102": 0.0007212013711179735, "13105_13103": 0.0007935999643576157, "13105_13104": 0.0036561289586019277, "13105_13106": 0.003859401931928615, "13105_13107": 0.00043717612071630057, "13105_13108": 0.0006599410229921225, "13105_13109": 0.0002032729733266875, "13105_13110": 8.075227707498545e-05, "13105_13111": 0.00016707367670686644, "13105_13112": 0.00020048841204823974, "13105_13113": 0.0004622371722223305, "13105_13114": 0.0002923789342370163, "13105_13115": 0.0002283340248327175, "13105_13116": 0.005995160432498058, "13105_13117": 0.002021591488153084, "13105_13118": 0.001122178195214453, "13105_13119": 0.0010664869696454975, "13105_13120": 0.0005931115523093759, "13105_13121": 0.0007824617192438246, "13105_13122": 0.0002450413925034041, "13105_13123": 0.00021162665716203084, "13106_13101": 0.005123592752343905, "13106_13102": 0.002155250429518577, "13106_13103": 0.001308743800870454, "13106_13104": 0.0008604294350403623, "13106_13105": 0.0036672672037157184, "13106_13107": 0.005349142215898174, "13106_13108": 0.0011945767884540951, "13106_13109": 0.00042603787560250943, "13106_13110": 5.290666429050771e-05, "13106_13111": 0.000406545946653375, "13106_13112": 0.00016707367670686644, "13106_13113": 0.0006655101455490181, "13106_13114": 0.00015593543159307536, "13106_13115": 0.00011416701241635875, "13106_13116": 0.0008325838222558845, "13106_13117": 0.0014479718647928425, "13106_13118": 0.006070343587016147, "13106_13119": 0.00034807015980597175, "13106_13120": 0.00017542736054220977, "13106_13121": 0.002845821626573625, "13106_13122": 0.001183438543340304, "13106_13123": 0.0006070343587016147, "13107_13101": 0.001860086934003113, "13107_13102": 0.0021524658682401296, "13107_13103": 0.0007629697902946901, "13107_13104": 0.000579188745917137, "13107_13105": 0.0004845136624499127, "13107_13106": 0.005056763281661158, "13107_13108": 0.009473077469279327, "13107_13109": 0.00030630174062925517, "13107_13110": 6.961403196119435e-05, "13107_13111": 0.00023390314738961303, "13107_13112": 0.0002283340248327175, "13107_13113": 0.00044552980455164385, "13107_13114": 8.075227707498545e-05, "13107_13115": 0.00012252069625170206, "13107_13116": 0.00021162665716203084, "13107_13117": 0.00018378104437755309, "13107_13118": 0.0010247185504687808, "13107_13119": 0.00012530525753014983, "13107_13120": 6.961403196119435e-05, "13107_13121": 0.001988176752811711, "13107_13122": 0.004026475608635481, "13107_13123": 0.0035475310687424644, "13108_13101": 0.0032133837153287314, "13108_13102": 0.007961060695082187, "13108_13103": 0.0033581809018080155, "13108_13104": 0.0011500238079989308, "13108_13105": 0.0006599410229921225, "13108_13106": 0.0013254511685411405, "13108_13107": 0.00924474344444661, "13108_13109": 0.001172300298226513, "13108_13110": 0.0001949192894913442, "13108_13111": 0.0013588659038825139, "13108_13112": 0.00041211506921027055, "13108_13113": 0.0008659985575972577, "13108_13114": 0.00022276490227582192, "13108_13115": 0.00015315087031462759, "13108_13116": 0.00042882243688095723, "13108_13117": 0.00018656560565600086, "13108_13118": 0.00033136279213528513, "13108_13119": 0.00021719577971892638, "13108_13120": 0.00026731788273098633, "13108_13121": 0.0006933557583334958, "13108_13122": 0.0011750848595049608, "13108_13123": 0.011542006499166023, "13109_13101": 0.0011750848595049608, "13109_13102": 0.0009411817121153476, "13109_13103": 0.008387098570684696, "13109_13104": 0.0008715676801541533, "13109_13105": 0.0002617487601740908, "13109_13106": 0.0004956519075637038, "13109_13107": 0.0002812406891232252, "13109_13108": 0.0012530525753014984, "13109_13110": 0.005195991345583547, "13109_13111": 0.012700383991000298, "13109_13112": 0.0014925248452480069, "13109_13113": 0.0019993149979255016, "13109_13114": 0.0002478259537818519, "13109_13115": 0.00025339507633874745, "13109_13116": 0.0003787003338688973, "13109_13117": 0.00023947226994650857, "13109_13118": 0.00012252069625170206, "13109_13119": 0.0001949192894913442, "13109_13120": 0.0001308743800870454, "13109_13121": 0.00016707367670686644, "13109_13122": 0.00011695157369480652, "13109_13123": 0.000258964198895643, "13110_13101": 0.00042603787560250943, "13110_13102": 0.00036756208875510617, "13110_13103": 0.0019046399144582776, "13110_13104": 0.0007184168098395258, "13110_13105": 8.6321399631881e-05, "13110_13106": 6.126034812585103e-05, "13110_13107": 5.0122103012059934e-05, "13110_13108": 0.00019770385076979196, "13110_13109": 0.005243328887317158, "13110_13111": 0.002617487601740908, "13110_13112": 0.010124664808436106, "13110_13113": 0.0055663379956171, "13110_13114": 0.0002561796376171952,