{"13101_13102": 0.027343148822654286, "13101_13103": 0.024066331503616683, "13101_13104": 0.022495254706817833, "13101_13105": 0.0158999384394398, "13101_13106": 0.015188144462114606, "13101_13107": 0.0037673780331401014, "13101_13108": 0.00614002462422408, "13101_13109": 0.0021385882111527215, "13101_13110": 0.0007182065356794747, "13101_13111": 0.0017891037808444056, "13101_13112": 0.0025938798543066743, "13101_13113": 0.004546503873185246, "13101_13114": 0.0014171753962961063, "13101_13115": 0.0019333863438157288, "13101_13116": 0.002856794746832196, "13101_13117": 0.002760606371517981, "13101_13118": 0.0018820858769814806, "13101_13119": 0.001773072384958703, "13101_13120": 0.0011767044580105678, "13101_13121": 0.002988252193094957, "13101_13122": 0.0015326014466731648, "13101_13123": 0.0026387677627866413, "13102_13101": 0.030725773354537526, "13102_13103": 0.016496306366387933, "13102_13104": 0.0023181398450725903, "13102_13105": 0.0013530498127532961, "13102_13106": 0.0049504950495049506, "13102_13107": 0.007002513722874878, "13102_13108": 0.01974106089365413, "13102_13109": 0.0016736777304673474, "13102_13110": 0.0006284307187195404, "13102_13111": 0.0014107628379418252, "13102_13112": 0.0009715025906735751, "13102_13113": 0.0017249781973015955, "13102_13114": 0.00041361001385112605, "13102_13115": 0.00048414815574821733, "13102_13116": 0.0006957625814394911, "13102_13117": 0.0006284307187195404, "13102_13118": 0.0007438567690965988, "13102_13119": 0.0004360539680911096, "13102_13120": 0.00039116605961114244, "13102_13121": 0.0015935207510388344, "13102_13122": 0.0011638793413020058, "13102_13123": 0.002084081465141333, "13103_13101": 0.02303711588775458, "13103_13102": 0.016207741240445286, "13103_13104": 0.00914751449238188, "13103_13105": 0.0014043502795875443, "13103_13106": 0.0021770635612784078, "13103_13107": 0.001458857025598933, "13103_13108": 0.004658723644385164, "13103_13109": 0.021504514441081413, "13103_13110": 0.0034595752321346126, "13103_13111": 0.005995742061252757, "13103_13112": 0.0031966603396090905, "13103_13113": 0.020391935566613655, "13103_13114": 0.0005835428102395732, "13103_13115": 0.0008272200277022521, "13103_13116": 0.001070897245164931, "13103_13117": 0.0013145744626276098, "13103_13118": 0.0009554711947878725, "13103_13119": 0.0007085876981480531, "13103_13120": 0.00043926024726825017, "13103_13121": 0.0011478479454163032, "13103_13122": 0.0008881393320679218, "13103_13123": 0.001083722361873493, "13104_13101": 0.016925947776124762, "13104_13102": 0.0026259426460780795, "13104_13103": 0.007848971425639973, "13104_13105": 0.00945211101421023, "13104_13106": 0.001510157492433181, "13104_13107": 0.0008528702611193762, "13104_13108": 0.002016749602421382, "13104_13109": 0.001478094700661776, "13104_13110": 0.0010035653824449803, "13104_13111": 0.0006508746729595239, "13104_13112": 0.0033249115066947108, "13104_13113": 0.022652362386497718, "13104_13114": 0.018952316216077566, "13104_13115": 0.005495562509618837, "13104_13116": 0.014373749551120914, "13104_13117": 0.0017057405222387523, "13104_13118": 0.0005963679269481352, "13104_13119": 0.002148207048684143, "13104_13120": 0.004472759452111014, "13104_13121": 0.0007246190940337557, "13104_13122": 0.0002661211717026625, "13104_13123": 0.0007438567690965988, "13105_13101": 0.012132560406299698, "13105_13102": 0.0014524444672446518, "13105_13103": 0.001471682142307495, "13105_13104": 0.007310316523880367, "13105_13106": 0.00840045144410814, "13105_13107": 0.0006380495562509619, "13105_13108": 0.0009169958446621864, "13105_13109": 0.0003206279177140512, "13105_13110": 8.977581695993434e-05, "13105_13111": 0.00019878930898271175, "13105_13112": 0.00028215256758836507, "13105_13113": 0.0006508746729595239, "13105_13114": 0.00034307187195403477, "13105_13115": 0.00019558302980557122, "13105_13116": 0.013889601395372698, "13105_13117": 0.004681167598625148, "13105_13118": 0.0023437900784897144, "13105_13119": 0.0020680500692556304, "13105_13120": 0.0010003591032678397, "13105_13121": 0.0012151798081362541, "13105_13122": 0.00032704047606833223, "13105_13123": 0.0003206279177140512, "13106_13101": 0.011170676653157545, "13106_13102": 0.004459934335402452, "13106_13103": 0.0022443954239983583, "13106_13104": 0.0013177807418047504, "13106_13105": 0.00707625814394911, "13106_13107": 0.010090160570461191, "13106_13108": 0.0016544400554045042, "13106_13109": 0.0005995742061252758, "13106_13110": 0.00010580721284563689, "13106_13111": 0.00047452931821679575, "13106_13112": 0.00014428256297132304, "13106_13113": 0.0007663007233365824, "13106_13114": 0.00019558302980557122, "13106_13115": 0.00015390140050274456, "13106_13116": 0.0011189914328220386, "13106_13117": 0.002436772174626789, "13106_13118": 0.012507695070025138, "13106_13119": 0.00033024675524547274, "13106_13120": 0.00020520186733699277, "13106_13121": 0.004424665264453906, "13106_13122": 0.0020712563484327705, "13106_13123": 0.0008047760734622685, "13107_13101": 0.0034531626737803315, "13107_13102": 0.004899194582670702, "13107_13103": 0.0014877135381931976, "13107_13104": 0.0008528702611193762, "13107_13105": 0.0006669060688452265, "13107_13106": 0.008150361668291181, "13107_13108": 0.014399399784538039, "13107_13109": 0.0005290360642281845, "13107_13110": 7.374442107423177e-05, "13107_13111": 0.0003238341968911917, "13107_13112": 0.00017634535474272815, "13107_13113": 0.0004809418765710768, "13107_13114": 7.695070025137228e-05, "13107_13115": 0.0001346637254399015, "13107_13116": 0.0002404709382855384, "13107_13117": 0.00033024675524547274, "13107_13118": 0.0014171753962961063, "13107_13119": 0.00014428256297132304, "13107_13120": 7.374442107423177e-05, "13107_13121": 0.0023085210075411687, "13107_13122": 0.008701841686759349, "13107_13123": 0.005460293438670292, "13108_13101": 0.0059636792694813525, "13108_13102": 0.016063458677473965, "13108_13103": 0.0049472887703278096, "13108_13104": 0.0018371979685015134, "13108_13105": 0.0009971528240906992, "13108_13106": 0.0016384086595188016, "13108_13107": 0.014158928846252502, "13108_13109": 0.002286077053301185, "13108_13110": 0.0002853588467655056, "13108_13111": 0.001910942389575745, "13108_13112": 0.0004584979223310932, "13108_13113": 0.0012023546914276919, "13108_13114": 0.00035910326783973736, "13108_13115": 0.0002853588467655056, "13108_13116": 0.0006252244395423998, "13108_13117": 0.00033665931359975375, "13108_13118": 0.0004296414097368286, "13108_13119": 0.00035589698866259685, "13108_13120": 0.00019878930898271175, "13108_13121": 0.0009137895654850459, "13108_13122": 0.0013530498127532961, "13108_13123": 0.020558662083824963, "13109_13101": 0.002090494023495614, "13109_13102": 0.0017826912224901247, "13109_13103": 0.018323885497358024, "13109_13104": 0.0014524444672446518, "13109_13105": 0.00028215256758836507, "13109_13106": 0.0006604935104909455, "13109_13107": 0.0005162109475196225, "13109_13108": 0.002398296824501103, "13109_13110": 0.008025316780382702, "13109_13111": 0.024457497563227824, "13109_13112": 0.001859641922741497, "13109_13113": 0.0034403375570717693, "13109_13114": 0.0003142153593597702, "13109_13115": 0.00033345303442261325, "13109_13116": 0.0006861437439080695, "13109_13117": 0.00033665931359975375, "13109_13118": 0.00020840814651413328, "13109_13119": 0.0003687221053711589, "13109_13120": 0.00023085210075411686, "13109_13121": 0.00027253373005694354, "13109_13122": 0.0001923767506284307, "13109_13123": 0.00033345303442261325, "13110_13101": 0.0007374442107423178, "13110_13102": 0.0005707176935310111, "13110_13103": 0.0032351356897347768, "13110_13104": 0.001070897245164931, "13110_13105": 0.00014107628379418253, "13110_13106": 7.695070025137228e-05, "13110_13107": 6.412558354281024e-05, "13110_13108": 0.00024367721746267892, "13110_13109": 0.007236572102806135, "13110_13111": 0.0037417277997229773, "13110_13112": 0.01797119478787257, "13110_13113": 0.010619196634689375, "13110_13114": 0.0003206279177140512,