{"13101_13102": 0.029471519014019204, "13101_13103": 0.02746516274246984, "13101_13104": 0.02394420418749596, "13101_13105": 0.01738561099730519, "13101_13106": 0.016014319876134196, "13101_13107": 0.004164453773720105, "13101_13108": 0.006460242392565803, "13101_13109": 0.0025992710800884595, "13101_13110": 0.0008682970418890097, "13101_13111": 0.0020035462487600774, "13101_13112": 0.0028325029715990995, "13101_13113": 0.005103001385341235, "13101_13114": 0.0016719635596244686, "13101_13115": 0.002158097502170743, "13101_13116": 0.0032905366862525254, "13101_13117": 0.0028549831539133783, "13101_13118": 0.002158097502170743, "13101_13119": 0.0017984145851422855, "13101_13120": 0.001272940323546024, "13101_13121": 0.003251196367202538, "13101_13122": 0.0016185731266280569, "13101_13123": 0.0027229120828169916, "13102_13101": 0.033411170964596525, "13102_13103": 0.018206137651776356, "13102_13104": 0.002416619598784946, "13102_13105": 0.0012813703919138785, "13102_13106": 0.005566655145573231, "13102_13107": 0.007587061531069017, "13102_13108": 0.02064523743287558, "13102_13109": 0.002009166294338647, "13102_13110": 0.0005591945350676793, "13102_13111": 0.0014443517136923981, "13102_13112": 0.0009469776799889847, "13102_13113": 0.0019417257473958113, "13102_13114": 0.00047489385138913475, "13102_13115": 0.000455223691864141, "13102_13116": 0.0008542469279425856, "13102_13117": 0.000564814580646249, "13102_13118": 0.0008767271102568642, "13102_13119": 0.0004299334867605776, "13102_13120": 0.0003737330309748812, "13102_13121": 0.0017731243800387221, "13102_13122": 0.0012757503463353087, "13102_13123": 0.002231158094692148, "13103_13101": 0.025557157268545447, "13103_13102": 0.018425319429340573, "13103_13104": 0.009927810514543273, "13103_13105": 0.001742214129356589, "13103_13106": 0.002433479735520655, "13103_13107": 0.0017169239242530256, "13103_13108": 0.0051648218867055016, "13103_13109": 0.023550800996996087, "13103_13110": 0.0038384911301630655, "13103_13111": 0.006510822802772931, "13103_13112": 0.003577159010759577, "13103_13113": 0.022943836074510563, "13103_13114": 0.0007530861075283321, "13103_13115": 0.000910447383728282, "13103_13116": 0.001317900688174581, "13103_13117": 0.0014977421466888096, "13103_13118": 0.0009666478395139785, "13103_13119": 0.0007502760847390472, "13103_13120": 0.00047489385138913475, "13103_13121": 0.0013909612806959864, "13103_13122": 0.0008935872469925731, "13103_13123": 0.0012673202779674543, "13104_13101": 0.018416889360972716, "13104_13102": 0.00306011481753117, "13104_13103": 0.008300807319547361, "13104_13105": 0.010731477032278731, "13104_13106": 0.0015398924885280819, "13104_13107": 0.0010284683408782445, "13104_13108": 0.0020372665222314953, "13104_13109": 0.001666343514045899, "13104_13110": 0.001039708432035384, "13104_13111": 0.0006715954466390723, "13104_13112": 0.003644599557702413, "13104_13113": 0.024475298494670793, "13104_13114": 0.019445357701850963, "13104_13115": 0.005805507082662441, "13104_13116": 0.01573050757441643, "13104_13117": 0.001967015952499375, "13104_13118": 0.0006491152643247936, "13104_13119": 0.002335128937895686, "13104_13120": 0.00455223691864141, "13104_13121": 0.0008542469279425856, "13104_13122": 0.00037935307655345083, "13104_13123": 0.0009638378167246937, "13105_13101": 0.013153716676642247, "13105_13102": 0.0015764227847887846, "13105_13103": 0.0018518050181386971, "13105_13104": 0.008222126681447386, "13105_13106": 0.008854381809036471, "13105_13107": 0.0007868063809997499, "13105_13108": 0.0008992072925711427, "13105_13109": 0.00028662232450705176, "13105_13110": 0.00010959088878210802, "13105_13111": 0.0002107517091963616, "13105_13112": 0.00025571207382491873, "13105_13113": 0.0006519252871140785, "13105_13114": 0.0004130733500248687, "13105_13115": 0.0002276118459320705, "13105_13116": 0.01500271167199166, "13105_13117": 0.004959690223087709, "13105_13118": 0.0024868701685170666, "13105_13119": 0.0020400765450207803, "13105_13120": 0.0009806979534604026, "13105_13121": 0.001461211850428107, "13105_13122": 0.0003821630993427357, "13105_13123": 0.00034282278029274817, "13106_13101": 0.011653164507164153, "13106_13102": 0.004659017784634233, "13106_13103": 0.0025824109433527508, "13106_13104": 0.0015230323517923731, "13106_13105": 0.007463420528340485, "13106_13107": 0.011200750838089297, "13106_13108": 0.0017731243800387221, "13106_13109": 0.0007502760847390472, "13106_13110": 7.587061531069017e-05, "13106_13111": 0.00048332391975698923, "13106_13112": 0.0001742214129356589, "13106_13113": 0.0008514369051533007, "13106_13114": 0.00018827152688208302, "13106_13115": 0.00016860136735708927, "13106_13116": 0.0012054997766031883, "13106_13117": 0.0025767908977741808, "13106_13118": 0.013566790026667117, "13106_13119": 0.00043555353233914725, "13106_13120": 0.00021918177756421605, "13106_13121": 0.004664637830212803, "13106_13122": 0.002276118459320705, "13106_13123": 0.0009301175432532758, "13107_13101": 0.003816010947848787, "13107_13102": 0.005229452410859052, "13107_13103": 0.0017703143572494373, "13107_13104": 0.000941357634410415, "13107_13105": 0.0007418460163711928, "13107_13106": 0.009107283860072105, "13107_13108": 0.015612486617266465, "13107_13109": 0.0005676246034355338, "13107_13110": 6.182050136426606e-05, "13107_13111": 0.00035125284866060265, "13107_13112": 0.00022480182314278568, "13107_13113": 0.0006097749452748062, "13107_13114": 0.0001461211850428107, "13107_13115": 0.00012364100272853213, "13107_13116": 0.00023323189151064016, "13107_13117": 0.00035406287144988744, "13107_13118": 0.0015174123062138033, "13107_13119": 0.00015174123062138033, "13107_13120": 7.587061531069017e-05, "13107_13121": 0.0025880309889313204, "13107_13122": 0.009309605500900613, "13107_13123": 0.006311311184733708, "13108_13101": 0.006286020979630145, "13108_13102": 0.016503263841469756, "13108_13103": 0.005530124849312528, "13108_13104": 0.002026026431074356, "13108_13105": 0.0009385476116211302, "13108_13106": 0.0017365940837780194, "13108_13107": 0.01490998091994526, "13108_13109": 0.0023042186872135532, "13108_13110": 0.00030348246124276067, "13108_13111": 0.0019417257473958113, "13108_13112": 0.0006491152643247936, "13108_13113": 0.0011886396398674793, "13108_13114": 0.0003315826891356089, "13108_13115": 0.0002922423700856214, "13108_13116": 0.0007474660619497624, "13108_13117": 0.0003877831449213053, "13108_13118": 0.00043555353233914725, "13108_13119": 0.00035125284866060265, "13108_13120": 0.0002810022789284821, "13108_13121": 0.0010593785915603776, "13108_13122": 0.0014836920327423856, "13108_13123": 0.02201933857683586, "13109_13101": 0.0025009202824634908, "13109_13102": 0.001978256043656514, "13109_13103": 0.020308034698161403, "13109_13104": 0.0018518050181386971, "13109_13105": 0.00028662232450705176, "13109_13106": 0.000691265606164066, "13109_13107": 0.00041869339560343834, "13109_13108": 0.0024419098038885095, "13109_13110": 0.008584619621265128, "13109_13111": 0.025467236539288333, "13109_13112": 0.0020372665222314953, "13109_13113": 0.003877831449213053, "13109_13114": 0.000345632803082033, "13109_13115": 0.0004805138969677044, "13109_13116": 0.0008092865633140284, "13109_13117": 0.0004271234639712928, "13109_13118": 0.00024447198266777946, "13109_13119": 0.0002500920282463491, "13109_13120": 0.00019670159524993747, "13109_13121": 0.0002810022789284821, "13109_13122": 0.00023042186872135532, "13109_13123": 0.000486133942546274, "13110_13101": 0.0009020173153604276, "13110_13102": 0.0006266350820105151, "13110_13103": 0.003377647392720355, "13110_13104": 0.0010537585459818078, "13110_13105": 0.00014050113946424106, "13110_13106": 8.711070646782945e-05, "13110_13107": 6.744054694283571e-05, "13110_13108": 0.00023323189151064016, "13110_13109": 0.007587061531069017, "13110_13111": 0.0043021448903950614, "13110_13112": 0.018537720340911966, "13110_13113": 0.010818587738746561, "13110_13114": 0.00026414214219277316, "13110_13115": 0.0005114241476498375,