{"13101_13102": 0.027426521409999013, "13101_13103": 0.02466181746371326, "13101_13104": 0.023411118059441134, "13101_13105": 0.015627159924958035, "13101_13106": 0.01542968107165191, "13101_13107": 0.0036303195866109338, "13101_13108": 0.0062337491360300165, "13101_13109": 0.0022150544712503705, "13101_13110": 0.0008162459269986505, "13101_13111": 0.001701609452654445, "13101_13112": 0.002830530230721127, "13101_13113": 0.004426817628278972, "13101_13114": 0.0015172958562353948, "13101_13115": 0.0019221275055129514, "13101_13116": 0.002879899944047658, "13101_13117": 0.0023829114965605767, "13101_13118": 0.0018925056775170325, "13101_13119": 0.0016292005397755323, "13101_13120": 0.0011651252345061384, "13101_13121": 0.002935852285817727, "13101_13122": 0.0015074219135700886, "13101_13123": 0.0023763288681170392, "13102_13101": 0.03086265345752559, "13102_13103": 0.016729750189250568, "13102_13104": 0.0023829114965605767, "13102_13105": 0.0012704472896027383, "13102_13106": 0.00511799361485041, "13102_13107": 0.006668202613303492, "13102_13108": 0.02002435572524109, "13102_13109": 0.0016686963104367574, "13102_13110": 0.0006056018168054504, "13102_13111": 0.0013988085442517197, "13102_13112": 0.0009446071816476319, "13102_13113": 0.0016489484251061449, "13102_13114": 0.0004542013626040878, "13102_13115": 0.00040483164927755655, "13102_13116": 0.000678010729684363, "13102_13117": 0.0005167363328176941, "13102_13118": 0.0006681367870190568, "13102_13119": 0.00043116216305170654, "13102_13120": 0.00036862719283810026, "13102_13121": 0.0015962873975578448, "13102_13122": 0.0011486686633972946, "13102_13123": 0.0020603627028272387, "13103_13101": 0.023388078859888754, "13103_13102": 0.0163578316821907, "13103_13104": 0.009482276272915775, "13103_13105": 0.0013626040878122634, "13103_13106": 0.0022677154987986703, "13103_13107": 0.0014778000855741697, "13103_13108": 0.004604548596254484, "13103_13109": 0.021676595464569, "13103_13110": 0.0034953757035184147, "13103_13111": 0.005884869828522529, "13103_13112": 0.003225487937333377, "13103_13113": 0.020791231938913208, "13103_13114": 0.000691175986571438, "13103_13115": 0.0008524503834381068, "13103_13116": 0.0010532205509660008, "13103_13117": 0.0012210775762762072, "13103_13118": 0.0008919461540993318, "13103_13119": 0.0006615541585755192, "13103_13120": 0.0003390053648421815, "13103_13121": 0.0011585426060626007, "13103_13122": 0.0007043412434585129, "13103_13123": 0.0010795510647401507, "13104_13101": 0.017424217490043775, "13104_13102": 0.0026626732054109204, "13104_13103": 0.00807359378599875, "13104_13105": 0.01036763979857157, "13104_13106": 0.0015633742553401574, "13104_13107": 0.0009248592963170194, "13104_13108": 0.0018266793930816576, "13104_13109": 0.0014679261429088636, "13104_13110": 0.0009446071816476319, "13104_13111": 0.0006056018168054504, "13104_13112": 0.00340321890530889, "13104_13113": 0.02255866767600303, "13104_13114": 0.01910278774314584, "13104_13115": 0.00480202744956061, "13104_13116": 0.014649639601092716, "13104_13117": 0.0018069315077510449, "13104_13118": 0.0006154757594707567, "13104_13119": 0.002142645558371458, "13104_13120": 0.004127308034098016, "13104_13121": 0.0006845933581279004, "13104_13122": 0.0003028009084027252, "13104_13123": 0.000717506500345588, "13105_13101": 0.012250271533423295, "13105_13102": 0.0014448869433564822, "13105_13103": 0.0016292005397755323, "13105_13104": 0.007481157226080374, "13105_13106": 0.008198663726425961, "13105_13107": 0.0006023105025836817, "13105_13108": 0.0008129546127768818, "13105_13109": 0.00024355725241088767, "13105_13110": 0.00013823519731428758, "13105_13111": 0.0001711483395319751, "13105_13112": 0.00019747885330612512, "13105_13113": 0.0005496494750353816, "13105_13114": 0.0004015403350557878, "13105_13115": 0.0001448178257578251, "13105_13116": 0.014843827140177073, "13105_13117": 0.004387321857617746, "13105_13118": 0.002271006813020439, "13105_13119": 0.00179376625086397, "13105_13120": 0.0008557416976598755, "13105_13121": 0.0012013296909455945, "13105_13122": 0.00035546193595102524, "13105_13123": 0.00032913142217687525, "13106_13101": 0.010726393048744363, "13106_13102": 0.0043906131718395155, "13106_13103": 0.0022775894414639765, "13106_13104": 0.001316525688707501, "13106_13105": 0.007089490833689893, "13106_13107": 0.0105223315669947, "13106_13108": 0.001500839285126551, "13106_13109": 0.0006648454727972879, "13106_13110": 0.00010861336931836883, "13106_13111": 0.00045091004838231904, "13106_13112": 0.0001250699404272126, "13106_13113": 0.0006286410163578316, "13106_13114": 0.0001810222821972814, "13106_13115": 0.00012836125464898133, "13106_13116": 0.0009873942665306256, "13106_13117": 0.0023434157258993516, "13106_13118": 0.012918408320442352, "13106_13119": 0.00040812296349932527, "13106_13120": 0.00021064411019320014, "13106_13121": 0.004206299575420466, "13106_13122": 0.0018925056775170325, "13106_13123": 0.0007833327847809631, "13107_13101": 0.0034558799328571897, "13107_13102": 0.004785570878451766, "13107_13103": 0.0016555310535496823, "13107_13104": 0.0008524503834381068, "13107_13105": 0.0006450975874666754, "13107_13106": 0.00790902807491031, "13107_13108": 0.01427113846558931, "13107_13109": 0.0004969884474870816, "13107_13110": 9.873942665306256e-05, "13107_13111": 0.00029950959418095644, "13107_13112": 0.00017773096797551262, "13107_13113": 0.00046736661949116283, "13107_13114": 0.0001250699404272126, "13107_13115": 0.00013494388309251884, "13107_13116": 0.00024355725241088767, "13107_13117": 0.00031596616528980023, "13107_13118": 0.0015732481980054636, "13107_13119": 0.00011190468354013758, "13107_13120": 6.25349702136063e-05, "13107_13121": 0.0023467070401211204, "13107_13122": 0.008771352401013725, "13107_13123": 0.005463581608136129, "13108_13101": 0.0058881611427442975, "13108_13102": 0.016555310535496824, "13108_13103": 0.004726327222459928, "13108_13104": 0.0018925056775170325, "13108_13105": 0.0010005595234177007, "13108_13106": 0.0015666655695619261, "13108_13107": 0.013468057795477734, "13108_13109": 0.00205707138860547, "13108_13110": 0.0002468485666326564, "13108_13111": 0.0018661751637428826, "13108_13112": 0.0005463581608136129, "13108_13113": 0.0010663858078530757, "13108_13114": 0.00036862719283810026, "13108_13115": 0.00026001382351973143, "13108_13116": 0.0006648454727972879, "13108_13117": 0.0003620445643945628, "13108_13118": 0.00039495770661225025, "13108_13119": 0.00035546193595102524, "13108_13120": 0.0002665964519632689, "13108_13121": 0.0009610637527564757, "13108_13122": 0.0014053911726952572, "13108_13123": 0.021080867590428858, "13109_13101": 0.0022084718428068326, "13109_13102": 0.0019320014481782576, "13109_13103": 0.018339202843695487, "13109_13104": 0.0014778000855741697, "13109_13105": 0.00032913142217687525, "13109_13106": 0.0005825626172530692, "13109_13107": 0.00043116216305170654, "13109_13108": 0.0022874633841292826, "13109_13110": 0.007968271730902149, "13109_13111": 0.024516999637955436, "13109_13112": 0.0018892143632952638, "13109_13113": 0.0036467761577197774, "13109_13114": 0.0002698877661850377, "13109_13115": 0.00042787084882993777, "13109_13116": 0.0006187670736925254, "13109_13117": 0.00032913142217687525, "13109_13118": 0.00019089622486258764, "13109_13119": 0.0003390053648421815, "13109_13120": 0.0001711483395319751, "13109_13121": 0.00026001382351973143, "13109_13122": 0.00015469176842313135, "13109_13123": 0.000398249020834019, "13110_13101": 0.0009084027252081756, "13110_13102": 0.0005858539314748379, "13110_13103": 0.0031794095382286147, "13110_13104": 0.0009808116380870882, "13110_13105": 7.240891287891255e-05, "13110_13106": 8.228285554421881e-05, "13110_13107": 6.911759865714379e-05, "13110_13108": 0.00020406148174966263, "13110_13109": 0.007231017345225949, "13110_13111": 0.004071355692327946, "13110_13112": 0.018414903070796167, "13110_13113": 0.009995721291511701, "13110_13114": 0.0003093835368462627, "13110_13115": 0.00044432741993878156,