{"13101_13102": 0.024565289174515535, "13101_13103": 0.01978970351385167, "13101_13104": 0.01580480748279913, "13101_13105": 0.013758448810708453, "13101_13106": 0.013183401807354762, "13101_13107": 0.003346953261707036, "13101_13108": 0.004452121721277413, "13101_13109": 0.0009501753219477022, "13101_13110": 0.0003796208733077108, "13101_13111": 0.0005233826241461338, "13101_13112": 0.000905249774810695, "13101_13113": 0.0031313106354494014, "13101_13114": 0.000649174156129754, "13101_13115": 0.0006199725504906992, "13101_13116": 0.0012534227651225006, "13101_13117": 0.0013253036405417122, "13101_13118": 0.0018936118118248533, "13101_13119": 0.0005503379524283382, "13101_13120": 0.00035491182238235684, "13101_13121": 0.0018733953156132, "13101_13122": 0.0006042486089927468, "13101_13123": 0.0010445189709354173, "13102_13101": 0.02814810155869186, "13102_13103": 0.01298797567730878, "13102_13104": 0.0009546678766614028, "13102_13105": 0.000568308171283141, "13102_13106": 0.003971418366911436, "13102_13107": 0.005375341714942911, "13102_13108": 0.015818285146940232, "13102_13109": 0.000768226856042823, "13102_13110": 0.0001729633564774777, "13102_13111": 0.0005570767844988892, "13102_13112": 0.00040657620158991514, "13102_13113": 0.001049011525649118, "13102_13114": 0.0001392691961247223, "13102_13115": 0.0001841947432617295, "13102_13116": 0.0001841947432617295, "13102_13117": 0.0001797021885480288, "13102_13118": 0.0005301214562166849, "13102_13119": 0.00014825430555212373, "13102_13120": 0.0002336128451124374, "13102_13121": 0.0007480103598311698, "13102_13122": 0.0005885246674947942, "13102_13123": 0.0011905269991306906, "13103_13101": 0.01861939301093263, "13103_13102": 0.013253036405417123, "13103_13104": 0.00492833252092969, "13103_13105": 0.0009973471464415598, "13103_13106": 0.0009456827672340015, "13103_13107": 0.0010535040803628186, "13103_13108": 0.0030751537015281426, "13103_13109": 0.01678418441038589, "13103_13110": 0.0017812979439823353, "13103_13111": 0.0032863037730720764, "13103_13112": 0.0015319611573719454, "13103_13113": 0.01693693127065171, "13103_13114": 0.00030324744317479854, "13103_13115": 0.0002673070054651928, "13103_13116": 0.0004851959090796777, "13103_13117": 0.000649174156129754, "13103_13118": 0.0002740458375357439, "13103_13119": 0.0002920160563905468, "13103_13120": 0.0002852772243199957, "13103_13121": 0.0005211363467892834, "13103_13122": 0.0003257102167433022, "13103_13123": 0.0004851959090796777, "13104_13101": 0.013774172752206406, "13104_13102": 0.0009748843728730561, "13104_13103": 0.004416181283567807, "13104_13105": 0.008648167823873886, "13104_13106": 0.0006963459806236115, "13104_13107": 0.0003099862752453496, "13104_13108": 0.000505412405291331, "13104_13109": 0.0004896884637933784, "13104_13110": 0.0004762107996522763, "13104_13111": 0.0002920160563905468, "13104_13112": 0.0016195659742891094, "13104_13113": 0.02255711721749131, "13104_13114": 0.015445403105703073, "13104_13115": 0.002659592390510826, "13104_13116": 0.01261060108135792, "13104_13117": 0.0009793769275867569, "13104_13118": 0.00019317985268913095, "13104_13119": 0.0012534227651225006, "13104_13120": 0.001855425096758397, "13104_13121": 0.00033918788088440434, "13104_13122": 0.00010557503577196691, "13104_13123": 0.00034817299031180576, "13105_13101": 0.011790709846107538, "13105_13102": 0.0006154799957769986, "13105_13103": 0.0008917721106695928, "13105_13104": 0.007291416300336267, "13105_13106": 0.007385759949323983, "13105_13107": 0.00033020277145700286, "13105_13108": 0.00024933678661038996, "13105_13109": 0.00015723941497952518, "13105_13110": 3.818671506645612e-05, "13105_13111": 0.00017520963383432805, "13105_13112": 0.00010557503577196691, "13105_13113": 0.0002673070054651928, "13105_13114": 0.0002942623337473971, "13105_13115": 0.0002178889036144849, "13105_13116": 0.011500940067073842, "13105_13117": 0.0038388880028572647, "13105_13118": 0.0018846267023974518, "13105_13119": 0.0008648167823873885, "13105_13120": 0.00033020277145700286, "13105_13121": 0.0011433551746368332, "13105_13122": 0.0002223814583281856, "13105_13123": 0.00017745591119117842, "13106_13101": 0.010458667373495274, "13106_13102": 0.003430065523910499, "13106_13103": 0.0010939370727861251, "13106_13104": 0.0005885246674947942, "13106_13105": 0.006709630464912025, "13106_13107": 0.008758235414359553, "13106_13108": 0.0007974284616818777, "13106_13109": 0.00017745591119117842, "13106_13110": 4.49255471370072e-05, "13106_13111": 0.00013028408669732086, "13106_13112": 8.760481691716403e-05, "13106_13113": 0.0005817858354242432, "13106_13114": 0.00011905269991306907, "13106_13115": 8.311226220346331e-05, "13106_13116": 0.0005233826241461338, "13106_13117": 0.0024057630491867354, "13106_13118": 0.012637556409640123, "13106_13119": 0.00014825430555212373, "13106_13120": 9.883620370141583e-05, "13106_13121": 0.0028392945790588547, "13106_13122": 0.00099959342379841, "13106_13123": 0.000393098537448813, "13107_13101": 0.0024439497642531915, "13107_13102": 0.003704111361446243, "13107_13103": 0.0009861157596573078, "13107_13104": 0.00030324744317479854, "13107_13105": 0.0002942623337473971, "13107_13106": 0.0075317679775192565, "13107_13108": 0.014567108659174583, "13107_13109": 0.0002291202903987367, "13107_13110": 2.4709050925353957e-05, "13107_13111": 9.658992634456547e-05, "13107_13112": 7.412715277606187e-05, "13107_13113": 0.00017745591119117842, "13107_13114": 3.818671506645612e-05, "13107_13115": 5.840321127810935e-05, "13107_13116": 7.861970748976259e-05, "13107_13117": 7.188087541921151e-05, "13107_13118": 0.0011792956123464389, "13107_13119": 3.36941603527554e-05, "13107_13120": 4.9418101850707915e-05, "13107_13121": 0.001635289915787062, "13107_13122": 0.005943649886226052, "13107_13123": 0.004207277489380724, "13108_13101": 0.0043038674157252895, "13108_13102": 0.013563022680662472, "13108_13103": 0.0031739899052295583, "13108_13104": 0.0005480916750714878, "13108_13105": 0.00028752350167684604, "13108_13106": 0.0007951821843250273, "13108_13107": 0.014070681363310654, "13108_13109": 0.0013095796990437597, "13108_13110": 0.00011456014519936834, "13108_13111": 0.0009389439351634504, "13108_13112": 0.0002605681733946417, "13108_13113": 0.0004739645222954259, "13108_13114": 0.00010108248105826618, "13108_13115": 7.412715277606187e-05, "13108_13116": 0.00019317985268913095, "13108_13117": 0.00013702291876787194, "13108_13118": 0.00023136656775558706, "13108_13119": 9.43436489877151e-05, "13108_13120": 0.00014151547348157265, "13108_13121": 0.0005772932807105425, "13108_13122": 0.0008266300673209324, "13108_13123": 0.014809706613714422, "13109_13101": 0.0009591604313751036, "13109_13102": 0.0008446002861757353, "13109_13103": 0.016512384850206993, "13109_13104": 0.0005862783901379438, "13109_13105": 0.00016622452440692663, "13109_13106": 0.00016397824705007626, "13109_13107": 0.00016397824705007626, "13109_13108": 0.001080459408645023, "13109_13110": 0.007733932939635788, "13109_13111": 0.018507079143090115, "13109_13112": 0.0008311226220346331, "13109_13113": 0.0023563449473360276, "13109_13114": 5.840321127810935e-05, "13109_13115": 0.00014825430555212373, "13109_13116": 0.00031447882995905036, "13109_13117": 0.00012579153198362015, "13109_13118": 6.064948863495971e-05, "13109_13119": 0.00015274686026582447, "13109_13120": 6.514204334866043e-05, "13109_13121": 0.00011006759048566763, "13109_13122": 8.311226220346331e-05, "13109_13123": 0.00016622452440692663, "13110_13101": 0.000393098537448813, "13110_13102": 0.00022462773568503598, "13110_13103": 0.0014960207196623395, "13110_13104": 0.0005525842297851884, "13110_13105": 4.717182449385755e-05, "13110_13106": 2.6955328282204316e-05, "13110_13107": 3.144788299590504e-05, "13110_13108": 0.0001460080281952734, "13110_13109": 0.007403730168178786, "13110_13111": 0.0030886313656692446, "13110_13112": 0.015389246171781815, "13110_13113": 0.009876881538071031, "13110_13114": 7.637343013291223e-05,