{"13101_13102": 0.028949254036901503, "13101_13103": 0.026268649077462444, "13101_13104": 0.02403267906952939, "13101_13105": 0.01669140415077923, "13101_13106": 0.015453463674284107, "13101_13107": 0.004225631445607391, "13101_13108": 0.006467999078741971, "13101_13109": 0.002418302326176523, "13101_13110": 0.0009948307188371677, "13101_13111": 0.001954474499065947, "13101_13112": 0.0029141182792947256, "13101_13113": 0.004887785653965248, "13101_13114": 0.001580213424776723, "13101_13115": 0.0018201243698339176, "13101_13116": 0.002978094531309978, "13101_13117": 0.0026965990224428692, "13101_13118": 0.0019640709368682345, "13101_13119": 0.00173695524221409, "13101_13120": 0.0012635309773012257, "13101_13121": 0.002930112342298539, "13101_13122": 0.0016377920515904497, "13101_13123": 0.0026262251452260923, "13102_13101": 0.032634286152980016, "13102_13103": 0.018025309005297235, "13102_13104": 0.0024023082631727103, "13102_13105": 0.00131791079151419, "13102_13106": 0.005303631292064385, "13102_13107": 0.007389257107761599, "13102_13108": 0.020373237454256978, "13102_13109": 0.0017593469304194283, "13102_13110": 0.0006301660823502316, "13102_13111": 0.001452260920746219, "13102_13112": 0.0010172224070425057, "13102_13113": 0.0019704685620697596, "13102_13114": 0.0004350385137037132, "13102_13115": 0.00044143613890523835, "13102_13116": 0.0006813470839624332, "13102_13117": 0.0006077743941448934, "13102_13118": 0.0007805102745860736, "13102_13119": 0.00037745988688998644, "13102_13120": 0.0003678634490876986, "13102_13121": 0.0015290324231645213, "13102_13122": 0.001087596284259283, "13102_13123": 0.0020216495636819613, "13103_13101": 0.02529940885943138, "13103_13102": 0.017900555313867493, "13103_13104": 0.009733986744120583, "13103_13105": 0.001720961179210277, "13103_13106": 0.002405507075773473, "13103_13107": 0.0017081659288072269, "13103_13108": 0.004910177342170586, "13103_13109": 0.023322542672160093, "13103_13110": 0.0038929549351280806, "13103_13111": 0.006272871510095452, "13103_13112": 0.003563477237249533, "13103_13113": 0.021684750620569643, "13103_13114": 0.0007581185863807354, "13103_13115": 0.0008924687156127646, "13103_13116": 0.0012251452260920747, "13103_13117": 0.0012731274151035136, "13103_13118": 0.0008508841518028508, "13103_13119": 0.0006461601453540446, "13103_13120": 0.0005022135783197278, "13103_13121": 0.0012155487882897869, "13103_13122": 0.001007625969240218, "13103_13123": 0.0011963559126852113, "13104_13101": 0.018015712567494947, "13104_13102": 0.002834147964275661, "13104_13103": 0.008390485451800291, "13104_13105": 0.010021879878189217, "13104_13106": 0.0015578217365713846, "13104_13107": 0.0009148604038181027, "13104_13108": 0.002085625815697213, "13104_13109": 0.0015610205491721472, "13104_13110": 0.0010907950968600455, "13104_13111": 0.0005533945799319292, "13104_13112": 0.0037170202420861377, "13104_13113": 0.024272590014586586, "13104_13114": 0.019883819126340303, "13104_13115": 0.005226859789646083, "13104_13116": 0.015226347979629962, "13104_13117": 0.0018521124958415435, "13104_13118": 0.0006301660823502316, "13104_13119": 0.0022711569465414436, "13104_13120": 0.004436753077257722, "13104_13121": 0.000729329272973872, "13104_13122": 0.00037106226168846123, "13104_13123": 0.0007965043375898867, "13105_13101": 0.012782455152647337, "13105_13102": 0.0015674181743736725, "13105_13103": 0.0016377920515904497, "13105_13104": 0.007961844563298104, "13105_13106": 0.008963072907336797, "13105_13107": 0.0006941423343654836, "13105_13108": 0.0008764746526089516, "13105_13109": 0.0003134836348747345, "13105_13110": 0.00011835606622821608, "13105_13111": 0.00016633825523965505, "13105_13112": 0.00028149550886710854, "13105_13113": 0.000594979143741843, "13105_13114": 0.0003262788852777849, "13105_13115": 0.00018872994344499322, "13105_13116": 0.01431148757581186, "13105_13117": 0.004670266397113392, "13105_13118": 0.0023767177623666095, "13105_13119": 0.0019832638124728103, "13105_13120": 0.0008348900887990378, "13105_13121": 0.0012763262277042762, "13105_13122": 0.0003262788852777849, "13105_13123": 0.00035506819868464827, "13106_13101": 0.011301404918494256, "13106_13102": 0.0047950200885431326, "13106_13103": 0.0025430560176062647, "13106_13104": 0.001308314353711902, "13106_13105": 0.007421245233769225, "13106_13107": 0.010882360467794354, "13106_13108": 0.001548225298769097, "13106_13109": 0.0006237684571487064, "13106_13110": 5.118100161220155e-05, "13106_13111": 0.0005725874555365048, "13106_13112": 0.00012155487882897869, "13106_13113": 0.0006877447091639584, "13106_13114": 0.00016313944263889244, "13106_13115": 0.00013435012923202906, "13106_13116": 0.0010332164700463187, "13106_13117": 0.0026550144586329556, "13106_13118": 0.013188704352944187, "13106_13119": 0.00035506819868464827, "13106_13120": 0.000198326381247281, "13106_13121": 0.004542313893082887, "13106_13122": 0.0022007830693246667, "13106_13123": 0.0008124984005936996, "13107_13101": 0.003979322875348671, "13107_13102": 0.005377203981881925, "13107_13103": 0.0018233231824346802, "13107_13104": 0.0010044271566394555, "13107_13105": 0.0006653530209586202, "13107_13106": 0.008518437955830795, "13107_13108": 0.015162371727614709, "13107_13109": 0.0005661898303349796, "13107_13110": 8.636794022059011e-05, "13107_13111": 0.0004382373263044758, "13107_13112": 0.00022391688205338178, "13107_13113": 0.0005597922051334544, "13107_13114": 0.0001055608158251657, "13107_13115": 0.00013435012923202906, "13107_13116": 0.00024310975765795738, "13107_13117": 0.00034547176088236045, "13107_13118": 0.0014394656703431686, "13107_13119": 8.316912761982752e-05, "13107_13120": 5.437981421296415e-05, "13107_13121": 0.0023447296363589836, "13107_13122": 0.008697571461473501, "13107_13123": 0.005687488804155897, "13108_13101": 0.006589553957570949, "13108_13102": 0.016454692018322798, "13108_13103": 0.005236456227448371, "13108_13104": 0.0020504388770888247, "13108_13105": 0.0009916319062364051, "13108_13106": 0.0017177623666095145, "13108_13107": 0.014381861453028636, "13108_13109": 0.0022903498221460193, "13108_13110": 0.0002974895718709215, "13108_13111": 0.0019352816234613711, "13108_13112": 0.0005278040791258285, "13108_13113": 0.0011451749110730097, "13108_13114": 0.00034867057348312306, "13108_13115": 0.00025270619546024516, "13108_13116": 0.0006717506461601454, "13108_13117": 0.0003678634490876986, "13108_13118": 0.00045743020190905137, "13108_13119": 0.00027189907106482073, "13108_13120": 0.00024310975765795738, "13108_13121": 0.0009276556542211532, "13108_13122": 0.0013754894183279167, "13108_13123": 0.021217723980858305, "13109_13101": 0.0022583616961383934, "13109_13102": 0.0019384804360621337, "13109_13103": 0.01921206848018016, "13109_13104": 0.0015098395475599458, "13109_13105": 0.0003230800726770223, "13109_13106": 0.0006173708319471812, "13109_13107": 0.00045423138930828877, "13109_13108": 0.0024886762033933005, "13109_13110": 0.008256135322568263, "13109_13111": 0.025641681807712976, "13109_13112": 0.002005655500678148, "13109_13113": 0.0038993525603296057, "13109_13114": 0.00028789313406863375, "13109_13115": 0.0003230800726770223, "13109_13116": 0.0007357268981753973, "13109_13117": 0.000412646825498375, "13109_13118": 0.0002047240064488062, "13109_13119": 0.0003326765104793101, "13109_13120": 0.000182332318243468, "13109_13121": 0.0002079228190495688, "13109_13122": 0.00017593469304194283, "13109_13123": 0.00046702663971133913, "13110_13101": 0.0009244568416203905, "13110_13102": 0.0005693886429357423, "13110_13103": 0.003672236865675461, "13110_13104": 0.0011323796606699593, "13110_13105": 0.0001151572536274535, "13110_13106": 9.276556542211531e-05, "13110_13107": 6.397625201525194e-05, "13110_13108": 0.0002655014458632955, "13110_13109": 0.007475625047982189, "13110_13111": 0.004292806510223405, "13110_13112": 0.018706656089259668, "13110_13113": 0.01086316759218978, "13110_13114": 0.0003390741356808353, "13110_13115": 0.00046702663971133913,