{"13101_13102": 0.00927188976533618, "13101_13103": 0.007133960873359485, "13101_13104": 0.006210443373126488, "13101_13105": 0.004707962302411031, "13101_13106": 0.006249982348671632, "13101_13107": 0.0020419056656527743, "13101_13108": 0.003109458005371652, "13101_13109": 0.0012257082418994523, "13101_13110": 0.0004292803059187022, "13101_13111": 0.0010675523397188779, "13101_13112": 0.001234180879516269, "13101_13113": 0.0023017332192351468, "13101_13114": 0.0007794826607471171, "13101_13115": 0.0009856501760896518, "13101_13116": 0.0014855357954818248, "13101_13117": 0.0012934893428339844, "13101_13118": 0.001050607064485245, "13101_13119": 0.0007625373855134842, "13101_13120": 0.0005337761698594389, "13101_13121": 0.0015900316594225615, "13101_13122": 0.0007907795109028726, "13101_13123": 0.0016069769346561944, "13102_13101": 0.010234946241114321, "13102_13103": 0.005896955781304278, "13102_13104": 0.0010195407265569177, "13102_13105": 0.0006185025460276038, "13102_13106": 0.0021379288919766946, "13102_13107": 0.002507900734577681, "13102_13108": 0.008661859856925393, "13102_13109": 0.0008811543121489151, "13102_13110": 0.00031348759182221015, "13102_13111": 0.0008190216362922608, "13102_13112": 0.0005704909328656438, "13102_13113": 0.0010223649390958566, "13102_13114": 0.00023723385327086176, "13102_13115": 0.00026547597866025005, "13102_13116": 0.00042645609337976336, "13102_13117": 0.00022593700311510643, "13102_13118": 0.0004179834557629469, "13102_13119": 0.0002711244037381277, "13102_13120": 0.0002231127905761676, "13102_13121": 0.0009122206500772422, "13102_13122": 0.0005846119955603379, "13102_13123": 0.00123135666697733, "13103_13101": 0.006860012257082419, "13103_13102": 0.005764217791974153, "13103_13104": 0.0032054812316955725, "13103_13105": 0.0007427678977409124, "13103_13106": 0.001434699969780926, "13103_13107": 0.0008105489986754443, "13103_13108": 0.0035669804366797427, "13103_13109": 0.008334251202408488, "13103_13110": 0.0017538359866810136, "13103_13111": 0.00350202354828415, "13103_13112": 0.0018752771258553835, "13103_13113": 0.008226931125928812, "13103_13114": 0.0004349287309965799, "13103_13115": 0.00048011613161960117, "13103_13116": 0.0006128541209497262, "13103_13117": 0.0006523930964948698, "13103_13118": 0.00047729191908066235, "13103_13119": 0.0003614992049841703, "13103_13120": 0.00030219074166645485, "13103_13121": 0.0007286468350462183, "13103_13122": 0.0004575224313080905, "13103_13123": 0.0006862836469621358, "13104_13101": 0.005744448304201581, "13104_13102": 0.0011381576531923486, "13104_13103": 0.0030755674549043863, "13104_13105": 0.003993436530059506, "13104_13106": 0.0009432869880055694, "13104_13107": 0.0006297993961833591, "13104_13108": 0.0011099155278029604, "13104_13109": 0.0009291659253108751, "13104_13110": 0.0007766584482081783, "13104_13111": 0.00046317085638596816, "13104_13112": 0.002225479480683798, "13104_13113": 0.010901460400303885, "13104_13114": 0.008805894696411272, "13104_13115": 0.003098161155215897, "13104_13116": 0.0070125197341851155, "13104_13117": 0.0010675523397188779, "13104_13118": 0.0003614992049841703, "13104_13119": 0.001296313555372923, "13104_13120": 0.002499428096960865, "13104_13121": 0.0004970614068532342, "13104_13122": 0.0002880696789717607, "13104_13123": 0.0005196551071647448, "13105_13101": 0.0044368378986729025, "13105_13102": 0.0007681858105913618, "13105_13103": 0.0007314710475851571, "13105_13104": 0.0034737814228947613, "13105_13106": 0.0038381048404178704, "13105_13107": 0.0004349287309965799, "13105_13108": 0.0005704909328656438, "13105_13109": 0.00014121062694694153, "13105_13110": 6.49568883955931e-05, "13105_13111": 0.00011579271409649204, "13105_13112": 0.00017227696487526865, "13105_13113": 0.0004434013686133964, "13105_13114": 0.0002683001911991889, "13105_13115": 0.00020616751534253462, "13105_13116": 0.00564842507787766, "13105_13117": 0.001985421414873998, "13105_13118": 0.0010562554895631225, "13105_13119": 0.0010760249773356944, "13105_13120": 0.0005450730200151942, "13105_13121": 0.0008359669115258938, "13105_13122": 0.00022876121565404525, "13105_13123": 0.00022876121565404525, "13106_13101": 0.00531234378574394, "13106_13102": 0.002194413142755471, "13106_13103": 0.0012511261547499019, "13106_13104": 0.001016716514017979, "13106_13105": 0.0036545310253868466, "13106_13107": 0.005713381966273254, "13106_13108": 0.00123135666697733, "13106_13109": 0.0004546982187691517, "13106_13110": 5.083582570089895e-05, "13106_13111": 0.0004179834557629469, "13106_13112": 0.00018922224010890163, "13106_13113": 0.0007145257723515241, "13106_13114": 0.000149683264563758, "13106_13115": 0.00014685905202481918, "13106_13116": 0.0009630564757781412, "13106_13117": 0.0013640946563074552, "13106_13118": 0.006103123296646812, "13106_13119": 0.00033043286705584316, "13106_13120": 0.00018074960249208515, "13106_13121": 0.002880696789717607, "13106_13122": 0.0013810399315410881, "13106_13123": 0.0006100299084107873, "13107_13101": 0.0018611560631606892, "13107_13102": 0.0021266320418209393, "13107_13103": 0.0009574080507002635, "13107_13104": 0.000567666720326705, "13107_13105": 0.0004744677065417235, "13107_13106": 0.005323640635899695, "13107_13108": 0.009712466921410638, "13107_13109": 0.0002795970413549442, "13107_13110": 7.342952601240959e-05, "13107_13111": 0.00024570649088767827, "13107_13112": 0.000166628539797391, "13107_13113": 0.00036432341752310913, "13107_13114": 0.00011014428901861439, "13107_13115": 0.0001214411391743697, "13107_13116": 0.00022593700311510643, "13107_13117": 0.00020616751534253462, "13107_13118": 0.00096588068831708, "13107_13119": 0.00011861692663543088, "13107_13120": 9.884743886285907e-05, "13107_13121": 0.002070147791042163, "13107_13122": 0.004256088296180818, "13107_13123": 0.003702542638548807, "13108_13101": 0.0032704381200911654, "13108_13102": 0.008269294314012895, "13108_13103": 0.0034398908724274954, "13108_13104": 0.0011409818657312876, "13108_13105": 0.0005704909328656438, "13108_13106": 0.0013217314682233727, "13108_13107": 0.009432869880055693, "13108_13109": 0.0013047861929897397, "13108_13110": 0.00021746436549828995, "13108_13111": 0.0013782157190021492, "13108_13112": 0.00041515924322400806, "13108_13113": 0.0008980995873825481, "13108_13114": 0.00019204645264784046, "13108_13115": 0.0002146401529593511, "13108_13116": 0.0004434013686133964, "13108_13117": 0.00028242125389388306, "13108_13118": 0.0002795970413549442, "13108_13119": 0.00017510117741420747, "13108_13120": 0.00016380432725845217, "13108_13121": 0.0007342952601240959, "13108_13122": 0.0011861692663543088, "13108_13123": 0.01168941569866782, "13109_13101": 0.0010364860017905507, "13109_13102": 0.0009432869880055694, "13109_13103": 0.008277766951629711, "13109_13104": 0.0009912986011675294, "13109_13105": 0.00019204645264784046, "13109_13106": 0.0005140066820868671, "13109_13107": 0.00030501495420539367, "13109_13108": 0.0012567745798277795, "13109_13110": 0.004976262493610219, "13109_13111": 0.01248301942210963, "13109_13112": 0.0013782157190021492, "13109_13113": 0.0020193119653412637, "13109_13114": 0.00017510117741420747, "13109_13115": 0.000299366529127516, "13109_13116": 0.000465995068924907, "13109_13117": 0.00026547597866025005, "13109_13118": 0.00011579271409649204, "13109_13119": 0.00022876121565404525, "13109_13120": 0.00012708956425224737, "13109_13121": 0.00016945275233632982, "13109_13122": 6.49568883955931e-05, "13109_13123": 0.0002795970413549442, "13110_13101": 0.0003614992049841703, "13110_13102": 0.00032760865451690434, "13110_13103": 0.001813144449998729, "13110_13104": 0.0007258226225072794, "13110_13105": 6.49568883955931e-05, "13110_13106": 7.060531347347077e-05, "13110_13107": 5.3660038239837774e-05, "13110_13108": 0.00020899172788147344, "13110_13109": 0.00485199714189691, "13110_13111": 0.002592627110745846, "13110_13112": 0.009785896447423047, "13110_13113": 0.005148539458485488, "13110_13114": 0.00022876121565404525,