{"13101_13102": 0.016449465085949067, "13101_13103": 0.014216162151031095, "13101_13104": 0.012201041390874592, "13101_13105": 0.008533619666794143, "13101_13106": 0.00868070877337491, "13101_13107": 0.002767726688828092, "13101_13108": 0.005797762284391885, "13101_13109": 0.0020371841261436177, "13101_13110": 0.0006864158307102443, "13101_13111": 0.0019146098706596456, "13101_13112": 0.0029417821316153328, "13101_13113": 0.003535041528157758, "13101_13114": 0.0014831484913560636, "13101_13115": 0.0018900950195628512, "13101_13116": 0.002507869267202071, "13101_13117": 0.00251277223742143, "13101_13118": 0.0015419841339883702, "13101_13119": 0.0017160395767756107, "13101_13120": 0.0012919326528010669, "13101_13121": 0.003093774208415458, "13101_13122": 0.00167436432991106, "13101_13123": 0.002529932633189186, "13102_13101": 0.017832102687808275, "13102_13103": 0.010232498847801998, "13102_13104": 0.00185087125780798, "13102_13105": 0.0009977544396395335, "13102_13106": 0.0039566969670226226, "13102_13107": 0.004135655380029222, "13102_13108": 0.013826376018592063, "13102_13109": 0.0016621069043626629, "13102_13110": 0.0005834534561037076, "13102_13111": 0.001414506908285039, "13102_13112": 0.0009879484992008159, "13102_13113": 0.001441473244491513, "13102_13114": 0.000568744545445631, "13102_13115": 0.00043391286441326157, "13102_13116": 0.000850665333058767, "13102_13117": 0.0006937702860392826, "13102_13118": 0.000762411869110307, "13102_13119": 0.00045107326018101765, "13102_13120": 0.00035301385579383993, "13102_13121": 0.0020126692750468233, "13102_13122": 0.001203679188852607, "13102_13123": 0.0022112395689308584, "13103_13101": 0.01427744927877308, "13103_13102": 0.010435972111905393, "13103_13104": 0.005309916747565676, "13103_13105": 0.001304190078349464, "13103_13106": 0.0022945900626599593, "13103_13107": 0.001635140568156189, "13103_13108": 0.004844134576726581, "13103_13109": 0.013392463154178802, "13103_13110": 0.0022455603604663705, "13103_13111": 0.006060071191127585, "13103_13112": 0.002900106884750782, "13103_13113": 0.009832906774924249, "13103_13114": 0.0007942811755361397, "13103_13115": 0.0008531168181684464, "13103_13116": 0.0011865187930848507, "13103_13117": 0.0016032712617303562, "13103_13118": 0.001066396022710558, "13103_13119": 0.0006104197923101815, "13103_13120": 0.0005099089028133243, "13103_13121": 0.0012061306739622863, "13103_13122": 0.000806538601084537, "13103_13123": 0.0012355484952784397, "13104_13101": 0.010663960227105581, "13104_13102": 0.002108277194324322, "13104_13103": 0.005096637543023564, "13104_13105": 0.005724217731101502, "13104_13106": 0.0012723207719236313, "13104_13107": 0.0008163445415232548, "13104_13108": 0.0017086851214465724, "13104_13109": 0.0014733425509173457, "13104_13110": 0.0008947920650329969, "13104_13111": 0.000652095039174732, "13104_13112": 0.0028584316378862315, "13104_13113": 0.013774894831288794, "13104_13114": 0.011097873091518842, "13104_13115": 0.004069465282067876, "13104_13116": 0.008290922640935878, "13104_13117": 0.0017748752194079174, "13104_13118": 0.0005442296943488365, "13104_13119": 0.0018655801684660568, "13104_13120": 0.0036600672687514095, "13104_13121": 0.0007256395924651154, "13104_13122": 0.0002966296982712127, "13104_13123": 0.0007133821669167181, "13105_13101": 0.007930554329813001, "13105_13102": 0.001203679188852607, "13105_13103": 0.0013556712656527324, "13105_13104": 0.005091734572804205, "13105_13106": 0.0048171682405201074, "13105_13107": 0.0005246178134714009, "13105_13108": 0.0009413702821169064, "13105_13109": 0.00025005148118730327, "13105_13110": 9.56079192774983e-05, "13105_13111": 0.0001617980172388433, "13105_13112": 0.0002868237578324949, "13105_13113": 0.0004731366261681327, "13105_13114": 0.00036036831112287824, "13105_13115": 0.00025005148118730327, "13105_13116": 0.0074059365163416, "13105_13117": 0.002728502927073221, "13105_13118": 0.0013997979976269623, "13105_13119": 0.0019342217515370811, "13105_13120": 0.0009242098863491503, "13105_13121": 0.0012110336441816453, "13105_13122": 0.0003971405877680699, "13105_13123": 0.00030888712381960993, "13106_13101": 0.007016150383902568, "13106_13102": 0.0038659920179644827, "13106_13103": 0.002235754420027653, "13106_13104": 0.001220839584620363, "13106_13105": 0.0044960236911521, "13106_13107": 0.006665588013218407, "13106_13108": 0.00171849106188529, "13106_13109": 0.0007427999882328714, "13106_13110": 6.12871277419861e-05, "13106_13111": 0.0006300316731876171, "13106_13112": 0.00020347326410339383, "13106_13113": 0.0005442296943488365, "13106_13114": 0.0001789584130065994, "13106_13115": 0.0001397346512517283, "13106_13116": 0.0008972435501426765, "13106_13117": 0.0019709940281822727, "13106_13118": 0.0073495523588189724, "13106_13119": 0.0004192039537551849, "13106_13120": 0.0002402455407485855, "13106_13121": 0.003991017758558134, "13106_13122": 0.0017430059129820846, "13106_13123": 0.000806538601084537, "13107_13101": 0.0026427009482344406, "13107_13102": 0.003473754400415772, "13107_13103": 0.0016253346277174713, "13107_13104": 0.0008482138479490876, "13107_13105": 0.0005344237539101187, "13107_13106": 0.005939948420753292, "13107_13108": 0.011029231508447817, "13107_13109": 0.0005050059325939654, "13107_13110": 7.354455329038332e-05, "13107_13111": 0.00030153266849057157, "13107_13112": 0.00021573068965179105, "13107_13113": 0.0004755881112778121, "13107_13114": 0.00010051088949685719, "13107_13115": 0.00012747722570333108, "13107_13116": 0.00022798811520018827, "13107_13117": 0.00038978613243903157, "13107_13118": 0.0012061306739622863, "13107_13119": 0.00013238019592268997, "13107_13120": 8.33504937291011e-05, "13107_13121": 0.002314201943537395, "13107_13122": 0.004915227644907285, "13107_13123": 0.004248423695074476, "13108_13101": 0.0058418890163661145, "13108_13102": 0.012585924553094265, "13108_13103": 0.004856392002274978, "13108_13104": 0.0018876435344531717, "13108_13105": 0.0010688475078202374, "13108_13106": 0.0018018415556143913, "13108_13107": 0.010639445376008786, "13108_13109": 0.0022283999646986142, "13108_13110": 0.0002843722727228155, "13108_13111": 0.0024882573863246353, "13108_13112": 0.0006202257327488993, "13108_13113": 0.0012232910697300425, "13108_13114": 0.0003677227664519166, "13108_13115": 0.00022553663009050882, "13108_13116": 0.0007231881073554359, "13108_13117": 0.0003726257366712755, "13108_13118": 0.00048784553682620934, "13108_13119": 0.00027701781739377713, "13108_13120": 0.0002181821747614705, "13108_13121": 0.0011840673079751714, "13108_13122": 0.001591013836181959, "13108_13123": 0.014196550270153659, "13109_13101": 0.001988154423950029, "13109_13102": 0.0016964276958981752, "13109_13103": 0.012931583953559067, "13109_13104": 0.0014929544317947812, "13109_13105": 0.00027211484717441824, "13109_13106": 0.000745251473342551, "13109_13107": 0.0004731366261681327, "13109_13108": 0.002301944517988998, "13109_13110": 0.006030653369811432, "13109_13111": 0.017900744270879298, "13109_13112": 0.0018753861089047745, "13109_13113": 0.0029711999529314858, "13109_13114": 0.0003309504898067249, "13109_13115": 0.00044862177507133823, "13109_13116": 0.0007231881073554359, "13109_13117": 0.0003750772217809549, "13109_13118": 0.00023289108541954716, "13109_13119": 0.0003873346473293521, "13109_13120": 0.00017405544278724052, "13109_13121": 0.00020102177899371438, "13109_13122": 0.00015199207680012552, "13109_13123": 0.0003726257366712755, "13110_13101": 0.0006619009796134498, "13110_13102": 0.0006079683072005021, "13110_13103": 0.002240657390247012, "13110_13104": 0.0008923405799233175, "13110_13105": 0.00011031682993557497, "13110_13106": 7.84475235097422e-05, "13110_13107": 3.677227664519166e-05, "13110_13108": 0.0002868237578324949, "13110_13109": 0.005753635552417655, "13110_13111": 0.0028044989654732837, "13110_13112": 0.010860079035879936, "13110_13113": 0.006163033565734122, "13110_13114": 0.0002843722727228155, "13110_13115": 0.0004902970219358888,