{"13101_13102": 0.025082214169289508, "13101_13103": 0.020472486099133415, "13101_13104": 0.015642196877295216, "13101_13105": 0.014151203491924154, "13101_13106": 0.013873296440804695, "13101_13107": 0.0032201928145588004, "13101_13108": 0.004510475551899142, "13101_13109": 0.00082489870729109, "13101_13110": 0.00036392590027548087, "13101_13111": 0.00048302892218382007, "13101_13112": 0.0009263568370648604, "13101_13113": 0.003070211231414966, "13101_13114": 0.0006991788508322875, "13101_13115": 0.0006131600016762648, "13101_13116": 0.0011733853269488231, "13101_13117": 0.001352039859811332, "13101_13118": 0.001720376983120455, "13101_13119": 0.0006374217283612968, "13101_13120": 0.0003925988499941551, "13101_13121": 0.0018019846092428356, "13101_13122": 0.000641832951394939, "13101_13123": 0.001263815399138488, "13102_13101": 0.028677360941707895, "13102_13103": 0.013013107949244467, "13102_13104": 0.0008138706497069845, "13102_13105": 0.0005117018719024944, "13102_13106": 0.004128904759489092, "13102_13107": 0.005383897712560296, "13102_13108": 0.015359878603142115, "13102_13109": 0.0006528610089790445, "13102_13110": 0.00016762647527840331, "13102_13111": 0.0005712533828566639, "13102_13112": 0.000344075396624091, "13102_13113": 0.0011403011541965067, "13102_13114": 0.000229383597749394, "13102_13115": 0.00013895352555972907, "13102_13116": 0.00021173870561482525, "13102_13117": 0.00013233669100926577, "13102_13118": 0.0005447860446548108, "13102_13119": 0.00013674791404290796, "13102_13120": 0.0001720376983120455, "13102_13121": 0.0006705059011136133, "13102_13122": 0.0005469916561716318, "13102_13123": 0.0008910670527957229, "13103_13101": 0.019166764081175326, "13103_13102": 0.013050603345030427, "13103_13104": 0.005083934546272627, "13103_13105": 0.0008028425921228791, "13103_13106": 0.0009329736716153237, "13103_13107": 0.0009484129522330714, "13103_13108": 0.0028717061949010674, "13103_13109": 0.017353751414348386, "13103_13110": 0.0017733116595241613, "13103_13111": 0.003237837706693369, "13103_13112": 0.001420413816832786, "13103_13113": 0.017415508536819377, "13103_13114": 0.00021835554016528852, "13103_13115": 0.0002999631662876691, "13103_13116": 0.0005117018719024944, "13103_13117": 0.0006550666204958656, "13103_13118": 0.00025143971291760494, "13103_13119": 0.00037936518089322856, "13103_13120": 0.0002404116553334995, "13103_13121": 0.0005161130949361365, "13103_13122": 0.00026687899353535264, "13103_13123": 0.0006374217283612968, "13104_13101": 0.013999016297263498, "13104_13102": 0.0008844502182452596, "13104_13103": 0.004479596990663646, "13104_13105": 0.008665847649590087, "13104_13106": 0.00064403856291176, "13104_13107": 0.00036613151179230196, "13104_13108": 0.0005447860446548108, "13104_13109": 0.0004433279148810403, "13104_13110": 0.00044994474943150364, "13104_13111": 0.00025143971291760494, "13104_13112": 0.0016365637454812535, "13104_13113": 0.02294056538645622, "13104_13114": 0.015911281482347387, "13104_13115": 0.0027658368420936546, "13104_13116": 0.012249966364424368, "13104_13117": 0.0009704690674012823, "13104_13118": 0.00019629942499707755, "13104_13119": 0.0012483761185207406, "13104_13120": 0.00166964791823357, "13104_13121": 0.0002889351087035636, "13104_13122": 0.00015659841769429783, "13104_13123": 0.0003374585620736277, "13105_13101": 0.012238938306840263, "13105_13102": 0.0006528610089790445, "13105_13103": 0.000849160433976122, "13105_13104": 0.007357920020115177, "13105_13106": 0.008024014698195149, "13105_13107": 0.0002867294971867425, "13105_13108": 0.0003043743893213113, "13105_13109": 0.00010586935280741262, "13105_13110": 3.970100730277973e-05, "13105_13111": 0.00012351424494198138, "13105_13112": 0.00011248618735787591, "13105_13113": 0.0003396641735904488, "13105_13114": 0.0002712902165689948, "13105_13115": 0.0003065800008381324, "13105_13116": 0.011442712549267847, "13105_13117": 0.0035929411609015656, "13105_13118": 0.001854919285646542, "13105_13119": 0.0008866558297620806, "13105_13120": 0.0002889351087035636, "13105_13121": 0.000988113959535851, "13105_13122": 0.00019629942499707755, "13105_13123": 0.0001191030219083392, "13106_13101": 0.011010412691970912, "13106_13102": 0.003570885045733355, "13106_13103": 0.001078544031725516, "13106_13104": 0.0006109543901594436, "13106_13105": 0.007119713976298498, "13106_13107": 0.009005511823180537, "13106_13108": 0.0007874033115051314, "13106_13109": 0.00018968259044661428, "13106_13110": 3.749539578595864e-05, "13106_13111": 0.0001191030219083392, "13106_13112": 6.837395702145398e-05, "13106_13113": 0.0006330105053276547, "13106_13114": 0.00010145812977377043, "13106_13115": 0.00013233669100926577, "13106_13116": 0.0005337579870707053, "13106_13117": 0.0020710692142950093, "13106_13118": 0.012900621761886591, "13106_13119": 0.00010366374129059152, "13106_13120": 0.00010586935280741262, "13106_13121": 0.002640116985634852, "13106_13122": 0.0009947307940863144, "13106_13123": 0.000390393238477334, "13107_13101": 0.002366621157549036, "13107_13102": 0.0037958574204491067, "13107_13103": 0.0010013476286367777, "13107_13104": 0.0003087856123549535, "13107_13105": 0.0002955519432540269, "13107_13106": 0.00796887441027462, "13107_13108": 0.015079765940505835, "13107_13109": 0.00022276676319893073, "13107_13110": 3.0878561235495345e-05, "13107_13111": 0.00014115913707655017, "13107_13112": 9.043007218966494e-05, "13107_13113": 0.00018527136741297207, "13107_13114": 5.51402879205274e-05, "13107_13115": 8.160762612238057e-05, "13107_13116": 8.381323763920166e-05, "13107_13117": 8.822446067284385e-05, "13107_13118": 0.0011579460463310755, "13107_13119": 4.4112230336421927e-05, "13107_13120": 4.4112230336421927e-05, "13107_13121": 0.0017622836019400559, "13107_13122": 0.005800758289239483, "13107_13123": 0.004316381738418885, "13108_13101": 0.0044509240409449724, "13108_13102": 0.013449819029575046, "13108_13103": 0.003231220872142906, "13108_13104": 0.0005712533828566639, "13108_13105": 0.00033084172752316445, "13108_13106": 0.0007013844623491086, "13108_13107": 0.014230605506529713, "13108_13109": 0.0012174975572852452, "13108_13110": 9.263568370648604e-05, "13108_13111": 0.000893272664312544, "13108_13112": 0.00019850503651389867, "13108_13113": 0.00043450546881375595, "13108_13114": 0.0001279254679756236, "13108_13115": 0.00010586935280741262, "13108_13116": 0.0001808601443793299, "13108_13117": 0.0001102805758410548, "13108_13118": 0.00018527136741297207, "13108_13119": 0.0001168974103915181, "13108_13120": 0.00015659841769429783, "13108_13121": 0.0006330105053276547, "13108_13122": 0.000756524750269636, "13108_13123": 0.0146474660832089, "13109_13101": 0.0009373848946489659, "13109_13102": 0.0007256461890341407, "13109_13103": 0.016729563355088014, "13109_13104": 0.000505085037352031, "13109_13105": 0.00014336474859337126, "13109_13106": 0.00020512187106436195, "13109_13107": 0.00018306575589615098, "13109_13108": 0.0011711797154320021, "13109_13110": 0.008193846784990372, "13109_13111": 0.018606538755902766, "13109_13112": 0.0007410854696518883, "13109_13113": 0.00231368648114533, "13109_13114": 8.601884915602275e-05, "13109_13115": 0.00010807496432423372, "13109_13116": 0.0002955519432540269, "13109_13117": 0.0001102805758410548, "13109_13118": 6.175712247099069e-05, "13109_13119": 0.00015218719466065565, "13109_13120": 6.39627339878118e-05, "13109_13121": 0.00013013107949244468, "13109_13122": 7.499079157191728e-05, "13109_13123": 0.00014115913707655017, "13110_13101": 0.0004146549651623661, "13110_13102": 0.0001874769789297932, "13110_13103": 0.0016078907957625792, "13110_13104": 0.000458767195498788, "13110_13105": 5.51402879205274e-05, "13110_13106": 1.764489213456877e-05, "13110_13107": 3.749539578595864e-05, "13110_13108": 5.73458994373485e-05, "13110_13109": 0.007633621459717814, "13110_13111": 0.0032025479224242316, "13110_13112": 0.01553191630145416, "13110_13113": 0.01030461700658816, "13110_13114": 9.484129522330714e-05,