{"13101_13102": 0.009090652358090935, "13101_13103": 0.006729737362327026, "13101_13104": 0.006074555210392544, "13101_13105": 0.004721829991527817, "13101_13106": 0.005749788195425021, "13101_13107": 0.0018751765038124823, "13101_13108": 0.0031205874046879413, "13101_13109": 0.0012623552668737646, "13101_13110": 0.00038407229596159275, "13101_13111": 0.00112680033888732, "13101_13112": 0.0012764755718723524, "13101_13113": 0.0021942953967805704, "13101_13114": 0.0006918949449308105, "13101_13115": 0.0009347641909065236, "13101_13116": 0.001383789889861621, "13101_13117": 0.0012086981078791301, "13101_13118": 0.0008754589099124542, "13101_13119": 0.0008105055069189494, "13101_13120": 0.0006015249929398475, "13101_13121": 0.0016803162948319684, "13101_13122": 0.0008387461169161253, "13101_13123": 0.0015814741598418527, "13102_13101": 0.009678057046032194, "13102_13103": 0.0060039536853996045, "13102_13104": 0.0010477266308952272, "13102_13105": 0.0005676362609432364, "13102_13106": 0.0020926292007907373, "13102_13107": 0.002428692459757131, "13102_13108": 0.008390285230160971, "13102_13109": 0.0008585145439141485, "13102_13110": 0.0003332391979666761, "13102_13111": 0.0008641626659135837, "13102_13112": 0.0005902287489409771, "13102_13113": 0.0011578650098842136, "13102_13114": 0.0001892120869810788, "13102_13115": 0.00019768426998023158, "13102_13116": 0.00037560011296244, "13102_13117": 0.0002598136119740186, "13102_13118": 0.00044055351595594463, "13102_13119": 0.00024286924597571307, "13102_13120": 0.00021462863597853713, "13102_13121": 0.0008246258119175374, "13102_13122": 0.0006382377859361762, "13102_13123": 0.0012680033888731997, "13103_13101": 0.006427562835357244, "13103_13102": 0.005571872352442813, "13103_13104": 0.0032363739056763628, "13103_13105": 0.0008133295679186671, "13103_13106": 0.0013216605478678339, "13103_13107": 0.0008528664219147133, "13103_13108": 0.0035696131036430387, "13103_13109": 0.008116351313188365, "13103_13110": 0.0018017509178198249, "13103_13111": 0.003304151369669585, "13103_13112": 0.0018356396498164361, "13103_13113": 0.008220841570177917, "13103_13114": 0.00040384072295961593, "13103_13115": 0.00040948884495905114, "13103_13116": 0.0005619881389438012, "13103_13117": 0.0006947190059305281, "13103_13118": 0.00039254447896074556, "13103_13119": 0.0003219429539678057, "13103_13120": 0.00029370234397062977, "13103_13121": 0.0006664783959333522, "13103_13122": 0.00035300762496469926, "13103_13123": 0.0006099971759390003, "13104_13101": 0.005484326461451567, "13104_13102": 0.0010957356678904264, "13104_13103": 0.0032222536006777745, "13104_13105": 0.003741880824625812, "13104_13106": 0.001008189776899181, "13104_13107": 0.0005958768709404123, "13104_13108": 0.0010138378988986162, "13104_13109": 0.0008952273369104772, "13104_13110": 0.0006523580909347642, "13104_13111": 0.0004744422479525558, "13104_13112": 0.002245128494775487, "13104_13113": 0.010883931092911607, "13104_13114": 0.008712228184128777, "13104_13115": 0.0030443377576955663, "13104_13116": 0.007201355549279864, "13104_13117": 0.0010477266308952272, "13104_13118": 0.0003727760519627224, "13104_13119": 0.0011945778028805423, "13104_13120": 0.0024654052527534596, "13104_13121": 0.0004603219429539678, "13104_13122": 0.00021745269697825474, "13104_13123": 0.0005055069189494493, "13105_13101": 0.004411183281558882, "13105_13102": 0.0007737927139226207, "13105_13103": 0.0007879130189212087, "13105_13104": 0.0034538266026546173, "13105_13106": 0.0038689635696131036, "13105_13107": 0.0005196272239480372, "13105_13108": 0.0006551821519344817, "13105_13109": 0.00014685117198531489, "13105_13110": 8.189776899181022e-05, "13105_13111": 0.00014967523298503246, "13105_13112": 0.0001892120869810788, "13105_13113": 0.00045184975995481505, "13105_13114": 0.0002315730019768427, "13105_13115": 0.00019486020898051398, "13105_13116": 0.005608585145439142, "13105_13117": 0.0017198531488280147, "13105_13118": 0.0010194860208980513, "13105_13119": 0.0010731431798926857, "13105_13120": 0.0005845806269415419, "13105_13121": 0.0007766167749223384, "13105_13122": 0.00023439706297656029, "13105_13123": 0.0002287489409771251, "13106_13101": 0.0052358090934764194, "13106_13102": 0.002053092346794691, "13106_13103": 0.0012341146568765886, "13106_13104": 0.0009291160689070884, "13106_13105": 0.003818130471618187, "13106_13107": 0.005696131036430387, "13106_13108": 0.0012228184128777182, "13106_13109": 0.000361479807963852, "13106_13110": 8.189776899181022e-05, "13106_13111": 0.0003699519909630048, "13106_13112": 0.0001863880259813612, "13106_13113": 0.0007342558599265745, "13106_13114": 0.00019486020898051398, "13106_13115": 8.754589099124541e-05, "13106_13116": 0.0009347641909065236, "13106_13117": 0.0014148545608585145, "13106_13118": 0.006320248517367975, "13106_13119": 0.0003586557469641344, "13106_13120": 0.00012143462298785654, "13106_13121": 0.002880542219711946, "13106_13122": 0.0012284665348771533, "13106_13123": 0.0006636543349336346, "13107_13101": 0.001739621575826038, "13107_13102": 0.0021378141767862185, "13107_13103": 0.0008585145439141485, "13107_13104": 0.0006015249929398475, "13107_13105": 0.0005365715899463429, "13107_13106": 0.005371364021462864, "13107_13108": 0.009576390850042362, "13107_13109": 0.00024569330697543065, "13107_13110": 9.0369951990963e-05, "13107_13111": 0.00025416548997458347, "13107_13112": 0.00015814741598418525, "13107_13113": 0.00042925727195707427, "13107_13114": 0.00016944365998305564, "13107_13115": 0.00010449025698955097, "13107_13116": 0.00025134142897486586, "13107_13117": 0.00026546173397345383, "13107_13118": 0.0009743010449025698, "13107_13119": 0.00012425868398757413, "13107_13120": 0.0001892120869810788, "13107_13121": 0.001883648686811635, "13107_13122": 0.004128777181587122, "13107_13123": 0.003637390567636261, "13108_13101": 0.0031742445636825756, "13108_13102": 0.007997740751200227, "13108_13103": 0.003589381530641062, "13108_13104": 0.001188929680881107, "13108_13105": 0.0006523580909347642, "13108_13106": 0.0013611974018638803, "13108_13107": 0.00950578932504942, "13108_13109": 0.0012708274498729173, "13108_13110": 0.00027110985597288904, "13108_13111": 0.0013809658288619034, "13108_13112": 0.0004631460039536854, "13108_13113": 0.0008330979949166902, "13108_13114": 0.0001892120869810788, "13108_13115": 0.00018356396498164361, "13108_13116": 0.0004236091499576391, "13108_13117": 0.0002626376729737362, "13108_13118": 0.00029087828297091217, "13108_13119": 0.00021462863597853713, "13108_13120": 0.0001383789889861621, "13108_13121": 0.000765320530923468, "13108_13122": 0.0012002259248799774, "13108_13123": 0.012126517932787349, "13109_13101": 0.0012764755718723524, "13109_13102": 0.0010053657158994634, "13109_13103": 0.007808528664219147, "13109_13104": 0.0008895792149110421, "13109_13105": 0.00022027675797797232, "13109_13106": 0.00044902569895509745, "13109_13107": 0.00022027675797797232, "13109_13108": 0.0012849477548715052, "13109_13110": 0.004710533747528947, "13109_13111": 0.012086981078791302, "13109_13112": 0.0014205026828579498, "13109_13113": 0.002149110420785089, "13109_13114": 0.00017509178198249083, "13109_13115": 0.00024286924597571307, "13109_13116": 0.00038689635696131035, "13109_13117": 0.0002287489409771251, "13109_13118": 0.0001383789889861621, "13109_13119": 0.00020333239197966677, "13109_13120": 0.0001383789889861621, "13109_13121": 0.0001779158429822084, "13109_13122": 8.472182999152782e-05, "13109_13123": 0.0002739339169726066, "13110_13101": 0.0003981926009601807, "13110_13102": 0.0002965264049703474, "13110_13103": 0.001815871222818413, "13110_13104": 0.0007173114939282688, "13110_13105": 7.624964699237503e-05, "13110_13106": 8.754589099124541e-05, "13110_13107": 7.907370799209263e-05, "13110_13108": 0.00018356396498164361, "13110_13109": 0.004679469076532053, "13110_13111": 0.002753459474724654, "13110_13112": 0.009968935329003106, "13110_13113": 0.00550409488844959, "13110_13114": 0.00024004518497599547,