{"13101_13102": 0.005802045276019273, "13101_13103": 0.004010776974861067, "13101_13104": 0.003930023076038361, "13101_13105": 0.0033035685882016105, "13101_13106": 0.003998541535645505, "13101_13107": 0.0009274462925395633, "13101_13108": 0.0011158720564592107, "13101_13109": 0.00021779081803699506, "13101_13110": 7.341263529336912e-05, "13101_13111": 0.000168849061174749, "13101_13112": 0.00018597867607653512, "13101_13113": 0.000763491407051039, "13101_13114": 0.00015171944627296287, "13101_13115": 0.00012969565568495212, "13101_13116": 0.0002422616964681181, "13101_13117": 0.00021779081803699506, "13101_13118": 0.00036951026430995796, "13101_13119": 0.0001199073043125029, "13101_13120": 8.320098666581835e-05, "13101_13121": 0.00031812141960459953, "13101_13122": 0.00012969565568495212, "13101_13123": 0.0002300262572525566, "13102_13101": 0.005978235600723359, "13102_13103": 0.0030270476619299203, "13102_13104": 0.000225132081566332, "13102_13105": 0.00016150779764541207, "13102_13106": 0.0010400123333227293, "13102_13107": 0.0014976177599847302, "13102_13108": 0.006115272519937648, "13102_13109": 0.00020800246666454586, "13102_13110": 5.383593254847069e-05, "13102_13111": 0.0001639548854885244, "13102_13112": 0.00011746021646939061, "13102_13113": 0.0002324733450956689, "13102_13114": 6.117719607780761e-05, "13102_13115": 3.425922980357226e-05, "13102_13116": 5.138884470535839e-05, "13102_13117": 2.9365054117347652e-05, "13102_13118": 0.00010522477725382908, "13102_13119": 5.383593254847069e-05, "13102_13120": 4.8941756862246085e-05, "13102_13121": 0.00015171944627296287, "13102_13122": 0.00014193109490051364, "13102_13123": 0.00030343889254592574, "13103_13101": 0.003861504616431216, "13103_13102": 0.0031812141960459953, "13103_13104": 0.0014364405639069227, "13103_13105": 0.0001737432368609736, "13103_13106": 0.0002838621898010273, "13103_13107": 0.00025694422352679196, "13103_13108": 0.001216202658026815, "13103_13109": 0.005880352086998867, "13103_13110": 0.0005603831160727176, "13103_13111": 0.0009421288195982371, "13103_13112": 0.0004624996023482255, "13103_13113": 0.00508749562583048, "13103_13114": 7.096554745025682e-05, "13103_13115": 9.788351372449217e-05, "13103_13116": 0.0001199073043125029, "13103_13117": 9.298933803826756e-05, "13103_13118": 4.160049333290917e-05, "13103_13119": 9.543642588137987e-05, "13103_13120": 7.830681097959373e-05, "13103_13121": 0.00010767186509694138, "13103_13122": 7.341263529336912e-05, "13103_13123": 0.00014193109490051364, "13104_13101": 0.0039398114274108095, "13104_13102": 0.00021289664235077046, "13104_13103": 0.0014437818274362596, "13104_13105": 0.0033011215003584983, "13104_13106": 0.00020555537882143357, "13104_13107": 9.788351372449217e-05, "13104_13108": 0.00019331993960587204, "13104_13109": 0.00012235439215561522, "13104_13110": 0.00015661362195918747, "13104_13111": 0.0001101189529400537, "13104_13112": 0.000474735041563787, "13104_13113": 0.007977506368546113, "13104_13114": 0.0074587237458063034, "13104_13115": 0.0008564807450893065, "13104_13116": 0.0061372963105256586, "13104_13117": 0.00032056850744771186, "13104_13118": 5.383593254847069e-05, "13104_13119": 0.0004967588321517978, "13104_13120": 0.0005432535011709315, "13104_13121": 0.00012480147999872752, "13104_13122": 5.138884470535839e-05, "13104_13123": 0.00013948400705740134, "13105_13101": 0.003210579250163343, "13105_13102": 0.00014193109490051364, "13105_13103": 0.00020066120313520894, "13105_13104": 0.0031420607905561985, "13105_13106": 0.004231014880741174, "13105_13107": 0.00015416653411607517, "13105_13108": 8.320098666581835e-05, "13105_13109": 2.4470878431123043e-05, "13105_13110": 7.341263529336913e-06, "13105_13111": 5.138884470535839e-05, "13105_13112": 5.383593254847069e-05, "13105_13113": 0.0001199073043125029, "13105_13114": 0.000112566040783166, "13105_13115": 0.00010767186509694138, "13105_13116": 0.00535178111288661, "13105_13117": 0.0016346546791990192, "13105_13118": 0.0008075389882270604, "13105_13119": 0.0003279097709770488, "13105_13120": 0.00010033060156760447, "13105_13121": 0.00030833306823215033, "13105_13122": 0.00010522477725382908, "13105_13123": 6.362428392091991e-05, "13106_13101": 0.0038027745081965205, "13106_13102": 0.0011085307929298738, "13106_13103": 0.0002838621898010273, "13106_13104": 0.0001761903247040859, "13106_13105": 0.0040083298870179545, "13106_13107": 0.00458828970583557, "13106_13108": 0.00030343889254592574, "13106_13109": 8.075389882270603e-05, "13106_13110": 1.4682527058673826e-05, "13106_13111": 4.404758117602147e-05, "13106_13112": 2.9365054117347652e-05, "13106_13113": 0.00032546268313393646, "13106_13114": 4.160049333290917e-05, "13106_13115": 4.160049333290917e-05, "13106_13116": 0.00021044955450765816, "13106_13117": 0.0005432535011709315, "13106_13118": 0.005975788512880247, "13106_13119": 4.649466901913378e-05, "13106_13120": 5.8730108234695303e-05, "13106_13121": 0.0009617055223431355, "13106_13122": 0.00037929861568240716, "13106_13123": 0.0001737432368609736, "13107_13101": 0.0005285709741122577, "13107_13102": 0.001343451225868655, "13107_13103": 0.00019331993960587204, "13107_13104": 0.00010522477725382908, "13107_13105": 0.0001199073043125029, "13107_13106": 0.004424334820347046, "13107_13108": 0.009064013370887974, "13107_13109": 7.096554745025682e-05, "13107_13110": 1.9576702744898433e-05, "13107_13111": 2.9365054117347652e-05, "13107_13112": 3.425922980357226e-05, "13107_13113": 8.809516235204295e-05, "13107_13114": 2.6917966274235345e-05, "13107_13115": 2.2023790588010736e-05, "13107_13116": 2.4470878431123043e-05, "13107_13117": 3.670631764668456e-05, "13107_13118": 0.0008344569545012957, "13107_13119": 2.9365054117347652e-05, "13107_13120": 1.712961490178613e-05, "13107_13121": 0.0008882928870497664, "13107_13122": 0.0026355136070319515, "13107_13123": 0.0026355136070319515, "13108_13101": 0.0010351181576365048, "13108_13102": 0.005943976370919787, "13108_13103": 0.0010155414548916062, "13108_13104": 0.0002422616964681181, "13108_13105": 9.054225019515526e-05, "13108_13106": 0.00033525103450638566, "13108_13107": 0.008831540025792306, "13108_13109": 0.00043313454823087785, "13108_13110": 8.320098666581835e-05, "13108_13111": 0.0004037694941135302, "13108_13112": 0.00013458983137117674, "13108_13113": 9.543642588137987e-05, "13108_13114": 4.404758117602147e-05, "13108_13115": 4.649466901913378e-05, "13108_13116": 3.915340548979687e-05, "13108_13117": 3.670631764668456e-05, "13108_13118": 6.851845960714452e-05, "13108_13119": 3.670631764668456e-05, "13108_13120": 6.362428392091991e-05, "13108_13121": 0.0001761903247040859, "13108_13122": 0.0003866398792117441, "13108_13123": 0.008075389882270604, "13109_13101": 0.00017863741254719822, "13109_13102": 0.0002226849937232197, "13109_13103": 0.005899928789743766, "13109_13104": 0.00013458983137117674, "13109_13105": 6.362428392091991e-05, "13109_13106": 7.585972313648143e-05, "13109_13107": 9.298933803826756e-05, "13109_13108": 0.00036706317646684563, "13109_13110": 0.00490641112544017, "13109_13111": 0.009724727088528297, "13109_13112": 0.00025939131136990424, "13109_13113": 0.0007463617921492527, "13109_13114": 2.4470878431123043e-05, "13109_13115": 5.6283020391583e-05, "13109_13116": 9.788351372449217e-05, "13109_13117": 6.362428392091991e-05, "13109_13118": 9.788351372449217e-06, "13109_13119": 5.138884470535839e-05, "13109_13120": 2.6917966274235345e-05, "13109_13121": 4.8941756862246085e-05, "13109_13122": 4.8941756862246085e-05, "13109_13123": 5.6283020391583e-05, "13110_13101": 8.075389882270603e-05, "13110_13102": 7.585972313648143e-05, "13110_13103": 0.00048697048077934855, "13110_13104": 0.00012969565568495212, "13110_13105": 2.4470878431123043e-05, "13110_13106": 2.447087843112304e-06, "13110_13107": 7.341263529336913e-06, "13110_13108": 6.117719607780761e-05, "13110_13109": 0.0044879591042679655, "13110_13111": 0.002050659612528111, "13110_13112": 0.009347875560689002,