{"13101_13102": 0.026844930709375138, "13101_13103": 0.02460758717979816, "13101_13104": 0.022424501624547583, "13101_13105": 0.015112441672677598, "13101_13106": 0.014946476104149778, "13101_13107": 0.0036672007353551342, "13101_13108": 0.006182217427661354, "13101_13109": 0.002116060998729725, "13101_13110": 0.0008266361970904959, "13101_13111": 0.0018320045449032613, "13101_13112": 0.002821414664972967, "13101_13113": 0.004602352881098437, "13101_13114": 0.0016309308753407082, "13101_13115": 0.001771363279479634, "13101_13116": 0.0028469478293618625, "13101_13117": 0.002457567072431204, "13101_13118": 0.0018766875825838285, "13101_13119": 0.0016979554318615592, "13101_13120": 0.0012606999917017215, "13101_13121": 0.0028852475759452057, "13101_13122": 0.0016181642931462604, "13101_13123": 0.002486291882368712, "13102_13101": 0.030435531951563587, "13102_13103": 0.016360375082184873, "13102_13104": 0.00232032631384089, "13102_13105": 0.0012766582194447813, "13102_13106": 0.00508109971339023, "13102_13107": 0.006721605525376774, "13102_13108": 0.019232856075935632, "13102_13109": 0.0017171053051532308, "13102_13110": 0.0005968377175904352, "13102_13111": 0.001308574674930901, "13102_13112": 0.0009766435378752577, "13102_13113": 0.0017234885962504548, "13102_13114": 0.0003925724024792703, "13102_13115": 0.0003478893647987029, "13102_13116": 0.000683012147402958, "13102_13117": 0.0005330048066181962, "13102_13118": 0.0007532283494724209, "13102_13119": 0.0003861891113820464, "13102_13120": 0.0003798058202848225, "13102_13121": 0.0016947637863129472, "13102_13122": 0.0011458007519516912, "13102_13123": 0.002112869353181113, "13103_13101": 0.02310432212640193, "13103_13102": 0.01594865280641393, "13103_13104": 0.008949374118307917, "13103_13105": 0.0015670979643684691, "13103_13106": 0.0023362845415839497, "13103_13107": 0.0015543313821740213, "13103_13108": 0.0048353430061471095, "13103_13109": 0.021135076822908355, "13103_13110": 0.0035171933945703725, "13103_13111": 0.006089659706751607, "13103_13112": 0.0032618617506814163, "13103_13113": 0.02094676973554025, "13103_13114": 0.0007723782227640928, "13103_13115": 0.0009191939180002426, "13103_13116": 0.0010819678409794522, "13103_13117": 0.0011681422707919748, "13103_13118": 0.0009032356902571827, "13103_13119": 0.0006766288563057341, "13103_13120": 0.00044683037680567347, "13103_13121": 0.0011809088529864226, "13103_13122": 0.000746845058375197, "13103_13123": 0.0011521840430489152, "13104_13101": 0.017247652544698996, "13104_13102": 0.002882055930396594, "13104_13103": 0.00803975513695351, "13104_13105": 0.009648344493453935, "13104_13106": 0.0014266655602295432, "13104_13107": 0.0009096189813544068, "13104_13108": 0.0018734959370352165, "13104_13109": 0.0015958227743059768, "13104_13110": 0.0010947344231739, "13104_13111": 0.0006670539196598983, "13104_13112": 0.0035874095966398354, "13104_13113": 0.023749034527221546, "13104_13114": 0.01856580215627573, "13104_13115": 0.005109824523327738, "13104_13116": 0.01437836319649685, "13104_13117": 0.0017330635328962906, "13104_13118": 0.0005776878442987635, "13104_13119": 0.0020809528976949935, "13104_13120": 0.004430004021473391, "13104_13121": 0.0008074863237988242, "13104_13122": 0.0003063979726667475, "13104_13123": 0.0007149286028890775, "13105_13101": 0.012112294856982363, "13105_13102": 0.0014649653068128867, "13105_13103": 0.0016532723941809918, "13105_13104": 0.007672715898863136, "13105_13106": 0.008269553616453571, "13105_13107": 0.0006447124008196146, "13105_13108": 0.0008808941714168991, "13105_13109": 0.00026490658053479214, "13105_13110": 0.00012766582194447814, "13105_13111": 0.00018511544181949328, "13105_13112": 0.0002808648082778519, "13105_13113": 0.0005776878442987635, "13105_13114": 0.0003351227826042551, "13105_13115": 0.00020107366956255307, "13105_13116": 0.01387089155426755, "13105_13117": 0.004398087565987272, "13105_13118": 0.0021894688463478, "13105_13119": 0.0018734959370352165, "13105_13120": 0.0009479187279377502, "13105_13121": 0.001231975181764214, "13105_13122": 0.00037661417473621047, "13105_13123": 0.00023618177059728454, "13106_13101": 0.011090968281426538, "13106_13102": 0.004666185792070676, "13106_13103": 0.002333092896035338, "13106_13104": 0.0012670832827989455, "13106_13105": 0.007104602991210208, "13106_13107": 0.009817501707530369, "13106_13108": 0.0017266802417990668, "13106_13109": 0.000548963034361256, "13106_13110": 8.936607536113469e-05, "13106_13111": 0.000478746832291793, "13106_13112": 0.00019469037846532917, "13106_13113": 0.000622370881979331, "13106_13114": 0.00014681569523614986, "13106_13115": 0.0001500073407847618, "13106_13116": 0.0011713339163405868, "13106_13117": 0.0023458594782297857, "13106_13118": 0.012236769033378229, "13106_13119": 0.00035108101034731485, "13106_13120": 0.00018192379627088133, "13106_13121": 0.004197013896424719, "13106_13122": 0.002109677707632501, "13106_13123": 0.0007947197416043764, "13107_13101": 0.003552301495605104, "13107_13102": 0.004991733638029095, "13107_13103": 0.0015096483444934539, "13107_13104": 0.0009447270823891382, "13107_13105": 0.0007149286028890775, "13107_13106": 0.007758890328675659, "13107_13108": 0.014180481172482908, "13107_13109": 0.0005553463254584799, "13107_13110": 6.702455652085102e-05, "13107_13111": 0.0003478893647987029, "13107_13112": 0.00020426531511116502, "13107_13113": 0.00045640531345150933, "13107_13114": 9.255772090974664e-05, "13107_13115": 9.574936645835861e-05, "13107_13116": 0.0002553316438889563, "13107_13117": 0.00034469771925009095, "13107_13118": 0.0014426237879726028, "13107_13119": 0.00014043240413892595, "13107_13120": 4.7874683229179303e-05, "13107_13121": 0.0023075597316464425, "13107_13122": 0.008161037667800766, "13107_13123": 0.0055981462922653664, "13108_13101": 0.006293925021862772, "13108_13102": 0.015894394832087527, "13108_13103": 0.004883217689376288, "13108_13104": 0.0018320045449032613, "13108_13105": 0.0008936607536113469, "13108_13106": 0.0016500807486323798, "13108_13107": 0.013704925985739727, "13108_13109": 0.0021447858086672328, "13108_13110": 0.0002936313904722997, "13108_13111": 0.002061803024403322, "13108_13112": 0.0006032210086876591, "13108_13113": 0.0012479334095072737, "13108_13114": 0.0003287394915070312, "13108_13115": 0.0002617149349861802, "13108_13116": 0.0006574789830140624, "13108_13117": 0.00040853063022233005, "13108_13118": 0.00040214733912510614, "13108_13119": 0.00029682303602091166, "13108_13120": 0.00021064860620838893, "13108_13121": 0.0009957934111669295, "13108_13122": 0.0014553903701670506, "13108_13123": 0.01965415328835241, "13109_13101": 0.0022118103651880836, "13109_13102": 0.001982011885688023, "13109_13103": 0.018300895575740942, "13109_13104": 0.001576672901014305, "13109_13105": 0.0002489483527917324, "13109_13106": 0.0006000293631390472, "13109_13107": 0.00046278860454873323, "13109_13108": 0.002234151884028367, "13109_13110": 0.007736548809835375, "13109_13111": 0.023573494022047888, "13109_13112": 0.0017362551784449027, "13109_13113": 0.0036799673175495822, "13109_13114": 0.00036384759254176266, "13109_13115": 0.0003606559469931507, "13109_13116": 0.0007053536662432417, "13109_13117": 0.0003734225291875985, "13109_13118": 0.0002680982260834041, "13109_13119": 0.0003063979726667475, "13109_13120": 0.00019788202401394112, "13109_13121": 0.00017554050517365743, "13109_13122": 0.00023618177059728454, "13109_13123": 0.00037023088363898656, "13110_13101": 0.0007851448049585406, "13110_13102": 0.0006702455652085102, "13110_13103": 0.0032842032695217, "13110_13104": 0.0009351521457433024, "13110_13105": 0.00010851594865280642, "13110_13106": 0.00012766582194447814, "13110_13107": 6.064126542362711e-05, "13110_13108": 0.0002553316438889563, "13110_13109": 0.006852462992869864, "13110_13111": 0.0040597731378344045, "13110_13112": 0.017652991529372716, "13110_13113": 0.010707970815593104, "13110_13114": 0.00030320632711813557, "13110_13115": 0.0005361964521668082,