{"13101_13102": 0.02629229161061121, "13101_13103": 0.0242040521845556, "13101_13104": 0.019787080536513235, "13101_13105": 0.014855787661529011, "13101_13106": 0.013848575258767867, "13101_13107": 0.004381254896171402, "13101_13108": 0.007412416571620422, "13101_13109": 0.003054972843362994, "13101_13110": 0.0009905445852213606, "13101_13111": 0.0024835048134275936, "13101_13112": 0.003771688997573642, "13101_13113": 0.005771827102347543, "13101_13114": 0.001914417900283591, "13101_13115": 0.0025144593317157613, "13101_13116": 0.0036073919389672145, "13101_13117": 0.0035835807710532393, "13101_13118": 0.002562081667543711, "13101_13119": 0.002276347652576011, "13101_13120": 0.0017048796226406108, "13101_13121": 0.0045169785532810595, "13101_13122": 0.0022930154701157938, "13101_13123": 0.0036835876762919342, "13102_13101": 0.029618711768193518, "13102_13103": 0.01662733855432875, "13102_13104": 0.002754952127646909, "13102_13105": 0.0014072400237159232, "13102_13106": 0.0052289324739089125, "13102_13107": 0.0066718892494957984, "13102_13108": 0.018691766812470385, "13102_13109": 0.0023739734410233087, "13102_13110": 0.0007167161542106479, "13102_13111": 0.001900131199535206, "13102_13112": 0.0012881841841460482, "13102_13113": 0.0028811513175909767, "13102_13114": 0.0007119539206278529, "13102_13115": 0.0005881358474751829, "13102_13116": 0.0010476913882149004, "13102_13117": 0.0008286286434063305, "13102_13118": 0.001031023570675118, "13102_13119": 0.0005595624459784128, "13102_13120": 0.0005000345261934753, "13102_13121": 0.0024835048134275936, "13102_13122": 0.0014739112938750533, "13102_13123": 0.0029287736534189266, "13103_13101": 0.02280395551121387, "13103_13102": 0.01623683540053956, "13103_13104": 0.00820532846315579, "13103_13105": 0.002069190491724429, "13103_13106": 0.003188315383681254, "13103_13107": 0.002100145010012596, "13103_13108": 0.006059942234106641, "13103_13109": 0.01978231830293044, "13103_13110": 0.003724066661745692, "13103_13111": 0.008045793638132157, "13103_13112": 0.004007419559921995, "13103_13113": 0.020360929683240034, "13103_13114": 0.0008905376799826655, "13103_13115": 0.001069121439337478, "13103_13116": 0.0015453447976169783, "13103_13117": 0.0021644351633803285, "13103_13118": 0.0013262820528084083, "13103_13119": 0.000945303366184808, "13103_13120": 0.0008286286434063305, "13103_13121": 0.0017263096737631883, "13103_13122": 0.0011619849942019805, "13103_13123": 0.001604872717401916, "13104_13101": 0.016186831947920213, "13104_13102": 0.0028763890840081815, "13104_13103": 0.007398129870872037, "13104_13105": 0.008979191420359977, "13104_13106": 0.001771550892799741, "13104_13107": 0.0011476982934535956, "13104_13108": 0.002447788061556631, "13104_13109": 0.0020882394260556087, "13104_13110": 0.0012524674322750857, "13104_13111": 0.000954827833350398, "13104_13112": 0.004090758647620907, "13104_13113": 0.021570537013269962, "13104_13114": 0.015651080669855776, "13104_13115": 0.005631341211655091, "13104_13116": 0.013191387024342157, "13104_13117": 0.0023096832876555763, "13104_13118": 0.0007691007236213929, "13104_13119": 0.0025477949667953264, "13104_13120": 0.00491700617423584, "13104_13121": 0.0010667403225460806, "13104_13122": 0.0004000276209547802, "13104_13123": 0.0009572089501417955, "13105_13101": 0.01220560467270359, "13105_13102": 0.0017977431775051136, "13105_13103": 0.002326351105195359, "13105_13104": 0.007064773520076386, "13105_13106": 0.007343364184669894, "13105_13107": 0.0008071985922837529, "13105_13108": 0.0012167506804041232, "13105_13109": 0.0003809786866236002, "13105_13110": 0.0001690592921892226, "13105_13111": 0.00023811167913975013, "13105_13112": 0.0003881220369977927, "13105_13113": 0.0008738698624428829, "13105_13114": 0.0005119401101504628, "13105_13115": 0.00033097523400425267, "13105_13116": 0.011272206890475771, "13105_13117": 0.004193146669651, "13105_13118": 0.0021168128275523787, "13105_13119": 0.0023739734410233087, "13105_13120": 0.0012786597169804582, "13105_13121": 0.0018406032797502684, "13105_13122": 0.0005238456941074502, "13105_13123": 0.0005143212269418603, "13106_13101": 0.010905514904600556, "13106_13102": 0.005143212269418602, "13106_13103": 0.0032264132523436143, "13106_13104": 0.001742977491302971, "13106_13105": 0.006040893299775461, "13106_13107": 0.0089577613692374, "13106_13108": 0.0020977638932211987, "13106_13109": 0.0008405342273633179, "13106_13110": 0.00011905583956987507, "13106_13111": 0.0007262406213762379, "13106_13112": 0.0002190627448085701, "13106_13113": 0.0010381669210493105, "13106_13114": 0.0003262130004214577, "13106_13115": 0.00020715716085158262, "13106_13116": 0.0014120022572987182, "13106_13117": 0.0026620885727824065, "13106_13118": 0.010822175816901643, "13106_13119": 0.0005905169642665803, "13106_13120": 0.00036669198587521517, "13106_13121": 0.004883670539156275, "13106_13122": 0.0023930223753544887, "13106_13123": 0.000959590066933193, "13107_13101": 0.004138380983448858, "13107_13102": 0.005114638867921833, "13107_13103": 0.002357305623483526, "13107_13104": 0.001121506008748223, "13107_13105": 0.0008857754463998705, "13107_13106": 0.007288598498467752, "13107_13108": 0.013672372616204452, "13107_13109": 0.0007571951396644054, "13107_13110": 0.00010238802203009255, "13107_13111": 0.00043098213924294774, "13107_13112": 0.00027382843101071263, "13107_13113": 0.0007167161542106479, "13107_13114": 0.0001904893433118001, "13107_13115": 0.00015001035785804258, "13107_13116": 0.00032145076683866264, "13107_13117": 0.00043098213924294774, "13107_13118": 0.0012167506804041232, "13107_13119": 0.0001785837593548126, "13107_13120": 8.810132128170755e-05, "13107_13121": 0.0029097247190877466, "13107_13122": 0.007412416571620422, "13107_13123": 0.005340844963104595, "13108_13101": 0.008043412521340759, "13108_13102": 0.015855856713915963, "13108_13103": 0.006538546709177539, "13108_13104": 0.0023525433899007314, "13108_13105": 0.0012762786001890606, "13108_13106": 0.0021739596305459185, "13108_13107": 0.013422355353107715, "13108_13109": 0.0025144593317157613, "13108_13110": 0.00031430741646447017, "13108_13111": 0.002500172630967376, "13108_13112": 0.0007667196068299954, "13108_13113": 0.001671543987561046, "13108_13114": 0.0004952722926106803, "13108_13115": 0.0003238318836300602, "13108_13116": 0.000869107628860088, "13108_13117": 0.0005047967597762703, "13108_13118": 0.0006405204168859278, "13108_13119": 0.00046431777432251275, "13108_13120": 0.0003095451828816752, "13108_13121": 0.0014667679435008607, "13108_13122": 0.0017048796226406108, "13108_13123": 0.018479847418036006, "13109_13101": 0.0029168680694619392, "13109_13102": 0.002488267047010389, "13109_13103": 0.018653668943808027, "13109_13104": 0.0021644351633803285, "13109_13105": 0.0004262199056601527, "13109_13106": 0.000902443263939653, "13109_13107": 0.0006190903657633504, "13109_13108": 0.002490648163801786, "13109_13110": 0.007724342871293494, "13109_13111": 0.0222967776346462, "13109_13112": 0.002378735674606104, "13109_13113": 0.004095520881203702, "13109_13114": 0.00044764995678273024, "13109_13115": 0.0005405135116472328, "13109_13116": 0.0009762578844729756, "13109_13117": 0.0005405135116472328, "13109_13118": 0.00026906619742791764, "13109_13119": 0.00046669889111391024, "13109_13120": 0.0002452550295139426, "13109_13121": 0.00033573746758704765, "13109_13122": 0.00027144731421931514, "13109_13123": 0.0005238456941074502, "13110_13101": 0.001173890578158968, "13110_13102": 0.0008738698624428829, "13110_13103": 0.0034740493986489544, "13110_13104": 0.0012619918994406757, "13110_13105": 0.0001619159418150301, "13110_13106": 0.00010715025561288756, "13110_13107": 9.048243807310505e-05, "13110_13108": 0.00030478294929888014, "13110_13109": 0.007131444790235517, "13110_13111": 0.003681206559500537, "13110_13112": 0.014620057099180657, "13110_13113": 0.009398267975645937, "13110_13114": 0.0003238318836300602, "13110_13115": 0.0005619435627698103,