{"13101_13102": 0.029779128763829033, "13101_13103": 0.026966967641886313, "13101_13104": 0.024272799294290836, "13101_13105": 0.01748259606578378, "13101_13106": 0.01628019350814993, "13101_13107": 0.004281452097742967, "13101_13108": 0.006750872303724639, "13101_13109": 0.0025705568697078837, "13101_13110": 0.0009411328430078044, "13101_13111": 0.0018822656860156088, "13101_13112": 0.002975103524612731, "13101_13113": 0.004936031060193171, "13101_13114": 0.001592902453687836, "13101_13115": 0.00209296706877855, "13101_13116": 0.003118380464891531, "13101_13117": 0.0028964416750478996, "13101_13118": 0.002101395124089068, "13101_13119": 0.0018654095753945735, "13101_13120": 0.0014159132921669653, "13101_13121": 0.0034976429538648253, "13101_13122": 0.001668754951482495, "13101_13123": 0.0028374452878742757, "13102_13101": 0.03371783994561095, "13102_13103": 0.01793490170078156, "13102_13104": 0.002680121588744613, "13102_13105": 0.0011574529293110908, "13102_13106": 0.00572826825938183, "13102_13107": 0.007599296538316749, "13102_13108": 0.020811677913438253, "13102_13109": 0.001974974294431303, "13102_13110": 0.0006405322035993415, "13102_13111": 0.0015198593076633498, "13102_13112": 0.0009270860841569416, "13102_13113": 0.0018850750377857814, "13102_13114": 0.00047478044915916104, "13102_13115": 0.0005281581327924395, "13102_13116": 0.0007641436814869337, "13102_13117": 0.0006489602589098591, "13102_13118": 0.0008062839580395219, "13102_13119": 0.0004410682279170904, "13102_13120": 0.0003792624889732943, "13102_13121": 0.0017839383740595694, "13102_13122": 0.0012726363518881653, "13102_13123": 0.0023598554869449424, "13103_13101": 0.025483629907235204, "13103_13102": 0.01787871466537811, "13103_13104": 0.009863634065075825, "13103_13105": 0.0016462801373211145, "13103_13106": 0.0024048051152677032, "13103_13107": 0.0017530355045876714, "13103_13108": 0.005093354759322834, "13103_13109": 0.02386263393584564, "13103_13110": 0.004022991734887092, "13103_13111": 0.006596357956365148, "13103_13112": 0.0036633947083050057, "13103_13113": 0.022407389718896262, "13103_13114": 0.0007023379425431376, "13103_13115": 0.000918658028846424, "13103_13116": 0.0013203953319810987, "13103_13117": 0.00153109671474404, "13103_13118": 0.0010085572854919456, "13103_13119": 0.0007866184956483141, "13103_13120": 0.0004719710973889885, "13103_13121": 0.001525478011203695, "13103_13122": 0.0009692263607095299, "13103_13123": 0.0012304960753355772, "13104_13101": 0.017979851329104322, "13104_13102": 0.003143664630823084, "13104_13103": 0.008377486978654545, "13104_13105": 0.010759817279760869, "13104_13106": 0.0017221326351157735, "13104_13107": 0.0010394601549638437, "13104_13108": 0.002149154104182001, "13104_13109": 0.0016294240267000792, "13104_13110": 0.0012052119094040242, "13104_13111": 0.0007697623850272788, "13104_13112": 0.0038150997038943232, "13104_13113": 0.02428965540491187, "13104_13114": 0.019578372486332502, "13104_13115": 0.005402383454041815, "13104_13116": 0.01546548149479989, "13104_13117": 0.0019159779072576793, "13104_13118": 0.0006321041482888238, "13104_13119": 0.0024076144670378756, "13104_13120": 0.004663523938486434, "13104_13121": 0.000862470993442973, "13104_13122": 0.0004017373031346747, "13104_13123": 0.0009495608983183221, "13105_13101": 0.013299471279996854, "13105_13102": 0.0015676182877562832, "13105_13103": 0.0018513628165437107, "13105_13104": 0.008093742449867119, "13105_13106": 0.008961832146850436, "13105_13107": 0.0007332408120150356, "13105_13108": 0.0008793271040640082, "13105_13109": 0.0002893632323277727, "13105_13110": 0.0001573236991296628, "13105_13111": 0.00020227332745242362, "13105_13112": 0.00033712221242070605, "13105_13113": 0.0006601976659905493, "13105_13114": 0.0003961185995943296, "13105_13115": 0.00022193878984363147, "13105_13116": 0.014996319749181074, "13105_13117": 0.005152351146496458, "13105_13118": 0.0024666108542114994, "13105_13119": 0.001974974294431303, "13105_13120": 0.0008849458076043533, "13105_13121": 0.0014973844935019694, "13105_13122": 0.0004860178562398512, "13105_13123": 0.00039049989605398453, "13106_13101": 0.011521151609477628, "13106_13102": 0.005042786427459728, "13106_13103": 0.0025537007590868484, "13106_13104": 0.001556380880675593, "13106_13105": 0.007489731819280019, "13106_13107": 0.010987374773144844, "13106_13108": 0.0017586542081280165, "13106_13109": 0.0007163847013940003, "13106_13110": 0.00010675536726655692, "13106_13111": 0.0005646797058046826, "13106_13112": 0.00019946397568225107, "13106_13113": 0.0007220034049343454, "13106_13114": 0.00017417980975069814, "13106_13115": 0.0001573236991296628, "13106_13116": 0.0013484888496828242, "13106_13117": 0.0024890856683728794, "13106_13118": 0.013577597105243935, "13106_13119": 0.0004129747102153649, "13106_13120": 0.00022193878984363147, "13106_13121": 0.004798372823454716, "13106_13122": 0.002188485028964417, "13106_13123": 0.0008343774757412475, "13107_13101": 0.003916236367620536, "13107_13102": 0.005433286323513712, "13107_13103": 0.00181765059530164, "13107_13104": 0.0010591256173550516, "13107_13105": 0.0006826724801519298, "13107_13106": 0.008610663175578867, "13107_13108": 0.014965416879709176, "13107_13109": 0.0005309674845626121, "13107_13110": 8.708990487534907e-05, "13107_13111": 0.00037645313720312176, "13107_13112": 0.0002444136040050119, "13107_13113": 0.0005478235951836473, "13107_13114": 0.00012642082965776477, "13107_13115": 0.00012361147788759222, "13107_13116": 0.0002949819358681178, "13107_13117": 0.0003792624889732943, "13107_13118": 0.0015395247700545577, "13107_13119": 0.00014046758850862751, "13107_13120": 8.147120133500396e-05, "13107_13121": 0.002623934553341162, "13107_13122": 0.00950684639026391, "13107_13123": 0.005882782606741321, "13108_13101": 0.006734016193103603, "13108_13102": 0.016575175444018046, "13108_13103": 0.005506329469538199, "13108_13104": 0.0019805929979716482, "13108_13105": 0.0010675536726655692, "13108_13106": 0.0018260786506121578, "13108_13107": 0.014810902532349686, "13108_13109": 0.0025593194626271935, "13108_13110": 0.00025284165931552954, "13108_13111": 0.0019468807767295774, "13108_13112": 0.0004860178562398512, "13108_13113": 0.001281064407198683, "13108_13114": 0.00033712221242070605, "13108_13115": 0.0002837445287874276, "13108_13116": 0.0006714350730712396, "13108_13117": 0.00039049989605398453, "13108_13118": 0.0005056833186310591, "13108_13119": 0.000306219342948808, "13108_13120": 0.00023036684515414914, "13108_13121": 0.0010956471903672946, "13108_13122": 0.0017165139315754284, "13108_13123": 0.0218202351989302, "13109_13101": 0.002328952617473044, "13109_13102": 0.002000258460362856, "13109_13103": 0.020095293212044254, "13109_13104": 0.0018260786506121578, "13109_13105": 0.00040454665490484724, "13109_13106": 0.0007276221084746905, "13109_13107": 0.0004579243385381257, "13109_13108": 0.0024216612258887386, "13109_13110": 0.008798889744180428, "13109_13111": 0.02539934935413003, "13109_13112": 0.0020227332745242363, "13109_13113": 0.003958376644173123, "13109_13114": 0.0004410682279170904, "13109_13115": 0.0004354495243767453, "13109_13116": 0.0008006652544991768, "13109_13117": 0.00039049989605398453, "13109_13118": 0.00027250712170673736, "13109_13119": 0.0003539783230417413, "13109_13120": 0.00020508267922259618, "13109_13121": 0.00027250712170673736, "13109_13122": 0.00021070138276294128, "13109_13123": 0.000525348781022267, "13110_13101": 0.0010956471903672946, "13110_13102": 0.000724812756704518, "13110_13103": 0.0034105530489894763, "13110_13104": 0.0011799277434724712, "13110_13105": 0.00013203953319810988, "13110_13106": 5.899638717362356e-05, "13110_13107": 8.989925664552161e-05, "13110_13108": 0.0002331761969243217, "13110_13109": 0.007661102277260545, "13110_13111": 0.004202790248178136, "13110_13112": 0.01910078268540317, "13110_13113": 0.010846907184636217, "13110_13114": 0.0003174567500294982, "13110_13115": 0.0004944459115503689,