{"13101_13102": 0.024062271976883154, "13101_13103": 0.021766586749993332, "13101_13104": 0.018089126888122312, "13101_13105": 0.013289278156082353, "13101_13106": 0.012920804920087367, "13101_13107": 0.004082295588260248, "13101_13108": 0.006908873174906003, "13101_13109": 0.0028750609071714105, "13101_13110": 0.0009817872406445373, "13101_13111": 0.002525980999386686, "13101_13112": 0.0033889841047433657, "13101_13113": 0.005384072744374116, "13101_13114": 0.0019126669947371355, "13101_13115": 0.002462952682703333, "13101_13116": 0.00330656245984975, "13101_13117": 0.0035101924060575063, "13101_13118": 0.0023393202153629096, "13101_13119": 0.0020387236281038416, "13101_13120": 0.0015126796004004722, "13101_13121": 0.004033812267734593, "13101_13122": 0.002041147794130124, "13101_13123": 0.0033574699464016893, "13102_13101": 0.02671673377566283, "13102_13103": 0.014721960277615494, "13102_13104": 0.0024168935282039596, "13102_13105": 0.0013963196311388975, "13102_13106": 0.005228926118692017, "13102_13107": 0.005973145088760839, "13102_13108": 0.017141277971845736, "13102_13109": 0.0021987185858385067, "13102_13110": 0.0007781572944367814, "13102_13111": 0.0019126669947371355, "13102_13112": 0.0012969288240613024, "13102_13113": 0.0026180993083854327, "13102_13114": 0.000581799846307874, "13102_13115": 0.0006278590008072473, "13102_13116": 0.0010011805688547998, "13102_13117": 0.0008920930976720734, "13102_13118": 0.0010133013989862137, "13102_13119": 0.0006375556649123786, "13102_13120": 0.0005308923597559349, "13102_13121": 0.002475073512834747, "13102_13122": 0.001515103766426755, "13102_13123": 0.002792639262277795, "13103_13101": 0.02080419283755906, "13103_13102": 0.014886803567402724, "13103_13104": 0.007527035511608119, "13103_13105": 0.0019393328210262465, "13103_13106": 0.002906575065513087, "13103_13107": 0.002082358616576932, "13103_13108": 0.005670124335475488, "13103_13109": 0.01824912184585698, "13103_13110": 0.003495647409899809, "13103_13111": 0.007638547148817128, "13103_13112": 0.003609583213135101, "13103_13113": 0.018290332668303787, "13103_13114": 0.0009042139278034874, "13103_13115": 0.0010181497310387793, "13103_13116": 0.00141571295934916, "13103_13117": 0.001932060322947398, "13103_13118": 0.0013745021369023522, "13103_13119": 0.0008799722675406594, "13103_13120": 0.000669069823254055, "13103_13121": 0.0017357028748184906, "13103_13122": 0.0010763297156695668, "13103_13123": 0.0013696538048497866, "13104_13101": 0.014617721138485333, "13104_13102": 0.0027296109455944417, "13104_13103": 0.006809482367828408, "13104_13105": 0.008157318678441649, "13104_13106": 0.0016411603997934612, "13104_13107": 0.0011417821983792026, "13104_13108": 0.00226174690252186, "13104_13109": 0.001932060322947398, "13104_13110": 0.0011442063644054854, "13104_13111": 0.0008581547733041141, "13104_13112": 0.003912603966420452, "13104_13113": 0.019487870685287494, "13104_13114": 0.014370456203804486, "13104_13115": 0.005684669331633185, "13104_13116": 0.01178387105376073, "13104_13117": 0.0021672044274968303, "13104_13118": 0.000669069823254055, "13104_13119": 0.0022399294082853147, "13104_13120": 0.004392588839624448, "13104_13121": 0.0008581547733041141, "13104_13122": 0.0003830182321526837, "13104_13123": 0.0009430005842240123, "13105_13101": 0.01124085786387338, "13105_13102": 0.0018035795235544093, "13105_13103": 0.0022011427518647897, "13105_13104": 0.006438584965807138, "13105_13106": 0.006516158278648188, "13105_13107": 0.0007805814604630642, "13105_13108": 0.0012751113298247571, "13105_13109": 0.0004460465488360367, "13105_13110": 0.0001527224596558169, "13105_13111": 0.00023271993852314957, "13105_13112": 0.00035150407381100715, "13105_13113": 0.0008242164489361548, "13105_13114": 0.0005090748655193897, "13105_13115": 0.00031271741739048227, "13105_13116": 0.010576636372671892, "13105_13117": 0.003648369869555626, "13105_13118": 0.001932060322947398, "13105_13119": 0.0023150785551000817, "13105_13120": 0.001112692206063809, "13105_13121": 0.0015732837510575425, "13105_13122": 0.0005236198616770866, "13105_13123": 0.0004387740507571883, "13106_13101": 0.01031725060785963, "13106_13102": 0.004928329531432948, "13106_13103": 0.0031199016758259738, "13106_13104": 0.0016193429055569159, "13106_13105": 0.005495584381583126, "13106_13107": 0.008550033574699464, "13106_13108": 0.0020193302998935793, "13106_13109": 0.0008920930976720734, "13106_13110": 0.00010423913913016075, "13106_13111": 0.0007975506226470439, "13106_13112": 0.0001551466256820997, "13106_13113": 0.0009430005842240123, "13106_13114": 0.00026665826289110886, "13106_13115": 0.00019878161415519025, "13106_13116": 0.0013866229670337661, "13106_13117": 0.002552646825675797, "13106_13118": 0.01004816817894224, "13106_13119": 0.0005648306841238943, "13106_13120": 0.00028847575712765414, "13106_13121": 0.004819242060250223, "13106_13122": 0.002375682705757152, "13106_13123": 0.0010278463951439107, "13107_13101": 0.004009570607471764, "13107_13102": 0.004751365411514304, "13107_13103": 0.002249626072390446, "13107_13104": 0.001134509700300354, "13107_13105": 0.0008411856111201344, "13107_13106": 0.007495521353266443, "13107_13108": 0.012869897433535428, "13107_13109": 0.000681190653385469, "13107_13110": 9.939080707759513e-05, "13107_13111": 0.0003878665642052493, "13107_13112": 0.0002715065949436745, "13107_13113": 0.0007417948040425393, "13107_13114": 0.0001793882859449278, "13107_13115": 0.0001793882859449278, "13107_13116": 0.0002715065949436745, "13107_13117": 0.0004484707148623195, "13107_13118": 0.0011151163720900918, "13107_13119": 0.00016969162183979656, "13107_13120": 0.00012120830131414041, "13107_13121": 0.0027611251039361185, "13107_13122": 0.00656948993122641, "13107_13123": 0.005202260292402906, "13108_13101": 0.0073040122371901, "13108_13102": 0.01503952602705854, "13108_13103": 0.006159805872784615, "13108_13104": 0.0022447777403378803, "13108_13105": 0.0012435971714830805, "13108_13106": 0.0022302327441801836, "13108_13107": 0.012695357479643066, "13108_13109": 0.00247749767886103, "13108_13110": 0.00032241408149561346, "13108_13111": 0.0024726493468084643, "13108_13112": 0.0007975506226470439, "13108_13113": 0.0015708595850312595, "13108_13114": 0.0003563524058635728, "13108_13115": 0.0003272624135481791, "13108_13116": 0.0008920930976720734, "13108_13117": 0.00045816737896745073, "13108_13118": 0.000543013189887349, "13108_13119": 0.0004460465488360367, "13108_13120": 0.00025696159878597766, "13108_13121": 0.0015344970946370175, "13108_13122": 0.0017744895312390154, "13108_13123": 0.01727460710329129, "13109_13101": 0.0029138475635919355, "13109_13102": 0.0024653768487296157, "13109_13103": 0.01757762785657664, "13109_13104": 0.0018787286703691763, "13109_13105": 0.0004508948808886023, "13109_13106": 0.0008920930976720734, "13109_13107": 0.0005793756802815912, "13109_13108": 0.0024290143583353737, "13109_13110": 0.007432493036583089, "13109_13111": 0.021490231822997093, "13109_13112": 0.0022423535743115973, "13109_13113": 0.003779274834974898, "13109_13114": 0.00044119821678347107, "13109_13115": 0.0005211956956508037, "13109_13116": 0.0009551214143554263, "13109_13117": 0.0004824090392302788, "13109_13118": 0.0002618099308385433, "13109_13119": 0.00048483320525656164, "13109_13120": 0.00018908495005005903, "13109_13121": 0.0003199899154693307, "13109_13122": 0.0002375682705757152, "13109_13123": 0.0004896815373091273, "13110_13101": 0.0010060289009073654, "13110_13102": 0.000795126456620761, "13110_13103": 0.0032823207995869223, "13110_13104": 0.0011514788624843338, "13110_13105": 0.00013090496541927164, "13110_13106": 9.454247502502952e-05, "13110_13107": 8.242164489361547e-05, "13110_13108": 0.0003199899154693307, "13110_13109": 0.007214318094217637, "13110_13111": 0.0034059532669273454, "13110_13112": 0.013560784751026029, "13110_13113": 0.008773056849117482, "13110_13114": 0.0003612007379161384, "13110_13115": 0.0006496764950437926,