{"13101_13102": 0.014880660829006702, "13101_13103": 0.011420409478876667, "13101_13104": 0.011142325352108226, "13101_13105": 0.008096040145235755, "13101_13106": 0.008923972431750887, "13101_13107": 0.002505917187811067, "13101_13108": 0.003965858853345384, "13101_13109": 0.0014915421344852758, "13101_13110": 0.0005087675501104437, "13101_13111": 0.0012892991331991367, "13101_13112": 0.001561063166177386, "13101_13113": 0.002799801549054988, "13101_13114": 0.0009827745843748322, "13101_13115": 0.0010048949126405036, "13101_13116": 0.0019181484653232254, "13101_13117": 0.0013619802117863429, "13101_13118": 0.0012608587111432733, "13101_13119": 0.0010175351002208873, "13101_13120": 0.0006225292383338969, "13101_13121": 0.0018675877150016906, "13101_13122": 0.0009511741154238729, "13101_13123": 0.001769626261253717, "13102_13101": 0.01605303822708729, "13102_13103": 0.009145175714407601, "13102_13104": 0.0015326227441215228, "13102_13105": 0.0007110105513965827, "13102_13106": 0.002916723284173537, "13102_13107": 0.003716215148632806, "13102_13108": 0.011398289150610995, "13102_13109": 0.00114709702291982, "13102_13110": 0.00041396614325756595, "13102_13111": 0.0009985748188503117, "13102_13112": 0.0006162091445437051, "13102_13113": 0.0010870561319129975, "13102_13114": 0.00022436332955181056, "13102_13115": 0.00023700351713219425, "13102_13116": 0.0004708469873692926, "13102_13117": 0.0002496437047125779, "13102_13118": 0.0004455666122085252, "13102_13119": 0.0002496437047125779, "13102_13120": 0.00015800234475479616, "13102_13121": 0.0009732944436895444, "13102_13122": 0.0006162091445437051, "13102_13123": 0.001276658945618753, "13103_13101": 0.01123080666517091, "13103_13102": 0.008484725913332554, "13103_13104": 0.005438440706460084, "13103_13105": 0.0010775759912277098, "13103_13106": 0.0017506659798831414, "13103_13107": 0.0009985748188503117, "13103_13108": 0.003653014210730887, "13103_13109": 0.01205241885789585, "13103_13110": 0.0024016356402729016, "13103_13111": 0.004313464011805935, "13103_13112": 0.0022373132017279138, "13103_13113": 0.012295742468818238, "13103_13114": 0.0005372079721663069, "13103_13115": 0.0006478096134946643, "13103_13116": 0.0007615713017181175, "13103_13117": 0.0007331308796622542, "13103_13118": 0.0005182476907957314, "13103_13119": 0.00043924651841833334, "13103_13120": 0.0002749240798733453, "13103_13121": 0.0006730899886554317, "13103_13122": 0.0005624883473270743, "13103_13123": 0.0007457710672426379, "13104_13101": 0.00949594091976325, "13104_13102": 0.0015073423689607555, "13104_13103": 0.0051224360169504915, "13104_13105": 0.005678604270487374, "13104_13106": 0.0012703388518285612, "13104_13107": 0.0007647313486132134, "13104_13108": 0.0014694218062196044, "13104_13109": 0.0010080549595355996, "13104_13110": 0.0007931717706690767, "13104_13111": 0.0004992874094251558, "13104_13112": 0.0028724826276421943, "13104_13113": 0.016732448309532914, "13104_13114": 0.013528160757905647, "13104_13115": 0.0040195796505620145, "13104_13116": 0.01050399587929885, "13104_13117": 0.0011660573042903957, "13104_13118": 0.00043924651841833334, "13104_13119": 0.0017348657454076617, "13104_13120": 0.003248528208158609, "13104_13121": 0.0005846086755927458, "13104_13122": 0.0002622838922929616, "13104_13123": 0.0005403680190614029, "13105_13101": 0.0068983823719944, "13105_13102": 0.0007647313486132134, "13105_13103": 0.0009164135995778178, "13105_13104": 0.005005514281831942, "13105_13106": 0.006026209428947925, "13105_13107": 0.0004455666122085252, "13105_13108": 0.0006952103169211031, "13105_13109": 0.00018012267302046762, "13105_13110": 0.00010112150064306955, "13105_13111": 0.00012008178201364509, "13105_13112": 0.00021488318886652279, "13105_13113": 0.0004708469873692926, "13105_13114": 0.000246483657817482, "13105_13115": 0.00013904206338422062, "13105_13116": 0.008911332244170504, "13105_13117": 0.0028788027214323862, "13105_13118": 0.0016748248544008392, "13105_13119": 0.001235578335982506, "13105_13120": 0.0005087675501104437, "13105_13121": 0.0010807360381228058, "13105_13122": 0.00028124417366353716, "13105_13123": 0.00033180492398507194, "13106_13101": 0.007400829828314652, "13106_13102": 0.0027745211738942205, "13106_13103": 0.001598983728918537, "13106_13104": 0.001109176460178669, "13106_13105": 0.005839766662137266, "13106_13107": 0.008118160473501427, "13106_13108": 0.001396740727632398, "13106_13109": 0.00046452689357910073, "13106_13110": 8.2161219272494e-05, "13106_13111": 0.0003254848301948801, "13106_13112": 0.00015800234475479616, "13106_13113": 0.0007552512079279256, "13106_13114": 0.0001516822509646043, "13106_13115": 0.0001358820164891247, "13106_13116": 0.0010617757567522302, "13106_13117": 0.0018391472929458273, "13106_13118": 0.008939772666226366, "13106_13119": 0.0003033645019292086, "13106_13120": 0.00014536215717441246, "13106_13121": 0.0034823716783957074, "13106_13122": 0.0016242641040793045, "13106_13123": 0.0006888902231309113, "13107_13101": 0.0023573949837415588, "13107_13102": 0.0030747256289283334, "13107_13103": 0.001030175287801271, "13107_13104": 0.0006193691914388009, "13107_13105": 0.0005182476907957314, "13107_13106": 0.007264947811825528, "13107_13108": 0.011745894309071546, "13107_13109": 0.0003002044550341127, "13107_13110": 8.2161219272494e-05, "13107_13111": 0.00029072431434882493, "13107_13112": 0.00019592290749594724, "13107_13113": 0.00045504675289381296, "13107_13114": 0.00011376168822345324, "13107_13115": 0.00011060164132835732, "13107_13116": 0.0002180432357616187, "13107_13117": 0.00028124417366353716, "13107_13118": 0.0012229381484021222, "13107_13119": 0.00010428154753816547, "13107_13120": 5.056075032153477e-05, "13107_13121": 0.0021298716072946523, "13107_13122": 0.00575128534907458, "13107_13123": 0.004414585512449005, "13108_13101": 0.0037699359458494364, "13108_13102": 0.010339673440753861, "13108_13103": 0.0038046964616954915, "13108_13104": 0.0013272196959402877, "13108_13105": 0.0006414895197044725, "13108_13106": 0.001437821337268645, "13108_13107": 0.011452009947827626, "13108_13109": 0.0014852220406950838, "13108_13110": 0.00022752337644690648, "13108_13111": 0.001523142603436235, "13108_13112": 0.0005498481597466906, "13108_13113": 0.0008342523803053238, "13108_13114": 0.00021172314197142686, "13108_13115": 0.00023384347023709833, "13108_13116": 0.0004234462839428537, "13108_13117": 0.00023700351713219425, "13108_13118": 0.00031916473640468824, "13108_13119": 0.00017380257923027578, "13108_13120": 0.00017380257923027578, "13108_13121": 0.0007236507389769664, "13108_13122": 0.001279818992513849, "13108_13123": 0.014776379281468537, "13109_13101": 0.0013714603524716308, "13109_13102": 0.001153417116710012, "13109_13103": 0.011110724883157267, "13109_13104": 0.0010175351002208873, "13109_13105": 0.0001769626261253717, "13109_13106": 0.0005214077376908274, "13109_13107": 0.00026860398608315346, "13109_13108": 0.0014883820875901798, "13109_13110": 0.006376974634303573, "13109_13111": 0.016359562775911593, "13109_13112": 0.0014915421344852758, "13109_13113": 0.002802961595950084, "13109_13114": 0.00026544393918805754, "13109_13115": 0.00025280375160767384, "13109_13116": 0.0005277278314810192, "13109_13117": 0.00023700351713219425, "13109_13118": 0.00012956192269893285, "13109_13119": 0.0002622838922929616, "13109_13120": 0.00011692173511854916, "13109_13121": 0.00016748248544008393, "13109_13122": 0.0001485222040695084, "13109_13123": 0.0003160046895095923, "13110_13101": 0.0005909287693829377, "13110_13102": 0.0004234462839428537, "13110_13103": 0.0023668751244268465, "13110_13104": 0.0008405724740955156, "13110_13105": 7.584112548230216e-05, "13110_13106": 6.320093790191846e-05, "13110_13107": 5.3720797216630696e-05, "13110_13108": 0.00019908295439104317, "13110_13109": 0.006010409194472446, "13110_13111": 0.003504492006661379, "13110_13112": 0.013834685306729952, "13110_13113": 0.008200321692773922, "13110_13114": 0.0002496437047125779,