{"13101_13102": 0.017987077111478903, "13101_13103": 0.014699958335539325, "13101_13104": 0.011640728046166985, "13101_13105": 0.01037007709076177, "13101_13106": 0.009621958321727901, "13101_13107": 0.0023548476945281444, "13101_13108": 0.0031467026377516843, "13101_13109": 0.0005271359941807869, "13101_13110": 0.00020026563971060465, "13101_13111": 0.00040743699113536807, "13101_13112": 0.0005731740722751788, "13101_13113": 0.0021591858626269786, "13101_13114": 0.00045807887703919913, "13101_13115": 0.00041434270284952684, "13101_13116": 0.000775741615890503, "13101_13117": 0.0008401949252226517, "13101_13118": 0.0011417443367409184, "13101_13119": 0.0003936255677070505, "13101_13120": 0.00030615321932770593, "13101_13121": 0.001201593838263628, "13101_13122": 0.00045347506922975995, "13101_13123": 0.0007803454236999422, "13102_13101": 0.020166980109248358, "13102_13103": 0.00939637173906538, "13102_13104": 0.0006537407089403646, "13102_13105": 0.00041204079894480725, "13102_13106": 0.0029372293824222015, "13102_13107": 0.004042143256687607, "13102_13108": 0.012411865854248048, "13102_13109": 0.00045807887703919913, "13102_13110": 0.00010128377180766212, "13102_13111": 0.00029924750761354716, "13102_13112": 0.00022788848656723977, "13102_13113": 0.0008125720783660165, "13102_13114": 0.00012660471475957764, "13102_13115": 0.00012890661866429723, "13102_13116": 0.00012890661866429723, "13102_13117": 0.0001450199459973344, "13102_13118": 0.00040973889504008766, "13102_13119": 0.00013351042647373644, "13102_13120": 0.00011739709914069927, "13102_13121": 0.00037290843256457414, "13102_13122": 0.0003107570271371451, "13102_13123": 0.0006376273816073274, "13103_13101": 0.013473043554323782, "13103_13102": 0.009412485066398418, "13103_13104": 0.00373829194126462, "13103_13105": 0.0006767597479875605, "13103_13106": 0.0007619301924621855, "13103_13107": 0.000787251135414101, "13103_13108": 0.0023134134242431916, "13103_13109": 0.013719347272128778, "13103_13110": 0.0011417443367409184, "13103_13111": 0.0022236391719591274, "13103_13112": 0.0010289510454096584, "13103_13113": 0.012706509554052156, "13103_13114": 0.00022788848656723977, "13103_13115": 0.00023939800609083773, "13103_13116": 0.00027853037247107084, "13103_13117": 0.00030385131542298634, "13103_13118": 0.0001772466006634087, "13103_13119": 0.0001749446967586891, "13103_13120": 0.00021868087094836138, "13103_13121": 0.00027392656466163165, "13103_13122": 0.0002647189490427533, "13103_13123": 0.0003775122403740133, "13104_13101": 0.010545021787520458, "13104_13102": 0.0006652502284639625, "13104_13103": 0.003369987316509485, "13104_13105": 0.006894202194635182, "13104_13106": 0.00038902175989761134, "13104_13107": 0.00023019039047195936, "13104_13108": 0.000554758841037422, "13104_13109": 0.0003544932013268174, "13104_13110": 0.00027392656466163165, "13104_13111": 0.00017034088894924993, "13104_13112": 0.000996724390743584, "13104_13113": 0.01699495652854476, "13104_13114": 0.012338204929297021, "13104_13115": 0.0019013726252983844, "13104_13116": 0.010091546718290698, "13104_13117": 0.0007320054417008307, "13104_13118": 0.00015422756161621276, "13104_13119": 0.0008770253876981652, "13104_13120": 0.0012361223968344217, "13104_13121": 0.0001818504084728479, "13104_13122": 8.977425228406415e-05, "13104_13123": 0.00026241704513803364, "13105_13101": 0.009338824141447391, "13105_13102": 0.00043966364580144235, "13105_13103": 0.0006353254777026078, "13105_13104": 0.0059573273054143085, "13105_13106": 0.006617973726068832, "13105_13107": 0.0002440018139002769, "13105_13108": 0.00019566183190116546, "13105_13109": 9.437806009350333e-05, "13105_13110": 3.4528558570793906e-05, "13105_13111": 0.00014962375380677358, "13105_13112": 5.984950152270943e-05, "13105_13113": 0.00022788848656723977, "13105_13114": 0.00019796373580588505, "13105_13115": 0.0002532094295191553, "13105_13116": 0.008940594765930902, "13105_13117": 0.002921116055089164, "13105_13118": 0.0014525013638780635, "13105_13119": 0.0006721559401781214, "13105_13120": 0.000220982774853081, "13105_13121": 0.0007412130573197091, "13105_13122": 0.00010818948352182089, "13105_13123": 0.00012660471475957764, "13106_13101": 0.008222400747658388, "13106_13102": 0.002594245700618982, "13106_13103": 0.0007204959221772328, "13106_13104": 0.0004442674536108816, "13106_13105": 0.0056718912212290785, "13106_13107": 0.007301639185770551, "13106_13108": 0.0006721559401781214, "13106_13109": 0.00013351042647373644, "13106_13110": 4.833998199911147e-05, "13106_13111": 9.437806009350333e-05, "13106_13112": 4.603807809439187e-05, "13106_13113": 0.0004972112434194322, "13106_13114": 9.437806009350333e-05, "13106_13115": 4.603807809439187e-05, "13106_13116": 0.0003590970091362566, "13106_13117": 0.0017103146012066581, "13106_13118": 0.010347058051714573, "13106_13119": 7.826473276046618e-05, "13106_13120": 0.00010818948352182089, "13106_13121": 0.0019750335502494113, "13106_13122": 0.0007596282885574658, "13106_13123": 0.00023479419828139855, "13107_13101": 0.001574502270828202, "13107_13102": 0.003178929292417759, "13107_13103": 0.000651438805035645, "13107_13104": 0.0002532094295191553, "13107_13105": 0.00024169990999555732, "13107_13106": 0.006758389864256727, "13107_13108": 0.01286534092347781, "13107_13109": 0.00017034088894924993, "13107_13110": 6.905711714158781e-06, "13107_13111": 7.596282885574659e-05, "13107_13112": 6.445330933214861e-05, "13107_13113": 0.00013351042647373644, "13107_13114": 3.222665466607431e-05, "13107_13115": 4.833998199911147e-05, "13107_13116": 5.064188590383106e-05, "13107_13117": 7.13590210463074e-05, "13107_13118": 0.0012384243007391414, "13107_13119": 2.0717135142476343e-05, "13107_13120": 3.222665466607431e-05, "13107_13121": 0.0014087651896883913, "13107_13122": 0.004562373539154234, "13107_13123": 0.0038879156950713937, "13108_13101": 0.0030385131542298633, "13108_13102": 0.010855778814657603, "13108_13103": 0.0022742810578629583, "13108_13104": 0.0005202302824666281, "13108_13105": 0.0001795485045681283, "13108_13106": 0.0007204959221772328, "13108_13107": 0.012476319163580198, "13108_13109": 0.0010312529493143778, "13108_13110": 9.667996399822294e-05, "13108_13111": 0.0008862330033170435, "13108_13112": 0.00020486944752004383, "13108_13113": 0.00040973889504008766, "13108_13114": 8.286854056990537e-05, "13108_13115": 6.215140542742902e-05, "13108_13116": 0.00011969900304541886, "13108_13117": 0.0001104913874265405, "13108_13118": 0.00012430281085485805, "13108_13119": 0.00010358567571238171, "13108_13120": 8.977425228406415e-05, "13108_13121": 0.0003798141442787329, "13108_13122": 0.0006468349972262058, "13108_13123": 0.012015938382636279, "13109_13101": 0.0006077026308459727, "13109_13102": 0.0005064188590383106, "13109_13103": 0.013042587524141218, "13109_13104": 0.0003314741622796215, "13109_13105": 0.00011509519523597968, "13109_13106": 0.00013351042647373644, "13109_13107": 0.00017034088894924993, "13109_13108": 0.0008862330033170435, "13109_13110": 0.006822843173588875, "13109_13111": 0.015839400768375523, "13109_13112": 0.0006100045347506923, "13109_13113": 0.0017471450636821716, "13109_13114": 3.68304624755135e-05, "13109_13115": 7.3660924951027e-05, "13109_13116": 0.00019566183190116546, "13109_13117": 0.0001058875796171013, "13109_13118": 2.532094295191553e-05, "13109_13119": 0.00011509519523597968, "13109_13120": 4.373617418967228e-05, "13109_13121": 5.294378980855065e-05, "13109_13122": 0.0001058875796171013, "13109_13123": 0.00011509519523597968, "13110_13101": 0.00026241704513803364, "13110_13102": 0.00012200090695013846, "13110_13103": 0.0010036301024577427, "13110_13104": 0.00025551133342387487, "13110_13105": 1.841523123775675e-05, "13110_13106": 2.9924750761354716e-05, "13110_13107": 2.532094295191553e-05, "13110_13108": 7.826473276046618e-05, "13110_13109": 0.006472953780071497, "13110_13111": 0.002651793298236972, "13110_13112": 0.012499338202627393, "13110_13113": 0.007939266567377878,