{"13101_13102": 0.01115384756408329, "13101_13103": 0.008686214621733503, "13101_13104": 0.008689881238289744, "13101_13105": 0.006317580326402206, "13101_13106": 0.006746574463482332, "13101_13107": 0.0020313055721571803, "13101_13108": 0.0032486222688289925, "13101_13109": 0.0010816518840909173, "13101_13110": 0.000432660753636367, "13101_13111": 0.0008799879734976956, "13101_13112": 0.0012539828622342162, "13101_13113": 0.0024822994085747494, "13101_13114": 0.0007259900781355988, "13101_13115": 0.000718656845023118, "13101_13116": 0.001308982110577822, "13101_13117": 0.0011843171476656486, "13101_13118": 0.0009643201542912247, "13101_13119": 0.0007333233112480796, "13101_13120": 0.0005719921827735021, "13101_13121": 0.0013859810582588705, "13101_13122": 0.0007149902284668777, "13101_13123": 0.0014666466224961593, "13102_13101": 0.011898170725000093, "13102_13103": 0.0068455731105008235, "13102_13104": 0.0010706520344221963, "13102_13105": 0.0005756587993297425, "13102_13106": 0.002181636850963037, "13102_13107": 0.002782961966186462, "13102_13108": 0.009019876728351379, "13102_13109": 0.0007479897774730413, "13102_13110": 0.0002713296251617895, "13102_13111": 0.00064532451389831, "13102_13112": 0.0003556618059553186, "13102_13113": 0.0008836545900539359, "13102_13114": 0.0002126637602619431, "13102_13115": 0.00011733172979969274, "13102_13116": 0.0003446619562865974, "13102_13117": 0.0002016639105932219, "13102_13118": 0.00026399639204930866, "13102_13119": 0.0002126637602619431, "13102_13120": 0.0001393314291371351, "13102_13121": 0.0007333233112480796, "13102_13122": 0.0005463258668798193, "13102_13123": 0.0010926517337596386, "13103_13101": 0.00838921868067803, "13103_13102": 0.0068235734111633806, "13103_13104": 0.004150609941664131, "13103_13105": 0.0007259900781355988, "13103_13106": 0.001114651433097081, "13103_13107": 0.0006489911304545505, "13103_13108": 0.0030909577569106558, "13103_13109": 0.009654201392580969, "13103_13110": 0.0018663078271263626, "13103_13111": 0.0032119561032665886, "13103_13112": 0.0015143126377272845, "13103_13113": 0.009610201993906083, "13103_13114": 0.0003703282721802802, "13103_13115": 0.0003629950390677994, "13103_13116": 0.0005829920324422233, "13103_13117": 0.00044366060330508814, "13103_13118": 0.0003923279715177226, "13103_13119": 0.00028599609138675104, "13103_13120": 0.00024199669271186627, "13103_13121": 0.0006159915814483869, "13103_13122": 0.0004033278211864438, "13103_13123": 0.0005169929344298962, "13104_13101": 0.007102236269437651, "13104_13102": 0.0011403177489907638, "13104_13103": 0.00395627926418339, "13104_13105": 0.0047262687409938735, "13104_13106": 0.0008763213569414551, "13104_13107": 0.0006123249648921465, "13104_13108": 0.001077985267534677, "13104_13109": 0.0008506550410477724, "13104_13110": 0.0006269914311171081, "13104_13111": 0.0003886613549614822, "13104_13112": 0.0022696356483128065, "13104_13113": 0.01298348922564725, "13104_13114": 0.011128181248189609, "13104_13115": 0.0033586207655162048, "13104_13116": 0.008506550410477723, "13104_13117": 0.0009826532370724266, "13104_13118": 0.00034099533973035704, "13104_13119": 0.001169650681440687, "13104_13120": 0.0024163003105624223, "13104_13121": 0.0004729935357550113, "13104_13122": 0.0001943306774807411, "13104_13123": 0.0005133263178736557, "13105_13101": 0.005199262276748885, "13105_13102": 0.0005829920324422233, "13105_13103": 0.0007113236119106372, "13105_13104": 0.0043926066343759965, "13105_13106": 0.004678602725762748, "13105_13107": 0.00042166090396764577, "13105_13108": 0.0005829920324422233, "13105_13109": 0.00012099834635593313, "13105_13110": 5.866586489984637e-05, "13105_13111": 0.00012466496291217352, "13105_13112": 0.00014299804569337552, "13105_13113": 0.0003739948887365206, "13105_13114": 0.00023099684304314508, "13105_13115": 0.00010633188013097154, "13105_13116": 0.007201234916456142, "13105_13117": 0.0022989685807627298, "13105_13118": 0.0012466496291217352, "13105_13119": 0.0009569869211787439, "13105_13120": 0.00041799428741140537, "13105_13121": 0.0007516563940292816, "13105_13122": 0.00025666315893682786, "13105_13123": 0.0001869974443682603, "13106_13101": 0.00561725656416029, "13106_13102": 0.0019213070754699685, "13106_13103": 0.0011769839145531677, "13106_13104": 0.0008909878231664167, "13106_13105": 0.00451360498073193, "13106_13107": 0.00607558363369034, "13106_13108": 0.0009386538383975419, "13106_13109": 0.000359328422511559, "13106_13110": 4.3999398674884775e-05, "13106_13111": 0.00030432917416795306, "13106_13112": 0.0001759975946995391, "13106_13113": 0.0004766601523112517, "13106_13114": 6.599909801232717e-05, "13106_13115": 0.00010266526357473114, "13106_13116": 0.0008286553417103299, "13106_13117": 0.001352981509252707, "13106_13118": 0.007318566646255835, "13106_13119": 0.00025299654238058745, "13106_13120": 0.00015033127880585633, "13106_13121": 0.0027902951992989427, "13106_13122": 0.001297982260909101, "13106_13123": 0.0005463258668798193, "13107_13101": 0.0018736410602388433, "13107_13102": 0.002551965123143317, "13107_13103": 0.0007516563940292816, "13107_13104": 0.00046566030264253057, "13107_13105": 0.0003923279715177226, "13107_13106": 0.005404592803898347, "13107_13108": 0.00985953191973043, "13107_13109": 0.0002163303768181835, "13107_13110": 4.766601523112517e-05, "13107_13111": 0.00020899714370570268, "13107_13112": 0.00012833157946841393, "13107_13113": 0.0003483285728428378, "13107_13114": 4.3999398674884775e-05, "13107_13115": 8.433218079352916e-05, "13107_13116": 0.00015399789536209673, "13107_13117": 0.0001796642112557795, "13107_13118": 0.0009936530867411478, "13107_13119": 8.433218079352916e-05, "13107_13120": 5.4999248343605974e-05, "13107_13121": 0.001583978352295852, "13107_13122": 0.0045979371615254595, "13107_13123": 0.003552951442996946, "13108_13101": 0.0030982909900231365, "13108_13102": 0.007883225595916856, "13108_13103": 0.0030322918920108093, "13108_13104": 0.0010559855681972347, "13108_13105": 0.0005096597013174154, "13108_13106": 0.0010706520344221963, "13108_13107": 0.009448870865431506, "13108_13109": 0.0013199819602465433, "13108_13110": 0.00020899714370570268, "13108_13111": 0.0011586508317719658, "13108_13112": 0.00032999549006163583, "13108_13113": 0.0007149902284668777, "13108_13114": 0.0001906640609245007, "13108_13115": 9.899864701849075e-05, "13108_13116": 0.00045099383641756895, "13108_13117": 0.00016866436158705832, "13108_13118": 0.0002199969933744239, "13108_13119": 0.00016499774503081792, "13108_13120": 0.0001393314291371351, "13108_13121": 0.00046566030264253057, "13108_13122": 0.0009826532370724266, "13108_13123": 0.012602161103798248, "13109_13101": 0.0010083195529661095, "13109_13102": 0.0009129875225038592, "13109_13103": 0.008319552966109462, "13109_13104": 0.0008249887251540896, "13109_13105": 0.0001869974443682603, "13109_13106": 0.0003556618059553186, "13109_13107": 0.0002126637602619431, "13109_13108": 0.0011916503807781293, "13109_13110": 0.005309260773436096, "13109_13111": 0.013295151632927684, "13109_13112": 0.001169650681440687, "13109_13113": 0.0019873061734822957, "13109_13114": 0.0002126637602619431, "13109_13115": 0.00020899714370570268, "13109_13116": 0.000322662256949155, "13109_13117": 0.0001613311284745775, "13109_13118": 8.433218079352916e-05, "13109_13119": 0.0001906640609245007, "13109_13120": 6.966571456856756e-05, "13109_13121": 0.00013566481258089474, "13109_13122": 9.533203046225035e-05, "13109_13123": 0.0002163303768181835, "13110_13101": 0.000359328422511559, "13110_13102": 0.00033366210661787623, "13110_13103": 0.0016793103827581024, "13110_13104": 0.0005646589496610213, "13110_13105": 6.966571456856756e-05, "13110_13106": 6.233248145608676e-05, "13110_13107": 5.133263178736557e-05, "13110_13108": 0.0001796642112557795, "13110_13109": 0.005085597163505432, "13110_13111": 0.0027279627178428563, "13110_13112": 0.011113514781964647, "13110_13113": 0.006412912356864456, "13110_13114": 0.0001759975946995391,