{"13101_13102": 0.030669244816843914, "13101_13103": 0.02811653691108209, "13101_13104": 0.024775118589254314, "13101_13105": 0.017224417796020828, "13101_13106": 0.016079515579150907, "13101_13107": 0.004189494038027715, "13101_13108": 0.006730894267573543, "13101_13109": 0.002459419576979833, "13101_13110": 0.0009668063164679343, "13101_13111": 0.0021965161049578505, "13101_13112": 0.003225514640613781, "13101_13113": 0.005345703931113636, "13101_13114": 0.001732901380101882, "13101_13115": 0.0022134776192818495, "13101_13116": 0.0031435339880477864, "13101_13117": 0.0028919381922418034, "13101_13118": 0.0020806124237438585, "13101_13119": 0.0019081703614498703, "13101_13120": 0.0014389017984859022, "13101_13121": 0.0032877068598017763, "13101_13122": 0.001749862894425881, "13101_13123": 0.0029343419780518006, "13102_13101": 0.03455625851609365, "13102_13103": 0.018725511813694726, "13102_13104": 0.002614900124949822, "13102_13105": 0.0012438443837599154, "13102_13106": 0.005337223173951637, "13102_13107": 0.007268008887833506, "13102_13108": 0.021085989223784567, "13102_13109": 0.0018177089517218763, "13102_13110": 0.0006304029490419572, "13102_13111": 0.0015265362891598961, "13102_13112": 0.0010092101022779313, "13102_13113": 0.0019731894996918658, "13102_13114": 0.0005031915916119657, "13102_13115": 0.0005201531059359646, "13102_13116": 0.0008509026352539422, "13102_13117": 0.0005823453251239604, "13102_13118": 0.0007039028444459521, "13102_13119": 0.00042403785809997117, "13102_13120": 0.00038163407228997403, "13102_13121": 0.0018261897088838758, "13102_13122": 0.0011081522691679245, "13102_13123": 0.0022558814050918467, "13103_13101": 0.025976559187204235, "13103_13102": 0.01822797406019076, "13103_13104": 0.010111889456157312, "13103_13105": 0.001749862894425881, "13103_13106": 0.0025103041199518294, "13103_13107": 0.0017159398657778833, "13103_13108": 0.005241107926115643, "13103_13109": 0.024054254230484365, "13103_13110": 0.004158397928433717, "13103_13111": 0.006665875129331547, "13103_13112": 0.003465802760203764, "13103_13113": 0.023163774728474425, "13103_13114": 0.0007604412255259483, "13103_13115": 0.0009583255593059348, "13103_13116": 0.0012890750886239124, "13103_13117": 0.0014106326079459041, "13103_13118": 0.0009696332355219341, "13103_13119": 0.0007236912778239507, "13103_13120": 0.0005229800249899645, "13103_13121": 0.0013456134697039084, "13103_13122": 0.0008735179876859406, "13103_13123": 0.0012466713028139152, "13104_13101": 0.01866897343261473, "13104_13102": 0.003205726207235782, "13104_13103": 0.008489237919161422, "13104_13105": 0.01073946548614527, "13104_13106": 0.0016707091609138864, "13104_13107": 0.0009639793974139345, "13104_13108": 0.0021654199953638526, "13104_13109": 0.0016452668894278882, "13104_13110": 0.001105325350113925, "13104_13111": 0.000749133549309949, "13104_13112": 0.0036721678511457503, "13104_13113": 0.024424580626558338, "13104_13114": 0.01940962622476268, "13104_13115": 0.005373973121653635, "13104_13116": 0.015689400749698934, "13104_13117": 0.0018940357661798711, "13104_13118": 0.0006643259776899548, "13104_13119": 0.002250227566983847, "13104_13120": 0.005003646725579659, "13104_13121": 0.0009130948544419379, "13104_13122": 0.00045230704863996927, "13104_13123": 0.0008254603637679439, "13105_13101": 0.013340231015825092, "13105_13102": 0.0015067478557818975, "13105_13103": 0.001792266680235878, "13105_13104": 0.008000180922819455, "13105_13106": 0.008995256429827389, "13105_13107": 0.0006699798157979545, "13105_13108": 0.0009159217734959378, "13105_13109": 0.00027703806729198114, "13105_13110": 0.00011873060026799193, "13105_13111": 0.00012155751932199173, "13105_13112": 0.0002572496339139825, "13105_13113": 0.0006728067348519542, "13105_13114": 0.00033357644837197733, "13105_13115": 0.00018374973850998752, "13105_13116": 0.015265362891598962, "13105_13117": 0.004644628005721684, "13105_13118": 0.0023152467052258425, "13105_13119": 0.0020184202045558626, "13105_13120": 0.0009385371259279362, "13105_13121": 0.0014586902318639008, "13105_13122": 0.0003872879103979737, "13105_13123": 0.0003590187198579756, "13106_13101": 0.011596021959507211, "13106_13102": 0.004718127901125679, "13106_13103": 0.002544227148599827, "13106_13104": 0.0014275941222699029, "13106_13105": 0.007776854317553471, "13106_13107": 0.010991061281951252, "13106_13108": 0.001676362999021886, "13106_13109": 0.000675633653905954, "13106_13110": 9.046140972799384e-05, "13106_13111": 0.0005455953774219629, "13106_13112": 0.00020919200999598578, "13106_13113": 0.000661499058635955, "13106_13114": 0.00017809590040198788, "13106_13115": 0.00015548054796998942, "13106_13116": 0.001161863731193921, "13106_13117": 0.002544227148599827, "13106_13118": 0.013478750049471083, "13106_13119": 0.00045513396769396904, "13106_13120": 0.00023746120053598385, "13106_13121": 0.0044156475623477, "13106_13122": 0.002117362371445856, "13106_13123": 0.0008509026352539422, "13107_13101": 0.0038700521849257367, "13107_13102": 0.005201531059359646, "13107_13103": 0.0018629396565858732, "13107_13104": 0.0009611524783599346, "13107_13105": 0.0007152105206619514, "13107_13106": 0.008752141391183405, "13107_13108": 0.014957228714712983, "13107_13109": 0.0005455953774219629, "13107_13110": 8.763449067399404e-05, "13107_13111": 0.0003477110436419764, "13107_13112": 0.0002544227148599827, "13107_13113": 0.000500364672557966, "13107_13114": 0.00012721135742999135, "13107_13115": 0.0001498267098619898, "13107_13116": 0.0002996534197239796, "13107_13117": 0.00030813417688597906, "13107_13118": 0.0015039209367278977, "13107_13119": 0.00012721135742999135, "13107_13120": 4.523070486399692e-05, "13107_13121": 0.0024622464960338325, "13107_13122": 0.008918929615369393, "13107_13123": 0.0058404147655636025, "13108_13101": 0.00676481729622154, "13108_13102": 0.01674101463778686, "13108_13103": 0.005427684583679631, "13108_13104": 0.0021258431286078554, "13108_13105": 0.0009046140972799385, "13108_13106": 0.0017526898134798809, "13108_13107": 0.014612344590125007, "13108_13109": 0.0024933426056278304, "13108_13110": 0.00025159579580598287, "13108_13111": 0.0020071125283398633, "13108_13112": 0.0006162683537719581, "13108_13113": 0.0012692866552459136, "13108_13114": 0.0003590187198579756, "13108_13115": 0.00031096109593997884, "13108_13116": 0.0006501913824199558, "13108_13117": 0.0003279226102639777, "13108_13118": 0.00045230704863996927, "13108_13119": 0.00030813417688597906, "13108_13120": 0.00020353817188798615, "13108_13121": 0.0010092101022779313, "13108_13122": 0.0015124016938898972, "13108_13123": 0.021360200372022548, "13109_13101": 0.0026064193677878228, "13109_13102": 0.0021286700476618554, "13109_13103": 0.020269009617178622, "13109_13104": 0.001721593703885883, "13109_13105": 0.00026855731012998175, "13109_13106": 0.0006332298680959569, "13109_13107": 0.0004918839153959665, "13109_13108": 0.0023463428148198405, "13109_13110": 0.008715391443481407, "13109_13111": 0.025512944462348267, "13109_13112": 0.0019647087425298665, "13109_13113": 0.004084898033029722, "13109_13114": 0.00036749947701997503, "13109_13115": 0.00041838401999197156, "13109_13116": 0.0007434797112019495, "13109_13117": 0.00046644164390996826, "13109_13118": 0.0002233266052659848, "13109_13119": 0.0003646725579659752, "13109_13120": 0.0002176727671579852, "13109_13121": 0.0002911726625619802, "13109_13122": 0.000220499686211985, "13109_13123": 0.00044948012958596944, "13110_13101": 0.0009979024260619322, "13110_13102": 0.0006954220872839528, "13110_13103": 0.0036580332558757513, "13110_13104": 0.0010629215643039277, "13110_13105": 0.00013286519553799096, "13110_13106": 8.480757161999423e-05, "13110_13107": 7.3499895403995e-05, "13110_13108": 0.00026855731012998175, "13110_13109": 0.007689219826879477, "13110_13111": 0.004223417066675713, "13110_13112": 0.01929654946260269, "13110_13113": 0.011208734049109237, "13110_13114": 0.00026290347202198214, "13110_13115": 0.00047774932012596753,