{"13101_13102": 0.012560833952722261, "13101_13103": 0.009669937289205451, "13101_13104": 0.009912712848803117, "13101_13105": 0.007570862450837949, "13101_13106": 0.007877133156791926, "13101_13107": 0.002297030294654829, "13101_13108": 0.00334656771383858, "13101_13109": 0.001053272427792946, "13101_13110": 0.0003548258178735102, "13101_13111": 0.0008889320489883729, "13101_13112": 0.0011839977291147655, "13101_13113": 0.0023418503979651673, "13101_13114": 0.0006835065754826565, "13101_13115": 0.0008217018940228657, "13101_13116": 0.0014603883661951842, "13101_13117": 0.0012138777979883244, "13101_13118": 0.0010009823072642183, "13101_13119": 0.0008179668854136709, "13101_13120": 0.000646156489390708, "13101_13121": 0.0014566533575859893, "13101_13122": 0.0008179668854136709, "13101_13123": 0.0016097887105629778, "13102_13101": 0.013655191475216351, "13102_13103": 0.007948098320366628, "13102_13104": 0.0012250828238159089, "13102_13105": 0.0006685665410458771, "13102_13106": 0.0025547458886892734, "13102_13107": 0.0032718675416546837, "13102_13108": 0.010652244553423696, "13102_13109": 0.0009374871609079059, "13102_13110": 0.00028386065429880815, "13102_13111": 0.0006050713946895648, "13102_13112": 0.0004930211364137195, "13102_13113": 0.0009038720834251523, "13102_13114": 0.0002278355251608855, "13102_13115": 0.00019795545628732675, "13102_13116": 0.00037723586952867927, "13102_13117": 0.00023904055098847003, "13102_13118": 0.0003660308437010947, "13102_13119": 0.00022410051655169066, "13102_13120": 0.0001606053701953783, "13102_13121": 0.0008665219973332038, "13102_13122": 0.00046314106754016067, "13102_13123": 0.0012288178324251038, "13103_13101": 0.009744637461389349, "13103_13102": 0.007705322760768963, "13103_13104": 0.004642615701229191, "13103_13105": 0.0008777270231607884, "13103_13106": 0.0011877327377239604, "13103_13107": 0.0008254369026320606, "13103_13108": 0.0032270474383443454, "13103_13109": 0.01067091959646967, "13103_13110": 0.001964614528436488, "13103_13111": 0.0032345174555627352, "13103_13112": 0.001867504304597422, "13103_13113": 0.010768029820308736, "13103_13114": 0.0003697658523102896, "13103_13115": 0.0004295259900574071, "13103_13116": 0.0006200114291263441, "13103_13117": 0.0005602512913792266, "13103_13118": 0.00041085094701143285, "13103_13119": 0.0003921759039654586, "13103_13120": 0.000287595662908003, "13103_13121": 0.000646156489390708, "13103_13122": 0.0003436207920459257, "13103_13123": 0.0006274814463447338, "13104_13101": 0.00814978878526315, "13104_13102": 0.0013819531854020923, "13104_13103": 0.004074894392631575, "13104_13105": 0.005617452948229046, "13104_13106": 0.0008889320489883729, "13104_13107": 0.0005901313602527854, "13104_13108": 0.0011541176602412068, "13104_13109": 0.0007470017218389689, "13104_13110": 0.0006797715668734616, "13104_13111": 0.00034735580065512053, "13104_13112": 0.002345585406574362, "13104_13113": 0.013602901354687622, "13104_13114": 0.012433843660009635, "13104_13115": 0.0031598172833788383, "13104_13116": 0.009841747685228414, "13104_13117": 0.0010495374191837512, "13104_13118": 0.0003622958350918999, "13104_13119": 0.0013744831681837028, "13104_13120": 0.002640651086700755, "13104_13121": 0.0005490462655516421, "13104_13122": 0.0002763906370804185, "13104_13123": 0.0004706110847585504, "13105_13101": 0.00611420909325196, "13105_13102": 0.0006723015496550719, "13105_13103": 0.0008590519801148142, "13105_13104": 0.004792016045596985, "13105_13106": 0.005460582586642862, "13105_13107": 0.0005191661966780834, "13105_13108": 0.000646156489390708, "13105_13109": 0.00016434037880457315, "13105_13110": 7.843518079309172e-05, "13105_13111": 8.964020662067626e-05, "13105_13112": 0.00017554540463215768, "13105_13113": 0.00035856082648270504, "13105_13114": 0.0002278355251608855, "13105_13115": 0.00016434037880457315, "13105_13116": 0.008728715119688351, "13105_13117": 0.0028647516032524454, "13105_13118": 0.0017554540463215768, "13105_13119": 0.0010980925311032841, "13105_13120": 0.000455671050321771, "13105_13121": 0.0008515819628964245, "13105_13122": 0.00020916048211491126, "13105_13123": 0.0002689206198620288, "13106_13101": 0.0061963792826542465, "13106_13102": 0.002229800139689322, "13106_13103": 0.0013221930476549747, "13106_13104": 0.0008702570059423987, "13106_13105": 0.005214072018436003, "13106_13107": 0.007395317046205791, "13106_13108": 0.001150382651632012, "13106_13109": 0.00034735580065512053, "13106_13110": 6.349514635631235e-05, "13106_13111": 0.0002913306715171978, "13106_13112": 9.711022383906595e-05, "13106_13113": 0.0004668760761493555, "13106_13114": 0.0001456653357585989, "13106_13115": 0.00012325528410342987, "13106_13116": 0.0008553169715056193, "13106_13117": 0.0014305082973216253, "13106_13118": 0.008067618595860863, "13106_13119": 0.00022410051655169066, "13106_13120": 0.0001269902927126247, "13106_13121": 0.002902101689344394, "13106_13122": 0.0012848429615630265, "13106_13123": 0.0005453112569424473, "13107_13101": 0.0020131696403560212, "13107_13102": 0.002502455768160546, "13107_13103": 0.0008515819628964245, "13107_13104": 0.0005154311880688885, "13107_13105": 0.0005378412397240576, "13107_13106": 0.00624493439457378, "13107_13108": 0.010853935018320217, "13107_13109": 0.0002539805854252494, "13107_13110": 6.349514635631235e-05, "13107_13111": 0.00017554540463215768, "13107_13112": 0.00017554540463215768, "13107_13113": 0.0003436207920459257, "13107_13114": 7.096516357470204e-05, "13107_13115": 9.337521522987111e-05, "13107_13116": 0.0001606053701953783, "13107_13117": 0.0002353055423792752, "13107_13118": 0.001296047987390611, "13107_13119": 0.00010458024105745563, "13107_13120": 5.6025129137922665e-05, "13107_13121": 0.0017591890549307717, "13107_13122": 0.005434437526378498, "13107_13123": 0.004422250193286696, "13108_13101": 0.003283072567482268, "13108_13102": 0.009427161729607787, "13108_13103": 0.003335362688010996, "13108_13104": 0.0011877327377239604, "13108_13105": 0.0005826613430343956, "13108_13106": 0.0012026727721607398, "13108_13107": 0.01077176482891793, "13108_13109": 0.0014603883661951842, "13108_13110": 0.00023157053377008033, "13108_13111": 0.0014080982456664564, "13108_13112": 0.0004033809297930432, "13108_13113": 0.0007619417562757482, "13108_13114": 0.0002763906370804185, "13108_13115": 0.0001942204476781319, "13108_13116": 0.0003622958350918999, "13108_13117": 0.00020542547350571643, "13108_13118": 0.0002763906370804185, "13108_13119": 0.0002016904648965216, "13108_13120": 0.00019048543906893705, "13108_13121": 0.0007059166271378255, "13108_13122": 0.001105562548321674, "13108_13123": 0.014368578119572565, "13109_13101": 0.0009524271953446852, "13109_13102": 0.0008964020662067626, "13109_13103": 0.009625117185895114, "13109_13104": 0.0008254369026320606, "13109_13105": 0.0001606053701953783, "13109_13106": 0.00033241576621834113, "13109_13107": 0.00019795545628732675, "13109_13108": 0.001482798417850353, "13109_13110": 0.00575938327537845, "13109_13111": 0.015294860254652888, "13109_13112": 0.001367013150965313, "13109_13113": 0.0021476299502870356, "13109_13114": 0.00022410051655169066, "13109_13115": 0.00020542547350571643, "13109_13116": 0.0004033809297930432, "13109_13117": 0.00016434037880457315, "13109_13118": 0.00011578526688504017, "13109_13119": 0.00021663049933330096, "13109_13120": 0.00010831524966665048, "13109_13121": 0.00018675043045974222, "13109_13122": 8.964020662067626e-05, "13109_13123": 0.0002801256456896133, "13110_13101": 0.00034735580065512053, "13110_13102": 0.00033241576621834113, "13110_13103": 0.0018152141840686942, "13110_13104": 0.0005863963516435905, "13110_13105": 8.217018940228657e-05, "13110_13106": 4.855511191953297e-05, "13110_13107": 5.2290120528727816e-05, "13110_13108": 0.0001942204476781319, "13110_13109": 0.005535282758826759, "13110_13111": 0.003017886956229434, "13110_13112": 0.013289160631515256, "13110_13113": 0.007066636288596645, "13110_13114": 0.00017554540463215768,