{"13101_13102": 0.008079246587881131, "13101_13103": 0.006374712690437931, "13101_13104": 0.006321827390517259, "13101_13105": 0.004893924292659114, "13101_13106": 0.00554482029168277, "13101_13107": 0.0015662184976506723, "13101_13108": 0.0023472936964790596, "13101_13109": 0.0008054837987917743, "13101_13110": 0.0003579927994630108, "13101_13111": 0.0008014156987978764, "13101_13112": 0.0008380285987429571, "13101_13113": 0.0016760571974859142, "13101_13114": 0.0004800357992799463, "13101_13115": 0.000679372698980941, "13101_13116": 0.0009966844985049733, "13101_13117": 0.0008583690987124463, "13101_13118": 0.0007281898989077152, "13101_13119": 0.0005491934991762097, "13101_13120": 0.0003824013994263979, "13101_13121": 0.001139067998291398, "13101_13122": 0.0005776701991334947, "13101_13123": 0.0011594084982608872, "13102_13101": 0.008469784187295324, "13102_13103": 0.00503223969245164, "13102_13104": 0.0008909138986636292, "13102_13105": 0.0004637633993043549, "13102_13106": 0.001651648597522527, "13102_13107": 0.002221182596668226, "13102_13108": 0.007399873888900189, "13102_13109": 0.0007159855989260216, "13102_13110": 0.00021560929967658605, "13102_13111": 0.0006142830990785754, "13102_13112": 0.00035392469946911293, "13102_13113": 0.0007241217989138173, "13102_13114": 0.00010170249984744625, "13102_13115": 0.00014238349978642475, "13102_13116": 0.00026442649960336026, "13102_13117": 0.00019933689970099466, "13102_13118": 0.00019120069971319896, "13102_13119": 0.00012611109981083336, "13102_13120": 0.00011797489982303765, "13102_13121": 0.0006142830990785754, "13102_13122": 0.0003783332994325001, "13102_13123": 0.0008176880987734678, "13103_13101": 0.0062445334906332, "13103_13102": 0.004771881292842178, "13103_13104": 0.0031120964953318554, "13103_13105": 0.0005776701991334947, "13103_13106": 0.0008909138986636292, "13103_13107": 0.0005939425991090861, "13103_13108": 0.0019933689970099465, "13103_13109": 0.00749344018875984, "13103_13110": 0.001460447897809328, "13103_13111": 0.0025303581962044627, "13103_13112": 0.0012570428981144356, "13103_13113": 0.007261558489107662, "13103_13114": 0.0003091755995362366, "13103_13115": 0.00031324369953013444, "13103_13116": 0.0003783332994325001, "13103_13117": 0.0003417203994874194, "13103_13118": 0.000325447999511828, "13103_13119": 0.0002522221996216667, "13103_13120": 0.0001708601997437097, "13103_13121": 0.0004718995992921506, "13103_13122": 0.00031324369953013444, "13103_13123": 0.0004922400992616398, "13104_13101": 0.005365823891951264, "13104_13102": 0.0008990500986514249, "13104_13103": 0.002733763195899355, "13104_13105": 0.0035189064947216404, "13104_13106": 0.0007566665988650001, "13104_13107": 0.0004800357992799463, "13104_13108": 0.0009071862986392206, "13104_13109": 0.0006997131989504302, "13104_13110": 0.0004637633993043549, "13104_13111": 0.0003701970994447044, "13104_13112": 0.001842849297235726, "13104_13113": 0.009564103085653846, "13104_13114": 0.008933547586599679, "13104_13115": 0.0025384943961922583, "13104_13116": 0.00683033988975449, "13104_13117": 0.0007403941988894088, "13104_13118": 0.00020747309968879036, "13104_13119": 0.000976343998535484, "13104_13120": 0.0019974370970038445, "13104_13121": 0.0003579927994630108, "13104_13122": 0.0002034049996948925, "13104_13123": 0.00045155909932266135, "13105_13101": 0.0040396232939405655, "13105_13102": 0.0005532615991701076, "13105_13103": 0.0005329210992006183, "13105_13104": 0.0033887272949169093, "13105_13106": 0.003824013994263979, "13105_13107": 0.0003417203994874194, "13105_13108": 0.0005085124992372312, "13105_13109": 8.543009987185485e-05, "13105_13110": 3.661289994508065e-05, "13105_13111": 9.356629985965056e-05, "13105_13112": 0.00011797489982303765, "13105_13113": 0.0002603583996094624, "13105_13114": 0.0001789963997315054, "13105_13115": 0.0001139067998291398, "13105_13116": 0.005601773691597339, "13105_13117": 0.001871325997193011, "13105_13118": 0.001029229298456156, "13105_13119": 0.0008054837987917743, "13105_13120": 0.0003701970994447044, "13105_13121": 0.0005736020991395968, "13105_13122": 0.0001871325997193011, "13105_13123": 0.0002278135996582796, "13106_13101": 0.004771881292842178, "13106_13102": 0.0017818277973272584, "13106_13103": 0.0008746414986880377, "13106_13104": 0.0007525984988711022, "13106_13105": 0.0039094440941358334, "13106_13107": 0.0051095335923357, "13106_13108": 0.0009437991985843012, "13106_13109": 0.0003335841994996237, "13106_13110": 4.88171999267742e-05, "13106_13111": 0.0003091755995362366, "13106_13112": 0.00010983869983524195, "13106_13113": 0.00038646949942029577, "13106_13114": 8.94981998657527e-05, "13106_13115": 6.50895999023656e-05, "13106_13116": 0.0006224192990663711, "13106_13117": 0.0010088887984866669, "13106_13118": 0.005988243191017636, "13106_13119": 0.0001708601997437097, "13106_13120": 9.356629985965056e-05, "13106_13121": 0.002095071496857393, "13106_13122": 0.0010658421984012366, "13106_13123": 0.0005003762992494355, "13107_13101": 0.0014156987978764517, "13107_13102": 0.0017940320973089518, "13107_13103": 0.0006264873990602689, "13107_13104": 0.00040274189939588716, "13107_13105": 0.000325447999511828, "13107_13106": 0.00456034009315949, "13107_13108": 0.008058906087911641, "13107_13109": 0.00019933689970099466, "13107_13110": 3.25447999511828e-05, "13107_13111": 0.00021560929967658605, "13107_13112": 0.0001220429998169355, "13107_13113": 0.00026442649960336026, "13107_13114": 6.102149990846775e-05, "13107_13115": 0.0001139067998291398, "13107_13116": 0.0001871325997193011, "13107_13117": 0.00016679209974981184, "13107_13118": 0.0011146593983280108, "13107_13119": 8.1361999877957e-05, "13107_13120": 3.25447999511828e-05, "13107_13121": 0.001277383398083925, "13107_13122": 0.0036775623944836563, "13107_13123": 0.002920895795618656, "13108_13101": 0.0023025445965461832, "13108_13102": 0.0070012000894982, "13108_13103": 0.0019648922970526617, "13108_13104": 0.0008827776986758335, "13108_13105": 0.00045969529931045704, "13108_13106": 0.001029229298456156, "13108_13107": 0.007818888188271667, "13108_13109": 0.0009804120985293819, "13108_13110": 0.00014238349978642475, "13108_13111": 0.0010373654984439519, "13108_13112": 0.0003091755995362366, "13108_13113": 0.0005736020991395968, "13108_13114": 0.00010170249984744625, "13108_13115": 0.00011797489982303765, "13108_13116": 0.0002766307995850538, "13108_13117": 0.00015865589976201615, "13108_13118": 0.0002115411996826882, "13108_13119": 0.0002115411996826882, "13108_13120": 0.00013424729979862905, "13108_13121": 0.00044342289933486565, "13108_13122": 0.0008258242987612635, "13108_13123": 0.010186522384720216, "13109_13101": 0.0007444622988833065, "13109_13102": 0.0006549640990175539, "13109_13103": 0.0068669527896995704, "13109_13104": 0.0006142830990785754, "13109_13105": 0.0001220429998169355, "13109_13106": 0.0003335841994996237, "13109_13107": 0.00018306449972540324, "13109_13108": 0.0009804120985293819, "13109_13110": 0.004291845493562232, "13109_13111": 0.011484246282773631, "13109_13112": 0.0009560034985659948, "13109_13113": 0.0015580822976628765, "13109_13114": 0.0001545877997681183, "13109_13115": 0.00020747309968879036, "13109_13116": 0.0002847669995728495, "13109_13117": 0.0001545877997681183, "13109_13118": 8.1361999877957e-05, "13109_13119": 0.0001383153997925269, "13109_13120": 8.1361999877957e-05, "13109_13121": 0.0001545877997681183, "13109_13122": 0.0001057705998413441, "13109_13123": 0.00015865589976201615, "13110_13101": 0.00024815409962776887, "13110_13102": 0.00022374549966438175, "13110_13103": 0.001440107397839839, "13110_13104": 0.0005044443992433334, "13110_13105": 6.102149990846775e-05, "13110_13106": 5.288529992067205e-05, "13110_13107": 2.44085999633871e-05, "13110_13108": 0.00012611109981083336, "13110_13109": 0.0039135121941297315, "13110_13111": 0.002444928096332608, "13110_13112": 0.009722758985415862, "13110_13113": 0.005044443992433334, "13110_13114": 0.0001708601997437097,