{"13101_13102": 0.026819859187961575, "13101_13103": 0.022014444960297898, "13101_13104": 0.01668014799144215, "13101_13105": 0.01480632361880238, "13101_13106": 0.014858972579464034, "13101_13107": 0.003694999784617888, "13101_13108": 0.004841311246296625, "13101_13109": 0.0010769105589883742, "13101_13110": 0.00044990930019958743, "13101_13111": 0.0007275129109610349, "13101_13112": 0.001086483097290493, "13101_13113": 0.0037691869564593096, "13101_13114": 0.0007681961987450402, "13101_13115": 0.0007155472380833864, "13101_13116": 0.0012683613250307518, "13101_13117": 0.001634510915086799, "13101_13118": 0.0018522861614600037, "13101_13119": 0.0005839248364292518, "13101_13120": 0.0004570887039261766, "13101_13121": 0.0022375808281202884, "13101_13122": 0.0005432415486452465, "13101_13123": 0.0012516093830020438, "13102_13101": 0.030194178939458482, "13102_13103": 0.014772819734744964, "13102_13104": 0.0009692195030895367, "13102_13105": 0.0006628982774217325, "13102_13106": 0.004494306732844815, "13102_13107": 0.005532927138624713, "13102_13108": 0.015536229664338944, "13102_13109": 0.0008567421780396399, "13102_13110": 0.00033743197514969056, "13102_13111": 0.0005384552794941871, "13102_13112": 0.0003158937639699231, "13102_13113": 0.0013545141697498216, "13102_13114": 0.00025127913043062065, "13102_13115": 0.00028717614906356644, "13102_13116": 0.00019145076604237763, "13102_13117": 0.0001531606128339021, "13102_13118": 0.0006533257391196137, "13102_13119": 0.00012444299792754545, "13102_13120": 0.0001770919585891993, "13102_13121": 0.0006796502194504405, "13102_13122": 0.0005408484140697168, "13102_13123": 0.001155883999980855, "13103_13101": 0.02054266719634712, "13103_13102": 0.013887359941798967, "13103_13104": 0.0051548118756910176, "13103_13105": 0.0010481929440820175, "13103_13106": 0.0010912693664415524, "13103_13107": 0.0012707544596062814, "13103_13108": 0.0031804758508789982, "13103_13109": 0.017517745092877554, "13103_13110": 0.001823568546553647, "13103_13111": 0.0037835457639124877, "13103_13112": 0.0014837434368284266, "13103_13113": 0.01833380398313319, "13103_13114": 0.0002464928612795612, "13103_13115": 0.0003230731676965122, "13103_13116": 0.0004307642235953497, "13103_13117": 0.0006174287204866679, "13103_13118": 0.00024409972670403149, "13103_13119": 0.0002943555527901556, "13103_13120": 0.00031350062939439335, "13103_13121": 0.0005432415486452465, "13103_13122": 0.00028717614906356644, "13103_13123": 0.0006557188736951434, "13104_13101": 0.013346511527729251, "13104_13102": 0.0010075096562980122, "13104_13103": 0.004221489391234427, "13104_13105": 0.008179733979160584, "13104_13106": 0.0006365737970909056, "13104_13107": 0.00039008093581134444, "13104_13108": 0.0006533257391196137, "13104_13109": 0.0006198218550621976, "13104_13110": 0.00046426810765276576, "13104_13111": 0.0002967486873656853, "13104_13112": 0.0017780989896185823, "13104_13113": 0.02318708090230746, "13104_13114": 0.01403573428548181, "13104_13115": 0.002677917590017757, "13104_13116": 0.011367389233766172, "13104_13117": 0.0010218684637511907, "13104_13118": 0.0002129889772221451, "13104_13119": 0.0012851132670594599, "13104_13120": 0.0017039118177771609, "13104_13121": 0.00023931345755297202, "13104_13122": 0.00015794688198496155, "13104_13123": 0.00033982510972522026, "13105_13101": 0.010979701432530357, "13105_13102": 0.0007011884306302081, "13105_13103": 0.0008567421780396399, "13105_13104": 0.006109672571327376, "13105_13106": 0.006966414749367016, "13105_13107": 0.0002943555527901556, "13105_13108": 0.00030871436024333394, "13105_13109": 0.00013162240165413462, "13105_13110": 6.222149896377272e-05, "13105_13111": 0.0001531606128339021, "13105_13112": 9.811851759671854e-05, "13105_13113": 0.0003541839171783986, "13105_13114": 0.00020820270807108567, "13105_13115": 0.00020820270807108567, "13105_13116": 0.009787920413916556, "13105_13117": 0.0038146565133943744, "13105_13118": 0.0017828852587696417, "13105_13119": 0.0009644332339384773, "13105_13120": 0.0003230731676965122, "13105_13121": 0.0010793036935639038, "13105_13122": 0.00018187822774025874, "13105_13123": 0.00011487045962542658, "13106_13101": 0.010400562865252165, "13106_13102": 0.003295346310504425, "13106_13103": 0.0011319526542255577, "13106_13104": 0.0005480278177963059, "13106_13105": 0.0054036978715461086, "13106_13107": 0.008521952223461334, "13106_13108": 0.0010290478674777797, "13106_13109": 0.0001507674782583724, "13106_13110": 4.068328778400525e-05, "13106_13111": 0.00011247732504989686, "13106_13112": 5.9828364388243006e-05, "13106_13113": 0.0007634099295939808, "13106_13114": 0.0001172635942009563, "13106_13115": 4.786269151059441e-05, "13106_13116": 0.0006150355859111382, "13106_13117": 0.002531936380910444, "13106_13118": 0.0120542188569432, "13106_13119": 0.00013640867080519405, "13106_13120": 7.658030641695105e-05, "13106_13121": 0.002924410451297318, "13106_13122": 0.00102665473290225, "13106_13123": 0.0003278594368475717, "13107_13101": 0.002493646227701969, "13107_13102": 0.0035394460372084563, "13107_13103": 0.0010745174244128444, "13107_13104": 0.00037093585920710664, "13107_13105": 0.00026324480330826923, "13107_13106": 0.006363344836333527, "13107_13108": 0.012784124902479765, "13107_13109": 0.0002728173416103881, "13107_13110": 2.6324480330826922e-05, "13107_13111": 8.615284471906993e-05, "13107_13112": 0.00010769105589883742, "13107_13113": 0.00022495465009979371, "13107_13114": 3.829015320847552e-05, "13107_13115": 4.786269151059441e-05, "13107_13116": 4.786269151059441e-05, "13107_13117": 7.179403726589161e-05, "13107_13118": 0.0008112726211045751, "13107_13119": 3.350388405741609e-05, "13107_13120": 1.6751942028708043e-05, "13107_13121": 0.0015435718012166697, "13107_13122": 0.005367800852913163, "13107_13123": 0.003989355337408044, "13108_13101": 0.00504712081979218, "13108_13102": 0.011970459146799662, "13108_13103": 0.0031685101780013496, "13108_13104": 0.0007227266418099755, "13108_13105": 0.0003158937639699231, "13108_13106": 0.0010218684637511907, "13108_13107": 0.011640206575376559, "13108_13109": 0.0012898995362105193, "13108_13110": 0.00014598120910731295, "13108_13111": 0.0009428950227587099, "13108_13112": 0.00025127913043062065, "13108_13113": 0.0004929857225591224, "13108_13114": 0.0001172635942009563, "13108_13115": 8.615284471906993e-05, "13108_13116": 0.00016034001656049126, "13108_13117": 0.00012204986335201574, "13108_13118": 0.00021538211179767484, "13108_13119": 0.00010529792132330769, "13108_13120": 0.00016034001656049126, "13108_13121": 0.0006581120082706731, "13108_13122": 0.0008160588902556347, "13108_13123": 0.013454202583628087, "13109_13101": 0.001215712364369098, "13109_13102": 0.000813665755680105, "13109_13103": 0.015414179800986928, "13109_13104": 0.0005480278177963059, "13109_13105": 0.0001411949399562535, "13109_13106": 0.00017230568943813986, "13109_13107": 0.00028717614906356644, "13109_13108": 0.0011439183271032063, "13109_13110": 0.00693530399988513, "13109_13111": 0.01659160201214755, "13109_13112": 0.0008328108322843427, "13109_13113": 0.002718600877801762, "13109_13114": 9.33322484456591e-05, "13109_13115": 0.00014837434368284266, "13109_13116": 0.00028478301448803673, "13109_13117": 9.811851759671854e-05, "13109_13118": 3.829015320847552e-05, "13109_13119": 0.0001507674782583724, "13109_13120": 9.33322484456591e-05, "13109_13121": 0.00015794688198496155, "13109_13122": 8.854597929459965e-05, "13109_13123": 0.00022495465009979371, "13110_13101": 0.00047862691510594405, "13110_13102": 0.000325466302272042, "13110_13103": 0.0016751942028708042, "13110_13104": 0.00047384064595488464, "13110_13105": 5.2648960661653845e-05, "13110_13106": 3.111074948188636e-05, "13110_13107": 1.6751942028708043e-05, "13110_13108": 0.00013640867080519405, "13110_13109": 0.00582249642226381, "13110_13111": 0.002505611900579617, "13110_13112": 0.01258070846355974, "13110_13113": 0.00813905069137658, "13110_13114": 0.00014598120910731295,