{"13101_13102": 0.026552343622407316, "13101_13103": 0.02400130654907725, "13101_13104": 0.022159072350155153, "13101_13105": 0.016001959823615873, "13101_13106": 0.015100440960313571, "13101_13107": 0.0038314551690347867, "13101_13108": 0.006052588600359301, "13101_13109": 0.0021002776416789155, "13101_13110": 0.0008459905275191899, "13101_13111": 0.0016919810550383798, "13101_13112": 0.0026228972725788014, "13101_13113": 0.004308345582230933, "13101_13114": 0.0014372039849746855, "13101_13115": 0.0019140943981708312, "13101_13116": 0.0027633512983831457, "13101_13117": 0.00256083619140944, "13101_13118": 0.001832435080842724, "13101_13119": 0.0015449942838477871, "13101_13120": 0.0012902172137840928, "13101_13121": 0.002871141597256247, "13101_13122": 0.0015678588926996571, "13101_13123": 0.0023713865752082314, "13102_13101": 0.030468724481463334, "13102_13103": 0.016299199738690186, "13102_13104": 0.0022472644128695082, "13102_13105": 0.001110566715662257, "13102_13106": 0.004795035113506451, "13102_13107": 0.006970439327127226, "13102_13108": 0.019271598889433285, "13102_13109": 0.0017311775273558714, "13102_13110": 0.00045729217703739997, "13102_13111": 0.0012608198595459742, "13102_13112": 0.0008851869998366814, "13102_13113": 0.0016168544830965214, "13102_13114": 0.00044749305895802713, "13102_13115": 0.00043769394087865424, "13102_13116": 0.0007577984648048342, "13102_13117": 0.0006271435570798629, "13102_13118": 0.0006696064020904785, "13102_13119": 0.00041156295933365996, "13102_13120": 0.00041156295933365996, "13102_13121": 0.0015841907561652785, "13102_13122": 0.00116609505144537, "13102_13123": 0.002038216560509554, "13103_13101": 0.023194512493875552, "13103_13102": 0.015972562469377755, "13103_13104": 0.009469214437367304, "13103_13105": 0.0013653437857259513, "13103_13106": 0.002175404213620774, "13103_13107": 0.0014470031030540584, "13103_13108": 0.004380205781479666, "13103_13109": 0.021633186346562142, "13103_13110": 0.0034231585823942512, "13103_13111": 0.005768414176057488, "13103_13112": 0.003227176220806794, "13103_13113": 0.02038869835048179, "13103_13114": 0.0006369426751592356, "13103_13115": 0.0008035276825085742, "13103_13116": 0.0009668463171647885, "13103_13117": 0.001224889759921607, "13103_13118": 0.0007904621917360771, "13103_13119": 0.0006271435570798629, "13103_13120": 0.0005226196308998857, "13103_13121": 0.0011987587783766128, "13103_13122": 0.0008165931732810714, "13103_13123": 0.001041972889106647, "13104_13101": 0.01659970602645762, "13104_13102": 0.002688224726441287, "13104_13103": 0.007757635146170178, "13104_13105": 0.009933039359790952, "13104_13106": 0.0012967499591703413, "13104_13107": 0.000836191409439817, "13104_13108": 0.0017246447819696227, "13104_13109": 0.0015319287930752898, "13104_13110": 0.0010550383798791443, "13104_13111": 0.0006598072840111056, "13104_13112": 0.003419892209701127, "13104_13113": 0.02243018128368447, "13104_13114": 0.018448472970765965, "13104_13115": 0.004994283847787033, "13104_13116": 0.01439817083129185, "13104_13117": 0.001659317328107137, "13104_13118": 0.0005520169851380043, "13104_13119": 0.0020741466601339213, "13104_13120": 0.004210354401437204, "13104_13121": 0.0008133268005879471, "13104_13122": 0.0003691001143230443, "13104_13123": 0.0007741303282704557, "13105_13101": 0.011909194839131144, "13105_13102": 0.0013980075126571942, "13105_13103": 0.0015188633023027927, "13105_13104": 0.007391801404540258, "13105_13106": 0.008453372529805651, "13105_13107": 0.0006206108116936143, "13105_13108": 0.0008263922913604442, "13105_13109": 0.00031030540584680715, "13105_13110": 9.145843540748e-05, "13105_13111": 0.00016005226196309, "13105_13112": 0.0002580434427568186, "13105_13113": 0.0005356851216723828, "13105_13114": 0.0003691001143230443, "13105_13115": 0.00016005226196309, "13105_13116": 0.014463498285154336, "13105_13117": 0.004514127061897763, "13105_13118": 0.0023713865752082314, "13105_13119": 0.0018128368446839785, "13105_13120": 0.0008786542544504328, "13105_13121": 0.0013130818226359628, "13105_13122": 0.0004017638412542871, "13105_13123": 0.00034950187816429855, "13106_13101": 0.010658174097664544, "13106_13102": 0.0041025641025641026, "13106_13103": 0.002296260003266373, "13106_13104": 0.0012510207414666013, "13106_13105": 0.0070880287440796995, "13106_13107": 0.010240078392944635, "13106_13108": 0.0015286624203821656, "13106_13109": 0.0006467417932386085, "13106_13110": 8.819206271435571e-05, "13106_13111": 0.0005160868855136372, "13106_13112": 0.00015025314388371713, "13106_13113": 0.0006663400293973542, "13106_13114": 0.00016005226196309, "13106_13115": 9.799118079372857e-05, "13106_13116": 0.0010746366160378899, "13106_13117": 0.0025020414829332025, "13106_13118": 0.012702923403560346, "13106_13119": 0.00037563285970929283, "13106_13120": 0.00018291687081496, "13106_13121": 0.004122162338722848, "13106_13122": 0.001910828025477707, "13106_13123": 0.0007675975828842071, "13107_13101": 0.0033774293646905112, "13107_13102": 0.004716642168871468, "13107_13103": 0.0015384615384615385, "13107_13104": 0.000881920627143557, "13107_13105": 0.00070880287440797, "13107_13106": 0.008433774293646905, "13107_13108": 0.014029070716968807, "13107_13109": 0.00043442756818552996, "13107_13110": 6.532745386248571e-05, "13107_13111": 0.00030377266046055854, "13107_13112": 0.00016005226196309, "13107_13113": 0.0004932222766617671, "13107_13114": 0.00012412216233872284, "13107_13115": 9.145843540748e-05, "13107_13116": 0.00016331863465621427, "13107_13117": 0.0003364363873918014, "13107_13118": 0.0013914747672709455, "13107_13119": 0.00012412216233872284, "13107_13120": 6.206108116936142e-05, "13107_13121": 0.002230932549403887, "13107_13122": 0.008263922913604442, "13107_13123": 0.005415645925200065, "13108_13101": 0.005879470847623714, "13108_13102": 0.015463008329250367, "13108_13103": 0.0046774456965539765, "13108_13104": 0.001832435080842724, "13108_13105": 0.0008688551363710599, "13108_13106": 0.0016299199738690185, "13108_13107": 0.013196145680222114, "13108_13109": 0.00226359627633513, "13108_13110": 0.00021231422505307856, "13108_13111": 0.0018030377266046056, "13108_13112": 0.0005095541401273885, "13108_13113": 0.001110566715662257, "13108_13114": 0.00028417442430181286, "13108_13115": 0.00023844520659807285, "13108_13116": 0.0005520169851380043, "13108_13117": 0.0003331700146986771, "13108_13118": 0.0004670912951167728, "13108_13119": 0.00027764167891556425, "13108_13120": 0.00026130981544994286, "13108_13121": 0.0010713702433447657, "13108_13122": 0.001476400457292177, "13108_13123": 0.020146986771190593, "13109_13101": 0.0020741466601339213, "13109_13102": 0.0017769067450596112, "13109_13103": 0.01843214110730034, "13109_13104": 0.0015743916380859056, "13109_13105": 0.0002221133431324514, "13109_13106": 0.0006206108116936143, "13109_13107": 0.00048015678588927, "13109_13108": 0.00230932549403887, "13109_13110": 0.0077413032827045565, "13109_13111": 0.024455332353421524, "13109_13112": 0.0018455005716152212, "13109_13113": 0.003478686918177364, "13109_13114": 0.00029723991507431, "13109_13115": 0.00038543197778866567, "13109_13116": 0.0006728727747836028, "13109_13117": 0.0004507594316511514, "13109_13118": 0.0002025151069737057, "13109_13119": 0.00029723991507431, "13109_13120": 0.00023844520659807285, "13109_13121": 0.00028417442430181286, "13109_13122": 0.00018291687081496, "13109_13123": 0.0003135717785399314, "13110_13101": 0.0008067940552016985, "13110_13102": 0.0005454842397517557, "13110_13103": 0.0031553160215580596, "13110_13104": 0.0008688551363710599, "13110_13105": 8.165931732810714e-05, "13110_13106": 5.552833578311285e-05, "13110_13107": 5.552833578311285e-05, "13110_13108": 0.00028417442430181286, "13110_13109": 0.006954107463661604, "13110_13111": 0.003984974685611628, "13110_13112": 0.017968316184876695, "13110_13113": 0.009946104850563449, "13110_13114": 0.0002711089335293157, "13110_13115": 0.0004442266862649028,