{"13101_13102": 0.00940601762829419, "13101_13103": 0.0058075559359334885, "13101_13104": 0.004332047705320721, "13101_13105": 0.004190332225544354, "13101_13106": 0.005390745701297114, "13101_13107": 0.0013643588347097334, "13101_13108": 0.0016477897942624683, "13101_13109": 0.00036123553668485813, "13101_13110": 8.336204692727495e-05, "13101_13111": 0.0002195200569084907, "13101_13112": 0.00024452867098667317, "13101_13113": 0.0012865542575776101, "13101_13114": 0.00021674132201091487, "13101_13115": 0.00020562638242061155, "13101_13116": 0.00032789071791394813, "13101_13117": 0.00037512921117273726, "13101_13118": 0.0006029854727739555, "13101_13119": 0.00015560915426424658, "13101_13120": 6.391090264424413e-05, "13101_13121": 0.0005696406540030455, "13101_13122": 0.0002028476475230357, "13101_13123": 0.00044181884871455726, "13102_13101": 0.009592192866431771, "13102_13103": 0.004601584990385577, "13102_13104": 0.00034734186219697894, "13102_13105": 0.00018895397303515655, "13102_13106": 0.0012893329924751858, "13102_13107": 0.0017033644922139848, "13102_13108": 0.005829785815114095, "13102_13109": 0.00029732463404061397, "13102_13110": 5.557469795151664e-05, "13102_13111": 0.00018895397303515655, "13102_13112": 9.725572141515411e-05, "13102_13113": 0.000544632039924863, "13102_13114": 6.946837243939579e-05, "13102_13115": 5.27959630539408e-05, "13102_13116": 5.835343284909247e-05, "13102_13117": 5.27959630539408e-05, "13102_13118": 0.00016950282875212574, "13102_13119": 5.557469795151664e-05, "13102_13120": 5.835343284909247e-05, "13102_13121": 0.0001861752381375807, "13102_13122": 0.00012504307039091242, "13102_13123": 0.0003528993319921306, "13103_13101": 0.005043403839100134, "13103_13102": 0.004087519034334048, "13103_13104": 0.001767275394858229, "13103_13105": 0.0003195545132212206, "13103_13106": 0.00042792517422667807, "13103_13107": 0.0004056952950460714, "13103_13108": 0.0016144449754915582, "13103_13109": 0.006980182062710489, "13103_13110": 0.0006446664962375929, "13103_13111": 0.0013337927508363992, "13103_13112": 0.00040013782525091975, "13103_13113": 0.006385532794629261, "13103_13114": 8.614078182485078e-05, "13103_13115": 5.835343284909247e-05, "13103_13116": 0.0001750602985472774, "13103_13117": 0.0001750602985472774, "13103_13118": 5.835343284909247e-05, "13103_13119": 7.780457713212329e-05, "13103_13120": 0.00020840511731818739, "13103_13121": 0.00013337927508363993, "13103_13122": 8.891951672242661e-05, "13103_13123": 0.00017228156364970155, "13104_13101": 0.004190332225544354, "13104_13102": 0.0003945803554557681, "13104_13103": 0.0015060743144861008, "13104_13105": 0.0030399359779479597, "13104_13106": 0.00026397981526970403, "13104_13107": 0.00017228156364970155, "13104_13108": 0.00022507752670364236, "13104_13109": 0.00023619246629394568, "13104_13110": 0.00021674132201091487, "13104_13111": 0.00012782180528848826, "13104_13112": 0.0007196923384721404, "13104_13113": 0.011381698140470606, "13104_13114": 0.007196923384721404, "13104_13115": 0.0011642899220842735, "13104_13116": 0.005615823228000756, "13104_13117": 0.0004112527648412231, "13104_13118": 0.00010281319121030577, "13104_13119": 0.0005474107748224389, "13104_13120": 0.0006668963754181996, "13104_13121": 0.00015838788916182242, "13104_13122": 4.1681023463637476e-05, "13104_13123": 0.00010837066100545744, "13105_13101": 0.003598461692360702, "13105_13102": 0.0002278562616012182, "13105_13103": 0.00022229879180606655, "13105_13104": 0.002523091286998855, "13105_13106": 0.0035012059709455478, "13105_13107": 0.00019729017772788406, "13105_13108": 0.00012226433549333658, "13105_13109": 7.502584223454745e-05, "13105_13110": 1.389367448787916e-05, "13105_13111": 4.1681023463637476e-05, "13105_13112": 5.557469795151664e-05, "13105_13113": 0.00012504307039091242, "13105_13114": 0.00016116662405939823, "13105_13115": 7.224710733697163e-05, "13105_13116": 0.0043709499938867835, "13105_13117": 0.0013893674487879158, "13105_13118": 0.0009836721537418444, "13105_13119": 0.0003056608387333415, "13105_13120": 0.00011114939590303327, "13105_13121": 0.0003667930064800098, "13105_13122": 8.614078182485078e-05, "13105_13123": 7.780457713212329e-05, "13106_13101": 0.004451533305916482, "13106_13102": 0.0012448732341139726, "13106_13103": 0.00040847402994364726, "13106_13104": 0.00030288210383576565, "13106_13105": 0.003467861152174638, "13106_13107": 0.004821105047294068, "13106_13108": 0.00033622692260667564, "13106_13109": 5.001722815636497e-05, "13106_13110": 1.9451144283030822e-05, "13106_13111": 3.8902288566061645e-05, "13106_13112": 7.780457713212329e-05, "13106_13113": 0.0004918360768709222, "13106_13114": 3.6123553668485814e-05, "13106_13115": 3.0566083873334146e-05, "13106_13116": 0.0002889884293478865, "13106_13117": 0.0009725572141515411, "13106_13118": 0.005921484066734098, "13106_13119": 1.9451144283030822e-05, "13106_13120": 3.0566083873334146e-05, "13106_13121": 0.0013143416065533684, "13106_13122": 0.00044181884871455726, "13106_13123": 0.00015560915426424658, "13107_13101": 0.000908646311507297, "13107_13102": 0.0013143416065533684, "13107_13103": 0.00035567806688970645, "13107_13104": 0.00013337927508363993, "13107_13105": 0.00012226433549333658, "13107_13106": 0.0037707432560104034, "13107_13108": 0.0074442307906056535, "13107_13109": 0.00013337927508363993, "13107_13110": 2.2229879180606653e-05, "13107_13111": 5.27959630539408e-05, "13107_13112": 5.27959630539408e-05, "13107_13113": 0.0001306005401860641, "13107_13114": 5.27959630539408e-05, "13107_13115": 3.8902288566061645e-05, "13107_13116": 3.334481877090998e-05, "13107_13117": 5.27959630539408e-05, "13107_13118": 0.0005251808956418322, "13107_13119": 1.667240938545499e-05, "13107_13120": 1.9451144283030822e-05, "13107_13121": 0.0009003101068145694, "13107_13122": 0.0025536573708721893, "13107_13123": 0.0022368815925485445, "13108_13101": 0.0015171892540764042, "13108_13102": 0.005465771543531661, "13108_13103": 0.0017422667807800464, "13108_13104": 0.0001750602985472774, "13108_13105": 0.0001306005401860641, "13108_13106": 0.0004807211372806189, "13108_13107": 0.00646611610665896, "13108_13109": 0.000494614811768498, "13108_13110": 6.668963754181997e-05, "13108_13111": 0.0005029510164612256, "13108_13112": 7.224710733697163e-05, "13108_13113": 0.0002111838522157632, "13108_13114": 5.835343284909247e-05, "13108_13115": 2.5008614078182484e-05, "13108_13116": 4.4459758361213307e-05, "13108_13117": 4.4459758361213307e-05, "13108_13118": 6.668963754181997e-05, "13108_13119": 8.058331202969911e-05, "13108_13120": 3.0566083873334146e-05, "13108_13121": 0.00021396258711333903, "13108_13122": 0.00040847402994364726, "13108_13123": 0.007296957841034134, "13109_13101": 0.00034734186219697894, "13109_13102": 0.0002862096944503107, "13109_13103": 0.006049305872022586, "13109_13104": 0.00029454589914303813, "13109_13105": 7.224710733697163e-05, "13109_13106": 6.391090264424413e-05, "13109_13107": 0.00010003445631272994, "13109_13108": 0.0004501550534072847, "13109_13110": 0.004384843668374662, "13109_13111": 0.008141693249897186, "13109_13112": 0.0003695717413775856, "13109_13113": 0.0012004134757527592, "13109_13114": 3.8902288566061645e-05, "13109_13115": 4.4459758361213307e-05, "13109_13116": 0.00010837066100545744, "13109_13117": 0.00010281319121030577, "13109_13118": 2.2229879180606653e-05, "13109_13119": 8.058331202969911e-05, "13109_13120": 4.4459758361213307e-05, "13109_13121": 5.001722815636497e-05, "13109_13122": 2.2229879180606653e-05, "13109_13123": 7.780457713212329e-05, "13110_13101": 0.00011670686569818493, "13110_13102": 6.391090264424413e-05, "13110_13103": 0.0006641176405206237, "13110_13104": 0.00019729017772788406, "13110_13105": 4.1681023463637476e-05, "13110_13106": 4.4459758361213307e-05, "13110_13107": 1.1114939590303327e-05, "13110_13108": 7.780457713212329e-05, "13110_13109": 0.0037707432560104034, "13110_13111": 0.0016144449754915582, "13110_13112": 0.007772121508519601,