{"13101_13102": 0.026765971166089707, "13101_13103": 0.023375853635502118, "13101_13104": 0.022216505085176298, "13101_13105": 0.01586288423774461, "13101_13106": 0.014791463807808668, "13101_13107": 0.00370600744458086, "13101_13108": 0.006093093083313523, "13101_13109": 0.002194946412695518, "13101_13110": 0.0008043794717148263, "13101_13111": 0.0017292530343343028, "13101_13112": 0.002527119311946175, "13101_13113": 0.004497360528089778, "13101_13114": 0.0014426724938043241, "13101_13115": 0.0019213922603714476, "13101_13116": 0.0027876470760643374, "13101_13117": 0.0025694550736153764, "13101_13118": 0.001879056498702246, "13101_13119": 0.0016152721375326067, "13101_13120": 0.001217967297252409, "13101_13121": 0.002716001940931843, "13101_13122": 0.0015696797788119282, "13101_13123": 0.002628073820541963, "13102_13101": 0.03011700953205957, "13102_13103": 0.016660750515356485, "13102_13104": 0.0020321165601216665, "13102_13105": 0.0012049409090465009, "13102_13106": 0.004943514324142131, "13102_13107": 0.006822570822844377, "13102_13108": 0.019116224692170163, "13102_13109": 0.0015664231817604513, "13102_13110": 0.000553621498751095, "13102_13111": 0.0012212238943038862, "13102_13112": 0.0008271756510751655, "13102_13113": 0.0017390228254887338, "13102_13114": 0.00044289719900087604, "13102_13115": 0.0003810218550228125, "13102_13116": 0.0006871419778616532, "13102_13117": 0.0005047725429789396, "13102_13118": 0.0006252666338835897, "13102_13119": 0.00037776525797133544, "13102_13120": 0.0003191465110447489, "13102_13121": 0.0015110610318853418, "13102_13122": 0.0009411565478768616, "13102_13123": 0.00209399190409973, "13103_13101": 0.022600783537250587, "13103_13102": 0.015670745011707465, "13103_13104": 0.009167320699907838, "13103_13105": 0.0013677707616203524, "13103_13106": 0.0021102748893571154, "13103_13107": 0.0014947780466279565, "13103_13108": 0.00454946608091341, "13103_13109": 0.021386072837049654, "13103_13110": 0.003315215798403616, "13103_13111": 0.005715327825342187, "13103_13112": 0.0033575515600728174, "13103_13113": 0.02038955413929768, "13103_13114": 0.0006871419778616532, "13103_13115": 0.000879281203898798, "13103_13116": 0.0010551374446785577, "13103_13117": 0.0011626051473772995, "13103_13118": 0.000876024606847321, "13103_13119": 0.0007001683660675614, "13103_13120": 0.0004168444225890598, "13103_13121": 0.0011984277149435468, "13103_13122": 0.0008043794717148263, "13103_13123": 0.0011984277149435468, "13104_13101": 0.016452328304061955, "13104_13102": 0.0025661984765638995, "13104_13103": 0.007698595429691698, "13104_13105": 0.009880515454181308, "13104_13106": 0.0013938235380321687, "13104_13107": 0.0009085905773620912, "13104_13108": 0.0019409318426803096, "13104_13109": 0.0014752384643190945, "13104_13110": 0.0010128016830093561, "13104_13111": 0.0005699044840084802, "13104_13112": 0.003520381412646669, "13104_13113": 0.023040424139199985, "13104_13114": 0.019311620515258785, "13104_13115": 0.005060751817995304, "13104_13116": 0.01429646105598416, "13104_13117": 0.0016445815109958999, "13104_13118": 0.0006252666338835897, "13104_13119": 0.0022209991891073344, "13104_13120": 0.00415541783768469, "13104_13121": 0.0007913530835089182, "13104_13122": 0.00036799546681690434, "13104_13123": 0.0007359909336338087, "13105_13101": 0.011479504606456529, "13105_13102": 0.0014068499262380769, "13105_13103": 0.0013710273586718294, "13105_13104": 0.007307803783514455, "13105_13106": 0.008568106842436064, "13105_13107": 0.0006903985749131303, "13105_13108": 0.0009639527272372007, "13105_13109": 0.00029635033168440967, "13105_13110": 0.00013677707616203524, "13105_13111": 0.0001660864496253285, "13105_13112": 0.0002507579729637313, "13105_13113": 0.0006154968427291586, "13105_13114": 0.000332172899250657, "13105_13115": 0.00013677707616203524, "13105_13116": 0.014495113476124259, "13105_13117": 0.004800224053877142, "13105_13118": 0.0024685005650195886, "13105_13119": 0.0017943849753638433, "13105_13120": 0.000879281203898798, "13105_13121": 0.0012830992382819497, "13105_13122": 0.00034519928745656514, "13105_13123": 0.0003191465110447489, "13106_13101": 0.010443906744086833, "13106_13102": 0.0041944970023024145, "13106_13103": 0.0022698481448794896, "13106_13104": 0.0012472766707157022, "13106_13105": 0.007070072198756631, "13106_13107": 0.010636045970123978, "13106_13108": 0.001651094705098854, "13106_13109": 0.0006350364250380208, "13106_13110": 0.00010095450859578792, "13106_13111": 0.0004722065724641693, "13106_13112": 0.00014654686731646634, "13106_13113": 0.0006578326043983599, "13106_13114": 0.0001628298525738515, "13106_13115": 0.0001758562407797596, "13106_13116": 0.0011170127886566213, "13106_13117": 0.0023447498770634615, "13106_13118": 0.01280493960640768, "13106_13119": 0.00032891630219917997, "13106_13120": 0.0002084222112945299, "13106_13121": 0.004243345958074569, "13106_13122": 0.002012576977812804, "13106_13123": 0.0007913530835089182, "13107_13101": 0.003614822727139503, "13107_13102": 0.004761144889259417, "13107_13103": 0.0015729363758634053, "13107_13104": 0.0008564850245384588, "13107_13105": 0.0006545760073468829, "13107_13106": 0.008187084987413253, "13107_13108": 0.014563502014205277, "13107_13109": 0.0004559235872067841, "13107_13110": 4.559235872067841e-05, "13107_13111": 0.0002670409582211164, "13107_13112": 0.00017259964372828257, "13107_13113": 0.0005210555282363248, "13107_13114": 0.00012375068795612712, "13107_13115": 0.00010746770269874197, "13107_13116": 0.0002312183906548691, "13107_13117": 0.0003484558845080422, "13107_13118": 0.001419876314443985, "13107_13119": 0.00012049409090465009, "13107_13120": 4.884895577215544e-05, "13107_13121": 0.0023805724446297086, "13107_13122": 0.008603929410002311, "13107_13123": 0.005757663587011388, "13108_13101": 0.00586513128971013, "13108_13102": 0.015472092591567368, "13108_13103": 0.0047122959334872615, "13108_13104": 0.0019344186485773555, "13108_13105": 0.0008304322481266426, "13108_13106": 0.0016152721375326067, "13108_13107": 0.01384705066288033, "13108_13109": 0.002295900921291306, "13108_13110": 0.0002768107493755475, "13108_13111": 0.0021460974569233624, "13108_13112": 0.000553621498751095, "13108_13113": 0.0010616506387815115, "13108_13114": 0.00035496907861099625, "13108_13115": 0.00028983713758145565, "13108_13116": 0.0006415496191409749, "13108_13117": 0.0003973048402801976, "13108_13118": 0.00037776525797133544, "13108_13119": 0.000332172899250657, "13108_13120": 0.00022796179360339206, "13108_13121": 0.0010290846682667414, "13108_13122": 0.001426389508546939, "13108_13123": 0.02124603916383614, "13109_13101": 0.002084222112945299, "13109_13102": 0.0017357662284372569, "13109_13103": 0.017862434827351507, "13109_13104": 0.0015175742259882958, "13109_13105": 0.00027029755527259344, "13109_13106": 0.0006154968427291586, "13109_13107": 0.0004461537960523531, "13109_13108": 0.002341493280011984, "13109_13110": 0.00820011137561916, "13109_13111": 0.024023916448746047, "13109_13112": 0.001752049213694642, "13109_13113": 0.0033738345453302025, "13109_13114": 0.0002670409582211164, "13109_13115": 0.00033868609335361107, "13109_13116": 0.0006317798279865438, "13109_13117": 0.000332172899250657, "13109_13118": 0.0002637843611696394, "13109_13119": 0.0002865805405299786, "13109_13120": 0.00019213922603714476, "13109_13121": 0.00027029755527259344, "13109_13122": 0.00021819200244896098, "13109_13123": 0.0004233576166920138, "13110_13101": 0.0007587871129941479, "13110_13102": 0.0005666478869570032, "13110_13103": 0.003074227616594316, "13110_13104": 0.0009509263390312927, "13110_13105": 7.490173218397168e-05, "13110_13106": 5.5362149875109505e-05, "13110_13107": 3.582256756624733e-05, "13110_13108": 0.0002540145700152083, "13110_13109": 0.007073328795808108, "13110_13111": 0.003920942849978344, "13110_13112": 0.018207634114808073, "13110_13113": 0.010088937665475837, "13110_13114": 0.0002084222112945299, "13110_13115": 0.0004526669901553071,