{"13101_13102": 0.02733672906595724, "13101_13103": 0.025552347273140187, "13101_13104": 0.023758232488725953, "13101_13105": 0.016202186678778836, "13101_13106": 0.015481945300587224, "13101_13107": 0.0035687635856341045, "13101_13108": 0.006235603283262499, "13101_13109": 0.0021672127956396197, "13101_13110": 0.0008889465658761315, "13101_13111": 0.0017649158096226844, "13101_13112": 0.002812834571586153, "13101_13113": 0.0045680173896116534, "13101_13114": 0.001544301333419849, "13101_13115": 0.0019076663530480486, "13101_13116": 0.0028550108685072837, "13101_13117": 0.0025954644259157124, "13101_13118": 0.0019887746163579144, "13101_13119": 0.00157998896927619, "13101_13120": 0.0013366641793465918, "13101_13121": 0.0027576809525354444, "13101_13122": 0.0016546085715212666, "13101_13123": 0.0026408850533692373, "13102_13101": 0.03076274210816598, "13102_13103": 0.01629627226421828, "13102_13104": 0.0023294293222593516, "13102_13105": 0.0011809363137916492, "13102_13106": 0.005207150504493397, "13102_13107": 0.007023975602634396, "13102_13108": 0.020027252376472116, "13102_13109": 0.001732472504298738, "13102_13110": 0.0005904681568958246, "13102_13111": 0.0012879992213606722, "13102_13112": 0.0009538331765240243, "13102_13113": 0.0016189209356649256, "13102_13114": 0.00045420627453524964, "13102_13115": 0.0003893196638873568, "13102_13116": 0.0007072640560620316, "13102_13117": 0.0005288258767803264, "13102_13118": 0.0007624176751127405, "13102_13119": 0.00040554131654933003, "13102_13120": 0.00042825163027609254, "13102_13121": 0.0016351425883268987, "13102_13122": 0.0011225383642085457, "13102_13123": 0.0020893488628621485, "13103_13101": 0.024348700645621776, "13103_13102": 0.01604645881322389, "13103_13104": 0.009207410050935989, "13103_13105": 0.0014145281121240633, "13103_13106": 0.002189923109366382, "13103_13107": 0.0015475456639522434, "13103_13108": 0.004668591636115887, "13103_13109": 0.022200953833176523, "13103_13110": 0.003445479025403108, "13103_13111": 0.006034454790254031, "13103_13112": 0.0032313532102650616, "13103_13113": 0.02065989683028907, "13103_13114": 0.0007007753949972423, "13103_13115": 0.0008045939720338709, "13103_13116": 0.0011257826947409402, "13103_13117": 0.001226356941245174, "13103_13118": 0.0008402816078902118, "13103_13119": 0.0007105083865944263, "13103_13120": 0.00040554131654933003, "13103_13121": 0.0011128053726113616, "13103_13122": 0.0008500145994873958, "13103_13123": 0.0011257826947409402, "13104_13101": 0.017665379748888817, "13104_13102": 0.0029166531486227816, "13104_13103": 0.007880478863186581, "13104_13105": 0.010216396846510722, "13104_13106": 0.001352885832008565, "13104_13107": 0.001028452778769101, "13104_13108": 0.0020179735911494663, "13104_13109": 0.0014210167731888526, "13104_13110": 0.0012068909580508062, "13104_13111": 0.000613178470622587, "13104_13112": 0.0035395646108425526, "13104_13113": 0.023255361256204782, "13104_13114": 0.019180482107517115, "13104_13115": 0.0051455082243779, "13104_13116": 0.015024494695519579, "13104_13117": 0.0016254095967297149, "13104_13118": 0.0005580248515718782, "13104_13119": 0.0021055705155241214, "13104_13120": 0.0043246925996820555, "13104_13121": 0.0008013496415014762, "13104_13122": 0.000369853680692989, "13104_13123": 0.0007786393277747136, "13105_13101": 0.01240307562534471, "13105_13102": 0.0014956363754339292, "13105_13103": 0.0016286539272621094, "13105_13104": 0.007594977776335853, "13105_13106": 0.00848068001167959, "13105_13107": 0.0005580248515718782, "13105_13108": 0.0008857022353437368, "13105_13109": 0.00025954644259157123, "13105_13110": 0.00014275054342536417, "13105_13111": 0.0001362618823605749, "13105_13112": 0.00027576809525354444, "13105_13113": 0.0005255815462479318, "13105_13114": 0.0003309217143042533, "13105_13115": 0.00019141550141128379, "13105_13116": 0.0147097946338773, "13105_13117": 0.004723745255166597, "13105_13118": 0.002138013820848068, "13105_13119": 0.0018817117087888914, "13105_13120": 0.0009084125490704993, "13105_13121": 0.0013691074846705381, "13105_13122": 0.00032767738377185865, "13105_13123": 0.00032443305323946405, "13106_13101": 0.010307238101417773, "13106_13102": 0.004409045193524317, "13106_13103": 0.0021607241345748306, "13106_13104": 0.0012977322129578562, "13106_13105": 0.006845537423352691, "13106_13107": 0.010651137137851605, "13106_13108": 0.0015118580280959024, "13106_13109": 0.0006488661064789281, "13106_13110": 0.00010057424650423386, "13106_13111": 0.00047691658826201215, "13106_13112": 0.00017194951821691593, "13106_13113": 0.0006099341400901924, "13106_13114": 0.00019141550141128379, "13106_13115": 0.00012004022969860169, "13106_13116": 0.0010316971093014956, "13106_13117": 0.0025467994679297928, "13106_13118": 0.012795639619764461, "13106_13119": 0.0003536320280310158, "13106_13120": 0.0001849268403464945, "13106_13121": 0.004035947182298933, "13106_13122": 0.002001751938487493, "13106_13123": 0.0008013496415014762, "13107_13101": 0.0036563605100087596, "13107_13102": 0.004879473120721539, "13107_13103": 0.001722739512701554, "13107_13104": 0.0009278785322648671, "13107_13105": 0.0006715764202056906, "13107_13106": 0.007588489115271064, "13107_13108": 0.013901956331311034, "13107_13109": 0.00046069493560003895, "13107_13110": 5.5153619050708886e-05, "13107_13111": 0.0003374103753690426, "13107_13112": 0.0001849268403464945, "13107_13113": 0.0004996269019887747, "13107_13114": 0.00012977322129578562, "13107_13115": 0.00011030723810141777, "13107_13116": 0.00020439282354086234, "13107_13117": 0.0003471433669662265, "13107_13118": 0.0013820848068001167, "13107_13119": 0.00014599487395775882, "13107_13120": 3.893196638873569e-05, "13107_13121": 0.0020698828796677803, "13107_13122": 0.008947863608344419, "13107_13123": 0.005804107322454012, "13108_13101": 0.006005255815462479, "13108_13102": 0.015563053563897089, "13108_13103": 0.004791876196346884, "13108_13104": 0.0019173993446452325, "13108_13105": 0.0009603218375888135, "13108_13106": 0.0016935405379100022, "13108_13107": 0.013593744930733544, "13108_13109": 0.0022969860169354053, "13108_13110": 0.00026927943418875513, "13108_13111": 0.001813580767608604, "13108_13112": 0.0005969568179606138, "13108_13113": 0.001093339389416994, "13108_13114": 0.0003958083249521461, "13108_13115": 0.00026927943418875513, "13108_13116": 0.0006326444538169548, "13108_13117": 0.00033416604483664796, "13108_13118": 0.000369853680692989, "13108_13119": 0.0002984784089803069, "13108_13120": 0.00024332478992959803, "13108_13121": 0.0009441001849268404, "13108_13122": 0.0013658631541381436, "13108_13123": 0.020805891704246827, "13109_13101": 0.0021315251597832786, "13109_13102": 0.001732472504298738, "13109_13103": 0.018628945917010024, "13109_13104": 0.0014567044090451936, "13109_13105": 0.0002952340784479123, "13109_13106": 0.0005710021737014567, "13109_13107": 0.0004412289524056711, "13109_13108": 0.002228855075755118, "13109_13110": 0.00816597995003731, "13109_13111": 0.024381143950945722, "13109_13112": 0.0018654900561269182, "13109_13113": 0.0036109398825552347, "13109_13114": 0.00031794439217467475, "13109_13115": 0.0003471433669662265, "13109_13116": 0.0007429516919183727, "13109_13117": 0.0003633650196281997, "13109_13118": 0.000207637154073257, "13109_13119": 0.00032767738377185865, "13109_13120": 0.0002238588067352302, "13109_13121": 0.00026603510365636054, "13109_13122": 0.00020114849300846772, "13109_13123": 0.00031794439217467475, "13110_13101": 0.0009635661681212082, "13110_13102": 0.0005547805210394835, "13110_13103": 0.0033416604483664796, "13110_13104": 0.00099276514291276, "13110_13105": 0.00014275054342536417, "13110_13106": 0.00012977322129578562, "13110_13107": 3.2443305323946404e-05, "13110_13108": 0.0002238588067352302, "13110_13109": 0.007092106543814684, "13110_13111": 0.003993770885377802, "13110_13112": 0.018187716964604354, "13110_13113": 0.010196930863316354, "13110_13114": 0.00022710313726762482,