{"13101_13102": 0.029113724582171582, "13101_13103": 0.025933179612352992, "13101_13104": 0.024331651407125836, "13101_13105": 0.017005785440243382, "13101_13106": 0.015478223397105029, "13101_13107": 0.003990956832704621, "13101_13108": 0.006431840181635166, "13101_13109": 0.002386212707386647, "13101_13110": 0.000926184986155464, "13101_13111": 0.001852369972310928, "13101_13112": 0.00299402160455117, "13101_13113": 0.004978244300585619, "13101_13114": 0.0015886645248638861, "13101_13115": 0.0020324614973967125, "13101_13116": 0.003010101205005258, "13101_13117": 0.0028074982392837502, "13101_13118": 0.0020807002987589763, "13101_13119": 0.0017494605294047652, "13101_13120": 0.0013346068376892972, "13101_13121": 0.003251295211816577, "13101_13122": 0.0015854486047730686, "13101_13123": 0.002473042549838722, "13102_13101": 0.03270912324370564, "13102_13103": 0.017874083864764127, "13102_13104": 0.002473042549838722, "13102_13105": 0.0013217431573260268, "13102_13106": 0.0052065746270336674, "13102_13107": 0.007206876923522204, "13102_13108": 0.020102716487700713, "13102_13109": 0.001813778931221117, "13102_13110": 0.0005627860158930771, "13102_13111": 0.0013571182783250202, "13102_13112": 0.0010355262692432617, "13102_13113": 0.0018716654928558336, "13102_13114": 0.0004470128926236441, "13102_13115": 0.00043093329216955617, "13102_13116": 0.000694638739616598, "13102_13117": 0.0005692178560747122, "13102_13118": 0.0007557412213421321, "13102_13119": 0.00042450145198792103, "13102_13120": 0.0003794785707164748, "13102_13121": 0.0015854486047730686, "13102_13122": 0.0011062765112412488, "13102_13123": 0.0021868256617559568, "13103_13101": 0.02488478966274646, "13103_13102": 0.017668264978951805, "13103_13104": 0.00974102195508646, "13103_13105": 0.0015854486047730686, "13103_13106": 0.0023058147051162074, "13103_13107": 0.0016015282052271565, "13103_13108": 0.005058642302856058, "13103_13109": 0.022884487366257922, "13103_13110": 0.0038494563487086473, "13103_13111": 0.006476863062906613, "13103_13112": 0.0034024434560850033, "13103_13113": 0.021713892453200323, "13103_13114": 0.0007686049017054024, "13103_13115": 0.0009422645866095519, "13103_13116": 0.0011320038719677893, "13103_13117": 0.0014793232417760884, "13103_13118": 0.0009583441870636398, "13103_13119": 0.0007460934610696794, "13103_13120": 0.00041485369171546824, "13103_13121": 0.0011898904336025058, "13103_13122": 0.0008811621048840178, "13103_13123": 0.001119140191604519, "13104_13101": 0.018179596273391798, "13104_13102": 0.0030519081661858865, "13104_13103": 0.008361392236125717, "13104_13105": 0.010573945258608214, "13104_13106": 0.0014857550819577234, "13104_13107": 0.001041958109424897, "13104_13108": 0.002170746061301869, "13104_13109": 0.0015693690043189806, "13104_13110": 0.0009840715477901806, "13104_13111": 0.0007010705797982332, "13104_13112": 0.003543943940080977, "13104_13113": 0.02348908034333163, "13104_13114": 0.01949812351062701, "13104_13115": 0.005061858222946876, "13104_13116": 0.014513447369859754, "13104_13117": 0.0017333809289506775, "13104_13118": 0.0006656954587992397, "13104_13119": 0.002061404778214071, "13104_13120": 0.004521583647689522, "13104_13121": 0.00077182082179622, "13104_13122": 0.0003505352898991166, "13104_13123": 0.000810411862886031, "13105_13101": 0.013288181815258255, "13105_13102": 0.0014535958810495478, "13105_13103": 0.0016529829266802379, "13105_13104": 0.00790473158322962, "13105_13106": 0.008927394172109611, "13105_13107": 0.000694638739616598, "13105_13108": 0.0009133213057921937, "13105_13109": 0.00026370544744704186, "13105_13110": 9.64776027245275e-05, "13105_13111": 0.00016079600454087917, "13105_13112": 0.000270137287628677, "13105_13113": 0.0006785591391625101, "13105_13114": 0.0003730467305348397, "13105_13115": 0.0002444099269021363, "13105_13116": 0.015333506993018237, "13105_13117": 0.00472418661341103, "13105_13118": 0.0025052017507468972, "13105_13119": 0.0019006087736731917, "13105_13120": 0.0008940257852472882, "13105_13121": 0.0013185272372352092, "13105_13122": 0.0004084218515338331, "13105_13123": 0.0002669213675378594, "13106_13101": 0.01139078896167588, "13106_13102": 0.004544095088325245, "13106_13103": 0.0023315420658427477, "13106_13104": 0.0013088794769627564, "13106_13105": 0.007258331644975286, "13106_13107": 0.01063183182024293, "13106_13108": 0.0016015282052271565, "13106_13109": 0.0006399680980726991, "13106_13110": 5.78865616347165e-05, "13106_13111": 0.0005274108948940837, "13106_13112": 0.0001350686438143385, "13106_13113": 0.0006656954587992397, "13106_13114": 0.00015758008445006157, "13106_13115": 0.000115773123269433, "13106_13116": 0.0011384357121494244, "13106_13117": 0.00251484951101935, "13106_13118": 0.012825089322180523, "13106_13119": 0.00039234225107974516, "13106_13120": 0.00023797808672050116, "13106_13121": 0.004199991638607764, "13106_13122": 0.002106427659485517, "13106_13123": 0.000810411862886031, "13107_13101": 0.003852672268799465, "13107_13102": 0.005048994542583606, "13107_13103": 0.0016690625271343258, "13107_13104": 0.0009583441870636398, "13107_13105": 0.0007911163423411255, "13107_13106": 0.008004425106044965, "13107_13108": 0.014384810566227051, "13107_13109": 0.0005885133766196178, "13107_13110": 9.004576254289234e-05, "13107_13111": 0.0003666148903532045, "13107_13112": 0.00020903480590314292, "13107_13113": 0.0004663084131685496, "13107_13114": 0.00013185272372352093, "13107_13115": 0.00014793232417760884, "13107_13116": 0.0002476258469929539, "13107_13117": 0.0003698308104440221, "13107_13118": 0.0013764137988699257, "13107_13119": 0.00012220496345106816, "13107_13120": 5.78865616347165e-05, "13107_13121": 0.002135370940302875, "13107_13122": 0.008679768325116657, "13107_13123": 0.005650371599566494, "13108_13101": 0.006579772505812776, "13108_13102": 0.016973626239335207, "13108_13103": 0.005187279106488762, "13108_13104": 0.0020131659768518073, "13108_13105": 0.0009486964267911871, "13108_13106": 0.0017655401298588532, "13108_13107": 0.013686955906519634, "13108_13109": 0.0024055082279315523, "13108_13110": 0.0002508417670837715, "13108_13111": 0.00202281373712426, "13108_13112": 0.0007010705797982332, "13108_13113": 0.0011545153126035124, "13108_13114": 0.00035696713008075175, "13108_13115": 0.000231546246538866, "13108_13116": 0.0006721272989808749, "13108_13117": 0.00039555817117056276, "13108_13118": 0.0004405810524420089, "13108_13119": 0.00031837608899094074, "13108_13120": 0.00020260296572150775, "13108_13121": 0.0009197531459738289, "13108_13122": 0.0014471640408679125, "13108_13123": 0.020688013944229512, "13109_13101": 0.002537360951655073, "13109_13102": 0.0019777908558528136, "13109_13103": 0.019514203111081097, "13109_13104": 0.0015372098034108048, "13109_13105": 0.00023797808672050116, "13109_13106": 0.0005660019359838947, "13109_13107": 0.00039877409126138036, "13109_13108": 0.002530929111473438, "13109_13110": 0.008313153434763453, "13109_13111": 0.02479152798011275, "13109_13112": 0.0018234266914935698, "13109_13113": 0.0037465469058024846, "13109_13114": 0.0003408875296266638, "13109_13115": 0.0003730467305348397, "13109_13116": 0.0007300138606155914, "13109_13117": 0.00038912633098892756, "13109_13118": 0.000231546246538866, "13109_13119": 0.0003441034497174814, "13109_13120": 0.00018652336526741984, "13109_13121": 0.00026370544744704186, "13109_13122": 0.00022833032644804842, "13109_13123": 0.00038912633098892756, "13110_13101": 0.0008715143446115651, "13110_13102": 0.0006110248172553408, "13110_13103": 0.003550375780262612, "13110_13104": 0.0010001511482442683, "13110_13105": 7.396616208880442e-05, "13110_13106": 0.00010290944290616267, "13110_13107": 5.4670641543898914e-05, "13110_13108": 0.0002765691278103122, "13110_13109": 0.007303354526246732, "13110_13111": 0.004013468273340344, "13110_13112": 0.018144221152392805, "13110_13113": 0.010641479580515383, "13110_13114": 0.00024119400681131876, "13110_13115": 0.0004984676140767254,