{"13101_13102": 0.017054958327142714, "13101_13103": 0.014958135433191628, "13101_13104": 0.012674395755551189, "13101_13105": 0.008823430737746166, "13101_13106": 0.008830619844811143, "13101_13107": 0.002863660980881768, "13101_13108": 0.005837554936759822, "13101_13109": 0.002101615631994402, "13101_13110": 0.0007165143374758566, "13101_13111": 0.002125579322210986, "13101_13112": 0.0029235702064232274, "13101_13113": 0.0034747350814046556, "13101_13114": 0.0015408652809263403, "13101_13115": 0.0019099061102617314, "13101_13116": 0.0026048531265426625, "13101_13117": 0.0026407986618675384, "13101_13118": 0.0017229893265723775, "13101_13119": 0.0016966292673341354, "13101_13120": 0.0013994795086484958, "13101_13121": 0.0031560180015240908, "13101_13122": 0.0016726655771175515, "13101_13123": 0.0025976640194776872, "13102_13101": 0.018389735872206433, "13102_13103": 0.01033074685236929, "13102_13104": 0.0019482480146082656, "13102_13105": 0.000975322191814962, "13102_13106": 0.0038917032911732143, "13102_13107": 0.004172078466707245, "13102_13108": 0.013985209610398324, "13102_13109": 0.001663080101030918, "13102_13110": 0.0006038849934579126, "13102_13111": 0.0014713705792982472, "13102_13112": 0.0010927442738762228, "13102_13113": 0.0015432616499479988, "13102_13114": 0.0006230559456311797, "13102_13115": 0.00037862630542202455, "13102_13116": 0.0008171618363855087, "13102_13117": 0.0007836126700822913, "13102_13118": 0.000819558205407167, "13102_13119": 0.0003402844010754904, "13102_13120": 0.00042415731683353384, "13102_13121": 0.0019123024792833897, "13102_13122": 0.0011406716543093903, "13102_13123": 0.0021998667618823957, "13103_13101": 0.01473287674515574, "13103_13102": 0.010448168934430551, "13103_13104": 0.005775249342196704, "13103_13105": 0.0013659303423452784, "13103_13106": 0.002377198069485116, "13103_13107": 0.001612756351576092, "13103_13108": 0.004879007328096468, "13103_13109": 0.0136065833049763, "13103_13110": 0.0025233765798062776, "13103_13111": 0.00592861695958284, "13103_13112": 0.0030817305618526807, "13103_13113": 0.010165397389874861, "13103_13114": 0.0007788199320389746, "13103_13115": 0.000862692847797018, "13103_13116": 0.0010903479048545643, "13103_13117": 0.0015336761738613653, "13103_13118": 0.0010328350483347632, "13103_13119": 0.000656605111934397, "13103_13120": 0.000481670173353335, "13103_13121": 0.001250904629305676, "13103_13122": 0.0007452707657357572, "13103_13123": 0.0011981845108291916, "13104_13101": 0.010929839107783886, "13104_13102": 0.0021351647982976196, "13104_13103": 0.005293579168843369, "13104_13105": 0.006125119219358827, "13104_13106": 0.0013227956999554275, "13104_13107": 0.0008938456450785769, "13104_13108": 0.0018499968847202719, "13104_13109": 0.001562432602121266, "13104_13110": 0.0009729258227933036, "13104_13111": 0.0006494160048694218, "13104_13112": 0.002969101217834737, "13104_13113": 0.014045118835939783, "13104_13114": 0.01166552439743301, "13104_13115": 0.004167285728663928, "13104_13116": 0.008914492760569185, "13104_13117": 0.0017661239689622285, "13104_13118": 0.0005799213032413287, "13104_13119": 0.001919491586348365, "13104_13120": 0.003563400735206016, "13104_13121": 0.0007308925516058068, "13104_13122": 0.0003714371983570494, "13104_13123": 0.0007237034445408317, "13105_13101": 0.00821235663722328, "13105_13102": 0.0011119152260494899, "13105_13103": 0.0013922904015835206, "13105_13104": 0.005295975537865027, "13105_13106": 0.004958087505811195, "13105_13107": 0.0006278486836744964, "13105_13108": 0.0010903479048545643, "13105_13109": 0.0002516187472741302, "13105_13110": 7.668380869306826e-05, "13105_13111": 0.00011742208206126078, "13105_13112": 0.0002683933304257389, "13105_13113": 0.0004936520184616269, "13105_13114": 0.0003666444603137326, "13105_13115": 0.00020848410488427934, "13105_13116": 0.007994287056252367, "13105_13117": 0.0028492827667518177, "13105_13118": 0.0013898940325618623, "13105_13119": 0.001907509741240073, "13105_13120": 0.0010040786200748626, "13105_13121": 0.0012916429026738686, "13105_13122": 0.0004145718407469003, "13105_13123": 0.00036185172227041584, "13106_13101": 0.007467085871487522, "13106_13102": 0.0037742812091119534, "13106_13103": 0.0024179363428533085, "13106_13104": 0.0012844537956088935, "13106_13105": 0.004457246380284593, "13106_13107": 0.0066954550465135225, "13106_13108": 0.0017014220053774521, "13106_13109": 0.0007452707657357572, "13106_13110": 8.62692847797018e-05, "13106_13111": 0.000543975767916453, "13106_13112": 0.00015576398640779492, "13106_13113": 0.0005104266016132356, "13106_13114": 0.0001701422005377452, "13106_13115": 0.00014857487934281976, "13106_13116": 0.0009657367157283284, "13106_13117": 0.001969815335803191, "13106_13118": 0.007864883129082813, "13106_13119": 0.00044812100705011765, "13106_13120": 0.00024922237825247183, "13106_13121": 0.0036856155553105932, "13106_13122": 0.001775709445048862, "13106_13123": 0.0008027836222555583, "13107_13101": 0.002763013481972116, "13107_13102": 0.003496302402599581, "13107_13103": 0.001782898552113837, "13107_13104": 0.0008483146336670677, "13107_13105": 0.0006230559456311797, "13107_13106": 0.005866311365019722, "13107_13108": 0.010733336848007898, "13107_13109": 0.0005511648749814282, "13107_13110": 3.5945535324875745e-05, "13107_13111": 0.0003235098179238817, "13107_13112": 0.0001869167836893539, "13107_13113": 0.0005032374945482604, "13107_13114": 0.0001294039271695527, "13107_13115": 0.00013180029619121108, "13107_13116": 0.0002755824374907141, "13107_13117": 0.0003714371983570494, "13107_13118": 0.0010520060005080303, "13107_13119": 0.00014617851032116137, "13107_13120": 4.553101141150928e-05, "13107_13121": 0.002432314556983259, "13107_13122": 0.00496527661287617, "13107_13123": 0.004215213109097096, "13108_13101": 0.005998111661210933, "13108_13102": 0.01296914914521517, "13108_13103": 0.004958087505811195, "13108_13104": 0.0018619787298285637, "13108_13105": 0.0010472132624647136, "13108_13106": 0.0016990256363557936, "13108_13107": 0.010812417025722625, "13108_13109": 0.002439503664048234, "13108_13110": 0.0002707896994473973, "13108_13111": 0.002389179914593408, "13108_13112": 0.0005799213032413287, "13108_13113": 0.00120058087985085, "13108_13114": 0.0003858154124869997, "13108_13115": 0.0002396369021658383, "13108_13116": 0.0007620453488873659, "13108_13117": 0.00041936457879021707, "13108_13118": 0.000543975767916453, "13108_13119": 0.0003235098179238817, "13108_13120": 0.00020369136684096257, "13108_13121": 0.001162238975504316, "13108_13122": 0.0015600362330996074, "13108_13123": 0.013810274671817262, "13109_13101": 0.002144750274384253, "13109_13102": 0.0017661239689622285, "13109_13103": 0.012870898015327176, "13109_13104": 0.001538468911904682, "13109_13105": 0.0002995461277072979, "13109_13106": 0.0007860090391039497, "13109_13107": 0.0004840665423749934, "13109_13108": 0.0022837396776404393, "13109_13110": 0.0059501842807777655, "13109_13111": 0.018313052063513365, "13109_13112": 0.0019362661694999736, "13109_13113": 0.0028468863977301594, "13109_13114": 0.00035226624618378235, "13109_13115": 0.00039540088857363325, "13109_13116": 0.0007596489798657075, "13109_13117": 0.0004145718407469003, "13109_13118": 0.00017972767662437875, "13109_13119": 0.0003714371983570494, "13109_13120": 0.0001294039271695527, "13109_13121": 0.00023724053314417993, "13109_13122": 0.00013659303423452785, "13109_13123": 0.0003882117815086581, "13110_13101": 0.0006997397543242479, "13110_13102": 0.0005919031483496206, "13110_13103": 0.002343648903181899, "13110_13104": 0.0009082238592085272, "13110_13105": 0.00010544023695296886, "13110_13106": 9.585476086633533e-05, "13110_13107": 4.7927380433167665e-05, "13110_13108": 0.00027797880651237247, "13110_13109": 0.0057584747590450945, "13110_13111": 0.0028996065162066437, "13110_13112": 0.011037675713758513, "13110_13113": 0.006197010290008579, "13110_13114": 0.0003163207108589066, "13110_13115": 0.00046249922118006797,