{"13101_13102": 0.018162039445679422, "13101_13103": 0.013202613495854758, "13101_13104": 0.011202627009276964, "13101_13105": 0.010306236669572052, "13101_13106": 0.009601286477794069, "13101_13107": 0.002153138604919336, "13101_13108": 0.0030968259223473713, "13101_13109": 0.0005517980734364408, "13101_13110": 0.00017117001461701835, "13101_13111": 0.0003175654218552577, "13101_13112": 0.0005968428141251298, "13101_13113": 0.0016756643536192323, "13101_13114": 0.0004301772735769803, "13101_13115": 0.00032882660702743, "13101_13116": 0.0006981934806746801, "13101_13117": 0.0006711666362614667, "13101_13118": 0.0011621543097681773, "13101_13119": 0.0003108087107519544, "13101_13120": 0.00018693567385805952, "13101_13121": 0.0010698125913563648, "13101_13122": 0.00039188924399159464, "13101_13123": 0.0007680128287421481, "13102_13101": 0.019180050585243795, "13102_13103": 0.008927867604498168, "13102_13104": 0.0005337801771609651, "13102_13105": 0.0003941414810260291, "13102_13106": 0.0028783589300072298, "13102_13107": 0.003959432706535766, "13102_13108": 0.011923342860295989, "13102_13109": 0.0004909876735067105, "13102_13110": 0.0001599088294448461, "13102_13111": 0.0003108087107519544, "13102_13112": 0.0002770251552354376, "13102_13113": 0.0004166638513703736, "13102_13114": 7.657605917077137e-05, "13102_13115": 9.459395544624699e-05, "13102_13116": 0.00013288198503163268, "13102_13117": 8.783724434294363e-05, "13102_13118": 0.00029279081447647874, "13102_13119": 9.684619248068143e-05, "13102_13120": 6.981934806746801e-05, "13102_13121": 0.00034459226626847115, "13102_13122": 0.0003175654218552577, "13102_13123": 0.0007387337472945003, "13103_13101": 0.013256667184681185, "13103_13102": 0.009103542093184055, "13103_13104": 0.0035607867514408685, "13103_13105": 0.000608103999297302, "13103_13106": 0.000563059258608613, "13103_13107": 0.0006283741326072121, "13103_13108": 0.002078814782782999, "13103_13109": 0.01297063308130801, "13103_13110": 0.0012319736578356453, "13103_13111": 0.0024031369157415604, "13103_13112": 0.0009256694211525598, "13103_13113": 0.010085517440197476, "13103_13114": 0.00019819685903023178, "13103_13115": 0.00019594462199579732, "13103_13116": 0.00024549383675335525, "13103_13117": 0.00024549383675335525, "13103_13118": 0.00018918791089249398, "13103_13119": 0.0001734222516514528, "13103_13120": 0.000164413303513715, "13103_13121": 0.00030855647371751994, "13103_13122": 0.0002117102812368385, "13103_13123": 0.0003063042366830855, "13104_13101": 0.010281462062193273, "13104_13102": 0.0005405368882642684, "13104_13103": 0.003272500411033259, "13104_13105": 0.006704909651511363, "13104_13106": 0.00039188924399159464, "13104_13107": 0.00029053857744204434, "13104_13108": 0.00038738476992272573, "13104_13109": 0.0002477460737877897, "13104_13110": 0.00031306094778638886, "13104_13111": 0.00024098936268448636, "13104_13112": 0.0009504440285313388, "13104_13113": 0.016303943892270998, "13104_13114": 0.012693607926072572, "13104_13115": 0.0017725105460999137, "13104_13116": 0.009896329529304982, "13104_13117": 0.0006373830807449499, "13104_13118": 0.00012162079985946041, "13104_13119": 0.0007184636139845902, "13104_13120": 0.0011914333912158251, "13104_13121": 0.0001689177775825839, "13104_13122": 4.9549214757557945e-05, "13104_13123": 0.00024324159971892082, "13105_13101": 0.009346783692902975, "13105_13102": 0.0004346817476458492, "13105_13103": 0.0005788249178496542, "13105_13104": 0.006024734067112159, "13105_13106": 0.006466172525861312, "13105_13107": 0.00020945804420240404, "13105_13108": 0.00020495357013353512, "13105_13109": 9.459395544624699e-05, "13105_13110": 2.0270133309910068e-05, "13105_13111": 0.00016666554054814946, "13105_13112": 5.63059258608613e-05, "13105_13113": 0.00018918791089249398, "13105_13114": 0.0002297281775123141, "13105_13115": 0.00014639540723823937, "13105_13116": 0.008761202063950018, "13105_13117": 0.0025990815377373577, "13105_13118": 0.0013580989317639746, "13105_13119": 0.0006644099251581633, "13105_13120": 0.00018693567385805952, "13105_13121": 0.0005743204437807852, "13105_13122": 0.00013062974799719822, "13105_13123": 0.0001261252739283293, "13106_13101": 0.007587786569009669, "13106_13102": 0.0024932263971189383, "13106_13103": 0.0006261218955727777, "13106_13104": 0.00038513253288829127, "13106_13105": 0.005763474571117763, "13106_13107": 0.007450400109909167, "13106_13108": 0.0005472935993675719, "13106_13109": 9.684619248068143e-05, "13106_13110": 2.9279081447647877e-05, "13106_13111": 9.008948137737807e-05, "13106_13112": 4.7296977723123494e-05, "13106_13113": 0.00018693567385805952, "13106_13114": 8.333277027407473e-05, "13106_13115": 5.4053688826426846e-05, "13106_13116": 0.00037837582178498795, "13106_13117": 0.0015878271092762887, "13106_13118": 0.010189120343781461, "13106_13119": 7.207158510190247e-05, "13106_13120": 5.1801451791992395e-05, "13106_13121": 0.001988725301405621, "13106_13122": 0.0006779233473647701, "13106_13123": 0.00031306094778638886, "13107_13101": 0.001713952383204618, "13107_13102": 0.0029279081447647877, "13107_13103": 0.0005968428141251298, "13107_13104": 0.0002882863404076099, "13107_13105": 0.00024999831082222416, "13107_13106": 0.006560766481307559, "13107_13108": 0.012653067659452752, "13107_13109": 0.0001689177775825839, "13107_13110": 1.8017896275475618e-05, "13107_13111": 4.9549214757557945e-05, "13107_13112": 4.0540266619820136e-05, "13107_13113": 0.00011936856282502595, "13107_13114": 4.504474068868904e-05, "13107_13115": 4.504474068868904e-05, "13107_13116": 4.504474068868904e-05, "13107_13117": 6.306263696416465e-05, "13107_13118": 0.0010540469321153236, "13107_13119": 4.9549214757557945e-05, "13107_13120": 3.153131848208233e-05, "13107_13121": 0.0014459361761069182, "13107_13122": 0.004727445535277915, "13107_13123": 0.003567543462544172, "13108_13101": 0.003065294603865289, "13108_13102": 0.011164338979691579, "13108_13103": 0.0023288130936052233, "13108_13104": 0.0003175654218552577, "13108_13105": 0.00019819685903023178, "13108_13106": 0.0005585547845397441, "13108_13107": 0.011954874178778071, "13108_13109": 0.0009481917914969043, "13108_13110": 8.783724434294363e-05, "13108_13111": 0.0007680128287421481, "13108_13112": 0.000164413303513715, "13108_13113": 0.0002252237034434452, "13108_13114": 4.504474068868904e-05, "13108_13115": 6.531487399859911e-05, "13108_13116": 0.00010585514061841925, "13108_13117": 7.882829620520581e-05, "13108_13118": 0.00011936856282502595, "13108_13119": 0.00010360290358398479, "13108_13120": 5.8558162895295754e-05, "13108_13121": 0.0003108087107519544, "13108_13122": 0.0006644099251581633, "13108_13123": 0.01228820525987437, "13109_13101": 0.0005292757030920962, "13109_13102": 0.0004707175401968005, "13109_13103": 0.01259676173359189, "13109_13104": 0.000353601214406209, "13109_13105": 0.0001126118517217226, "13109_13106": 9.008948137737807e-05, "13109_13107": 0.00011936856282502595, "13109_13108": 0.0008288232286718783, "13109_13110": 0.0068400438735774305, "13109_13111": 0.016229620070134662, "13109_13112": 0.0005360324141953995, "13109_13113": 0.0014842242056923038, "13109_13114": 6.756711103303356e-05, "13109_13115": 8.333277027407473e-05, "13109_13116": 0.00014864764427267383, "13109_13117": 0.00011035961468728815, "13109_13118": 2.7026844413213423e-05, "13109_13119": 8.783724434294363e-05, "13109_13120": 6.981934806746801e-05, "13109_13121": 6.306263696416465e-05, "13109_13122": 6.981934806746801e-05, "13109_13123": 0.00010135066654955035, "13110_13101": 0.0002387371256500519, "13110_13102": 0.00013963869613493603, "13110_13103": 0.0011576498356993083, "13110_13104": 0.0003243221329585611, "13110_13105": 3.6035792550951235e-05, "13110_13106": 4.504474068868904e-05, "13110_13107": 9.008948137737809e-06, "13110_13108": 7.432382213633691e-05, "13110_13109": 0.006481938185102353, "13110_13111": 0.002587820352565185, "13110_13112": 0.012635049763177275, "13110_13113": 0.008002198183345608,