{"13101_13102": 0.029112724775542387, "13101_13103": 0.02615598850370069, "13101_13104": 0.02387008164407254, "13101_13105": 0.01664038456647252, "13101_13106": 0.015874176564844723, "13101_13107": 0.0038342192944527814, "13101_13108": 0.006015209705725259, "13101_13109": 0.0023304168680214664, "13101_13110": 0.0009506066078286747, "13101_13111": 0.0018694203525192665, "13101_13112": 0.0027786962382684334, "13101_13113": 0.00477846732965384, "13101_13114": 0.0015737467253350967, "13101_13115": 0.002069715390289188, "13101_13116": 0.0029503776992140804, "13101_13117": 0.0025211740468499633, "13101_13118": 0.0020442810997787215, "13101_13119": 0.0016246153063560291, "13101_13120": 0.0011954116539919118, "13101_13121": 0.002851819823486024, "13101_13122": 0.0014815474222346567, "13101_13123": 0.0025497876236742377, "13102_13101": 0.032651270442811, "13102_13103": 0.017158608235623266, "13102_13104": 0.002301803291197192, "13102_13105": 0.0013098659612890099, "13102_13106": 0.005369814584022178, "13102_13107": 0.007391840679604242, "13102_13108": 0.020576341022967164, "13102_13109": 0.0019043925019711575, "13102_13110": 0.000575450822799298, "13102_13111": 0.001344838110740901, "13102_13112": 0.0009537858941424829, "13102_13113": 0.0017199938957702776, "13102_13114": 0.0004133072207950759, "13102_13115": 0.0004164865071088842, "13102_13116": 0.0007503115700587532, "13102_13117": 0.000575450822799298, "13102_13118": 0.0007344151384897119, "13102_13119": 0.00033064577663606076, "13102_13120": 0.0003878729302846097, "13102_13121": 0.0015355952895693974, "13102_13122": 0.0011000330645776636, "13102_13123": 0.00212058397131012, "13103_13101": 0.024172113843884326, "13103_13102": 0.017362082559706997, "13103_13104": 0.009569651804562911, "13103_13105": 0.0015387745758832058, "13103_13106": 0.002438512602690948, "13103_13107": 0.0016277945926698374, "13103_13108": 0.004902459495892362, "13103_13109": 0.022843172164712464, "13103_13110": 0.0037897092860594652, "13103_13111": 0.0061487397309052064, "13103_13112": 0.003471780654678638, "13103_13113": 0.020678078185009028, "13103_13114": 0.000817076582648727, "13103_13115": 0.0008043594373934939, "13103_13116": 0.0010777780603810057, "13103_13117": 0.0012017702266195285, "13103_13118": 0.0008456901594730015, "13103_13119": 0.0006263194038202305, "13103_13120": 0.00038469364397080146, "13103_13121": 0.0012240252308161864, "13103_13122": 0.0008075387237073022, "13103_13123": 0.001208128799247145, "13104_13101": 0.017959788386702952, "13104_13102": 0.002864536968741257, "13104_13103": 0.008069028664445406, "13104_13105": 0.01049482412188112, "13104_13106": 0.001564208866393672, "13104_13107": 0.0008711244499834677, "13104_13108": 0.0020887911081720377, "13104_13109": 0.001497443853803698, "13104_13110": 0.0010205509067324568, "13104_13111": 0.0006708294122135463, "13104_13112": 0.003462242795737213, "13104_13113": 0.02419436884808098, "13104_13114": 0.019861001602360304, "13104_13115": 0.005083678815779434, "13104_13116": 0.014678764910852812, "13104_13117": 0.0016182567337284127, "13104_13118": 0.0006199608311926139, "13104_13119": 0.002082432535544421, "13104_13120": 0.004327008673093064, "13104_13121": 0.0007216979932344787, "13104_13122": 0.00036561792608795176, "13104_13123": 0.0007757458605692194, "13105_13101": 0.012787089554136887, "13105_13102": 0.0013766309738789837, "13105_13103": 0.0016595874558079202, "13105_13104": 0.00759849429000178, "13105_13106": 0.008854312383956049, "13105_13107": 0.0006549329806445049, "13105_13108": 0.000909275885749167, "13105_13109": 0.0002924943408703614, "13105_13110": 0.00014306788412137244, "13105_13111": 0.00018439860620088003, "13105_13112": 0.00023526718722181246, "13105_13113": 0.000562733677544065, "13105_13114": 0.00035925935346033523, "13105_13115": 0.00018439860620088003, "13105_13116": 0.014945824961212707, "13105_13117": 0.004781646615967647, "13105_13118": 0.0023971818806114405, "13105_13119": 0.001840806775694992, "13105_13120": 0.0008711244499834677, "13105_13121": 0.0013734516875651753, "13105_13122": 0.0003370043492636773, "13105_13123": 0.00030203219981178624, "13106_13101": 0.01163618790853829, "13106_13102": 0.004819798051733347, "13106_13103": 0.0024925604700256885, "13106_13104": 0.0013607345423099423, "13106_13105": 0.007369585675407585, "13106_13107": 0.010997151359462828, "13106_13108": 0.0015451331485108223, "13106_13109": 0.0006930844164102042, "13106_13110": 0.00011763359361090623, "13106_13111": 0.0005118650965231325, "13106_13112": 0.00015578502937660553, "13106_13113": 0.0007789251468830277, "13106_13114": 0.00016532288831803038, "13106_13115": 0.0001462471704351807, "13106_13116": 0.001160439504540021, "13106_13117": 0.0025720426278708955, "13106_13118": 0.013302133936973827, "13106_13119": 0.00037197649871556834, "13106_13120": 0.00018439860620088003, "13106_13121": 0.00440967011725208, "13106_13122": 0.00212058397131012, "13106_13123": 0.0007439529974311367, "13107_13101": 0.003678434265076176, "13107_13102": 0.005163160973624641, "13107_13103": 0.0017390696136531272, "13107_13104": 0.0008838415952387008, "13107_13105": 0.0007185187069206705, "13107_13106": 0.00888928453340794, "13107_13108": 0.014999872828547447, "13107_13109": 0.0005500165322888318, "13107_13110": 0.00013035073886613933, "13107_13111": 0.0003624386397741435, "13107_13112": 0.00022255004196657934, "13107_13113": 0.0005309408144059821, "13107_13114": 0.00012717145255233106, "13107_13115": 0.0001208128799247145, "13107_13116": 0.00019075717882849658, "13107_13117": 0.0002797771956151283, "13107_13118": 0.001437037413841341, "13107_13119": 0.00010173716204186484, "13107_13120": 2.543429051046621e-05, "13107_13121": 0.002190528270213902, "13107_13122": 0.008860670956583666, "13107_13123": 0.005576468194419717, "13108_13101": 0.006349034768675128, "13108_13102": 0.016405117379250704, "13108_13103": 0.005446117455553577, "13108_13104": 0.0017740417631050183, "13108_13105": 0.0009823994709667575, "13108_13106": 0.0016627667421217284, "13108_13107": 0.01420187196378157, "13108_13109": 0.0023685683037871657, "13108_13110": 0.00026388076404608695, "13108_13111": 0.0021015082534272707, "13108_13112": 0.000540478673347407, "13108_13113": 0.0011636187908538292, "13108_13114": 0.0002702393366737035, "13108_13115": 0.0002670600503598952, "13108_13116": 0.000632677976447847, "13108_13117": 0.0003401836355774856, "13108_13118": 0.0003624386397741435, "13108_13119": 0.00031474934506701936, "13108_13120": 0.00021937075565277108, "13108_13121": 0.000979220184652949, "13108_13122": 0.0013988859780756416, "13108_13123": 0.021511051199226798, "13109_13101": 0.0023081618638248085, "13109_13102": 0.0020061296640130222, "13109_13103": 0.01925693720273673, "13109_13104": 0.0016087188747869877, "13109_13105": 0.00033064577663606076, "13109_13106": 0.0005786301091131063, "13109_13107": 0.00036561792608795176, "13109_13108": 0.002311341150138617, "13109_13110": 0.008695348068265637, "13109_13111": 0.025100465447516342, "13109_13112": 0.0018789582114606912, "13109_13113": 0.003751557850293766, "13109_13114": 0.0003083907724394028, "13109_13115": 0.0004037693618536511, "13109_13116": 0.0007153394206068622, "13109_13117": 0.00037197649871556834, "13109_13118": 0.0003083907724394028, "13109_13119": 0.00031792863138082765, "13109_13120": 0.00016532288831803038, "13109_13121": 0.0002670600503598952, "13109_13122": 0.00025752219141847037, "13109_13123": 0.0004292036523641173, "13110_13101": 0.0009537858941424829, "13110_13102": 0.0006008851133097642, "13110_13103": 0.003471780654678638, "13110_13104": 0.0010491644835567311, "13110_13105": 0.00011445430729709795, "13110_13106": 0.00010173716204186484, "13110_13107": 6.67650125899738e-05, "13110_13108": 0.0002924943408703614, "13110_13109": 0.007531729277411806, "13110_13111": 0.004028155759595086, "13110_13112": 0.018878602131393543, "13110_13113": 0.01056794770709871, "13110_13114": 0.00031474934506701936, "13110_13115": 0.000448279370246967,