{"13101_13102": 0.02663949575240183, "13101_13103": 0.023537768749377245, "13101_13104": 0.021988512360301752, "13101_13105": 0.015916841574070206, "13101_13106": 0.014730792595711582, "13101_13107": 0.003677073255399094, "13101_13108": 0.005978458264897128, "13101_13109": 0.0021824586891748122, "13101_13110": 0.0008389126920097583, "13101_13111": 0.001652111585030712, "13101_13112": 0.0027320911425605158, "13101_13113": 0.004692768315456886, "13101_13114": 0.0014271158438786695, "13101_13115": 0.0017935374794691387, "13101_13116": 0.0027931614151589274, "13101_13117": 0.00259387947299569, "13101_13118": 0.0018288939530787453, "13101_13119": 0.0016296120109155078, "13101_13120": 0.00121819122709463, "13101_13121": 0.0030856558786565825, "13101_13122": 0.0015267568149602883, "13101_13123": 0.0026035221476164916, "13102_13101": 0.02988264864986484, "13102_13103": 0.01578827257912618, "13102_13104": 0.002166387564806809, "13102_13105": 0.0012567619255778374, "13102_13106": 0.00460919846874327, "13102_13107": 0.006769157583802878, "13102_13108": 0.018796787060816347, "13102_13109": 0.0014624723174882762, "13102_13110": 0.0005303471041441002, "13102_13111": 0.00132426064792345, "13102_13112": 0.0008903402899873681, "13102_13113": 0.0014110447195106665, "13102_13114": 0.00039534965945287466, "13102_13115": 0.00044356303255688374, "13102_13116": 0.0006010600513633135, "13102_13117": 0.0005174902046496977, "13102_13118": 0.0006782014483297281, "13102_13119": 0.00039213543457927404, "13102_13120": 0.000359993185843268, "13102_13121": 0.0014078304946370658, "13102_13122": 0.0010767653326562033, "13102_13123": 0.00201210477087398, "13103_13101": 0.022178151627844186, "13103_13102": 0.015273996599350083, "13103_13104": 0.009118755966404922, "13103_13105": 0.001562113288569895, "13103_13106": 0.002092460392713995, "13103_13107": 0.0014271158438786695, "13103_13108": 0.00471205366469849, "13103_13109": 0.021634947624205685, "13103_13110": 0.0034810055381094573, "13103_13111": 0.005544537906961047, "13103_13112": 0.00312422657713979, "13103_13113": 0.020571039191043885, "13103_13114": 0.0006267738503521183, "13103_13115": 0.0008935545148609687, "13103_13116": 0.001070336882909002, "13103_13117": 0.001186048978358624, "13103_13118": 0.0008067704432737523, "13103_13119": 0.0006910583478241304, "13103_13120": 0.00040177810920007584, "13103_13121": 0.0012278339017154317, "13103_13122": 0.0008806976153665662, "13103_13123": 0.0010414088590465966, "13104_13101": 0.016701112443228753, "13104_13102": 0.002680663544582906, "13104_13103": 0.007797709543355073, "13104_13105": 0.009816242763976253, "13104_13106": 0.0014881861164770809, "13104_13107": 0.000874269165619365, "13104_13108": 0.0018192512784579436, "13104_13109": 0.0014785434418562791, "13104_13110": 0.0009964097108161882, "13104_13111": 0.0006107027259841153, "13104_13112": 0.0033170800695558264, "13104_13113": 0.02298813629599154, "13104_13114": 0.018497864147571492, "13104_13115": 0.005178116271370578, "13104_13116": 0.01409437607073866, "13104_13117": 0.0016392546855363095, "13104_13118": 0.0005689178026273074, "13104_13119": 0.002356026832349245, "13104_13120": 0.004348846253981621, "13104_13121": 0.0008067704432737523, "13104_13122": 0.0003471362863488655, "13104_13123": 0.0007135579219393347, "13105_13101": 0.012191554945567102, "13105_13102": 0.0014624723174882762, "13105_13103": 0.0016199693362947058, "13105_13104": 0.00736057496054539, "13105_13106": 0.00836984157085598, "13105_13107": 0.0006074885011105147, "13105_13108": 0.0009064114143553712, "13105_13109": 0.00026356643963524977, "13105_13110": 0.00011249787057602124, "13105_13111": 0.00017356814317443276, "13105_13112": 0.00028606601375045403, "13105_13113": 0.0006107027259841153, "13105_13114": 0.00036320741071686855, "13105_13115": 0.00017678236804803338, "13105_13116": 0.01461508050026196, "13105_13117": 0.0044452730001896396, "13105_13118": 0.002143887990691605, "13105_13119": 0.0018417508525731478, "13105_13120": 0.0008453411417569596, "13105_13121": 0.0012985468489346453, "13105_13122": 0.000376064310211271, "13105_13123": 0.00037927853508487163, "13106_13101": 0.010687297704722017, "13106_13102": 0.003911711671171938, "13106_13103": 0.00227888543538283, "13106_13104": 0.0014464011931202732, "13106_13105": 0.006878441229505298, "13106_13107": 0.010304804944763546, "13106_13108": 0.0014110447195106665, "13106_13109": 0.0006267738503521183, "13106_13110": 7.392717209281396e-05, "13106_13111": 0.00045963415692488677, "13106_13112": 0.0001446401193120273, "13106_13113": 0.0006557018742145238, "13106_13114": 0.00017678236804803338, "13106_13115": 0.00011571209544962185, "13106_13116": 0.0009867670361953863, "13106_13117": 0.002143887990691605, "13106_13118": 0.012676902901480793, "13106_13119": 0.0003246367122336613, "13106_13120": 0.00020571039191043884, "13106_13121": 0.004149564311818383, "13106_13122": 0.0020892461678403943, "13106_13123": 0.0008806976153665662, "13107_13101": 0.003516362011719064, "13107_13102": 0.004740981688560895, "13107_13103": 0.0015074714657186846, "13107_13104": 0.0009192683138497735, "13107_13105": 0.0006685587737089262, "13107_13106": 0.008038776408875117, "13107_13108": 0.01440294165860432, "13107_13109": 0.0005849889269953104, "13107_13110": 6.749872234561274e-05, "13107_13111": 0.00029892291324485644, "13107_13112": 0.00021535306653124066, "13107_13113": 0.0004917764056608929, "13107_13114": 0.0001382116695648261, "13107_13115": 0.00011571209544962185, "13107_13116": 0.0002346384157728443, "13107_13117": 0.0002539237650144479, "13107_13118": 0.0012085485524738282, "13107_13119": 0.00010928364570242063, "13107_13120": 5.464182285121031e-05, "13107_13121": 0.002176030239427611, "13107_13122": 0.008536981264283212, "13107_13123": 0.0053581128642922115, "13108_13101": 0.0059398875664139214, "13108_13102": 0.01514221337953246, "13108_13103": 0.004686339865709685, "13108_13104": 0.001880321551056355, "13108_13105": 0.0008389126920097583, "13108_13106": 0.0015910413124323004, "13108_13107": 0.013599385440204167, "13108_13109": 0.002272456985635629, "13108_13110": 0.0002892802386240546, "13108_13111": 0.0018674646515619525, "13108_13112": 0.0006074885011105147, "13108_13113": 0.001176406303737822, "13108_13114": 0.0002924944634976552, "13108_13115": 0.0002764233391296522, "13108_13116": 0.000588203151868911, "13108_13117": 0.0003728500853376704, "13108_13118": 0.0003342793868544631, "13108_13119": 0.00036642163559046917, "13108_13120": 0.00017356814317443276, "13108_13121": 0.0009578390123329808, "13108_13122": 0.0014367585184994712, "13108_13123": 0.021008173773853566, "13109_13101": 0.00233031303336044, "13109_13102": 0.0017035391830083216, "13109_13103": 0.01784859072310417, "13109_13104": 0.00153639948958109, "13109_13105": 0.00022820996602564307, "13109_13106": 0.0005849889269953104, "13109_13107": 0.0004274919081888807, "13109_13108": 0.0021888871389220133, "13109_13110": 0.008061275982990323, "13109_13111": 0.024196684848465367, "13109_13112": 0.0017806805799747362, "13109_13113": 0.0035099335619718625, "13109_13114": 0.00035035051122246614, "13109_13115": 0.0003728500853376704, "13109_13116": 0.0006299880752257189, "13109_13117": 0.00036642163559046917, "13109_13118": 0.00022820996602564307, "13109_13119": 0.0002796375640032528, "13109_13120": 0.0001928534924160364, "13109_13121": 0.0002314241908992437, "13109_13122": 0.00020571039191043884, "13109_13123": 0.0003439220614752649, "13110_13101": 0.0008549838163777614, "13110_13102": 0.00048534795591369164, "13110_13103": 0.003098512778150985, "13110_13104": 0.0008549838163777614, "13110_13105": 0.00013178321981762489, "13110_13106": 7.392717209281396e-05, "13110_13107": 6.107027259841153e-05, "13110_13108": 0.0002892802386240546, "13110_13109": 0.007206292166612561, "13110_13111": 0.003934211245287143, "13110_13112": 0.01768145102967694, "13110_13113": 0.01048801576255878, "13110_13114": 0.00026356643963524977, "13110_13115": 0.0004917764056608929,