{"13101_13102": 0.03373616317618822, "13101_13103": 0.029959382550551066, "13101_13104": 0.02267071770872633, "13101_13105": 0.01454923460991997, "13101_13106": 0.015468344879070775, "13101_13107": 0.004882522455991074, "13101_13108": 0.009405829326440676, "13101_13109": 0.0041480369570627, "13101_13110": 0.0014087672684363888, "13101_13111": 0.0034878027244194354, "13101_13112": 0.005008950287773826, "13101_13113": 0.007316759915554236, "13101_13114": 0.0026188622297855946, "13101_13115": 0.0034235854130377197, "13101_13116": 0.004671809403019819, "13101_13117": 0.004340688891207848, "13101_13118": 0.0027954598360853127, "13101_13119": 0.002809507372950063, "13101_13120": 0.002004784189697938, "13101_13121": 0.005299934979972226, "13101_13122": 0.002468352906234698, "13101_13123": 0.004135996211178629, "13102_13101": 0.0367042070366119, "13102_13103": 0.02185796736155149, "13102_13104": 0.00369851577739069, "13102_13105": 0.0016857044237700378, "13102_13106": 0.006355507035809178, "13102_13107": 0.006815062170384582, "13102_13108": 0.020300697560544884, "13102_13109": 0.0027954598360853127, "13102_13110": 0.0010334973550494874, "13102_13111": 0.002359986193278053, "13102_13112": 0.0016716568869052876, "13102_13113": 0.0030844377373030335, "13102_13114": 0.0009692800436677718, "13102_13115": 0.0008127503471748397, "13102_13116": 0.0013606042849001018, "13102_13117": 0.0011097554123152748, "13102_13118": 0.0012542443629241353, "13102_13119": 0.0005679218475320484, "13102_13120": 0.00047159588045947486, "13102_13121": 0.0029178740859067084, "13102_13122": 0.0019024378496833283, "13102_13123": 0.003527938544033008, "13103_13101": 0.029301155108888477, "13103_13102": 0.021476677075222553, "13103_13104": 0.010377116161089125, "13103_13105": 0.002201449705804442, "13103_13106": 0.004144023375101343, "13103_13107": 0.0027894394631432767, "13103_13108": 0.007409072300665452, "13103_13109": 0.023943023190476573, "13103_13110": 0.004260417251980703, "13103_13111": 0.00980317394061504, "13103_13112": 0.005020991033657898, "13103_13113": 0.019497981168273438, "13103_13114": 0.0014930524896248907, "13103_13115": 0.0013907061496102812, "13103_13116": 0.002093082992847797, "13103_13117": 0.0026188622297855946, "13103_13118": 0.0016937315876927523, "13103_13119": 0.0009411849699382712, "13103_13120": 0.0008107435561941611, "13103_13121": 0.0021312120214806904, "13103_13122": 0.0013646178668614592, "13103_13123": 0.001679684050828002, "13104_13101": 0.0194076755741429, "13104_13102": 0.004150043748043379, "13104_13103": 0.00968878685471636, "13104_13105": 0.008825866733024556, "13104_13106": 0.0022435923163986933, "13104_13107": 0.0012983937644990649, "13104_13108": 0.002783419090201241, "13104_13109": 0.0026971270780320605, "13104_13110": 0.0014689709978567473, "13104_13111": 0.001035504146030166, "13104_13112": 0.004615619255560818, "13104_13113": 0.025127029869076955, "13104_13114": 0.01651990335294637, "13104_13115": 0.0066304374001621485, "13104_13116": 0.013066216075198471, "13104_13117": 0.0026068214839015226, "13104_13118": 0.0009030559413053774, "13104_13119": 0.002578726410172022, "13104_13120": 0.005384220201160728, "13104_13121": 0.0008930219864019843, "13104_13122": 0.0004254396879038667, "13104_13123": 0.0010274769821074516, "13105_13101": 0.013427438451720623, "13105_13102": 0.0022154972426691923, "13105_13103": 0.002520529471732342, "13105_13104": 0.007477303194008525, "13105_13106": 0.006939483211186656, "13105_13107": 0.0008227843020782328, "13105_13108": 0.001422814805301139, "13105_13109": 0.00040537177809708055, "13105_13110": 0.0001444889506088604, "13105_13111": 0.00018462477022243272, "13105_13112": 0.00034918163063807925, "13105_13113": 0.0009532257158223428, "13105_13114": 0.0004635687165367604, "13105_13115": 0.0003271069298506145, "13105_13116": 0.010880820697239458, "13105_13117": 0.0037687534617144415, "13105_13118": 0.0019104650136060428, "13105_13119": 0.0025827399921333795, "13105_13120": 0.0013485635390160303, "13105_13121": 0.001601419202581536, "13105_13122": 0.0005037045361503327, "13105_13123": 0.00040537177809708055, "13106_13101": 0.01254645721120271, "13106_13102": 0.006114692118127744, "13106_13103": 0.004063751735874198, "13106_13104": 0.002024852099504724, "13106_13105": 0.006148807564799281, "13106_13107": 0.008916172327155093, "13106_13108": 0.0022877417179736226, "13106_13109": 0.0012020677974264912, "13106_13110": 0.00010435313099528806, "13106_13111": 0.0008468657938463761, "13106_13112": 0.00019265193414514718, "13106_13113": 0.000905062732286056, "13106_13114": 0.00030101864710179246, "13106_13115": 0.00020268588904854027, "13106_13116": 0.0017338674073063246, "13106_13117": 0.003144641466723392, "13106_13118": 0.010332966759514195, "13106_13119": 0.000690336097353444, "13106_13120": 0.0003170729749472214, "13106_13121": 0.00517752073015083, "13106_13122": 0.0026288961846889876, "13106_13123": 0.0011017282483925604, "13107_13101": 0.0050009231238511125, "13107_13102": 0.005436396766658372, "13107_13103": 0.002966037069442995, "13107_13104": 0.0012622715268468497, "13107_13105": 0.0008809812405179126, "13107_13106": 0.00789070213602832, "13107_13108": 0.013802708365107524, "13107_13109": 0.0008809812405179126, "13107_13110": 8.027163922714466e-05, "13107_13111": 0.000517752073015083, "13107_13112": 0.00021472663493261196, "13107_13113": 0.0008629201216918051, "13107_13114": 0.00018462477022243272, "13107_13115": 0.00016255006943496794, "13107_13116": 0.0003271069298506145, "13107_13117": 0.00047159588045947486, "13107_13118": 0.0012281560801753132, "13107_13119": 0.00018663156120311134, "13107_13120": 6.622410236239434e-05, "13107_13121": 0.002867704311389743, "13107_13122": 0.006485948449553289, "13107_13123": 0.005139391701517937, "13108_13101": 0.00992157460847508, "13108_13102": 0.018542748661470414, "13108_13103": 0.008089374443115502, "13108_13104": 0.0028797450572738146, "13108_13105": 0.0014890389076635333, "13108_13106": 0.0022997824638576942, "13108_13107": 0.013700362025092915, "13108_13109": 0.0029700506514043525, "13108_13110": 0.00038731065927097297, "13108_13111": 0.002636923348611702, "13108_13112": 0.000800709601290768, "13108_13113": 0.002050940382253546, "13108_13114": 0.0005839761753774773, "13108_13115": 0.0003170729749472214, "13108_13116": 0.0011599251868322402, "13108_13117": 0.0004615619255560818, "13108_13118": 0.000654213859701229, "13108_13119": 0.00041741252398115223, "13108_13120": 0.0002327877537587195, "13108_13121": 0.0015392086821804987, "13108_13122": 0.0017619624810358253, "13108_13123": 0.01724836847893271, "13109_13101": 0.004107901137449128, "13109_13102": 0.003008179680037246, "13109_13103": 0.023033946876229158, "13109_13104": 0.0027713783443171695, "13109_13105": 0.0004274464788845453, "13109_13106": 0.0011097554123152748, "13109_13107": 0.0006722749785273365, "13109_13108": 0.002998145725133853, "13109_13110": 0.007974987357216821, "13109_13111": 0.023959077518322002, "13109_13112": 0.0028175345368727776, "13109_13113": 0.005402281319986836, "13109_13114": 0.0005920033393001918, "13109_13115": 0.0006722749785273365, "13109_13116": 0.0012803326456729573, "13109_13117": 0.0006522070687205503, "13109_13118": 0.0003572087945607937, "13109_13119": 0.00043547364280725976, "13109_13120": 0.0002548624545461843, "13109_13121": 0.0003271069298506145, "13109_13122": 0.0002789439463143277, "13109_13123": 0.0005338064008605119, "13110_13101": 0.0014428827151079253, "13110_13102": 0.0010435313099528805, "13110_13103": 0.004160077702946772, "13110_13104": 0.0013686314488228165, "13110_13105": 0.00015050932355089623, "13110_13106": 0.00011438708589868114, "13110_13107": 7.023768432375158e-05, "13110_13108": 0.00036924954044486544, "13110_13109": 0.007561588415197027, "13110_13111": 0.0037547059248496913, "13110_13112": 0.014495051253441646, "13110_13113": 0.010597863168963773, "13110_13114": 0.00036924954044486544, "13110_13115": 0.0006682613965659792, "13110_13116": 0.0005679218475320484,