{"13101_13102": 0.03138367721900661, "13101_13103": 0.02826982579339807, "13101_13104": 0.025474404423078006, "13101_13105": 0.01725440025248967, "13101_13106": 0.016034221368065694, "13101_13107": 0.004035326010381384, "13101_13108": 0.006994189355982258, "13101_13109": 0.0024967170706689285, "13101_13110": 0.0009242925498638923, "13101_13111": 0.0021726510851983565, "13101_13112": 0.003074399914333861, "13101_13113": 0.005199145592984394, "13101_13114": 0.0017133227753574588, "13101_13115": 0.002074022307011661, "13101_13116": 0.0034858228176269353, "13101_13117": 0.002927865729599342, "13101_13118": 0.002093748062649, "13101_13119": 0.0019021264364577051, "13101_13120": 0.001434344231343662, "13101_13121": 0.0035506360147210497, "13101_13122": 0.001614693997170763, "13101_13123": 0.0028602345674141787, "13102_13101": 0.0351343887551921, "13102_13103": 0.019384781861322302, "13102_13104": 0.002623525499766109, "13102_13105": 0.0014540699869810014, "13102_13106": 0.0052245072788038305, "13102_13107": 0.007380250573455896, "13102_13108": 0.021236184926141134, "13102_13109": 0.002000755214644401, "13102_13110": 0.0006453140058500955, "13102_13111": 0.0014681598124362436, "13102_13112": 0.0009609260960475221, "13102_13113": 0.0019613037033697225, "13102_13114": 0.0005495031927544482, "13102_13115": 0.00047341813529613993, "13102_13116": 0.0009158386545907469, "13102_13117": 0.0006340421454859017, "13102_13118": 0.0008341176669503418, "13102_13119": 0.00041424086838412244, "13102_13120": 0.0003691534269273472, "13102_13121": 0.0016935970197201197, "13102_13122": 0.0011891812684224467, "13102_13123": 0.0022290103870193255, "13103_13101": 0.026688947377319888, "13103_13102": 0.018843732563841, "13103_13104": 0.010277118687053706, "13103_13105": 0.001769682077178428, "13103_13106": 0.0024629014895763473, "13103_13107": 0.0017358664960858464, "13103_13108": 0.005410492974813028, "13103_13109": 0.024490934606302098, "13103_13110": 0.0038747020001916217, "13103_13111": 0.006799749764699915, "13103_13112": 0.0039056996161931546, "13103_13113": 0.022879058574222382, "13103_13114": 0.0009158386545907469, "13103_13115": 0.0009665620262296191, "13103_13116": 0.0011948171986045438, "13103_13117": 0.0015442448698945517, "13103_13118": 0.0009327464451370376, "13103_13119": 0.0007552146444009852, "13103_13120": 0.0005495031927544482, "13103_13121": 0.001358259173885354, "13103_13122": 0.000935564410228086, "13103_13123": 0.0011919992335134952, "13104_13101": 0.018905727795844065, "13104_13102": 0.003198390378339993, "13104_13103": 0.008887861897166819, "13104_13105": 0.010680087695073634, "13104_13106": 0.0015808784160781816, "13104_13107": 0.001084916560053654, "13104_13108": 0.0020345707957369823, "13104_13109": 0.001676689229173829, "13104_13110": 0.0009947416771401037, "13104_13111": 0.0007298529585815491, "13104_13112": 0.0037309857805481505, "13104_13113": 0.024623378965581373, "13104_13114": 0.01977084307879594, "13104_13115": 0.005576752915184887, "13104_13116": 0.015180377945478012, "13104_13117": 0.0018964905062756083, "13104_13118": 0.0007101272029442099, "13104_13119": 0.002206466666290938, "13104_13120": 0.004629916644592607, "13104_13121": 0.0008172098764040511, "13104_13122": 0.00041987679856621935, "13104_13123": 0.0008904769687713109, "13105_13101": 0.013503688716304182, "13105_13102": 0.0015414269048035032, "13105_13103": 0.001806315623362058, "13105_13104": 0.007867758534207278, "13105_13106": 0.009006216430990853, "13105_13107": 0.0006594038313053377, "13105_13108": 0.0008989308640444563, "13105_13109": 0.00029025040437799055, "13105_13110": 0.00014371621964347106, "13105_13111": 0.0001888036611002463, "13105_13112": 0.00030434022983323285, "13105_13113": 0.0006622217963963863, "13105_13114": 0.00038606121747363794, "13105_13115": 0.0002169833120107308, "13105_13116": 0.015152198294567527, "13105_13117": 0.005021613792248342, "13105_13118": 0.0023276391652060214, "13105_13119": 0.0020824762022848063, "13105_13120": 0.0009158386545907469, "13105_13121": 0.0014540699869810014, "13105_13122": 0.00048468999566033376, "13105_13123": 0.00041424086838412244, "13106_13101": 0.01181572762676616, "13106_13102": 0.004852535886785435, "13106_13103": 0.0025277146866704617, "13106_13104": 0.0014737957426183405, "13106_13105": 0.007507059002553077, "13106_13107": 0.011060512982365175, "13106_13108": 0.0017133227753574588, "13106_13109": 0.0006988553425800161, "13106_13110": 7.608505745830821e-05, "13106_13111": 0.00047905406547823684, "13106_13112": 0.00018598569600919784, "13106_13113": 0.0006763116218516285, "13106_13114": 0.0001888036611002463, "13106_13115": 0.00012117249891508344, "13106_13116": 0.0011581836524209139, "13106_13117": 0.002581256023400382, "13106_13118": 0.013086629882829012, "13106_13119": 0.00035788156656315343, "13106_13120": 0.00023952703273911842, "13106_13121": 0.00426076321766526, "13106_13122": 0.002223374456837229, "13106_13123": 0.0007693044698562274, "13107_13101": 0.003959240952923075, "13107_13102": 0.005492213962453433, "13107_13103": 0.0018570389950009298, "13107_13104": 0.0009919237120490552, "13107_13105": 0.0007411248189457429, "13107_13106": 0.008425715622234872, "13107_13108": 0.014749229286547599, "13107_13109": 0.0005833187738470296, "13107_13110": 8.453895273145357e-05, "13107_13111": 0.00035788156656315343, "13107_13112": 0.00019162162619129475, "13107_13113": 0.0005410492974813028, "13107_13114": 0.00011271860364193808, "13107_13115": 0.00010708267345984117, "13107_13116": 0.0003184300552884751, "13107_13117": 0.0003522456363810565, "13107_13118": 0.0014061645804331775, "13107_13119": 0.00010144674327774428, "13107_13120": 2.2543720728387616e-05, "13107_13121": 0.002564348232854091, "13107_13122": 0.008730055852068104, "13107_13123": 0.0057401948904656965, "13108_13101": 0.006985735460709113, "13108_13102": 0.016972603743384825, "13108_13103": 0.005565481054820693, "13108_13104": 0.002200830736108841, "13108_13105": 0.0010454650487789756, "13108_13106": 0.0017105048102664105, "13108_13107": 0.014430799231259122, "13108_13109": 0.002398088292482233, "13108_13110": 0.0002817965091048452, "13108_13111": 0.0020458426561011764, "13108_13112": 0.0005833187738470296, "13108_13113": 0.0013498052786122085, "13108_13114": 0.0003945151127467833, "13108_13115": 0.00029588633456008746, "13108_13116": 0.0006847655171247738, "13108_13117": 0.0003184300552884751, "13108_13118": 0.0005072337163887214, "13108_13119": 0.00029870429965113594, "13108_13120": 0.00020289348655548855, "13108_13121": 0.0009750159215027645, "13108_13122": 0.0014822496378914859, "13108_13123": 0.021253092716687426, "13109_13101": 0.002505170965942074, "13109_13102": 0.002000755214644401, "13109_13103": 0.02066132004756725, "13109_13104": 0.0017189587055395558, "13109_13105": 0.0003127941251063782, "13109_13106": 0.0006650397614874347, "13109_13107": 0.0004339666240214616, "13109_13108": 0.0023332750953881185, "13109_13110": 0.008642698934245602, "13109_13111": 0.025945004593283097, "13109_13112": 0.002014845040099643, "13109_13113": 0.004288942868575744, "13109_13114": 0.00035788156656315343, "13109_13115": 0.00045651034474984925, "13109_13116": 0.0007213990633084037, "13109_13117": 0.00038606121747363794, "13109_13118": 0.00021416534691968235, "13109_13119": 0.00032688395056162044, "13109_13120": 0.00019443959128234318, "13109_13121": 0.0002479809280122638, "13109_13122": 0.00021134738182863392, "13109_13123": 0.00035788156656315343, "13110_13101": 0.0009806518516848612, "13110_13102": 0.0007326709236725975, "13110_13103": 0.0035619078750852434, "13110_13104": 0.0010003776073222006, "13110_13105": 0.0001296263941882288, "13110_13106": 8.453895273145357e-05, "13110_13107": 5.635930182096904e-05, "13110_13108": 0.0002817965091048452, "13110_13109": 0.007433791910185817, "13110_13111": 0.003970512813287269, "13110_13112": 0.01959049331296884, "13110_13113": 0.010939340483450091, "13110_13114": 0.00029306836946903903, "13110_13115": 0.00047341813529613993,