{"13101_13102": 0.03205130794869205, "13101_13103": 0.030687809312190686, "13101_13104": 0.023207756792243208, "13101_13105": 0.015079284920715079, "13101_13106": 0.01546914453085547, "13101_13107": 0.004908595091404909, "13101_13108": 0.00944955055044945, "13101_13109": 0.00445005554994445, "13101_13110": 0.0013352186647813352, "13101_13111": 0.0035753964246035756, "13101_13112": 0.004807595192404808, "13101_13113": 0.007560852439147561, "13101_13114": 0.0026522573477426523, "13101_13115": 0.003300676699323301, "13101_13116": 0.004641955358044642, "13101_13117": 0.004512675487324513, "13101_13118": 0.002821937178062822, "13101_13119": 0.002834057165942834, "13101_13120": 0.0019755580244419754, "13101_13121": 0.005025754974245026, "13101_13122": 0.0025714574285425713, "13101_13123": 0.004288455711544289, "13102_13101": 0.03533178466821533, "13102_13103": 0.021185738814261185, "13102_13104": 0.003718816281183719, "13102_13105": 0.0017533582466417535, "13102_13106": 0.0058842541157458845, "13102_13107": 0.0068760731239268765, "13102_13108": 0.02021209978790021, "13102_13109": 0.003042116957883042, "13102_13110": 0.0010342389657610343, "13102_13111": 0.00238965761034239, "13102_13112": 0.001624078375921624, "13102_13113": 0.00321987678012322, "13102_13114": 0.001012018987981012, "13102_13115": 0.0006181193818806181, "13102_13116": 0.0014261185738814262, "13102_13117": 0.0010968589031410969, "13102_13118": 0.0012604787395212604, "13102_13119": 0.0006282193717806283, "13102_13120": 0.0006282193717806283, "13102_13121": 0.0028926371073628924, "13102_13122": 0.0018099181900818099, "13102_13123": 0.0031734168265831735, "13103_13101": 0.028651651348348652, "13103_13102": 0.020575699424300577, "13103_13104": 0.010152509847490153, "13103_13105": 0.002149277850722149, "13103_13106": 0.004054135945864054, "13103_13107": 0.0025714574285425713, "13103_13108": 0.007779012220987779, "13103_13109": 0.023864256135743864, "13103_13110": 0.004132915867084133, "13103_13111": 0.010324209675790324, "13103_13112": 0.004738915261084739, "13103_13113": 0.0222987577012423, "13103_13114": 0.0013372386627613373, "13103_13115": 0.0012847187152812847, "13103_13116": 0.002092717907282093, "13103_13117": 0.002644177355822644, "13103_13118": 0.00182001817998182, "13103_13119": 0.001106958893041107, "13103_13120": 0.0008524391475608524, "13103_13121": 0.002187657812342188, "13103_13122": 0.001413998586001414, "13103_13123": 0.0018806181193818806, "13104_13101": 0.019363700636299365, "13104_13102": 0.004098575901424099, "13104_13103": 0.009580850419149581, "13104_13105": 0.008445611554388445, "13104_13106": 0.0020846379153620846, "13104_13107": 0.0012927987072012927, "13104_13108": 0.0029592970407029593, "13104_13109": 0.002846177153822846, "13104_13110": 0.0014846985153014846, "13104_13111": 0.0010847389152610848, "13104_13112": 0.005013634986365013, "13104_13113": 0.02512877487122513, "13104_13114": 0.016566003433996567, "13104_13115": 0.0066801333198666804, "13104_13116": 0.013123926876073123, "13104_13117": 0.0026785173214826786, "13104_13118": 0.0008847591152408848, "13104_13119": 0.0025815574184425817, "13104_13120": 0.005453994546005454, "13104_13121": 0.0010786789213210787, "13104_13122": 0.0004625795374204626, "13104_13123": 0.0011877588122411878, "13105_13101": 0.01339056660943339, "13105_13102": 0.0021634178365821633, "13105_13103": 0.0024643975356024644, "13105_13104": 0.0072942127057872945, "13105_13106": 0.007035652964347035, "13105_13107": 0.0007918392081607918, "13105_13108": 0.0013352186647813352, "13105_13109": 0.000401979598020402, "13105_13110": 0.0001918998081001919, "13105_13111": 0.00021815978184021816, "13105_13112": 0.00039995960004039993, "13105_13113": 0.0009271790728209272, "13105_13114": 0.0005251994748005252, "13105_13115": 0.0003231996768003232, "13105_13116": 0.010964549035450964, "13105_13117": 0.00382991617008383, "13105_13118": 0.0017715382284617714, "13105_13119": 0.0026320573679426322, "13105_13120": 0.0014281385718614282, "13105_13121": 0.0016967983032016968, "13105_13122": 0.0005857994142005859, "13105_13123": 0.0005009594990405009, "13106_13101": 0.012566407433592566, "13106_13102": 0.006011513988486011, "13106_13103": 0.004017775982224018, "13106_13104": 0.0019896980103019895, "13106_13105": 0.005932734067265933, "13106_13107": 0.008661751338248662, "13106_13108": 0.0023149176850823148, "13106_13109": 0.0010827189172810828, "13106_13110": 0.00015351984648015351, "13106_13111": 0.0009332390667609332, "13106_13112": 0.0002120997879002121, "13106_13113": 0.0011958388041611958, "13106_13114": 0.0002706797293202707, "13106_13115": 0.00020401979598020403, "13106_13116": 0.0016644783355216645, "13106_13117": 0.0031653368346631653, "13106_13118": 0.010281789718210282, "13106_13119": 0.0006201393798606202, "13106_13120": 0.0003252196747803252, "13106_13121": 0.005298454701545299, "13106_13122": 0.0027229572770427228, "13106_13123": 0.0010463589536410464, "13107_13101": 0.004928795071204929, "13107_13102": 0.005508534491465509, "13107_13103": 0.0028845571154428847, "13107_13104": 0.0013412786587213414, "13107_13105": 0.0009534390465609535, "13107_13106": 0.007744672255327744, "13107_13108": 0.013843046156953843, "13107_13109": 0.0008988991011008989, "13107_13110": 0.0001232198767801232, "13107_13111": 0.0005433794566205433, "13107_13112": 0.00031107968892031106, "13107_13113": 0.0009251590748409252, "13107_13114": 0.0001514998485001515, "13107_13115": 0.00014947985052014948, "13107_13116": 0.00036763963236036764, "13107_13117": 0.00047671952328047674, "13107_13118": 0.0011978588021411979, "13107_13119": 0.0001817998182001818, "13107_13120": 8.887991112008888e-05, "13107_13121": 0.0028582971417028583, "13107_13122": 0.006474093525906474, "13107_13123": 0.0050883749116250885, "13108_13101": 0.010017169982830016, "13108_13102": 0.018432481567518432, "13108_13103": 0.008073931926068074, "13108_13104": 0.0028704171295828706, "13108_13105": 0.0014826785173214826, "13108_13106": 0.00238965761034239, "13108_13107": 0.013564286435713564, "13108_13109": 0.003248156751843248, "13108_13110": 0.00046055953944046054, "13108_13111": 0.0028542571457428542, "13108_13112": 0.0007978992021007979, "13108_13113": 0.00243005756994243, "13108_13114": 0.0005332794667205333, "13108_13115": 0.0004544995455004545, "13108_13116": 0.0011574588425411574, "13108_13117": 0.0005999394000606, "13108_13118": 0.0006201393798606202, "13108_13119": 0.00044641955358044644, "13108_13120": 0.00030703969296030703, "13108_13121": 0.001519038480961519, "13108_13122": 0.0018523381476618524, "13108_13123": 0.01819008180991819, "13109_13101": 0.004167255832744167, "13109_13102": 0.003223916776083224, "13109_13103": 0.02262801737198263, "13109_13104": 0.002720937279062721, "13109_13105": 0.0004181395818604181, "13109_13106": 0.001125138874861125, "13109_13107": 0.0007494192505807494, "13109_13108": 0.003133016866983133, "13109_13110": 0.008104231895768104, "13109_13111": 0.024484395515604485, "13109_13112": 0.0028845571154428847, "13109_13113": 0.005502474497525503, "13109_13114": 0.0006645793354206645, "13109_13115": 0.0006261993738006262, "13109_13116": 0.0012927987072012927, "13109_13117": 0.0006908393091606908, "13109_13118": 0.0003837996162003838, "13109_13119": 0.000502979497020503, "13109_13120": 0.0002423997576002424, "13109_13121": 0.000300979699020301, "13109_13122": 0.0002726997273002727, "13109_13123": 0.0005878194121805878, "13110_13101": 0.0014523785476214524, "13110_13102": 0.0011332188667811333, "13110_13103": 0.003900616099383901, "13110_13104": 0.0014665185334814665, "13110_13105": 0.00016765983234016767, "13110_13106": 0.00011917988082011919, "13110_13107": 0.000100999899000101, "13110_13108": 0.0004342995657004343, "13110_13109": 0.007550752449247551, "13110_13111": 0.004017775982224018, "13110_13112": 0.015071204928795072, "13110_13113": 0.010497929502070498, "13110_13114": 0.000406019593980406, "13110_13115": 0.0007595192404807595, "13110_13116": 0.0005514594485405515,