{"13101_13102": 0.025883504650024473, "13101_13103": 0.023599282101484743, "13101_13104": 0.02262685593082069, "13101_13105": 0.016204927394354706, "13101_13106": 0.01531081742535487, "13101_13107": 0.003684124653287649, "13101_13108": 0.005779083047805515, "13101_13109": 0.0020166421928536466, "13101_13110": 0.0008386359928210149, "13101_13111": 0.0017131669114047968, "13101_13112": 0.0027736988089410997, "13101_13113": 0.004261706640561266, "13101_13114": 0.001491271006689509, "13101_13115": 0.0018208516886930985, "13101_13116": 0.002741067058247675, "13101_13117": 0.0024245390765214553, "13101_13118": 0.002013379017784304, "13101_13119": 0.0014586392559960842, "13101_13120": 0.0012171643008647413, "13101_13121": 0.0027998042094958394, "13101_13122": 0.0015075868820362212, "13101_13123": 0.002320117474302496, "13102_13101": 0.029786262032958068, "13102_13103": 0.015754609234785447, "13102_13104": 0.0021602218959047154, "13102_13105": 0.0011780062000326318, "13102_13106": 0.005077500407896883, "13102_13107": 0.007084353075542503, "13102_13108": 0.01969652471855115, "13102_13109": 0.0016609561102953173, "13102_13110": 0.000548213411649535, "13102_13111": 0.0011812693751019742, "13102_13112": 0.0009169521944852341, "13102_13113": 0.0015924294338391255, "13102_13114": 0.0004046337085984663, "13102_13115": 0.00042094958394517867, "13102_13116": 0.0006493718387991516, "13102_13117": 0.0005449502365801925, "13102_13118": 0.0007081089900473161, "13102_13119": 0.0003426333822809594, "13102_13120": 0.00042421275901452114, "13102_13121": 0.0014162179800946322, "13102_13122": 0.0011616903246859194, "13102_13123": 0.002062326643824441, "13103_13101": 0.022597487355196608, "13103_13102": 0.01541523902757383, "13103_13104": 0.009042258117147985, "13103_13105": 0.0014129548050252896, "13103_13106": 0.002108011094795236, "13103_13107": 0.0014488497307880567, "13103_13108": 0.0046304454233969655, "13103_13109": 0.021820851688693098, "13103_13110": 0.0034263338228095936, "13103_13111": 0.005648556045031816, "13103_13112": 0.0029727524881709906, "13103_13113": 0.020375265132974385, "13103_13114": 0.0006624245390765215, "13103_13115": 0.0008321096426823299, "13103_13116": 0.0010017947462881384, "13103_13117": 0.001213901125795399, "13103_13118": 0.0008549518681677272, "13103_13119": 0.0006885299396312613, "13103_13120": 0.0004535813346386034, "13103_13121": 0.001207374775656714, "13103_13122": 0.0009169521944852341, "13103_13123": 0.0010605318975363028, "13104_13101": 0.0162734540708109, "13104_13102": 0.002652961331375428, "13104_13103": 0.0076847772883015175, "13104_13105": 0.010109316364822972, "13104_13106": 0.0012922173274596183, "13104_13107": 0.0009136890194158916, "13104_13108": 0.0019252732909120574, "13104_13109": 0.0015010605318975362, "13104_13110": 0.0009691629955947136, "13104_13111": 0.0006558981889378365, "13104_13112": 0.0034100179474628816, "13104_13113": 0.021736009136890194, "13104_13114": 0.01936694403654756, "13104_13115": 0.004950236580192527, "13104_13116": 0.01451786588350465, "13104_13117": 0.0017099037363354544, "13104_13118": 0.0005318975363028226, "13104_13119": 0.002271169848262359, "13104_13120": 0.004431391744167075, "13104_13121": 0.0007472670908794256, "13104_13122": 0.0003948441833904389, "13104_13123": 0.0008875836188611519, "13105_13101": 0.01178332517539566, "13105_13102": 0.0013444281285690978, "13105_13103": 0.0014651656061347692, "13105_13104": 0.007335617555881873, "13105_13106": 0.008477728830151738, "13105_13107": 0.0006493718387991516, "13105_13108": 0.0008418991678903573, "13105_13109": 0.00027736988089410995, "13105_13110": 0.00010442160221895905, "13105_13111": 0.00016315875346712352, "13105_13112": 0.00024800130527002776, "13105_13113": 0.0005743188122042747, "13105_13114": 0.0004046337085984663, "13105_13115": 0.0001762114537444934, "13105_13116": 0.014641866536139664, "13105_13117": 0.004682656224506445, "13105_13118": 0.002339696524718551, "13105_13119": 0.001922010115842715, "13105_13120": 0.0009169521944852341, "13105_13121": 0.001200848425518029, "13105_13122": 0.0003720019579050416, "13105_13123": 0.00035568608255832923, "13106_13101": 0.010572687224669603, "13106_13102": 0.004261706640561266, "13106_13103": 0.0021406428454886603, "13106_13104": 0.0013901125795398924, "13106_13105": 0.006741719693261544, "13106_13107": 0.010556371349322892, "13106_13108": 0.001484744656550824, "13106_13109": 0.0006395823135911242, "13106_13110": 7.505302659487681e-05, "13106_13111": 0.00046337085984663075, "13106_13112": 0.00021210637950726057, "13106_13113": 0.0006754772393538914, "13106_13114": 0.0001860009789525208, "13106_13115": 9.78952520802741e-05, "13106_13116": 0.0009822156958720835, "13106_13117": 0.0023070647740251263, "13106_13118": 0.013206069505628977, "13106_13119": 0.00037852830804372653, "13106_13120": 0.00021210637950726057, "13106_13121": 0.004069179311470061, "13106_13122": 0.002013379017784304, "13106_13123": 0.0007342143906020558, "13107_13101": 0.0034361233480176214, "13107_13102": 0.004604340022842226, "13107_13103": 0.0016120084842551803, "13107_13104": 0.0008353728177516724, "13107_13105": 0.0006885299396312613, "13107_13106": 0.008027410670582477, "13107_13108": 0.01422744330233317, "13107_13109": 0.0004829499102626856, "13107_13110": 6.52635013868494e-05, "13107_13111": 0.0003850546581824115, "13107_13112": 0.00015989557839778105, "13107_13113": 0.0004960026105400555, "13107_13114": 9.78952520802741e-05, "13107_13115": 0.00011421112742698645, "13107_13116": 0.00020231685429923315, "13107_13117": 0.0002936857562408223, "13107_13118": 0.0014880078316201664, "13107_13119": 0.0001305270027736988, "13107_13120": 4.894762604013705e-05, "13107_13121": 0.002143906020558003, "13107_13122": 0.008761625061184532, "13107_13123": 0.005681187795725241, "13108_13101": 0.0060564529286996245, "13108_13102": 0.015584924131179638, "13108_13103": 0.004718551150269212, "13108_13104": 0.0019252732909120574, "13108_13105": 0.00081905694240496, "13108_13106": 0.001608745309185838, "13108_13107": 0.013483439386523088, "13108_13109": 0.0023364333496492086, "13108_13110": 0.0002284222548539729, "13108_13111": 0.0019415891662587698, "13108_13112": 0.0006297927883830968, "13108_13113": 0.0010833741230217, "13108_13114": 0.00035568608255832923, "13108_13115": 0.0002741067058247675, "13108_13116": 0.0005743188122042747, "13108_13117": 0.0003197911567955621, "13108_13118": 0.0004535813346386034, "13108_13119": 0.00030021210637950726, "13108_13120": 0.00022515907978463046, "13108_13121": 0.0010637950726056452, "13108_13122": 0.0013966389296785774, "13108_13123": 0.02133463860336107, "13109_13101": 0.001964431391744167, "13109_13102": 0.0018273780388317832, "13109_13103": 0.018394517865883506, "13109_13104": 0.0015826399086310981, "13109_13105": 0.0002969489313101648, "13109_13106": 0.0005580029368575624, "13109_13107": 0.0004601076847772883, "13109_13108": 0.0021961168216674824, "13109_13110": 0.008170990373633545, "13109_13111": 0.02443791809430576, "13109_13112": 0.0018697993147332355, "13109_13113": 0.0035144395496818403, "13109_13114": 0.00029042258117147984, "13109_13115": 0.00036221243269701417, "13109_13116": 0.0005677924620655898, "13109_13117": 0.00034589655735030187, "13109_13118": 0.0001957905041605482, "13109_13119": 0.00027736988089410995, "13109_13120": 0.0001957905041605482, "13109_13121": 0.0002447381302006853, "13109_13122": 0.00018273780388317832, "13109_13123": 0.00036547560776635664, "13110_13101": 0.0007603197911567955, "13110_13102": 0.0005775819872736172, "13110_13103": 0.0031424375917767987, "13110_13104": 0.000881057268722467, "13110_13105": 7.831620166421929e-05, "13110_13106": 8.484255180290423e-05, "13110_13107": 6.200032631750694e-05, "13110_13108": 0.0002610540055473976, "13110_13109": 0.007254038179148312, "13110_13111": 0.004039810735845978, "13110_13112": 0.018662098221569588, "13110_13113": 0.010040789688366782, "13110_13114": 0.00026431718061674007, "13110_13115": 0.0004829499102626856,