{"13101_13102": 0.02734805139580418, "13101_13103": 0.02491408116830571, "13101_13104": 0.022622912323124623, "13101_13105": 0.015765272607838846, "13101_13106": 0.014905290949883061, "13101_13107": 0.0037128359402519018, "13101_13108": 0.006013524877587482, "13101_13109": 0.0023070356654385747, "13101_13110": 0.0009234489389857293, "13101_13111": 0.0018595913341774481, "13101_13112": 0.002608505250330823, "13101_13113": 0.004871113819048435, "13101_13114": 0.0015581217492851998, "13101_13115": 0.0019071917949499086, "13101_13116": 0.00273226644833922, "13101_13117": 0.0023705029464685216, "13101_13118": 0.001948445527619374, "13101_13119": 0.0015581217492851998, "13101_13120": 0.0012153984317234856, "13101_13121": 0.002976615480304516, "13101_13122": 0.0015993754819546653, "13101_13123": 0.0026275454346398074, "13102_13101": 0.03086731212891474, "13102_13103": 0.016326958044953876, "13102_13104": 0.0022594352046661145, "13102_13105": 0.0012407853441354646, "13102_13106": 0.005156716583683197, "13102_13107": 0.006810039254513317, "13102_13108": 0.019658990299026093, "13102_13109": 0.0017580436845295328, "13102_13110": 0.0005807256214240154, "13102_13111": 0.0012915591689594223, "13102_13112": 0.0008885419344192585, "13102_13113": 0.0017167899518600674, "13102_13114": 0.0004410976031581319, "13102_13115": 0.0004537910593641213, "13102_13116": 0.0006632330867629465, "13102_13117": 0.0005807256214240154, "13102_13118": 0.0006981400913294174, "13102_13119": 0.0003712835940251902, "13102_13120": 0.0003300298613557246, "13102_13121": 0.0014819610120492632, "13102_13122": 0.0011773180631055175, "13102_13123": 0.002081726817782263, "13103_13101": 0.022975155732840827, "13103_13102": 0.01635551832141735, "13103_13104": 0.009402677684586653, "13103_13105": 0.0014502273715342898, "13103_13106": 0.002135674006657718, "13103_13107": 0.001326466173525893, "13103_13108": 0.0047124456164735675, "13103_13109": 0.022261148821253924, "13103_13110": 0.003443099995874627, "13103_13111": 0.005753309025364699, "13103_13112": 0.0032876051573512565, "13103_13113": 0.02139799379924664, "13103_13114": 0.0006568863586599519, "13103_13115": 0.0008060344690803274, "13103_13116": 0.0010249965886336447, "13103_13117": 0.0012756923487019355, "13103_13118": 0.0007140069115869042, "13103_13119": 0.0006949667272779201, "13103_13120": 0.00042523078290064516, "13103_13121": 0.001091637233715089, "13103_13122": 0.0007647807364108618, "13103_13123": 0.0010725970494061049, "13104_13101": 0.01742176864272046, "13104_13102": 0.0026211987065368125, "13104_13103": 0.007939756856846374, "13104_13105": 0.009878682292311257, "13104_13106": 0.0014311871872253056, "13104_13107": 0.0009615293076036976, "13104_13108": 0.001996045988391834, "13104_13109": 0.0014914811042037554, "13104_13110": 0.0011741446990540202, "13104_13111": 0.0006441929024539624, "13104_13112": 0.003598594834397997, "13104_13113": 0.023257585133424092, "13104_13114": 0.01925914642853743, "13104_13115": 0.005185276860146673, "13104_13116": 0.014330912056562041, "13104_13117": 0.0016374558505726335, "13104_13118": 0.0006156326259904863, "13104_13119": 0.0023070356654385747, "13104_13120": 0.004410976031581319, "13104_13121": 0.0008060344690803274, "13104_13122": 0.00034589668161321134, "13104_13123": 0.0008409414736467982, "13105_13101": 0.012179371229646836, "13105_13102": 0.001542254929027713, "13105_13103": 0.0015835086616971786, "13105_13104": 0.007676367640572094, "13105_13106": 0.008393547916210496, "13105_13107": 0.0006188059900419836, "13105_13108": 0.0009139288468312373, "13105_13109": 0.00024752239601679343, "13105_13110": 0.00011424110585390467, "13105_13111": 0.00014914811042037552, "13105_13112": 0.00026656258032577753, "13105_13113": 0.0006188059900419836, "13105_13114": 0.00039667050643716896, "13105_13115": 0.00015549483852337023, "13105_13116": 0.01448640689508541, "13105_13117": 0.004728312436731054, "13105_13118": 0.0022118347438936543, "13105_13119": 0.0019547922557223685, "13105_13120": 0.0008821952063162638, "13105_13121": 0.0011138507820755705, "13105_13122": 0.00035859013781920076, "13105_13123": 0.00030781631299524315, "13106_13101": 0.010789437775090996, "13106_13102": 0.004423669487787309, "13106_13103": 0.002246741748460125, "13106_13104": 0.001316946081371401, "13106_13105": 0.007305084046546904, "13106_13107": 0.010024657038680135, "13106_13108": 0.0015676418414396918, "13106_13109": 0.0006219793540934809, "13106_13110": 5.394718887545498e-05, "13106_13111": 0.000514084976342571, "13106_13112": 0.00015549483852337023, "13106_13113": 0.0007457405521018777, "13106_13114": 0.00012058783395689936, "13106_13115": 0.00014597474636887818, "13106_13116": 0.0010979839618180838, "13106_13117": 0.0022150081079451516, "13106_13118": 0.012998099154933154, "13106_13119": 0.00034589668161321134, "13106_13120": 0.00019674857119283582, "13106_13121": 0.004353855478654366, "13106_13122": 0.002002392716494829, "13106_13123": 0.0007330470958958883, "13107_13101": 0.0035636878298315263, "13107_13102": 0.004972661468696351, "13107_13103": 0.0016469759427271257, "13107_13104": 0.00080286110502883, "13107_13105": 0.0006886199991749253, "13107_13106": 0.008069864782957766, "13107_13108": 0.014261098047429099, "13107_13109": 0.0005172583403940683, "13107_13110": 6.346728102994704e-05, "13107_13111": 0.00029829622084075105, "13107_13112": 0.0002189621195533173, "13107_13113": 0.0004030172345401637, "13107_13114": 0.00011741446990540202, "13107_13115": 0.0001047210136994126, "13107_13116": 0.00026656258032577753, "13107_13117": 0.00029829622084075105, "13107_13118": 0.0014502273715342898, "13107_13119": 0.00011106774180240731, "13107_13120": 5.394718887545498e-05, "13107_13121": 0.0021864478314816754, "13107_13122": 0.008777524966441675, "13107_13123": 0.005315384786258064, "13108_13101": 0.005965924416815022, "13108_13102": 0.01625079730771794, "13108_13103": 0.004861593726893943, "13108_13104": 0.0019071917949499086, "13108_13105": 0.0008885419344192585, "13108_13106": 0.0015803352976456813, "13108_13107": 0.014127816757266211, "13108_13109": 0.002227701564151141, "13108_13110": 0.00027290930842877227, "13108_13111": 0.0019516188916708713, "13108_13112": 0.0005331251606515551, "13108_13113": 0.0010884638696635916, "13108_13114": 0.0003205097692012325, "13108_13115": 0.00023165557575930668, "13108_13116": 0.0006061125338359942, "13108_13117": 0.0003808036861796822, "13108_13118": 0.0003300298613557246, "13108_13119": 0.00029829622084075105, "13108_13120": 0.00022530884765631197, "13108_13121": 0.0009361423951917188, "13108_13122": 0.0015295614728217236, "13108_13123": 0.02078236117325616, "13109_13101": 0.00219279455958467, "13109_13102": 0.0018056441453019932, "13109_13103": 0.018300790484985226, "13109_13104": 0.0014946544682552527, "13109_13105": 0.00033954995351021666, "13109_13106": 0.0005870723495270101, "13109_13107": 0.00043157751100363984, "13109_13108": 0.002202314651739162, "13109_13110": 0.008031784414339797, "13109_13111": 0.02488869425589373, "13109_13112": 0.0018913249746924216, "13109_13113": 0.00369062239189142, "13109_13114": 0.00030781631299524315, "13109_13115": 0.0003490700456647087, "13109_13116": 0.0006822732710719307, "13109_13117": 0.0003808036861796822, "13109_13118": 0.00021578875550181992, "13109_13119": 0.00029829622084075105, "13109_13120": 0.00021578875550181992, "13109_13121": 0.00018722847903834375, "13109_13122": 0.00019357520714133845, "13109_13123": 0.0003236831332527299, "13110_13101": 0.0009202755749342321, "13110_13102": 0.0006156326259904863, "13110_13103": 0.0031067234064159075, "13110_13104": 0.0010123031324276552, "13110_13105": 0.0001047210136994126, "13110_13106": 7.616073723593645e-05, "13110_13107": 6.346728102994704e-05, "13110_13108": 0.0002570424881712855, "13110_13109": 0.007124202295611555, "13110_13111": 0.003982571884629176, "13110_13112": 0.018269056844470253, "13110_13113": 0.01051018173855923, "13110_13114": 0.0002824294005832643, "13110_13115": 0.00046331115151861335,