{"13101_13102": 0.012126829094408898, "13101_13103": 0.009695759887358083, "13101_13104": 0.009086210276792557, "13101_13105": 0.006772773450728073, "13101_13106": 0.00741084000213877, "13101_13107": 0.0022207567683176785, "13101_13108": 0.003311529755645463, "13101_13109": 0.0011335483985955408, "13101_13110": 0.00040636640704368437, "13101_13111": 0.0010087867823979182, "13101_13112": 0.0012796977204270412, "13101_13113": 0.0025059261767693872, "13101_13114": 0.0007307466091575027, "13101_13115": 0.0009303651950736985, "13101_13116": 0.0014365408950754808, "13101_13117": 0.0012583100147931631, "13101_13118": 0.0009945283119753329, "13101_13119": 0.0007663927852139662, "13101_13120": 0.0005204341704243677, "13101_13121": 0.0014579286007093588, "13101_13122": 0.0007913451084534907, "13101_13123": 0.00140802395423031, "13102_13101": 0.013370880638779475, "13102_13103": 0.007549860088758979, "13102_13104": 0.0011763238098632968, "13102_13105": 0.0006986650507066855, "13102_13106": 0.0023205660612757766, "13102_13107": 0.002898034113390486, "13102_13108": 0.0095816921239774, "13102_13109": 0.0008982836366228813, "13102_13110": 0.00031725096690252553, "13102_13111": 0.000745005079580088, "13102_13112": 0.0005204341704243677, "13102_13113": 0.0009125421070454667, "13102_13114": 0.00018892473309925676, "13102_13115": 0.00017823088028231772, "13102_13116": 0.0003350740549307573, "13102_13117": 0.00020674782112748856, "13102_13118": 0.0003208155845081719, "13102_13119": 0.00014614932183150054, "13102_13120": 0.00021387705633878125, "13102_13121": 0.0006808419626784536, "13102_13122": 0.0004847879943679042, "13102_13123": 0.0009945283119753329, "13103_13101": 0.009542481330315291, "13103_13102": 0.007182704475377404, "13103_13104": 0.005182953998609799, "13103_13105": 0.0009125421070454667, "13103_13106": 0.001308214661272212, "13103_13107": 0.0007984743436647833, "13103_13108": 0.0035182775767729517, "13103_13109": 0.01054057425989627, "13103_13110": 0.002224321385923325, "13103_13111": 0.0033364820788849875, "13103_13112": 0.0019747981535280803, "13103_13113": 0.01060830199440355, "13103_13114": 0.0004384479654945016, "13103_13115": 0.0004455772007057943, "13103_13116": 0.0006879711978897464, "13103_13117": 0.0004669649063396724, "13103_13118": 0.00037072023098722083, "13103_13119": 0.00037072023098722083, "13103_13120": 0.0002566524676065375, "13103_13121": 0.0006879711978897464, "13103_13122": 0.0004740941415509651, "13103_13123": 0.0006024203753542339, "13104_13101": 0.007863546438055858, "13104_13102": 0.0012690038676101021, "13104_13103": 0.004730247562692712, "13104_13105": 0.004944124619031493, "13104_13106": 0.0010087867823979182, "13104_13107": 0.0005952911401429412, "13104_13108": 0.0012262284563423459, "13104_13109": 0.0008269912845099542, "13104_13110": 0.0007414404619744417, "13104_13111": 0.0003814140838041599, "13104_13112": 0.0024702800007129237, "13104_13113": 0.01387349172117561, "13104_13114": 0.011064573047926284, "13104_13115": 0.0036002637817028177, "13104_13116": 0.008679843869748873, "13104_13117": 0.0010444329584543817, "13104_13118": 0.0003885433190154526, "13104_13119": 0.0013438608373286755, "13104_13120": 0.002562960058459729, "13104_13121": 0.0004206248774662698, "13104_13122": 0.00020674782112748856, "13104_13123": 0.000563209581692124, "13105_13101": 0.005731905109879338, "13105_13102": 0.000673712727467161, "13105_13103": 0.0009089774894398203, "13105_13104": 0.004213378009873991, "13105_13106": 0.004844315326073396, "13105_13107": 0.0004455772007057943, "13105_13108": 0.0006273726985937583, "13105_13109": 0.00012119699859197605, "13105_13110": 7.129235211292708e-05, "13105_13111": 9.268005774680521e-05, "13105_13112": 0.00018892473309925676, "13105_13113": 0.00032438020211381823, "13105_13114": 0.00026021708521218386, "13105_13115": 0.00012832623380326874, "13105_13116": 0.007642540146505784, "13105_13117": 0.0022385798563459105, "13105_13118": 0.0012012761331028213, "13105_13119": 0.0011085960753560162, "13105_13120": 0.00039923717183239167, "13105_13121": 0.0008483789901438323, "13105_13122": 0.0001639724098597323, "13105_13123": 0.00020318320352184218, "13106_13101": 0.005942217548612473, "13106_13102": 0.0022884845028249595, "13106_13103": 0.0013759423957794927, "13106_13104": 0.0009873990767640401, "13106_13105": 0.004844315326073396, "13106_13107": 0.007050813623968488, "13106_13108": 0.0010800791345108455, "13106_13109": 0.00035646176056463544, "13106_13110": 5.703388169034167e-05, "13106_13111": 0.0002851694084517083, "13106_13112": 0.00012832623380326874, "13106_13113": 0.0005489511112695386, "13106_13114": 0.00014971393943714688, "13106_13115": 0.00012119699859197605, "13106_13116": 0.0008305559021156005, "13106_13117": 0.0014472347478924198, "13106_13118": 0.00722547988664516, "13106_13119": 0.0002780401732404156, "13106_13120": 0.0001176323809863297, "13106_13121": 0.002705544762685583, "13106_13122": 0.0012618746323988094, "13106_13123": 0.00046340028873402604, "13107_13101": 0.0020532197408523, "13107_13102": 0.0024881030887411552, "13107_13103": 0.0007984743436647833, "13107_13104": 0.0006808419626784536, "13107_13105": 0.0004598356711283797, "13107_13106": 0.005977863724668936, "13107_13108": 0.010091432441584829, "13107_13109": 0.00031012173169123284, "13107_13110": 7.129235211292708e-05, "13107_13111": 0.0002174416739444276, "13107_13112": 0.00015684317464843958, "13107_13113": 0.0003814140838041599, "13107_13114": 0.00011050314577503699, "13107_13115": 0.00010337391056374428, "13107_13116": 0.00020674782112748856, "13107_13117": 0.00026734632042347655, "13107_13118": 0.001147806869018126, "13107_13119": 6.772773450728073e-05, "13107_13120": 5.703388169034167e-05, "13107_13121": 0.0017038872154989573, "13107_13122": 0.004562710535227333, "13107_13123": 0.0036644268986044523, "13108_13101": 0.0032224143155043044, "13108_13102": 0.008768959309890032, "13108_13103": 0.0038497870140980625, "13108_13104": 0.0010016575471866256, "13108_13105": 0.0006095496105655266, "13108_13106": 0.0012155346035254068, "13108_13107": 0.009506835154258826, "13108_13109": 0.0012903915732439802, "13108_13110": 0.0002174416739444276, "13108_13111": 0.0012226638387366996, "13108_13112": 0.00040636640704368437, "13108_13113": 0.0008626374605664178, "13108_13114": 0.00018892473309925676, "13108_13115": 0.00024595861478959847, "13108_13116": 0.00035646176056463544, "13108_13117": 0.00016040779225408595, "13108_13118": 0.0002423939971839521, "13108_13119": 0.00015684317464843958, "13108_13120": 0.00016040779225408595, "13108_13121": 0.0006487604042276365, "13108_13122": 0.0009873990767640401, "13108_13123": 0.01292530343807368, "13109_13101": 0.0010337391056374427, "13109_13102": 0.0008947190190172349, "13109_13103": 0.009674372181724206, "13109_13104": 0.0009018482542285277, "13109_13105": 0.00017466626267667137, "13109_13106": 0.00036002637817028176, "13109_13107": 0.00020318320352184218, "13109_13108": 0.0012440515443705776, "13109_13110": 0.0050831447056517015, "13109_13111": 0.013452866843709341, "13109_13112": 0.001286826955638334, "13109_13113": 0.002120947475359581, "13109_13114": 0.00018892473309925676, "13109_13115": 0.00023882937957830574, "13109_13116": 0.00039923717183239167, "13109_13117": 0.00014614932183150054, "13109_13118": 0.00014258470422585416, "13109_13119": 0.00023882937957830574, "13109_13120": 9.268005774680521e-05, "13109_13121": 0.0001639724098597323, "13109_13122": 0.00014971393943714688, "13109_13123": 0.00021387705633878125, "13110_13101": 0.000392107936621099, "13110_13102": 0.00024595861478959847, "13110_13103": 0.0018749888605699824, "13110_13104": 0.0006558896394389292, "13110_13105": 5.3469264084695314e-05, "13110_13106": 4.990464647904896e-05, "13110_13107": 6.416311690163437e-05, "13110_13108": 0.0001960539683105495, "13110_13109": 0.005008287735933128, "13110_13111": 0.0028623879373340226, "13110_13112": 0.011766802716238615, "13110_13113": 0.006797725773967598,