{"13101_13102": 0.03216224490105207, "13101_13103": 0.02880083413908178, "13101_13104": 0.02598803956098581, "13101_13105": 0.01791337926352066, "13101_13106": 0.016461516544869832, "13101_13107": 0.004340433012751537, "13101_13108": 0.006865279870029492, "13101_13109": 0.002712770632969711, "13101_13110": 0.0009668981362204891, "13101_13111": 0.0020792856471700803, "13101_13112": 0.0029340357237035534, "13101_13113": 0.0053103621776122165, "13101_13114": 0.0016700967807444813, "13101_13115": 0.0020520063894083735, "13101_13116": 0.003246231673643084, "13101_13117": 0.0028037014921753994, "13101_13118": 0.00223993016510013, "13101_13119": 0.0018186171841137726, "13101_13120": 0.0012245355706366069, "13101_13121": 0.0032037972726804294, "13101_13122": 0.0017095001530669464, "13101_13123": 0.0025884984587219366, "13102_13101": 0.03614198550562104, "13102_13103": 0.019340993753049974, "13102_13104": 0.002746111948011797, "13102_13105": 0.001415490374968553, "13102_13106": 0.005765016473640659, "13102_13107": 0.007577571600474053, "13102_13108": 0.021471806887103276, "13102_13109": 0.0020489753607681837, "13102_13110": 0.0006152988139584931, "13102_13111": 0.0015246074060153794, "13102_13112": 0.0009396188784587825, "13102_13113": 0.0019095480433194614, "13102_13114": 0.00046677841058920163, "13102_13115": 0.0004273750382667366, "13102_13116": 0.0008911224202157486, "13102_13117": 0.0005698333843556488, "13102_13118": 0.000912339620697076, "13102_13119": 0.0005031507542714772, "13102_13120": 0.0004819335537901498, "13102_13121": 0.0018155861554735831, "13102_13122": 0.0013124354012021059, "13102_13123": 0.002288426623343164, "13103_13101": 0.02711861324377654, "13103_13102": 0.01935614889625092, "13103_13104": 0.010429769550892486, "13103_13105": 0.001633724437062206, "13103_13106": 0.0025642502296004195, "13103_13107": 0.0017549655826697907, "13103_13108": 0.005492223896023594, "13103_13109": 0.024072429460385972, "13103_13110": 0.004194943638022436, "13103_13111": 0.006780411068104182, "13103_13112": 0.0034856829362180644, "13103_13113": 0.023081283095043967, "13103_13114": 0.0008335328760521459, "13103_13115": 0.0009365878498185929, "13103_13116": 0.0011942252842347108, "13103_13117": 0.0014306455181695012, "13103_13118": 0.0009365878498185929, "13103_13119": 0.0007698812746081637, "13103_13120": 0.0005001197256312875, "13103_13121": 0.0012063493987954693, "13103_13122": 0.0008517190478932835, "13103_13123": 0.0012518148283983135, "13104_13101": 0.019492545185059454, "13104_13102": 0.00312195949939531, "13104_13103": 0.008905162144877106, "13104_13105": 0.010851082531878845, "13104_13106": 0.001648879580263154, "13104_13107": 0.000991146365342006, "13104_13108": 0.0021338441626934934, "13104_13109": 0.0016670657521042917, "13104_13110": 0.0011002633963888325, "13104_13111": 0.0006547021862809582, "13104_13112": 0.0038039409434379745, "13104_13113": 0.025051451711167218, "13104_13114": 0.020529156980004303, "13104_13115": 0.00568317870035554, "13104_13116": 0.01567041806978034, "13104_13117": 0.0017943689549922558, "13104_13118": 0.0006183298425986827, "13104_13119": 0.0023702643966282836, "13104_13120": 0.0048466147956632046, "13104_13121": 0.0008729362483746109, "13104_13122": 0.0004122198950657885, "13104_13123": 0.0008153467042110081, "13105_13101": 0.013297122644511867, "13105_13102": 0.0015731038642584133, "13105_13103": 0.0017670896972305492, "13105_13104": 0.008274708187717666, "13105_13106": 0.009253730438498914, "13105_13107": 0.0007304779022856987, "13105_13108": 0.0008456569906129043, "13105_13109": 0.0002576374344161178, "13105_13110": 0.0001151790883272056, "13105_13111": 0.00018186171841137728, "13105_13112": 0.00033947520770123755, "13105_13113": 0.000624391899879062, "13105_13114": 0.0003425062363414272, "13105_13115": 0.00020610994753289424, "13105_13116": 0.0156825421843411, "13105_13117": 0.004919359483027755, "13105_13118": 0.00255818817232004, "13105_13119": 0.002064130503969132, "13105_13120": 0.0009032465347765071, "13105_13121": 0.0015700728356182238, "13105_13122": 0.0004304060669069262, "13105_13123": 0.00032432006450028945, "13106_13101": 0.011672491293370231, "13106_13102": 0.004795087308779981, "13106_13103": 0.0025096917140770064, "13106_13104": 0.0015640107783378445, "13106_13105": 0.0077503402329648615, "13106_13107": 0.011105688937654772, "13106_13108": 0.0017246552962678944, "13106_13109": 0.0006910745299632336, "13106_13110": 0.00012124114560758484, "13106_13111": 0.0005273989833929941, "13106_13112": 0.00018489274705156688, "13106_13113": 0.0007031986445239922, "13106_13114": 0.00018186171841137728, "13106_13115": 0.00013336526016834334, "13106_13116": 0.00120028734151509, "13106_13117": 0.002609715659203264, "13106_13118": 0.013694187396376708, "13106_13119": 0.0003425062363414272, "13106_13120": 0.0002030789188927046, "13106_13121": 0.0045222947311629146, "13106_13122": 0.002264178394221647, "13106_13123": 0.0008335328760521459, "13107_13101": 0.004113105864737316, "13107_13102": 0.00544675846642075, "13107_13103": 0.001800431012272635, "13107_13104": 0.0009699291648606787, "13107_13105": 0.0006971365872436129, "13107_13106": 0.00855053179397492, "13107_13108": 0.014788388735485162, "13107_13109": 0.0005061817829116668, "13107_13110": 0.00010911703104682636, "13107_13111": 0.00032432006450028945, "13107_13112": 0.0001879237756917565, "13107_13113": 0.0005334610406733734, "13107_13114": 7.880674464493015e-05, "13107_13115": 0.00014852040336929144, "13107_13116": 0.0002697615489768763, "13107_13117": 0.0003364441790610479, "13107_13118": 0.001479141976412535, "13107_13119": 0.00015458246064967068, "13107_13120": 4.546542960284432e-05, "13107_13121": 0.002352078224787146, "13107_13122": 0.009444685242830859, "13107_13123": 0.005834730132365021, "13108_13101": 0.006750100781702286, "13108_13102": 0.017476911139333355, "13108_13103": 0.005592247841149851, "13108_13104": 0.0020126030170859086, "13108_13105": 0.0009153706493372656, "13108_13106": 0.0018822687855577548, "13108_13107": 0.014324641353536149, "13108_13109": 0.0024036057116703694, "13108_13110": 0.000287947720818014, "13108_13111": 0.0021247510767729246, "13108_13112": 0.0005455851552341318, "13108_13113": 0.0013306215730432436, "13108_13114": 0.0003728165227433234, "13108_13115": 0.00026369949169649705, "13108_13116": 0.0007122917304445609, "13108_13117": 0.000375847551383513, "13108_13118": 0.0005092128115518563, "13108_13119": 0.0003425062363414272, "13108_13120": 0.00018186171841137728, "13108_13121": 0.0010578289954261777, "13108_13122": 0.0016034141506603096, "13108_13123": 0.021620327290472568, "13109_13101": 0.002779453263053883, "13109_13102": 0.002185371649576717, "13109_13103": 0.020447319206719185, "13109_13104": 0.0017155622103473256, "13109_13105": 0.00035463035090218566, "13109_13106": 0.0006698573294819063, "13109_13107": 0.0004728404678695809, "13109_13108": 0.002497567599516248, "13109_13110": 0.008835448486152746, "13109_13111": 0.026351762997808566, "13109_13112": 0.002015634045726098, "13109_13113": 0.004128261007938264, "13109_13114": 0.0003819096086638923, "13109_13115": 0.0004213129809863573, "13109_13116": 0.00080019156101006, "13109_13117": 0.0004213129809863573, "13109_13118": 0.00021823406209365271, "13109_13119": 0.0003031028640189621, "13109_13120": 0.00018489274705156688, "13109_13121": 0.00031825800721991024, "13109_13122": 0.000200047890252515, "13109_13123": 0.00043646812418730543, "13110_13101": 0.0010184256231037126, "13110_13102": 0.0006637952722015271, "13110_13103": 0.0036190481963864077, "13110_13104": 0.0010457048808654194, "13110_13105": 0.00010305497376644712, "13110_13106": 8.789983056549902e-05, "13110_13107": 7.880674464493015e-05, "13110_13108": 0.00024854434849554894, "13110_13109": 0.007844302120810739, "13110_13111": 0.004125229979298074, "13110_13112": 0.01983202039276069, "13110_13113": 0.011402729744393355, "13110_13114": 0.0003000718353787725, "13110_13115": 0.0005031507542714772,