{"13101_13102": 0.026060869985967967, "13101_13103": 0.02186819567426332, "13101_13104": 0.01679489040499347, "13101_13105": 0.014886050224996372, "13101_13106": 0.014269124691537233, "13101_13107": 0.003798325833454299, "13101_13108": 0.004993467847292786, "13101_13109": 0.0010935307495040403, "13101_13110": 0.00048386316349736296, "13101_13111": 0.0006701504814438477, "13101_13112": 0.0010354671698843568, "13101_13113": 0.0036144578313253013, "13101_13114": 0.0007233754294285576, "13101_13115": 0.0008322446412154643, "13101_13116": 0.0013257850679827745, "13101_13117": 0.0015459428073740745, "13101_13118": 0.001969323075434267, "13101_13119": 0.0006411186916340059, "13101_13120": 0.0003120917404557991, "13101_13121": 0.0019112594958145836, "13101_13122": 0.0006169255334591378, "13101_13123": 0.0015701359655489427, "13102_13101": 0.02982048676634248, "13102_13103": 0.013874776213286883, "13102_13104": 0.001004016064257028, "13102_13105": 0.0006556345865389268, "13102_13106": 0.004279769681134175, "13102_13107": 0.005712004645086369, "13102_13108": 0.015856195867808585, "13102_13109": 0.0008709536942952533, "13102_13110": 0.00021531910775632652, "13102_13111": 0.0005782164803793487, "13102_13112": 0.00031693037209077273, "13102_13113": 0.00147336333284947, "13102_13114": 0.00020806116030386607, "13102_13115": 0.00021048047612135288, "13102_13116": 0.00028789858228093096, "13102_13117": 0.00022257705520878696, "13102_13118": 0.0006822470605312818, "13102_13119": 0.00012580442250931438, "13102_13120": 0.00023951226593119465, "13102_13121": 0.000849179851937872, "13102_13122": 0.0006120869018241641, "13102_13123": 0.0013548168577926162, "13103_13101": 0.020539991290463057, "13103_13102": 0.013915904582184158, "13103_13104": 0.00516523927033435, "13103_13105": 0.0011661102240286447, "13103_13106": 0.0009362752213673973, "13103_13107": 0.001347558910340156, "13103_13108": 0.0030870469831131755, "13103_13109": 0.0179634199448396, "13103_13110": 0.0019088401799970968, "13103_13111": 0.0034959113562684475, "13103_13112": 0.0015169110175642327, "13103_13113": 0.01766584409928872, "13103_13114": 0.0002806406348284705, "13103_13115": 0.0003120917404557991, "13103_13116": 0.0005709585329268883, "13103_13117": 0.00065321527072144, "13103_13118": 0.00025160884501862875, "13103_13119": 0.00031693037209077273, "13103_13120": 0.0002322543184787342, "13103_13121": 0.0005298301640296124, "13103_13122": 0.00037499395171045627, "13103_13123": 0.0005927323752842696, "13104_13101": 0.013248173416557797, "13104_13102": 0.0010282092224318962, "13104_13103": 0.004006386993758165, "13104_13105": 0.00831760778051967, "13104_13106": 0.0007886969565007016, "13104_13107": 0.0004959597425847971, "13104_13108": 0.00065321527072144, "13104_13109": 0.0006193448492766246, "13104_13110": 0.00045241205787003436, "13104_13111": 0.00025644747665360236, "13104_13112": 0.0017733584942178351, "13104_13113": 0.0231746262157062, "13104_13114": 0.013751391106595056, "13104_13115": 0.003079789035660715, "13104_13116": 0.01208448250834664, "13104_13117": 0.0010620796438767116, "13104_13118": 0.00023951226593119465, "13104_13119": 0.0014007838583248657, "13104_13120": 0.0017661005467653748, "13104_13121": 0.00034354284608312767, "13104_13122": 0.0001620941597716166, "13104_13123": 0.0004185416364252189, "13105_13101": 0.010865147336333284, "13105_13102": 0.0005903130594667828, "13105_13103": 0.0010475637489717907, "13105_13104": 0.00582571248850825, "13105_13106": 0.006662795761358688, "13105_13107": 0.00041612232060773215, "13105_13108": 0.00037015532007548266, "13105_13109": 0.00014273963323172207, "13105_13110": 5.080563216722311e-05, "13105_13111": 0.00017419073885905067, "13105_13112": 0.000130643054144288, "13105_13113": 0.00032176900372574634, "13105_13114": 0.0002588667924710892, "13105_13115": 0.0002322543184787342, "13105_13116": 0.010136933275269754, "13105_13117": 0.0035684908307930517, "13105_13118": 0.0019257753907195045, "13105_13119": 0.0008975661682876083, "13105_13120": 0.0004185416364252189, "13105_13121": 0.001110465960226448, "13105_13122": 0.00016935210722407703, "13105_13123": 0.0001983838970339188, "13106_13101": 0.009863550587893743, "13106_13102": 0.0033507524072192386, "13106_13103": 0.0010862728020515798, "13106_13104": 0.0006435380074514927, "13106_13105": 0.005230560797406494, "13106_13107": 0.008484540571926259, "13106_13108": 0.0009072434315575555, "13106_13109": 0.00012580442250931438, "13106_13110": 4.354768471476267e-05, "13106_13111": 0.00014273963323172207, "13106_13112": 5.806357961968355e-05, "13106_13113": 0.0007862776406832148, "13106_13114": 0.00012096579087434074, "13106_13115": 7.499879034209125e-05, "13106_13116": 0.0005854744278318091, "13106_13117": 0.0024483476072966566, "13106_13118": 0.01198529055982968, "13106_13119": 6.048289543717037e-05, "13106_13120": 6.048289543717037e-05, "13106_13121": 0.0029612425606038613, "13106_13122": 0.0010354671698843568, "13106_13123": 0.0003943484782503508, "13107_13101": 0.0026273769777906807, "13107_13102": 0.003367687617941646, "13107_13103": 0.001057241012241738, "13107_13104": 0.0004766052160449025, "13107_13105": 0.00033386558281318045, "13107_13106": 0.00621280301930614, "13107_13108": 0.01253931388203416, "13107_13109": 0.00023951226593119465, "13107_13110": 2.419315817486815e-05, "13107_13111": 9.67726326994726e-05, "13107_13112": 0.00010886921178690666, "13107_13113": 0.00021531910775632652, "13107_13114": 0.00012822373832680118, "13107_13115": 4.354768471476267e-05, "13107_13116": 7.016015870711763e-05, "13107_13117": 7.983742197706489e-05, "13107_13118": 0.0008007935355881356, "13107_13119": 3.1451105627328594e-05, "13107_13120": 3.8709053079789036e-05, "13107_13121": 0.001671747229883389, "13107_13122": 0.0055305559587748585, "13107_13123": 0.0038709053079789037, "13108_13101": 0.004879760003870906, "13108_13102": 0.01198529055982968, "13108_13103": 0.0033096240383219625, "13108_13104": 0.0006822470605312818, "13108_13105": 0.00042096095224270576, "13108_13106": 0.00092659795809745, "13108_13107": 0.011820777084240577, "13108_13109": 0.001422557700682247, "13108_13110": 0.00016693279140659023, "13108_13111": 0.001095950065321527, "13108_13112": 0.0001935452653989452, "13108_13113": 0.0006314414283640587, "13108_13114": 0.00011128852760439348, "13108_13115": 9.193400106449896e-05, "13108_13116": 0.00021289979193883968, "13108_13117": 0.00012338510669182754, "13108_13118": 0.00021531910775632652, "13108_13119": 0.00010161126433444622, "13108_13120": 0.00015725552813664295, "13108_13121": 0.0006290221125465718, "13108_13122": 0.0008370832728504378, "13108_13123": 0.01395945226689892, "13109_13101": 0.0011540136449412106, "13109_13102": 0.0009919194851695941, "13109_13103": 0.015498137126820535, "13109_13104": 0.00065321527072144, "13109_13105": 0.00018628731794648475, "13109_13106": 0.00011854647505685392, "13109_13107": 0.0001983838970339188, "13109_13108": 0.001345139594522669, "13109_13110": 0.007265205399912904, "13109_13111": 0.016175545555716844, "13109_13112": 0.000822567377945517, "13109_13113": 0.0026709246625054436, "13109_13114": 9.435331688198578e-05, "13109_13115": 0.0001645134755891034, "13109_13116": 0.00033386558281318045, "13109_13117": 0.0001499975806841825, "13109_13118": 6.290221125465719e-05, "13109_13119": 0.00021048047612135288, "13109_13120": 6.048289543717037e-05, "13109_13121": 0.00020806116030386607, "13109_13122": 7.983742197706489e-05, "13109_13123": 0.0001935452653989452, "13110_13101": 0.0004427347946000871, "13110_13102": 0.00025402816083611553, "13110_13103": 0.0017491653360429671, "13110_13104": 0.0004911211109498234, "13110_13105": 6.290221125465719e-05, "13110_13106": 3.8709053079789036e-05, "13110_13107": 4.112836889727585e-05, "13110_13108": 0.00012338510669182754, "13110_13109": 0.006089417912614313, "13110_13111": 0.0025112498185513137, "13110_13112": 0.012972371413364301, "13110_13113": 0.00784584119610974, "13110_13114": 9.91919485169594e-05,