{"13101_13102": 0.026706202510656144, "13101_13103": 0.023919835874226598, "13101_13104": 0.021871515009640113, "13101_13105": 0.01572004980996134, "13101_13106": 0.014968998826279632, "13101_13107": 0.0037324957976909248, "13101_13108": 0.0059303765984218175, "13101_13109": 0.002191378194811571, "13101_13110": 0.0008680978902295094, "13101_13111": 0.0018369861722085125, "13101_13112": 0.0026140475795675116, "13101_13113": 0.004275463391954326, "13101_13114": 0.001586635844314609, "13101_13115": 0.0018825044136437678, "13101_13116": 0.0027928692423488713, "13101_13117": 0.0023799537664719135, "13101_13118": 0.0019052635343613953, "13101_13119": 0.00161914887391122, "13101_13120": 0.0012582542453888396, "13101_13121": 0.0026758223358010723, "13101_13122": 0.0014338246052105381, "13101_13123": 0.002516508490777679, "13102_13101": 0.029583605629956204, "13102_13103": 0.016721451121536956, "13102_13104": 0.0022271425273678426, "13102_13105": 0.001193228186195618, "13102_13106": 0.005150063888103158, "13102_13107": 0.0068960135774411594, "13102_13108": 0.019319242186306162, "13102_13109": 0.001664667115346475, "13102_13110": 0.0005949884416179784, "13102_13111": 0.001316777698662739, "13102_13112": 0.0007965692251169657, "13102_13113": 0.001586635844314609, "13102_13114": 0.0004519311113928907, "13102_13115": 0.00037715114332068577, "13102_13116": 0.0007217892570447607, "13102_13117": 0.000503951958747468, "13102_13118": 0.0007640561955203548, "13102_13119": 0.0003251302959661084, "13102_13120": 0.0003901563551593301, "13102_13121": 0.0016093949650322367, "13102_13122": 0.0010891864914864633, "13102_13123": 0.001973540896514278, "13103_13101": 0.02281439286794183, "13103_13102": 0.016106954862161012, "13103_13104": 0.00950680985404901, "13103_13105": 0.0014110654844929106, "13103_13106": 0.0021361060444973325, "13103_13107": 0.001544368905839015, "13103_13108": 0.004805425774379082, "13103_13109": 0.021777227223809942, "13103_13110": 0.0036902288592153307, "13103_13111": 0.005585738484697743, "13103_13112": 0.0032187899300644735, "13103_13113": 0.02096765278685433, "13103_13114": 0.0006405066830532335, "13103_13115": 0.0008193283458345932, "13103_13116": 0.0010989404003654464, "13103_13117": 0.0013005211838644337, "13103_13118": 0.0008355848606328986, "13103_13119": 0.000581983229779334, "13103_13120": 0.00033813550780475277, "13103_13121": 0.0011704690654779904, "13103_13122": 0.0007412970748027272, "13103_13123": 0.0011769716713973125, "13104_13101": 0.016653173759384073, "13104_13102": 0.0025587754292532732, "13104_13103": 0.007728347135114397, "13104_13105": 0.010173326960779532, "13104_13106": 0.0014338246052105381, "13104_13107": 0.0008680978902295094, "13104_13108": 0.0018694992018051233, "13104_13109": 0.0014500811200088436, "13104_13110": 0.001007903917494936, "13104_13111": 0.0006275014712145892, "13104_13112": 0.0035374176201112594, "13104_13113": 0.023045235378077764, "13104_13114": 0.018903075407469543, "13104_13115": 0.005130556070345191, "13104_13116": 0.014679632862869794, "13104_13117": 0.0016061436620725756, "13104_13118": 0.0005722293209003508, "13104_13119": 0.002207634709609876, "13104_13120": 0.004509557205049924, "13104_13121": 0.0007608048925606937, "13104_13122": 0.00037389984036102466, "13104_13123": 0.0007120353481657774, "13105_13101": 0.011620156777828714, "13105_13102": 0.001391557666734944, "13105_13103": 0.0015736306324759647, "13105_13104": 0.007715341923275752, "13105_13106": 0.008628958054940518, "13105_13107": 0.0006535118948918779, "13105_13108": 0.000887605707987476, "13105_13109": 0.00029911987228881977, "13105_13110": 0.00011054430062847686, "13105_13111": 0.00016906775390237639, "13105_13112": 0.00024059641901492024, "13105_13113": 0.000581983229779334, "13105_13114": 0.0003934076581189912, "13105_13115": 0.00023084251013593698, "13105_13116": 0.014770669345740305, "13105_13117": 0.004584337173122129, "13105_13118": 0.0024872467641407292, "13105_13119": 0.0018434887781278346, "13105_13120": 0.0008615952843101873, "13105_13121": 0.0012029820950746012, "13105_13122": 0.00041941808179627983, "13105_13123": 0.0002666068426922089, "13106_13101": 0.010504959862664963, "13106_13102": 0.004194180817962799, "13106_13103": 0.0022889172836014033, "13106_13104": 0.001235495124671212, "13106_13105": 0.007123604784617436, "13106_13107": 0.010628509375132085, "13106_13108": 0.0015703793295163036, "13106_13109": 0.000617747562335606, "13106_13110": 7.803127103186602e-05, "13106_13111": 0.0004486798084332296, "13106_13112": 0.0001820729657410207, "13106_13113": 0.0006079936534566227, "13106_13114": 0.0001820729657410207, "13106_13115": 0.00011704690654779903, "13106_13116": 0.00107943258260748, "13106_13117": 0.00237019985759293, "13106_13118": 0.01304747877711993, "13106_13119": 0.0003316329018854306, "13106_13120": 0.0001820729657410207, "13106_13121": 0.004200683423882121, "13106_13122": 0.0020613260764251276, "13106_13123": 0.0007347944688834051, "13107_13101": 0.0035731819526675316, "13107_13102": 0.004763158835903488, "13107_13103": 0.001622400176870881, "13107_13104": 0.0009331239494227312, "13107_13105": 0.0006112449564162838, "13107_13106": 0.008216042579063559, "13107_13108": 0.014308984325468432, "13107_13109": 0.0004876954439491626, "13107_13110": 4.2266938475594096e-05, "13107_13111": 0.0003251302959661084, "13107_13112": 0.0001658164509427153, "13107_13113": 0.000464936323231535, "13107_13114": 0.0001268008154267823, "13107_13115": 0.0001235495124671212, "13107_13116": 0.0002503503278939035, "13107_13117": 0.00029911987228881977, "13107_13118": 0.001466337634807149, "13107_13119": 0.00011379560358813794, "13107_13120": 5.202084735457735e-05, "13107_13121": 0.0023409381309559807, "13107_13122": 0.009097145681131713, "13107_13123": 0.005621502817254015, "13108_13101": 0.006060428716808261, "13108_13102": 0.015463196876148116, "13108_13103": 0.00482818489509671, "13108_13104": 0.001820729657410207, "13108_13105": 0.0008778517991084927, "13108_13106": 0.0016711697212657972, "13108_13107": 0.01379852976080164, "13108_13109": 0.0023897076753508968, "13108_13110": 0.0002503503278939035, "13108_13111": 0.002015807834989872, "13108_13112": 0.0005104545646667902, "13108_13113": 0.0010534221589301913, "13108_13114": 0.000347889416683736, "13108_13115": 0.0002243399042166148, "13108_13116": 0.0006827736215288277, "13108_13117": 0.00033813550780475277, "13108_13118": 0.000386905052199669, "13108_13119": 0.0002666068426922089, "13108_13120": 0.00019832948053932612, "13108_13121": 0.0008941083139067981, "13108_13122": 0.0013785524548962998, "13108_13123": 0.020827846759588906, "13109_13101": 0.0022303938303275036, "13109_13102": 0.0017622062041363076, "13109_13103": 0.018246312209618004, "13109_13104": 0.0013818037578559607, "13109_13105": 0.0002926172663694976, "13109_13106": 0.0005689780179406898, "13109_13107": 0.0003641459314820414, "13109_13108": 0.0021686190740939433, "13109_13110": 0.008138011308031694, "13109_13111": 0.024612363404634408, "13109_13112": 0.0018825044136437678, "13109_13113": 0.0035731819526675316, "13109_13114": 0.0003251302959661084, "13109_13115": 0.0003706485374013636, "13109_13116": 0.0006762710156095055, "13109_13117": 0.000386905052199669, "13109_13118": 0.00017557035982169853, "13109_13119": 0.00029586856932915865, "13109_13120": 0.00021133469237797047, "13109_13121": 0.00026985814565187, "13109_13122": 0.00021133469237797047, "13109_13123": 0.00037715114332068577, "13110_13101": 0.0007575535896010326, "13110_13102": 0.0006502605919322168, "13110_13103": 0.0032252925359837954, "13110_13104": 0.0011672177625183292, "13110_13105": 0.0001040416947091547, "13110_13106": 7.152866511254385e-05, "13110_13107": 4.2266938475594096e-05, "13110_13108": 0.0002828633574905143, "13110_13109": 0.007022814392867942, "13110_13111": 0.00413890866764856, "13110_13112": 0.018574693808543773, "13110_13113": 0.010092044386788006, "13110_13114": 0.00021133469237797047, "13110_13115": 0.0004714389291508572,