{"13101_13102": 0.0157004860732245, "13101_13103": 0.014231651291216861, "13101_13104": 0.011849423451490189, "13101_13105": 0.00918824043467635, "13101_13106": 0.00853652214484439, "13101_13107": 0.002794489030643103, "13101_13108": 0.005455672047456941, "13101_13109": 0.0020933981430966, "13101_13110": 0.0006517182898319603, "13101_13111": 0.0020366196557248762, "13101_13112": 0.0025673750811562074, "13101_13113": 0.0036313545619045973, "13101_13114": 0.0013774954762357345, "13101_13115": 0.0017453213292090756, "13101_13116": 0.002416788658126853, "13101_13117": 0.0025500946719561176, "13101_13118": 0.0017058232510374417, "13101_13119": 0.0015774544969796313, "13101_13120": 0.0011849423451490188, "13101_13121": 0.003224030630759622, "13101_13122": 0.001429336703836004, "13101_13123": 0.0025673750811562074, "13102_13101": 0.017045889360945782, "13102_13103": 0.009842427354394038, "13102_13104": 0.0019378744602957913, "13102_13105": 0.0010787912600627525, "13102_13106": 0.003710350718247865, "13102_13107": 0.0043472572287654625, "13102_13108": 0.01324666796681174, "13102_13109": 0.001673731062522989, "13102_13110": 0.0005480358346314213, "13102_13111": 0.0014614288923504566, "13102_13112": 0.0010047323634909389, "13102_13113": 0.001594734906179721, "13102_13114": 0.0005307554254313314, "13102_13115": 0.0004715083081738804, "13102_13116": 0.0007751497841183165, "13102_13117": 0.0006714673289177774, "13102_13118": 0.0007529321151467724, "13102_13119": 0.00030857873571589034, "13102_13120": 0.00034313955411607004, "13102_13121": 0.0019008450120098844, "13102_13122": 0.0011108834485772051, "13102_13123": 0.0021304275913825066, "13103_13101": 0.013686084086471168, "13103_13102": 0.009936235290051668, "13103_13104": 0.005196465909455593, "13103_13105": 0.001409587664750187, "13103_13106": 0.0023180434626977682, "13103_13107": 0.0015749858670939042, "13103_13108": 0.004584245697795267, "13103_13109": 0.012797377327609404, "13103_13110": 0.00241925728801258, "13103_13111": 0.0058309037900874635, "13103_13112": 0.002752522322585742, "13103_13113": 0.011990135354976634, "13103_13114": 0.00070355951743223, "13103_13115": 0.00070355951743223, "13103_13116": 0.0010936030393771154, "13103_13117": 0.001409587664750187, "13103_13118": 0.0009282048370333981, "13103_13119": 0.0005825966530316009, "13103_13120": 0.0004715083081738804, "13103_13121": 0.0013256542486354648, "13103_13122": 0.0007702125243468622, "13103_13123": 0.0011182893382343866, "13104_13101": 0.010607702618969445, "13104_13102": 0.0020637745844678747, "13104_13103": 0.004934791141568518, "13104_13105": 0.0061073903372889015, "13104_13106": 0.0013799641061214615, "13104_13107": 0.0008541459404615844, "13104_13108": 0.001834192005095252, "13104_13109": 0.0014811779314362736, "13104_13110": 0.0008689577197759471, "13104_13111": 0.0006714673289177774, "13104_13112": 0.0029697617525297287, "13104_13113": 0.013488593695612998, "13104_13114": 0.011202642421429682, "13104_13115": 0.00392018425853467, "13104_13116": 0.009020373602446907, "13104_13117": 0.0016194212050369924, "13104_13118": 0.0005924711725745094, "13104_13119": 0.0019107195315527928, "13104_13120": 0.003443738690589336, "13104_13121": 0.0007134340369751384, "13104_13122": 0.0002987042161729818, "13104_13123": 0.0006072829518888722, "13105_13101": 0.008161290402213868, "13105_13102": 0.00120962864400629, "13105_13103": 0.0014663661521219108, "13105_13104": 0.005319897403741949, "13105_13106": 0.0051298129025409605, "13105_13107": 0.0006171574714317807, "13105_13108": 0.001026950032462483, "13105_13109": 0.000281423806972892, "13105_13110": 0.00012096286440062901, "13105_13111": 0.0001530550529150816, "13105_13112": 0.00027154928742998346, "13105_13113": 0.0005505044645171483, "13105_13114": 0.00041719845068788374, "13105_13115": 0.0002493316184584394, "13105_13116": 0.007660158535411262, "13105_13117": 0.002999385311158454, "13105_13118": 0.001550299568236633, "13105_13119": 0.0019230626809814285, "13105_13120": 0.0009874519542908491, "13105_13121": 0.0013256542486354648, "13105_13122": 0.0003505454437732514, "13105_13123": 0.00036288859320188704, "13106_13101": 0.007082499142151115, "13106_13102": 0.0036511036009904143, "13106_13103": 0.0022637336052117713, "13106_13104": 0.0012984993198924665, "13106_13105": 0.004421316125337277, "13106_13107": 0.006791200815635314, "13106_13108": 0.0017033546211517145, "13106_13109": 0.0006295006208604162, "13106_13110": 8.640204600044929e-05, "13106_13111": 0.0005850652829173281, "13106_13112": 0.0001308373839435375, "13106_13113": 0.0007381203358324096, "13106_13114": 0.00018020998165807996, "13106_13115": 0.00020736491040107828, "13106_13116": 0.0009973264738337576, "13106_13117": 0.001893439122352703, "13106_13118": 0.00792677056306979, "13106_13119": 0.00045175926908806345, "13106_13120": 0.00025426887822989363, "13106_13121": 0.0038165018033341313, "13106_13122": 0.0019477489798386998, "13106_13123": 0.0008788322393188556, "13107_13101": 0.0028093008099574655, "13107_13102": 0.0034684249894466074, "13107_13103": 0.0016959487314945332, "13107_13104": 0.0008763636094331285, "13107_13105": 0.0005900025426887823, "13107_13106": 0.006008645141859816, "13107_13108": 0.0110767422972576, "13107_13109": 0.0005801280231458738, "13107_13110": 5.9247117257450945e-05, "13107_13111": 0.00026908065754425634, "13107_13112": 0.00020736491040107828, "13107_13113": 0.0005381613150885127, "13107_13114": 0.00010121382531481202, "13107_13115": 0.00011849423451490189, "13107_13116": 0.00025426887822989363, "13107_13117": 0.0003357336644588887, "13107_13118": 0.001229377683092107, "13107_13119": 0.00016046094257226296, "13107_13120": 2.9623558628725473e-05, "13107_13121": 0.00243653769721267, "13107_13122": 0.005134750162312415, "13107_13123": 0.004236168883907742, "13108_13101": 0.005495170125628575, "13108_13102": 0.011866703860690279, "13108_13103": 0.004900230323168339, "13108_13104": 0.0018786273430383403, "13108_13105": 0.0010812598899484797, "13108_13106": 0.0017601331085234384, "13108_13107": 0.010933561763885427, "13108_13109": 0.002258796345440317, "13108_13110": 0.0003036414759444361, "13108_13111": 0.0024217259178983073, "13108_13112": 0.0005924711725745094, "13108_13113": 0.0012935620601210122, "13108_13114": 0.0003184532552587988, "13108_13115": 0.00026908065754425634, "13108_13116": 0.0006714673289177774, "13108_13117": 0.000382637632287704, "13108_13118": 0.0005110063863455143, "13108_13119": 0.0003382022943446158, "13108_13120": 0.00017033546211517146, "13108_13121": 0.0012540639819493783, "13108_13122": 0.001594734906179721, "13108_13123": 0.014327927856760219, "13109_13101": 0.0020909295132108727, "13109_13102": 0.001671262432637262, "13109_13103": 0.012997336348353301, "13109_13104": 0.0015231446394936346, "13109_13105": 0.00028882969663007334, "13109_13106": 0.0006591241794891417, "13109_13107": 0.0004048553012592481, "13109_13108": 0.0022020178580685933, "13109_13110": 0.006003707882088362, "13109_13111": 0.01774944887837801, "13109_13112": 0.0018835646028097946, "13109_13113": 0.0027920204007573757, "13109_13114": 0.0003184532552587988, "13109_13115": 0.0003159846253730717, "13109_13116": 0.0007381203358324096, "13109_13117": 0.0004270729702307922, "13109_13118": 0.00020983354028680543, "13109_13119": 0.0003505454437732514, "13109_13120": 0.0001752727218866257, "13109_13121": 0.00022711394948689528, "13109_13122": 0.00016786683222944434, "13109_13123": 0.00045175926908806345, "13110_13101": 0.0007405889657181368, "13110_13102": 0.0006665300691463231, "13110_13103": 0.0023649474305265836, "13110_13104": 0.0008294596416043131, "13110_13105": 0.00010121382531481202, "13110_13106": 7.65275264575408e-05, "13110_13107": 4.937259771454245e-05, "13110_13108": 0.0001974903908581698, "13110_13109": 0.005685254626829563, "13110_13111": 0.003098130506587539, "13110_13112": 0.011138458044400777, "13110_13113": 0.006613459463862961, "13110_13114": 0.0003283277748017073, "13110_13115": 0.0004789141978310618,