{"13101_13102": 0.016808327762391367, "13101_13103": 0.013798854443515307, "13101_13104": 0.011346087102357032, "13101_13105": 0.01015114916692095, "13101_13106": 0.00956882073834586, "13101_13107": 0.002259434302871345, "13101_13108": 0.0030956579263051727, "13101_13109": 0.0005357421542890818, "13101_13110": 0.0001886744108583288, "13101_13111": 0.0002934935280018448, "13101_13112": 0.0005986336245751914, "13101_13113": 0.0022291532245854403, "13101_13114": 0.00041461784114546333, "13101_13115": 0.0003726901942880569, "13101_13116": 0.0007616855845762163, "13101_13117": 0.0007500390160047146, "13101_13118": 0.00104819117143516, "13101_13119": 0.0004309230371455658, "13101_13120": 0.0003051400965733466, "13101_13121": 0.001164656857150178, "13101_13122": 0.00036104362571655514, "13101_13123": 0.0007756614668620184, "13102_13101": 0.0189885653989765, "13102_13103": 0.00903540789777108, "13102_13104": 0.0006359026440039971, "13102_13105": 0.0004565454880028697, "13102_13106": 0.002862726554875137, "13102_13107": 0.003971479882882107, "13102_13108": 0.012256848764648472, "13102_13109": 0.0004285937234312654, "13102_13110": 0.00010947774457211671, "13102_13111": 0.0003424091160021523, "13102_13112": 0.00025622450857303914, "13102_13113": 0.0007849787217192198, "13102_13114": 0.00012578294057221921, "13102_13115": 0.00010947774457211671, "13102_13116": 0.00013277088171512029, "13102_13117": 0.00011646568571501778, "13102_13118": 0.0003307625474306505, "13102_13119": 9.317254857201422e-05, "13102_13120": 0.0001583933325724242, "13102_13121": 0.00044489891943136795, "13102_13122": 0.0002702003908588413, "13102_13123": 0.0006522078400040996, "13103_13101": 0.013272429544083426, "13103_13102": 0.009324242798344325, "13103_13104": 0.0035498741005937423, "13103_13105": 0.0005799991148607886, "13103_13106": 0.0006428905851468982, "13103_13107": 0.0006871475457186049, "13103_13108": 0.002329313714300356, "13103_13109": 0.013139658662368306, "13103_13110": 0.0011250585240070719, "13103_13111": 0.002338630969157557, "13103_13112": 0.0009084323485771388, "13103_13113": 0.012561988861221817, "13103_13114": 0.00017469852857252666, "13103_13115": 0.00021895548914423343, "13103_13116": 0.00025389519485873876, "13103_13117": 0.0002841762731446434, "13103_13118": 0.00013510019542942064, "13103_13119": 0.0001630519600010249, "13103_13120": 0.00017935715600112738, "13103_13121": 0.00025855382228733947, "13103_13122": 0.0002702003908588413, "13103_13123": 0.0004053005862882619, "13104_13101": 0.010111550833777844, "13104_13102": 0.0007011234280044071, "13104_13103": 0.0032354167491631942, "13104_13105": 0.006948342809757961, "13104_13106": 0.00046819205657437147, "13104_13107": 0.00023293137143003557, "13104_13108": 0.00044256960571706757, "13104_13109": 0.00038666607657385904, "13104_13110": 0.0003307625474306505, "13104_13111": 0.00016771058742962562, "13104_13112": 0.001073813622292464, "13104_13113": 0.016736119037248056, "13104_13114": 0.01217765209836226, "13104_13115": 0.0018914027360118887, "13104_13116": 0.009908900540633713, "13104_13117": 0.0006428905851468982, "13104_13118": 0.00017236921485822633, "13104_13119": 0.0008432115645767288, "13104_13120": 0.0012252190137219871, "13104_13121": 0.0002259434302871345, "13104_13122": 7.686735257191174e-05, "13104_13123": 0.00017236921485822633, "13105_13101": 0.009317254857201423, "13105_13102": 0.00041228852743116295, "13105_13103": 0.0005869870560036896, "13105_13104": 0.005860553305179695, "13105_13106": 0.006398624773183077, "13105_13107": 0.0002911642142875445, "13105_13108": 0.00022128480285853378, "13105_13109": 8.618460742911317e-05, "13105_13110": 1.1646568571501778e-05, "13105_13111": 7.220872514331102e-05, "13105_13112": 0.0001001604897149153, "13105_13113": 0.00018168646971542774, "13105_13114": 0.00019333303828692952, "13105_13115": 0.00017935715600112738, "13105_13116": 0.00943139122920214, "13105_13117": 0.002802164398303328, "13105_13118": 0.001395258914865913, "13105_13119": 0.0006824889182900042, "13105_13120": 0.0002259434302871345, "13105_13121": 0.0006964648005758063, "13105_13122": 0.00015140539142952312, "13105_13123": 9.550186228631458e-05, "13106_13101": 0.007777578492048888, "13106_13102": 0.0026228072423022004, "13106_13103": 0.0006987941142901067, "13106_13104": 0.00041228852743116295, "13106_13105": 0.005713806541178773, "13106_13107": 0.007176615553759396, "13106_13108": 0.0005799991148607886, "13106_13109": 0.00012578294057221921, "13106_13110": 4.4256960571706755e-05, "13106_13111": 6.755009771471032e-05, "13106_13112": 4.1927646857406405e-05, "13106_13113": 0.00044955754685996866, "13106_13114": 0.00010947774457211671, "13106_13115": 4.4256960571706755e-05, "13106_13116": 0.0002888349005732441, "13106_13117": 0.0015233711691524327, "13106_13118": 0.010139502598349448, "13106_13119": 6.755009771471032e-05, "13106_13120": 5.124490171460783e-05, "13106_13121": 0.0018914027360118887, "13106_13122": 0.0006778302908614035, "13106_13123": 0.0002934935280018448, "13107_13101": 0.0015210418554381323, "13107_13102": 0.00288136106458954, "13107_13103": 0.0006778302908614035, "13107_13104": 0.00022361411657283414, "13107_13105": 0.00022361411657283414, "13107_13106": 0.00641492996918318, "13107_13108": 0.012566647488650419, "13107_13109": 0.0002049796068584313, "13107_13110": 6.987941142901067e-06, "13107_13111": 6.755009771471032e-05, "13107_13112": 5.5903529143208535e-05, "13107_13113": 0.00014441745028662205, "13107_13114": 4.658627428600711e-05, "13107_13115": 4.1927646857406405e-05, "13107_13116": 8.618460742911317e-05, "13107_13117": 5.124490171460783e-05, "13107_13118": 0.0010691549948638633, "13107_13119": 3.726901942880569e-05, "13107_13120": 3.261039200020498e-05, "13107_13121": 0.0014138934245803158, "13107_13122": 0.004642322232600609, "13107_13123": 0.0036034483160226503, "13108_13101": 0.003058388906876367, "13108_13102": 0.010593718772638018, "13108_13103": 0.0023479482240147584, "13108_13104": 0.0004309230371455658, "13108_13105": 0.00019566235200122988, "13108_13106": 0.0006591957811470006, "13108_13107": 0.012091467490933146, "13108_13109": 0.0009387134268630434, "13108_13110": 7.220872514331102e-05, "13108_13111": 0.0007104406828616085, "13108_13112": 0.00027485901828744195, "13108_13113": 0.0003167866651448484, "13108_13114": 0.00013277088171512029, "13108_13115": 8.385529371481281e-05, "13108_13116": 0.00010714843085781636, "13108_13117": 0.00013044156800081993, "13108_13118": 0.00016538127371532526, "13108_13119": 7.686735257191174e-05, "13108_13120": 8.618460742911317e-05, "13108_13121": 0.00036337293943085547, "13108_13122": 0.0006405612714325979, "13108_13123": 0.012200945235505262, "13109_13101": 0.000621926761718195, "13109_13102": 0.00047517999771727257, "13109_13103": 0.012648173468650931, "13109_13104": 0.000314457351430548, "13109_13105": 0.00011646568571501778, "13109_13106": 0.0001211243131436185, "13109_13107": 0.0001630519600010249, "13109_13108": 0.0009247375445772412, "13109_13110": 0.006508102517755194, "13109_13111": 0.015729855512670303, "13109_13112": 0.0005753404874321879, "13109_13113": 0.0016654593057247543, "13109_13114": 6.755009771471032e-05, "13109_13115": 6.987941142901067e-05, "13109_13116": 0.00022827274400143485, "13109_13117": 0.00012578294057221921, "13109_13118": 2.7951764571604267e-05, "13109_13119": 0.00011646568571501778, "13109_13120": 6.056215657180925e-05, "13109_13121": 5.357421542890818e-05, "13109_13122": 5.357421542890818e-05, "13109_13123": 0.0001420881365723217, "13110_13101": 0.00019100372457262916, "13110_13102": 0.0001420881365723217, "13110_13103": 0.0011320464651499728, "13110_13104": 0.0003191159788591487, "13110_13105": 1.630519600010249e-05, "13110_13106": 2.3293137143003556e-05, "13110_13107": 1.630519600010249e-05, "13110_13108": 6.522078400040996e-05, "13110_13109": 0.0062705125188965575, "13110_13111": 0.0026204779285879, "13110_13112": 0.012419900724649496, "13110_13113": 0.007635490355476566,