{"13101_13102": 0.03126378131039729, "13101_13103": 0.028268519861365568, "13101_13104": 0.024829296735105824, "13101_13105": 0.01715467920809076, "13101_13106": 0.01608621143822865, "13101_13107": 0.004149561809824576, "13101_13108": 0.00662982771327179, "13101_13109": 0.0026045751730710606, "13101_13110": 0.0010270313466541568, "13101_13111": 0.002107338094575676, "13101_13112": 0.002968623748398038, "13101_13113": 0.0052742647254688975, "13101_13114": 0.0016012217825357314, "13101_13115": 0.0020037470365558046, "13101_13116": 0.0033593100243586973, "13101_13117": 0.0028206365226553644, "13101_13118": 0.002166532984872746, "13101_13119": 0.0018439208327537167, "13101_13120": 0.0012460524407533142, "13101_13121": 0.003311954112121042, "13101_13122": 0.0015834633154466107, "13101_13123": 0.0028265560116850713, "13102_13101": 0.034800676005647194, "13102_13103": 0.01904595595308213, "13102_13104": 0.00273184418720976, "13102_13105": 0.001462113790337618, "13102_13106": 0.005431131184756132, "13102_13107": 0.007810765774698328, "13102_13108": 0.02165941035969775, "13102_13109": 0.002086619882971702, "13102_13110": 0.0006570632822974721, "13102_13111": 0.0016574569283179475, "13102_13112": 0.0009323195221788455, "13102_13113": 0.0018675987888725446, "13102_13114": 0.0003877265314458056, "13102_13115": 0.0005297942681587725, "13102_13116": 0.0009175207996045781, "13102_13117": 0.0006659425158420325, "13102_13118": 0.0009086415660600177, "13102_13119": 0.0004942773339805308, "13102_13120": 0.00038180704241609864, "13102_13121": 0.001678175139921922, "13102_13122": 0.0012223744846344864, "13102_13123": 0.0022849227654668848, "13103_13101": 0.026782728114909123, "13103_13102": 0.018868371282190922, "13103_13104": 0.010418300692284242, "13103_13105": 0.0016959336070110427, "13103_13106": 0.0025601790053482584, "13103_13107": 0.001672255650892215, "13103_13108": 0.005451849396360106, "13103_13109": 0.02402424622706568, "13103_13110": 0.003903903015091737, "13103_13111": 0.006890285230578897, "13103_13112": 0.0038683860809134957, "13103_13113": 0.02311560466100566, "13103_13114": 0.0008701648873669224, "13103_13115": 0.0009175207996045781, "13103_13116": 0.0012934083529909698, "13103_13117": 0.001349643498773186, "13103_13118": 0.0009500779892679664, "13103_13119": 0.0007843322964361716, "13103_13120": 0.00048243835592111687, "13103_13121": 0.0013141265645949442, "13103_13122": 0.0008346479531886808, "13103_13123": 0.0013052473310503838, "13104_13101": 0.018445127816566875, "13104_13102": 0.0031758058644377816, "13104_13103": 0.008988744091610013, "13104_13105": 0.010743872588918124, "13104_13106": 0.0016337789721991198, "13104_13107": 0.0009944741569907687, "13104_13108": 0.0020777406494271416, "13104_13109": 0.0017284907966744311, "13104_13110": 0.001059588536317545, "13104_13111": 0.0006925802164757138, "13104_13112": 0.0037855132344975983, "13104_13113": 0.025740898045680697, "13104_13114": 0.020078906788765994, "13104_13115": 0.005738944614300893, "13104_13116": 0.01550610151331737, "13104_13117": 0.001826162365664596, "13104_13118": 0.0006718620048717395, "13104_13119": 0.0022819630209520315, "13104_13120": 0.004818464070181462, "13104_13121": 0.0007754530628916112, "13104_13122": 0.000402525254020073, "13104_13123": 0.000805050508040146, "13105_13101": 0.013309971083296089, "13105_13102": 0.0016752153954070685, "13105_13103": 0.0016426582057436803, "13105_13104": 0.007887719132084518, "13105_13106": 0.0087223670852732, "13105_13107": 0.0006837009829311533, "13105_13108": 0.0009027220770303107, "13105_13109": 0.0002811757289110804, "13105_13110": 0.00012726901413869955, "13105_13111": 0.00018350415992091562, "13105_13112": 0.00023381981667342476, "13105_13113": 0.0006955399609905673, "13105_13114": 0.00044692142174287513, "13105_13115": 0.0002249405831288643, "13105_13116": 0.015050300858029934, "13105_13117": 0.004975330529468696, "13105_13118": 0.0025039438595660423, "13105_13119": 0.002095499116516262, "13105_13120": 0.0010507093027729846, "13105_13121": 0.0014650735348524715, "13105_13122": 0.00039660576499036604, "13105_13123": 0.00029597445148534776, "13106_13101": 0.011764984446542575, "13106_13102": 0.004936853850775601, "13106_13103": 0.002533541304714577, "13106_13104": 0.0015213086806346876, "13106_13105": 0.00722473636075734, "13106_13107": 0.01077347003406666, "13106_13108": 0.001654497183803094, "13106_13109": 0.0007547348512876368, "13106_13110": 7.99131019010439e-05, "13106_13111": 0.0004972370784953843, "13106_13112": 0.00018350415992091562, "13106_13113": 0.000736976384198516, "13106_13114": 0.00022198083861401085, "13106_13115": 0.00014798722574267388, "13106_13116": 0.0011779783169116843, "13106_13117": 0.0026371323627344487, "13106_13118": 0.013161983857553416, "13106_13119": 0.00036700831984183124, "13106_13120": 0.00018942364895062257, "13106_13121": 0.004427777794220803, "13106_13122": 0.0022286876196846686, "13106_13123": 0.0007695335738619043, "13107_13101": 0.003974936883448221, "13107_13102": 0.0053778557834887695, "13107_13103": 0.001808403898575475, "13107_13104": 0.0010211118576244499, "13107_13105": 0.000736976384198516, "13107_13106": 0.00831392234222342, "13107_13108": 0.014949669544524917, "13107_13109": 0.0005623514578221608, "13107_13110": 8.287284641589737e-05, "13107_13111": 0.0003433303637230034, "13107_13112": 0.00016574569283179475, "13107_13113": 0.0005475527352478934, "13107_13114": 0.00010063131350501824, "13107_13115": 0.00015094697025752737, "13107_13116": 0.00029005496245564083, "13107_13117": 0.0003462901082378569, "13107_13118": 0.0014443553232484972, "13107_13119": 0.00015094697025752737, "13107_13120": 5.031565675250912e-05, "13107_13121": 0.0025956959395265, "13107_13122": 0.008917710223253529, "13107_13123": 0.0057833407820236955, "13108_13101": 0.006700861581628274, "13108_13102": 0.017287867711259165, "13108_13103": 0.005641273045310729, "13108_13104": 0.0021902109409915735, "13108_13105": 0.0009619169673273802, "13108_13106": 0.0018350415992091562, "13108_13107": 0.01480760180781195, "13108_13109": 0.002367795611882782, "13108_13110": 0.00031373291857446866, "13108_13111": 0.0022198083861401084, "13108_13112": 0.0005889891584558421, "13108_13113": 0.0012608511633275816, "13108_13114": 0.00032557189663388257, "13108_13115": 0.00028709521794078734, "13108_13116": 0.0006511437932677651, "13108_13117": 0.0003610888308121243, "13108_13118": 0.00047059937786170296, "13108_13119": 0.00030189394051505474, "13108_13120": 0.00020718211603974344, "13108_13121": 0.0010270313466541568, "13108_13122": 0.0015953022935060247, "13108_13123": 0.0216564506151829, "13109_13101": 0.0025365010492294305, "13109_13102": 0.0021694927293875992, "13109_13103": 0.020336404561558247, "13109_13104": 0.0017936051760012075, "13109_13105": 0.0003462901082378569, "13109_13106": 0.0007073789390499812, "13109_13107": 0.0004942773339805308, "13109_13108": 0.002477306158932361, "13109_13110": 0.008518144713748309, "13109_13111": 0.026566666765324817, "13109_13112": 0.0020540626933083137, "13109_13113": 0.004075568196953239, "13109_13114": 0.0003078134295447617, "13109_13115": 0.00039660576499036604, "13109_13116": 0.0007961712744955856, "13109_13117": 0.0004380421881983147, "13109_13118": 0.00024269905021798518, "13109_13119": 0.00038476678693095213, "13109_13120": 0.00018054441540606215, "13109_13121": 0.00028709521794078734, "13109_13122": 0.0002012626270100365, "13109_13123": 0.0004350824436834612, "13110_13101": 0.0008553661647926551, "13110_13102": 0.0006896204719608603, "13110_13103": 0.003610888308121243, "13110_13104": 0.0011631795943374168, "13110_13105": 0.00012430926962384608, "13110_13106": 9.471182447531129e-05, "13110_13107": 7.399361287133694e-05, "13110_13108": 0.00027229649536651994, "13110_13109": 0.007692375994104189, "13110_13111": 0.004196917722062232, "13110_13112": 0.018803256902864145, "13110_13113": 0.011341740980918526, "13110_13114": 0.0002811757289110804, "13110_13115": 0.00047651886689140994,