{"13101_13102": 0.02538760748137846, "13101_13103": 0.022461480151477677, "13101_13104": 0.021909017033208814, "13101_13105": 0.015147767824162552, "13101_13106": 0.014717360511092624, "13101_13107": 0.0034207745404438335, "13101_13108": 0.005601719059656381, "13101_13109": 0.0019047129600781158, "13101_13110": 0.0008543906363925444, "13101_13111": 0.0016124214265754032, "13101_13112": 0.002489296027083541, "13101_13113": 0.004130625407521849, "13101_13114": 0.0013907937802931267, "13101_13115": 0.0016541773599329334, "13101_13116": 0.0026402597861453813, "13101_13117": 0.002319060298779763, "13101_13118": 0.0018661690215942416, "13101_13119": 0.001487153626502812, "13101_13120": 0.0010471103288119152, "13101_13121": 0.0026434717810190373, "13101_13122": 0.001377945800798502, "13101_13123": 0.002315848303906107, "13102_13101": 0.028818018006443263, "13102_13103": 0.015925070583587348, "13102_13104": 0.002206640478201797, "13102_13105": 0.0012334060314839737, "13102_13106": 0.0049015041771993334, "13102_13107": 0.00633405389084999, "13102_13108": 0.019503232872840334, "13102_13109": 0.0015899374624598098, "13102_13110": 0.0005396151387742385, "13102_13111": 0.0012430420161049422, "13102_13112": 0.0008800865953817938, "13102_13113": 0.0014453976931452818, "13102_13114": 0.0004047113540806789, "13102_13115": 0.0003597434258494923, "13102_13116": 0.000725910841446297, "13102_13117": 0.0004978592054167082, "13102_13118": 0.0006584589490995172, "13102_13119": 0.0003790153950914294, "13102_13120": 0.0003308354719865867, "13102_13121": 0.0014486096880189378, "13102_13122": 0.0010824422724221331, "13102_13123": 0.001946468893435646, "13103_13101": 0.021639209463821696, "13103_13102": 0.015379031455065797, "13103_13104": 0.00847003048183135, "13103_13105": 0.0013490378469355963, "13103_13106": 0.002036404749898019, "13103_13107": 0.001609209431701747, "13103_13108": 0.004477520853876717, "13103_13109": 0.020460407345189877, "13103_13110": 0.003256962801887368, "13103_13111": 0.005347971464637543, "13103_13112": 0.0028747354119222825, "13103_13113": 0.019535352821576896, "13103_13114": 0.0007002148824570476, "13103_13115": 0.0008222706876559824, "13103_13116": 0.0010149903800753535, "13103_13117": 0.0011852261083791311, "13103_13118": 0.0008062107132877016, "13103_13119": 0.0006327629901102678, "13103_13120": 0.0004047113540806789, "13103_13121": 0.0012301940366103176, "13103_13122": 0.0007740907645511398, "13103_13123": 0.001027838359569978, "13104_13101": 0.015574963142358825, "13104_13102": 0.0025503239296830083, "13104_13103": 0.007204504501610816, "13104_13105": 0.009677740554326075, "13104_13106": 0.0013329778725673154, "13104_13107": 0.0008929345748764185, "13104_13108": 0.0018886529857098347, "13104_13109": 0.0014293377187770007, "13104_13110": 0.0009411144979812612, "13104_13111": 0.0005813710721317689, "13104_13112": 0.003167026945424995, "13104_13113": 0.02234906033089971, "13104_13114": 0.01941650901125162, "13104_13115": 0.0048950801874520205, "13104_13116": 0.014229137290296885, "13104_13117": 0.0015706654932178727, "13104_13118": 0.0005877950618790813, "13104_13119": 0.002071736693508237, "13104_13120": 0.004140261392142818, "13104_13121": 0.0006937908927097352, "13104_13122": 0.0003822273899650856, "13104_13123": 0.0007901507389194206, "13105_13101": 0.011579241519530535, "13105_13102": 0.00134582585206194, "13105_13103": 0.001467881657260875, "13105_13104": 0.007201292506737159, "13105_13106": 0.008113499050855516, "13105_13107": 0.0006038550362473621, "13105_13108": 0.0008832985902554499, "13105_13109": 0.00020235567704033944, "13105_13110": 0.00013169178981990346, "13105_13111": 0.0001927196924193709, "13105_13112": 0.00025374759501883837, "13105_13113": 0.0005492511233952071, "13105_13114": 0.0003147754976183058, "13105_13115": 0.00013490378469355963, "13105_13116": 0.014264469233907102, "13105_13117": 0.004583516684707371, "13105_13118": 0.0022002164884544844, "13105_13119": 0.0018758050062152101, "13105_13120": 0.0008351186671506073, "13105_13121": 0.0012751619648415041, "13105_13122": 0.0003147754976183058, "13105_13123": 0.00028907953862905637, "13106_13101": 0.009982880067323412, "13106_13102": 0.004037477556185821, "13106_13103": 0.0020460407345189876, "13106_13104": 0.0012398300212312862, "13106_13105": 0.006902576983487134, "13106_13107": 0.010394015411151404, "13106_13108": 0.0014710936521345312, "13106_13109": 0.0005749470823844565, "13106_13110": 8.029987184140454e-05, "13106_13111": 0.0004304073130699283, "13106_13112": 0.00014132777444087198, "13106_13113": 0.0005556751131425194, "13106_13114": 0.00017665971805108999, "13106_13115": 0.00013169178981990346, "13106_13116": 0.001024626364696322, "13106_13117": 0.0021456125756023296, "13106_13118": 0.012591019904732232, "13106_13119": 0.00033725946173389907, "13106_13120": 0.00016059974368280909, "13106_13121": 0.003931481725355166, "13106_13122": 0.0018244130882367111, "13106_13123": 0.0008351186671506073, "13107_13101": 0.003276234771129305, "13107_13102": 0.004622060623191245, "13107_13103": 0.0015064255957447491, "13107_13104": 0.000847966646645232, "13107_13105": 0.0006905788978360791, "13107_13106": 0.007872599435331301, "13107_13108": 0.013936845756794172, "13107_13109": 0.00048822322079573963, "13107_13110": 7.708787696774835e-05, "13107_13111": 0.00030192751812368107, "13107_13112": 0.00017665971805108999, "13107_13113": 0.00048501122592208343, "13107_13114": 0.000105995830830654, "13107_13115": 0.00012205580519893491, "13107_13116": 0.00021520365653496416, "13107_13117": 0.0003597434258494923, "13107_13118": 0.001487153626502812, "13107_13119": 9.957184108334163e-05, "13107_13120": 4.496792823118654e-05, "13107_13121": 0.0020942206576238303, "13107_13122": 0.008389730609989947, "13107_13123": 0.005630627013519286, "13108_13101": 0.005534267167309601, "13108_13102": 0.015022500024089962, "13108_13103": 0.004805144330989648, "13108_13104": 0.0018629570267205853, "13108_13105": 0.0009507504826022298, "13108_13106": 0.0015160615803657177, "13108_13107": 0.01382121394134255, "13108_13109": 0.002232336437191046, "13108_13110": 0.00024411161039786982, "13108_13111": 0.0019207729344463966, "13108_13112": 0.000513919179784989, "13108_13113": 0.0011241982057796636, "13108_13114": 0.00028586754375540017, "13108_13115": 0.00021841565140862037, "13108_13116": 0.0006231270054892992, "13108_13117": 0.00028586754375540017, "13108_13118": 0.0004271953181962722, "13108_13119": 0.0003308354719865867, "13108_13120": 0.00030513951299733727, "13108_13121": 0.0009346905082339488, "13108_13122": 0.0012751619648415041, "13108_13123": 0.020775182842808184, "13109_13101": 0.0019175609395727404, "13109_13102": 0.0018083531138684303, "13109_13103": 0.01754712799478372, "13109_13104": 0.0014197017341560322, "13109_13105": 0.00026659557451346307, "13109_13106": 0.0005717350875108003, "13109_13107": 0.0003436834514812114, "13109_13108": 0.0021488245704759856, "13109_13110": 0.008074955112371641, "13109_13111": 0.024144565465273517, "13109_13112": 0.001837261067731336, "13109_13113": 0.0032601747967610246, "13109_13114": 0.00025374759501883837, "13109_13115": 0.00041755933357530363, "13109_13116": 0.0006391869798575802, "13109_13117": 0.0003629554207231485, "13109_13118": 0.00016381173855646526, "13109_13119": 0.00031798749249196197, "13109_13120": 0.00016381173855646526, "13109_13121": 0.00023447562577690127, "13109_13122": 0.0001573877488091529, "13109_13123": 0.0003083515078709934, "13110_13101": 0.0007387588209409217, "13110_13102": 0.0005588871080161756, "13110_13103": 0.0028554634426803454, "13110_13104": 0.0009539624774758859, "13110_13105": 8.993585646237308e-05, "13110_13106": 5.13919179784989e-05, "13110_13107": 4.817992310484272e-05, "13110_13108": 0.00022162764628227654, "13110_13109": 0.0071370526092640356, "13110_13111": 0.0039860856382073215, "13110_13112": 0.018093167123305273, "13110_13113": 0.00971628449280995, "13110_13114": 0.0002762315591344316, "13110_13115": 0.0003790153950914294,