{"13101_13102": 0.027363002272041182, "13101_13103": 0.02453486709353501, "13101_13104": 0.023184353103798915, "13101_13105": 0.01623476699661577, "13101_13106": 0.01571044980060058, "13101_13107": 0.003921257090198446, "13101_13108": 0.005850108835539173, "13101_13109": 0.0022688635027566374, "13101_13110": 0.0008770396733344984, "13101_13111": 0.0017381909467897487, "13101_13112": 0.0025103671809212093, "13101_13113": 0.004401086766551741, "13101_13114": 0.001588839987924816, "13101_13115": 0.0017413686267655985, "13101_13116": 0.0027518708590857813, "13101_13117": 0.0024309251815249687, "13101_13118": 0.0019383847852682756, "13101_13119": 0.0017318355868380494, "13101_13120": 0.0010835888717647246, "13101_13121": 0.0030124406171054513, "13101_13122": 0.0016206167876833123, "13101_13123": 0.0023705492619838257, "13102_13101": 0.031128553043422998, "13102_13103": 0.016708241313017368, "13102_13104": 0.0021989545432879454, "13102_13105": 0.0011217210314749201, "13102_13106": 0.005144663880900555, "13102_13107": 0.006962296827086544, "13102_13108": 0.020187800886572713, "13102_13109": 0.0017318355868380494, "13102_13110": 0.0005751600756287834, "13102_13111": 0.0013250925499292967, "13102_13112": 0.000959659352706589, "13102_13113": 0.0017000587870795532, "13102_13114": 0.00043216447671555, "13102_13115": 0.00040992071688460255, "13102_13116": 0.000638713675145776, "13102_13117": 0.0005211395160393397, "13102_13118": 0.0007403994343729643, "13102_13119": 0.00046711895644989594, "13102_13120": 0.00032094567756081285, "13102_13121": 0.001572951588045568, "13102_13122": 0.0012424728705572063, "13102_13123": 0.0021036241440124566, "13103_13101": 0.02341632374203594, "13103_13102": 0.01700694323074723, "13103_13104": 0.008961057531895963, "13103_13105": 0.001372757749567041, "13103_13106": 0.0021290455838192538, "13103_13107": 0.0015316417483595226, "13103_13108": 0.005020734361842419, "13103_13109": 0.022307313430464416, "13103_13110": 0.0037687284513576638, "13103_13111": 0.005815154355804827, "13103_13112": 0.0033333862946662643, "13103_13113": 0.021131571839400055, "13103_13114": 0.0007181556745420169, "13103_13115": 0.0008770396733344984, "13103_13116": 0.0010677004718854764, "13103_13117": 0.0012678943103640033, "13103_13118": 0.0009374155928756415, "13103_13119": 0.0006228252752665279, "13103_13120": 0.00037814391712610623, "13103_13121": 0.001226584470677958, "13103_13122": 0.0007276887144695657, "13103_13123": 0.001105832631595672, "13104_13101": 0.017048253070433277, "13104_13102": 0.0027010279794721873, "13104_13103": 0.007740828421169704, "13104_13105": 0.010143154482912026, "13104_13106": 0.0014649104688666803, "13104_13107": 0.0008261967937209044, "13104_13108": 0.0018970749455822305, "13104_13109": 0.0014966872686251768, "13104_13110": 0.0009787254325616867, "13104_13111": 0.0005942261554838812, "13104_13112": 0.0033842291742798582, "13104_13113": 0.023203419183654015, "13104_13114": 0.01968572745038847, "13104_13115": 0.005189151400562449, "13104_13116": 0.014579195729198113, "13104_13117": 0.0017064141470312525, "13104_13118": 0.0007054449546386183, "13104_13119": 0.002113157183940005, "13104_13120": 0.004137339328556221, "13104_13121": 0.0008007753539141073, "13104_13122": 0.00035907783727100846, "13104_13123": 0.0007594655142280621, "13105_13101": 0.012577257344412843, "13105_13102": 0.0012996711101224995, "13105_13103": 0.001703236467055403, "13105_13104": 0.007626431942039117, "13105_13106": 0.0086369341743593, "13105_13107": 0.0006546020750250242, "13105_13108": 0.0008389075136243029, "13105_13109": 0.00022561527828532388, "13105_13110": 7.94419993962408e-05, "13105_13111": 0.00013346255898568455, "13105_13112": 0.0002510367180921209, "13105_13113": 0.0006546020750250242, "13105_13114": 0.00027328047792306835, "13105_13115": 0.0002065491984302261, "13105_13116": 0.014420311730405632, "13105_13117": 0.004528193965585726, "13105_13118": 0.002281574222660036, "13105_13119": 0.00190025262555808, "13105_13120": 0.0009024611131412955, "13105_13121": 0.0013473363097602441, "13105_13122": 0.00034318943739176027, "13105_13123": 0.00034318943739176027, "13106_13101": 0.010848599437550644, "13106_13102": 0.004340710847010597, "13106_13103": 0.002195776863312096, "13106_13104": 0.0012488282305089054, "13106_13105": 0.007458014903319087, "13106_13107": 0.010746913678323457, "13106_13108": 0.0016142614277316132, "13106_13109": 0.0006260029552423776, "13106_13110": 8.89750393237897e-05, "13106_13111": 0.00048300735632914407, "13106_13112": 0.00013664023896153417, "13106_13113": 0.0006800235148318212, "13106_13114": 0.00018430543859927867, "13106_13115": 9.215271929963934e-05, "13106_13116": 0.0010835888717647246, "13106_13117": 0.002488123421090262, "13106_13118": 0.012802872622698169, "13106_13119": 0.0004544082365464974, "13106_13120": 0.00021290455838192537, "13106_13121": 0.004359776926865695, "13106_13122": 0.0019955830248335692, "13106_13123": 0.0007308663944454154, "13107_13101": 0.0035812453327825353, "13107_13102": 0.004845961963170689, "13107_13103": 0.0016301498276108614, "13107_13104": 0.0010009691923926341, "13107_13105": 0.0007817092740590095, "13107_13106": 0.00837318673636378, "13107_13108": 0.014884253006879677, "13107_13109": 0.0004353421566913996, "13107_13110": 7.308663944454154e-05, "13107_13111": 0.0003177679975849632, "13107_13112": 0.0002065491984302261, "13107_13113": 0.0005402055958944375, "13107_13114": 0.00011439647913058676, "13107_13115": 0.0001461732788890831, "13107_13116": 0.0002446813581404217, "13107_13117": 0.0002987019177298654, "13107_13118": 0.0014458443890115827, "13107_13119": 0.00010168575922718823, "13107_13120": 6.673127949284228e-05, "13107_13121": 0.002202132223263795, "13107_13122": 0.008773574413320835, "13107_13123": 0.005449721158582119, "13108_13101": 0.006056658033969399, "13108_13102": 0.01587886683932061, "13108_13103": 0.005201862120465848, "13108_13104": 0.001684170387200305, "13108_13105": 0.0009469486328031904, "13108_13106": 0.001607906067779914, "13108_13107": 0.01416609733233766, "13108_13109": 0.0023387724622253294, "13108_13110": 0.00032094567756081285, "13108_13111": 0.0019510955051716742, "13108_13112": 0.0004639412764740463, "13108_13113": 0.0011789192710402136, "13108_13114": 0.0003177679975849632, "13108_13115": 0.00027963583787476764, "13108_13116": 0.0005974038354597308, "13108_13117": 0.00033683407744006103, "13108_13118": 0.00042580911676385073, "13108_13119": 0.0002955242377540158, "13108_13120": 0.00027963583787476764, "13108_13121": 0.00095012631277904, "13108_13122": 0.0014839765487217782, "13108_13123": 0.021830661434086972, "13109_13101": 0.002306995662466833, "13109_13102": 0.0017763231064999443, "13109_13103": 0.018722890417706032, "13109_13104": 0.0015920176679006658, "13109_13105": 0.00024150367816457203, "13109_13106": 0.0005974038354597308, "13109_13107": 0.0004289867967397003, "13109_13108": 0.002316528702394382, "13109_13110": 0.008252434897281495, "13109_13111": 0.02512273788906719, "13109_13112": 0.0019574508651233734, "13109_13113": 0.0038036829310920096, "13109_13114": 0.00034318943739176027, "13109_13115": 0.0003749662371502566, "13109_13116": 0.0006768458348559716, "13109_13117": 0.00035907783727100846, "13109_13118": 0.0002446813581404217, "13109_13119": 0.00031141263763326396, "13109_13120": 0.00013981791893738382, "13109_13121": 0.00026374743799551946, "13109_13122": 0.00017477239867172976, "13109_13123": 0.000397209996981204, "13110_13101": 0.0008103083938416562, "13110_13102": 0.0006736681548801221, "13110_13103": 0.0033397416546179634, "13110_13104": 0.0010899442317164239, "13110_13105": 7.626431942039118e-05, "13110_13106": 8.89750393237897e-05, "13110_13107": 7.626431942039118e-05, "13110_13108": 0.0002573920780438202, "13110_13109": 0.007369039863995297, "13110_13111": 0.004134161648580372, "13110_13112": 0.018996170895629102, "13110_13113": 0.010537186799917381, "13110_13114": 0.0003145903176091136, "13110_13115": 0.0005306725559668886,