{"13101_13102": 0.03468894270866136, "13101_13103": 0.03431487620498081, "13101_13104": 0.02466739571464833, "13101_13105": 0.015428334774252773, "13101_13106": 0.01580621828307292, "13101_13107": 0.005166316456445109, "13101_13108": 0.010116972122502963, "13101_13109": 0.004576589162377307, "13101_13110": 0.0014733639838846043, "13101_13111": 0.0035650828003839907, "13101_13112": 0.005406787780239746, "13101_13113": 0.008401228312253923, "13101_13114": 0.0026776291054275906, "13101_13115": 0.003423853610218886, "13101_13116": 0.005275101102923635, "13101_13117": 0.004666288783157847, "13101_13118": 0.0030803231476551184, "13101_13119": 0.0029848980191651826, "13101_13120": 0.0022157714835363026, "13101_13121": 0.0053724347339833695, "13101_13122": 0.0027024396388349737, "13101_13123": 0.004441085479921599, "13102_13101": 0.03753261153766144, "13102_13103": 0.02318639772048453, "13102_13104": 0.0038628092012725893, "13102_13105": 0.0019180450826477037, "13102_13106": 0.006338137034301517, "13102_13107": 0.007055734000545832, "13102_13108": 0.0219000669884402, "13102_13109": 0.0031452122350282743, "13102_13110": 0.0011031144853436545, "13102_13111": 0.0028093157827437016, "13102_13112": 0.001771090384773203, "13102_13113": 0.00365478242116453, "13102_13114": 0.0008836366898168029, "13102_13115": 0.0008340156230020364, "13102_13116": 0.0014924490095825913, "13102_13117": 0.0012538861883577526, "13102_13118": 0.0013989323836624545, "13102_13119": 0.0006049953146261912, "13102_13120": 0.0006317143506033731, "13102_13121": 0.003135669722179281, "13102_13122": 0.0018913260466705219, "13102_13123": 0.003399043076811503, "13103_13101": 0.03190634596189484, "13103_13102": 0.022900122335014723, "13103_13104": 0.011252531151533195, "13103_13105": 0.0025134978844249013, "13103_13106": 0.00435138585914106, "13103_13107": 0.002942910962629611, "13103_13108": 0.00822946308097204, "13103_13109": 0.025459424281114796, "13103_13110": 0.004490706546736365, "13103_13111": 0.011040687366285539, "13103_13112": 0.0051090613793511475, "13103_13113": 0.02434104177521275, "13103_13114": 0.0013474028142778894, "13103_13115": 0.0015439785789671567, "13103_13116": 0.0021356143756047566, "13103_13117": 0.0027329756799517532, "13103_13118": 0.0017768158924825993, "13103_13119": 0.0011832715932752003, "13103_13120": 0.0009924213362953293, "13103_13121": 0.002076450795940997, "13103_13122": 0.0014600044658960134, "13103_13123": 0.0018989600569497167, "13104_13101": 0.02087710961102809, "13104_13102": 0.004282679766628306, "13104_13103": 0.010378436974565386, "13104_13105": 0.00879056283649286, "13104_13106": 0.0022214969912456987, "13104_13107": 0.0013912983733832597, "13104_13108": 0.0030593296193873326, "13104_13109": 0.003040244593689345, "13104_13110": 0.0014905405070127927, "13104_13111": 0.0010115063619933165, "13104_13112": 0.0051033358716417515, "13104_13113": 0.026803010090253085, "13104_13114": 0.01715362109735081, "13104_13115": 0.006767550112506226, "13104_13116": 0.013548459743001043, "13104_13117": 0.0027577862133591363, "13104_13118": 0.0009447087720503615, "13104_13119": 0.0029142834240826307, "13104_13120": 0.005956436520341775, "13104_13121": 0.0010649444339476803, "13104_13122": 0.0005076616835664569, "13104_13123": 0.0011622780650074145, "13105_13101": 0.014451181458515833, "13105_13102": 0.002469602325319531, "13105_13103": 0.0028608453521282665, "13105_13104": 0.007803867007906926, "13105_13106": 0.006990844913172676, "13105_13107": 0.0008092050895946531, "13105_13108": 0.0016069591637705141, "13105_13109": 0.00045613211418189174, "13105_13110": 0.0001717652312818839, "13105_13111": 0.00022902030837584523, "13105_13112": 0.00041223655507652144, "13105_13113": 0.001053493418528888, "13105_13114": 0.0005114786887060543, "13105_13115": 0.0003568899805523588, "13105_13116": 0.011292609705498969, "13105_13117": 0.0037253970162470823, "13105_13118": 0.0019791171648812626, "13105_13119": 0.002647093064310811, "13105_13120": 0.0014962660147221887, "13105_13121": 0.0016756652562832676, "13105_13122": 0.0005744592735094118, "13105_13123": 0.00046376612446108657, "13106_13101": 0.013004536510608412, "13106_13102": 0.0061148422336350676, "13106_13103": 0.004242601212662533, "13106_13104": 0.0021566079038725424, "13106_13105": 0.0063629475677089, "13106_13107": 0.008689412200293527, "13106_13108": 0.0024276152687839592, "13106_13109": 0.0013149582705913113, "13106_13110": 0.00011260165161812391, "13106_13111": 0.0008454666384208286, "13106_13112": 0.0002652818572020207, "13106_13113": 0.0012806052243349345, "13106_13114": 0.0002729158674812156, "13106_13115": 0.0002614648520624233, "13106_13116": 0.0017844499027617942, "13106_13117": 0.003187199291563846, "13106_13118": 0.010552110708417068, "13106_13119": 0.0007004204431161267, "13106_13120": 0.00032635393943557944, "13106_13121": 0.005458317349624311, "13106_13122": 0.002675720602857792, "13106_13123": 0.0010916634699248624, "13107_13101": 0.005166316456445109, "13107_13102": 0.005943077002353183, "13107_13103": 0.0032215523378202227, "13107_13104": 0.0012920562397537268, "13107_13105": 0.0010019638491443228, "13107_13106": 0.007712258884556588, "13107_13108": 0.013825192615621857, "13107_13109": 0.0009389832643409655, "13107_13110": 8.969962078053938e-05, "13107_13111": 0.0005191126989852492, "13107_13112": 0.0002977264008885988, "13107_13113": 0.0009733363105973422, "13107_13114": 0.00020230127239866328, "13107_13115": 0.00017749073899128004, "13107_13116": 0.00035307297541276137, "13107_13117": 0.0005210212015550479, "13107_13118": 0.0012596116960671487, "13107_13119": 0.0001660397235724878, "13107_13120": 8.015710793154583e-05, "13107_13121": 0.0029467279677692086, "13107_13122": 0.006500359752734407, "13107_13123": 0.005446866334205519, "13108_13101": 0.011017785335447955, "13108_13102": 0.01951634727876161, "13108_13103": 0.008471842907336475, "13108_13104": 0.0030268850757007543, "13108_13105": 0.0015287105584087669, "13108_13106": 0.002540216920402083, "13108_13107": 0.013777480051376889, "13108_13109": 0.003498285210441036, "13108_13110": 0.00045040660647249563, "13108_13111": 0.002797864767324909, "13108_13112": 0.0009141727309335822, "13108_13113": 0.00241234724822557, "13108_13114": 0.0006259888428939769, "13108_13115": 0.0004275045756349111, "13108_13116": 0.0012863307320443308, "13108_13117": 0.0005878187914980027, "13108_13118": 0.0006011783094865938, "13108_13119": 0.0004904851604382685, "13108_13120": 0.00038551751909933946, "13108_13121": 0.0016508547228758844, "13108_13122": 0.0018417049798557553, "13108_13123": 0.017981911212643448, "13109_13101": 0.0044544449979101895, "13109_13102": 0.0033112519586007624, "13109_13103": 0.024197904082477847, "13109_13104": 0.0030650551270967287, "13109_13105": 0.0004408640936235021, "13109_13106": 0.0012348011626597654, "13109_13107": 0.0008187476024436467, "13109_13108": 0.003278807414914184, "13109_13110": 0.008076782875388142, "13109_13111": 0.02529147605497251, "13109_13112": 0.0029791725114557866, "13109_13113": 0.006078580684808892, "13109_13114": 0.0006507993763013602, "13109_13115": 0.000698511940546328, "13109_13116": 0.0014237429170698378, "13109_13117": 0.0008244731101530429, "13109_13118": 0.00042368757049531365, "13109_13119": 0.00046949163217048273, "13109_13120": 0.00030726891373759234, "13109_13121": 0.0003511644728429627, "13109_13122": 0.0002977264008885988, "13109_13123": 0.0005229297041248466, "13110_13101": 0.001547795584106754, "13110_13102": 0.0011928141061241938, "13110_13103": 0.004370470884839046, "13110_13104": 0.0015497040866765527, "13110_13105": 0.00015840571329329295, "13110_13106": 0.00012023566189731875, "13110_13107": 7.44316002221497e-05, "13110_13108": 0.00044468109876309947, "13110_13109": 0.007485147078750542, "13110_13111": 0.0038818942269705768, "13110_13112": 0.01488632004442994, "13110_13113": 0.010884190155562044, "13110_13114": 0.00040460254479732655, "13110_13115": 0.0007080544533953215,