{"13101_13102": 0.025860215824245116, "13101_13103": 0.023980471679636184, "13101_13104": 0.01941128419725132, "13101_13105": 0.014190038072581531, "13101_13106": 0.013631130664908736, "13101_13107": 0.004485590220553462, "13101_13108": 0.007750660418368468, "13101_13109": 0.00322685430669208, "13101_13110": 0.0011345342677118713, "13101_13111": 0.0027634866268266, "13101_13112": 0.0037570997960226812, "13101_13113": 0.006033333811031973, "13101_13114": 0.002006334283953625, "13101_13115": 0.0027348247084844055, "13101_13116": 0.0037117184253142063, "13101_13117": 0.0038765244557818256, "13101_13118": 0.002658392926238553, "13101_13119": 0.002534191280089043, "13101_13120": 0.0016146213999436315, "13101_13121": 0.00444259734304017, "13101_13122": 0.0022666800422285597, "13101_13123": 0.003740380343656401, "13102_13101": 0.028728796151659765, "13102_13103": 0.01655464633581259, "13102_13104": 0.0028757458070001957, "13102_13105": 0.001628952359114729, "13102_13106": 0.0053406707844289355, "13102_13107": 0.006317564501258736, "13102_13108": 0.018479771851129995, "13102_13109": 0.002343111824474412, "13102_13110": 0.000824030152338096, "13102_13111": 0.002152032368859781, "13102_13112": 0.0014020455055723546, "13102_13113": 0.0027945370383639775, "13102_13114": 0.0007237134381404148, "13102_13115": 0.0005804038464294416, "13102_13116": 0.0010676564582467504, "13102_13117": 0.0008383611115091933, "13102_13118": 0.0012276855023240039, "13102_13119": 0.0006138427511620019, "13102_13120": 0.0005159145301595036, "13102_13121": 0.0024386515522817277, "13102_13122": 0.0016408948250906433, "13102_13123": 0.003035774851077449, "13103_13101": 0.022865045357485778, "13103_13102": 0.016387451812149786, "13103_13104": 0.008526920706802906, "13103_13105": 0.0020779890798091117, "13103_13106": 0.0033701638984030536, "13103_13107": 0.002199802232763439, "13103_13108": 0.006372499844747942, "13103_13109": 0.019654910503159977, "13103_13110": 0.003914740346904751, "13103_13111": 0.008013394669838586, "13103_13112": 0.004132093227666394, "13103_13113": 0.020068119825926618, "13103_13114": 0.0010939298833937622, "13103_13115": 0.0010819874174178479, "13103_13116": 0.0015955134543821684, "13103_13117": 0.0020923200389802088, "13103_13118": 0.0014020455055723546, "13103_13119": 0.0009243468665357772, "13103_13120": 0.0007356559041163292, "13103_13121": 0.0019107945561463095, "13103_13122": 0.00103421755351419, "13103_13123": 0.0015119161925507675, "13104_13101": 0.016287135097952106, "13104_13102": 0.003212523347520983, "13104_13103": 0.007843811652980601, "13104_13105": 0.00879443194466339, "13104_13106": 0.0018319742807052742, "13104_13107": 0.0011775271452251633, "13104_13108": 0.0023717737428166066, "13104_13109": 0.0021281474369079525, "13104_13110": 0.0013781605736205257, "13104_13111": 0.0008455265910947419, "13104_13112": 0.0038550280170251794, "13104_13113": 0.02110472587263599, "13104_13114": 0.0154225005612959, "13104_13115": 0.005770599559561855, "13104_13116": 0.012938467638305699, "13104_13117": 0.0024171551135250815, "13104_13118": 0.0008168646727525473, "13104_13119": 0.002581961143992701, "13104_13120": 0.004827144747464615, "13104_13121": 0.0009601742644635206, "13104_13122": 0.0004251517887425539, "13104_13123": 0.0008431380978995591, "13105_13101": 0.012150264883895345, "13105_13102": 0.0018057008555582626, "13105_13103": 0.002493586895770934, "13105_13104": 0.007031723966618419, "13105_13106": 0.007127263694425735, "13105_13107": 0.0008144761795573645, "13105_13108": 0.0012802323526180273, "13105_13109": 0.0004251517887425539, "13105_13110": 0.0001671945236628021, "13105_13111": 0.0002603457582749347, "13105_13112": 0.0003606624724726159, "13105_13113": 0.0008909079618032168, "13105_13114": 0.0006162312443571848, "13105_13115": 0.000379770418034079, "13105_13116": 0.010812708694592929, "13105_13117": 0.004179863091570052, "13105_13118": 0.0023144499061322175, "13105_13119": 0.0024147666203298986, "13105_13120": 0.0012754553662276617, "13105_13121": 0.0017842044168016166, "13105_13122": 0.0004920295982076747, "13105_13123": 0.0004753101458413945, "13106_13101": 0.010977514725060549, "13106_13102": 0.005159145301595036, "13106_13103": 0.0032053578679354343, "13106_13104": 0.0017077726345557643, "13106_13105": 0.006140816004815202, "13106_13107": 0.008832647835786316, "13106_13108": 0.0020827660661994775, "13106_13109": 0.0010055556351719955, "13106_13110": 0.00012181315295432723, "13106_13111": 0.0007738717952392554, "13106_13112": 0.00023407233312792292, "13106_13113": 0.0011703616656396146, "13106_13114": 0.0002794537038363978, "13106_13115": 0.00017436000324835076, "13106_13116": 0.0014641463286471097, "13106_13117": 0.0027324362152892226, "13106_13118": 0.010619240745783116, "13106_13119": 0.0005397994621113325, "13106_13120": 0.0003057271289834095, "13106_13121": 0.0050827135193491834, "13106_13122": 0.0023598312768406925, "13106_13123": 0.0011464767336877857, "13107_13101": 0.004392438985941329, "13107_13102": 0.005206915165498693, "13107_13103": 0.0022714570286189255, "13107_13104": 0.0012205200227384551, "13107_13105": 0.0008407496047043762, "13107_13106": 0.007624070279023775, "13107_13108": 0.01372667039271605, "13107_13109": 0.0007452098768970608, "13107_13110": 0.00011703616656396146, "13107_13111": 0.00045142521388956565, "13107_13112": 0.0002555687718845689, "13107_13113": 0.0008192531659477302, "13107_13114": 0.00018869096241944808, "13107_13115": 0.00014808657810133898, "13107_13116": 0.00036305096566779883, "13107_13117": 0.00046336767986548006, "13107_13118": 0.0013184482437409535, "13107_13119": 0.00017674849644353364, "13107_13120": 6.926630266030372e-05, "13107_13121": 0.0028399184090724524, "13107_13122": 0.006907522320468909, "13107_13123": 0.005292900920525277, "13108_13101": 0.008168646727525474, "13108_13102": 0.016370732359783507, "13108_13103": 0.006570744779948122, "13108_13104": 0.002579572650797518, "13108_13105": 0.0013017287913746733, "13108_13106": 0.0021783057940067928, "13108_13107": 0.01332779202912051, "13108_13109": 0.0029235156709038535, "13108_13110": 0.0003320005541304213, "13108_13111": 0.0029020192321472077, "13108_13112": 0.0007690948088488896, "13108_13113": 0.001903629076560761, "13108_13114": 0.0005159145301595036, "13108_13115": 0.0003463315133015186, "13108_13116": 0.0009052389209743141, "13108_13117": 0.0005612959008679785, "13108_13118": 0.0006162312443571848, "13108_13119": 0.0004323172683281025, "13108_13120": 0.00023407233312792292, "13108_13121": 0.001607455920358083, "13108_13122": 0.0019107945561463095, "13108_13123": 0.01809522444670555, "13109_13101": 0.0032029693747402514, "13109_13102": 0.002636896487481907, "13109_13103": 0.01894552802419066, "13109_13104": 0.002132924423298318, "13109_13105": 0.00041082082957145656, "13109_13106": 0.0009745052236346178, "13109_13107": 0.0006138427511620019, "13109_13108": 0.0027993140247543433, "13109_13110": 0.007461652741751338, "13109_13111": 0.02258559165364938, "13109_13112": 0.0024386515522817277, "13109_13113": 0.004273014326182185, "13109_13114": 0.00048247562542694315, "13109_13115": 0.0005159145301595036, "13109_13116": 0.0010628794718563848, "13109_13117": 0.0005612959008679785, "13109_13118": 0.00028184219703158064, "13109_13119": 0.0004944180914028576, "13109_13120": 0.00017674849644353364, "13109_13121": 0.0003487200064967015, "13109_13122": 0.0002913961698123122, "13109_13123": 0.0005206915165498694, "13110_13101": 0.0011560307064685173, "13110_13102": 0.0008359726183140104, "13110_13103": 0.003592293765555062, "13110_13104": 0.0012491819410806499, "13110_13105": 0.00021496438756645983, "13110_13106": 0.00010748219378322991, "13110_13107": 0.00010509370058804703, "13110_13108": 0.00030333863578822665, "13110_13109": 0.006964846157153298, "13110_13111": 0.0036997759593382917, "13110_13112": 0.014624743834104817, "13110_13113": 0.00972116730439435, "13110_13114": 0.0003821589112292619, "13110_13115": 0.0006592241218704767,