{"13101_13102": 0.005636024231595376, "13101_13103": 0.0044889664623470014, "13101_13104": 0.005068010047784882, "13101_13105": 0.0036534892890723444, "13101_13106": 0.004009187491555615, "13101_13107": 0.0013979766562714556, "13101_13108": 0.002514703571044512, "13101_13109": 0.0008354771732746569, "13101_13110": 0.0003005511943463287, "13101_13111": 0.0008216904212404217, "13101_13112": 0.0010946681115182799, "13101_13113": 0.0014558810148152437, "13101_13114": 0.0006011023886926574, "13101_13115": 0.0006645214480501397, "13101_13116": 0.0009816167448375506, "13101_13117": 0.0009485285399553861, "13101_13118": 0.0007555140114760924, "13101_13119": 0.0006727934992706808, "13101_13120": 0.00045496281712976365, "13101_13121": 0.0013759178530166791, "13101_13122": 0.0006617640976432926, "13101_13123": 0.0012987120416249618, "13102_13101": 0.005702200641359704, "13102_13103": 0.004364885694038884, "13102_13104": 0.0008547786261225863, "13102_13105": 0.0004935657228256224, "13102_13106": 0.001781248362823196, "13102_13107": 0.0019329026351997838, "13102_13108": 0.00830789677583017, "13102_13109": 0.0008327198228678099, "13102_13110": 0.0002674629894641641, "13102_13111": 0.0007031243537459984, "13102_13112": 0.00042738931306129317, "13102_13113": 0.000730697857814469, "13102_13114": 0.0001516542723765879, "13102_13115": 0.00016544102441082314, "13102_13116": 0.0003088232455668699, "13102_13117": 0.00027022033987101116, "13102_13118": 0.0003253673480079522, "13102_13119": 0.00019025717807244662, "13102_13120": 0.00016544102441082314, "13102_13121": 0.0008547786261225863, "13102_13122": 0.0004908083724187753, "13102_13123": 0.0011194842651799032, "13103_13101": 0.0050045909884274, "13103_13102": 0.004323525437936179, "13103_13104": 0.0024044095547706298, "13103_13105": 0.0006397052943885162, "13103_13106": 0.0010229770009402566, "13103_13107": 0.0007582713618829394, "13103_13108": 0.002669115193827947, "13103_13109": 0.00711947875047909, "13103_13110": 0.001306984092845503, "13103_13111": 0.002889703226375711, "13103_13112": 0.001466910416442632, "13103_13113": 0.005602936026713211, "13103_13114": 0.0003088232455668699, "13103_13115": 0.0002950364935326346, "13103_13116": 0.00047426426997769305, "13103_13117": 0.0005542274317762576, "13103_13118": 0.0004411760650955284, "13103_13119": 0.0003501835016695757, "13103_13120": 0.00023988948539569358, "13103_13121": 0.0006700361488638337, "13103_13122": 0.0003363967496353404, "13103_13123": 0.0005349259789283282, "13104_13101": 0.00454687082089079, "13104_13102": 0.0008161757204267275, "13104_13103": 0.0024595565629075707, "13104_13105": 0.003471504162220439, "13104_13106": 0.0007499993106623983, "13104_13107": 0.00047977897079138715, "13104_13108": 0.0009209550358869155, "13104_13109": 0.0007058817041528454, "13104_13110": 0.0005156245260803989, "13104_13111": 0.00041635991143390495, "13104_13112": 0.0016461381928876903, "13104_13113": 0.007102934648038007, "13104_13114": 0.007254588920414595, "13104_13115": 0.0023409904954131474, "13104_13116": 0.005870399016177375, "13104_13117": 0.0008216904212404217, "13104_13118": 0.0002977938439394817, "13104_13119": 0.0010643372570429623, "13104_13120": 0.0019301452847929367, "13104_13121": 0.0003556982024832698, "13104_13122": 0.0001626836740039761, "13104_13123": 0.0003419114504490345, "13105_13101": 0.0036562466394791915, "13105_13102": 0.0005487127309625634, "13105_13103": 0.0007058817041528454, "13105_13104": 0.003162680916653569, "13105_13106": 0.0033722395475739454, "13105_13107": 0.00037499965533119913, "13105_13108": 0.0005321686285214811, "13105_13109": 0.00015992632359712906, "13105_13110": 3.860290569585874e-05, "13105_13111": 9.926461464649389e-05, "13105_13112": 0.00013511016993550558, "13105_13113": 0.0002674629894641641, "13105_13114": 0.00025367623742992884, "13105_13115": 0.0001681983748176702, "13105_13116": 0.005225179020975164, "13105_13117": 0.0017371307563136431, "13105_13118": 0.0011332710172141387, "13105_13119": 0.0009402564887348449, "13105_13120": 0.00039981580899282264, "13105_13121": 0.0008575359765294334, "13105_13122": 0.00026194828865047, "13105_13123": 0.00022334538295461126, "13106_13101": 0.0035294085207642273, "13106_13102": 0.0016737116969561608, "13106_13103": 0.00104779315460188, "13106_13104": 0.0007472419602555512, "13106_13105": 0.0033143351890301573, "13106_13107": 0.004375915095666272, "13106_13108": 0.0012325356318606325, "13106_13109": 0.00038051435614489324, "13106_13110": 8.823521301910568e-05, "13106_13111": 0.00033915410004218746, "13106_13112": 8.547786261225862e-05, "13106_13113": 0.0004466907659092225, "13106_13114": 0.0001461395715628938, "13106_13115": 8.272051220541157e-05, "13106_13116": 0.000581800935844728, "13106_13117": 0.0010367637529744918, "13106_13118": 0.005470583207184552, "13106_13119": 0.00021231598132722304, "13106_13120": 0.00014338222115604674, "13106_13121": 0.0022913581880899007, "13106_13122": 0.0010643372570429623, "13106_13123": 0.000579043585437881, "13107_13101": 0.001301469392031809, "13107_13102": 0.0017012852010246315, "13107_13103": 0.0007058817041528454, "13107_13104": 0.0005018377740461635, "13107_13105": 0.0003639702537038109, "13107_13106": 0.004279407831426625, "13107_13108": 0.008613962670990192, "13107_13109": 0.00022886008376830536, "13107_13110": 2.4816153661623472e-05, "13107_13111": 0.00015441162278343495, "13107_13112": 0.000104779315460188, "13107_13113": 0.00024816153661623474, "13107_13114": 7.996316179856453e-05, "13107_13115": 8.823521301910568e-05, "13107_13116": 0.00013511016993550558, "13107_13117": 0.0002150733317340701, "13107_13118": 0.0010615799066361151, "13107_13119": 7.996316179856453e-05, "13107_13120": 1.6544102441082316e-05, "13107_13121": 0.0017123146026520196, "13107_13122": 0.003137864762991946, "13107_13123": 0.003137864762991946, "13108_13101": 0.002429225708432253, "13108_13102": 0.007850176608293558, "13108_13103": 0.0026498137409800174, "13108_13104": 0.0009016535830389862, "13108_13105": 0.000576286235031034, "13108_13106": 0.0011332710172141387, "13108_13107": 0.008826278652317415, "13108_13109": 0.001163601871689456, "13108_13110": 0.0001847424772587525, "13108_13111": 0.0015854764839370553, "13108_13112": 0.00039154375777228145, "13108_13113": 0.0006452199952022103, "13108_13114": 0.00013511016993550558, "13108_13115": 0.00014338222115604674, "13108_13116": 0.00032260999760110515, "13108_13117": 0.00018198512685190546, "13108_13118": 0.0003639702537038109, "13108_13119": 0.00018749982766559956, "13108_13120": 0.00012683811871496442, "13108_13121": 0.0008437492244951981, "13108_13122": 0.0011139695643662092, "13108_13123": 0.010488960947646188, "13109_13101": 0.0007913595667651041, "13109_13102": 0.0008106610196130335, "13109_13103": 0.007158081656174949, "13109_13104": 0.000681065550491222, "13109_13105": 0.0002205880325477642, "13109_13106": 0.0003887864073654344, "13109_13107": 0.00023161743417515242, "13109_13108": 0.001254594435115409, "13109_13110": 0.004971502783545236, "13109_13111": 0.012319841617792631, "13109_13112": 0.0010533078554155742, "13109_13113": 0.001626836740039761, "13109_13114": 0.00016544102441082314, "13109_13115": 0.00022334538295461126, "13109_13116": 0.0003887864073654344, "13109_13117": 0.00020128657969983483, "13109_13118": 0.00014338222115604674, "13109_13119": 0.00019577187888614072, "13109_13120": 0.000104779315460188, "13109_13121": 0.00014889692196974085, "13109_13122": 0.00012408076830811737, "13109_13123": 0.00020404393010668188, "13110_13101": 0.00026470563905731705, "13110_13102": 0.0003198526471942581, "13110_13103": 0.0012766532383701853, "13110_13104": 0.0005349259789283282, "13110_13105": 4.687495691639989e-05, "13110_13106": 5.7904358543788104e-05, "13110_13107": 3.033085447531758e-05, "13110_13108": 0.00016544102441082314, "13110_13109": 0.004737127998963237, "13110_13111": 0.0023823507515158535, "13110_13112": 0.008280323271761699, "13110_13113": 0.004017459542776156,