{"13101_13102": 0.027152981050685563, "13101_13103": 0.024001181122579984, "13101_13104": 0.02264032249781749, "13101_13105": 0.015864915524058953, "13101_13106": 0.014930930005648848, "13101_13107": 0.0035626251733169, "13101_13108": 0.006216941406049402, "13101_13109": 0.002153622965131207, "13101_13110": 0.0008312792071072767, "13101_13111": 0.001765264725517383, "13101_13112": 0.0026703640938735684, "13101_13113": 0.004467724541673086, "13101_13114": 0.001431469213783187, "13101_13115": 0.0020124017870898165, "13101_13116": 0.002923920299902429, "13101_13117": 0.0024585323268114826, "13101_13118": 0.001961048631438402, "13101_13119": 0.001604786114106712, "13101_13120": 0.0012260565911775278, "13101_13121": 0.0029110820109895753, "13101_13122": 0.0014956606583474555, "13101_13123": 0.002423227032301135, "13102_13101": 0.030529451034766085, "13102_13103": 0.016041441996610693, "13102_13104": 0.002166461254044061, "13102_13105": 0.0012549427412314486, "13102_13106": 0.0050711241205772094, "13102_13107": 0.006900580290658861, "13102_13108": 0.01968751604786114, "13102_13109": 0.0016144148307913522, "13102_13110": 0.0005103219842859343, "13102_13111": 0.0012806193190571561, "13102_13112": 0.0008922610794433318, "13102_13113": 0.001620833975247779, "13102_13114": 0.00048143583423201355, "13102_13115": 0.0005039028398295076, "13102_13116": 0.0007157346068915935, "13102_13117": 0.0005713038566219894, "13102_13118": 0.0007285728958044471, "13102_13119": 0.0003370050839624095, "13102_13120": 0.0003370050839624095, "13102_13121": 0.0015855286807374314, "13102_13122": 0.0010848354131361372, "13102_13123": 0.0020188209315462435, "13103_13101": 0.022373928002875777, "13103_13102": 0.015826400657320393, "13103_13104": 0.008835952344271555, "13103_13105": 0.0015277563806295896, "13103_13106": 0.0021472038206747806, "13103_13107": 0.0014860319416628153, "13103_13108": 0.00475337646998408, "13103_13109": 0.02185076772967699, "13103_13110": 0.003565834745545114, "13103_13111": 0.005770810866327736, "13103_13112": 0.0031004467724541672, "13103_13113": 0.020300544343449904, "13103_13114": 0.0006932676012940995, "13103_13115": 0.0008344887793354901, "13103_13116": 0.0010431109741693627, "13103_13117": 0.0011714938632978998, "13103_13118": 0.0008601653571611975, "13103_13119": 0.0005969804344476968, "13103_13120": 0.00043650182303702563, "13103_13121": 0.0012100087300364608, "13103_13122": 0.000901889796127972, "13103_13123": 0.0011426077132439788, "13104_13101": 0.016981846659477225, "13104_13102": 0.0027217172495249834, "13104_13103": 0.007449417141683357, "13104_13105": 0.010007446207569454, "13104_13106": 0.001431469213783187, "13104_13107": 0.0009885482462897346, "13104_13108": 0.0019867252092641095, "13104_13109": 0.0015052893750320958, "13104_13110": 0.0009885482462897346, "13104_13111": 0.0005777230010784163, "13104_13112": 0.0033443742617983874, "13104_13113": 0.022698094797925332, "13104_13114": 0.018875494274123144, "13104_13115": 0.004926693370307605, "13104_13116": 0.014340368715657578, "13104_13117": 0.0016304626919324192, "13104_13118": 0.0005327889898834283, "13104_13119": 0.0021279463873055, "13104_13120": 0.004544754275150208, "13104_13121": 0.0007253633235762338, "13104_13122": 0.00032095722282134235, "13104_13123": 0.0007093154624351666, "13105_13101": 0.012080829866995327, "13105_13102": 0.0013961639192728392, "13105_13103": 0.0014507266471524675, "13105_13104": 0.007561752169670827, "13105_13106": 0.008120217737379962, "13105_13107": 0.0006001900066759103, "13105_13108": 0.0008280696348790633, "13105_13109": 0.00023429877265957992, "13105_13110": 8.023930570533559e-05, "13105_13111": 0.00020862219483387253, "13105_13112": 0.00023750834488779336, "13105_13113": 0.0005488368510244955, "13105_13114": 0.0003273763672777692, "13105_13115": 0.000189364761464592, "13105_13116": 0.014423817593591126, "13105_13117": 0.004605736147486263, "13105_13118": 0.002044497509371951, "13105_13119": 0.0019032763313305602, "13105_13120": 0.0009789195296050943, "13105_13121": 0.001152236429928619, "13105_13122": 0.00037231037847275714, "13105_13123": 0.00028886150053920813, "13106_13101": 0.011037718892825964, "13106_13102": 0.004365018230370256, "13106_13103": 0.0022980537154008115, "13106_13104": 0.0012838288912853694, "13106_13105": 0.006685538951368562, "13106_13107": 0.010421481025008986, "13106_13108": 0.0014154213526421198, "13106_13109": 0.0006098187233605505, "13106_13110": 7.382016124890875e-05, "13106_13111": 0.00041724438966774506, "13106_13112": 0.00015405946695424435, "13106_13113": 0.0006932676012940995, "13106_13114": 0.00017973604477995172, "13106_13115": 0.00013801160581317722, "13106_13116": 0.0009660812406922406, "13106_13117": 0.002384712165562574, "13106_13118": 0.012446721101011657, "13106_13119": 0.0003626816617881169, "13106_13120": 0.00016689775586709802, "13106_13121": 0.004082575874287475, "13106_13122": 0.002105479381708006, "13106_13123": 0.0008152313459662096, "13107_13101": 0.003408565706362656, "13107_13102": 0.004775843475581574, "13107_13103": 0.001627253119704206, "13107_13104": 0.0009050993683561855, "13107_13105": 0.0006194474400451908, "13107_13106": 0.008094541159554255, "13107_13108": 0.014118908231910851, "13107_13109": 0.0004718071175473733, "13107_13110": 8.344887793354901e-05, "13107_13111": 0.0003081189339084887, "13107_13112": 0.0001765264725517383, "13107_13113": 0.0004589688286345196, "13107_13114": 0.00011875417244389668, "13107_13115": 0.0001348020335849638, "13107_13116": 0.0002439274893442202, "13107_13117": 0.0002856519283109947, "13107_13118": 0.0013640681969907052, "13107_13119": 9.949673907461613e-05, "13107_13120": 4.1724438966774506e-05, "13107_13121": 0.002227443126380116, "13107_13122": 0.008351306937811328, "13107_13123": 0.005610332254917065, "13108_13101": 0.006111025522518358, "13108_13102": 0.015970831407589998, "13108_13103": 0.00497804652595902, "13108_13104": 0.0019193241924716274, "13108_13105": 0.0009404046628665332, "13108_13106": 0.001508498947260309, "13108_13107": 0.01364068196990705, "13108_13109": 0.002188928259641555, "13108_13110": 0.00020862219483387253, "13108_13111": 0.0017973604477995173, "13108_13112": 0.0005745134288502029, "13108_13113": 0.0011779130077543265, "13108_13114": 0.00035947208955990344, "13108_13115": 0.0003113285061367021, "13108_13116": 0.0005809325733066296, "13108_13117": 0.0003530529451034766, "13108_13118": 0.00046217840086273303, "13108_13119": 0.000272813639398141, "13108_13120": 0.00021183176706208597, "13108_13121": 0.0009179376572690392, "13108_13122": 0.0013383916191649977, "13108_13123": 0.020836542905561545, "13109_13101": 0.0020990602372515793, "13109_13102": 0.0016465105530734864, "13109_13103": 0.018118035228264776, "13109_13104": 0.0012838288912853694, "13109_13105": 0.00031774765059312896, "13109_13106": 0.0005969804344476968, "13109_13107": 0.00041082524521131823, "13109_13108": 0.002083012376110512, "13109_13110": 0.007998253992707852, "13109_13111": 0.024257946900837057, "13109_13112": 0.001961048631438402, "13109_13113": 0.003610768756740102, "13109_13114": 0.00026318492271350073, "13109_13115": 0.0003819390951573974, "13109_13116": 0.000696477173522313, "13109_13117": 0.00034663380064704974, "13109_13118": 0.00018615518923637857, "13109_13119": 0.00033379551173419605, "13109_13120": 0.000189364761464592, "13109_13121": 0.0003081189339084887, "13109_13122": 0.00020541262260565912, "13109_13123": 0.00038514866738561084, "13110_13101": 0.0008922610794433318, "13110_13102": 0.0005937708622194834, "13110_13103": 0.0031164946335952345, "13110_13104": 0.0009339855184101063, "13110_13105": 8.986802238997586e-05, "13110_13106": 7.382016124890875e-05, "13110_13107": 4.1724438966774506e-05, "13110_13108": 0.00027602321162635443, "13110_13109": 0.007131669491090228, "13110_13111": 0.0039028398295075234, "13110_13112": 0.017594874955065988, "13110_13113": 0.010106942946644071, "13110_13114": 0.0002856519283109947, "13110_13115": 0.0004653879730909464,