{"13101_13102": 0.011638191029156536, "13101_13103": 0.008688862491720047, "13101_13104": 0.008555643134947508, "13101_13105": 0.0061947000899230656, "13101_13106": 0.007086529672761452, "13101_13107": 0.0022388253013162812, "13101_13108": 0.003093649507273407, "13101_13109": 0.0010435516280515558, "13101_13110": 0.0004699682863920128, "13101_13111": 0.0008511236682689995, "13101_13112": 0.0012174768993934819, "13101_13113": 0.0023905473465294508, "13101_13114": 0.0006734978592389475, "13101_13115": 0.0008992306582146386, "13101_13116": 0.0014543113114335513, "13101_13117": 0.0010953591556853211, "13101_13118": 0.0008178188290758647, "13101_13119": 0.0006364924823576866, "13101_13120": 0.000481069899456391, "13101_13121": 0.0013580973315422732, "13101_13122": 0.0007808134521946039, "13101_13123": 0.001176770984824095, "13102_13101": 0.01241900448135114, "13102_13103": 0.006845994723033257, "13102_13104": 0.0012174768993934819, "13102_13105": 0.0006327919446695605, "13102_13106": 0.002179616698306264, "13102_13107": 0.0029937349896940026, "13102_13108": 0.009377162501711498, "13102_13109": 0.0008178188290758647, "13102_13110": 0.0002442354874163216, "13102_13111": 0.0006401930200458126, "13102_13112": 0.0004514655979513823, "13102_13113": 0.0008585247436452517, "13102_13114": 0.0001480215075250434, "13102_13115": 0.0001480215075250434, "13102_13116": 0.0003885564572532389, "13102_13117": 0.000173925271341926, "13102_13118": 0.00023313387435194334, "13102_13119": 0.000173925271341926, "13102_13120": 0.00011101613064378254, "13102_13121": 0.0006290914069814344, "13102_13122": 0.0004884709748326432, "13102_13123": 0.0010361505526753037, "13103_13101": 0.008248498506833042, "13103_13102": 0.0065240479441662875, "13103_13104": 0.0041223989845724585, "13103_13105": 0.0006697973215508213, "13103_13106": 0.0010583537788040602, "13103_13107": 0.000654995170798317, "13103_13108": 0.0028605156329214636, "13103_13109": 0.009551087773053425, "13103_13110": 0.0018650709948155467, "13103_13111": 0.003089948969585281, "13103_13112": 0.00156902797976546, "13103_13113": 0.010080264662455455, "13103_13114": 0.00030714462811446503, "13103_13115": 0.0003700537688126085, "13103_13116": 0.00048477043714451707, "13103_13117": 0.0004995725878970214, "13103_13118": 0.000392256994941365, "13103_13119": 0.00035155108037197803, "13103_13120": 0.00011101613064378254, "13103_13121": 0.0005513801155307866, "13103_13122": 0.00033304839193134763, "13103_13123": 0.0005661822662832909, "13104_13101": 0.007075428059697074, "13104_13102": 0.0012174768993934819, "13104_13103": 0.003974377477047415, "13104_13105": 0.004651575873974488, "13104_13106": 0.0009066317335908908, "13104_13107": 0.0005143747386495258, "13104_13108": 0.001006546251170295, "13104_13109": 0.0006734978592389475, "13104_13110": 0.0006253908692933083, "13104_13111": 0.0003700537688126085, "13104_13112": 0.0022388253013162812, "13104_13113": 0.013333037290318284, "13104_13114": 0.011412458230180845, "13104_13115": 0.003226868864045946, "13104_13116": 0.008559343672635633, "13104_13117": 0.0008141182913877387, "13104_13118": 0.00033304839193134763, "13104_13119": 0.0011878725978884733, "13104_13120": 0.0023646435827125683, "13104_13121": 0.00038485591956511283, "13104_13122": 0.00020352957284693466, "13104_13123": 0.0004477650602632562, "13105_13101": 0.005132645773430879, "13105_13102": 0.0006920005476795778, "13105_13103": 0.0007068026984320822, "13105_13104": 0.004200110276023106, "13105_13106": 0.004510955441825697, "13105_13107": 0.0004551661356395084, "13105_13108": 0.0005069736632732736, "13105_13109": 0.00013691989446066514, "13105_13110": 5.920860301001735e-05, "13105_13111": 7.40107537625217e-05, "13105_13112": 0.00014062043214879122, "13105_13113": 0.00032564731655509543, "13105_13114": 0.00019982903515880856, "13105_13115": 0.00011101613064378254, "13105_13116": 0.007345567310930278, "13105_13117": 0.002124108632984373, "13105_13118": 0.0013062898039085079, "13105_13119": 0.0009029311959027647, "13105_13120": 0.0003700537688126085, "13105_13121": 0.0005994871054764258, "13105_13122": 0.00017762580903005207, "13105_13123": 0.000173925271341926, "13106_13101": 0.0056692237382091615, "13106_13102": 0.0022536274520687854, "13106_13103": 0.0009436371104721516, "13106_13104": 0.0008548242059571256, "13106_13105": 0.004584966195588219, "13106_13107": 0.006475940954220648, "13106_13108": 0.0010583537788040602, "13106_13109": 0.00039965807031761713, "13106_13110": 8.881290451502603e-05, "13106_13111": 0.00026273817585695204, "13106_13112": 0.00012581828139628687, "13106_13113": 0.0004440645225751302, "13106_13114": 9.251344220315212e-05, "13106_13115": 0.0001480215075250434, "13106_13116": 0.0007216048491845865, "13106_13117": 0.0014284075476166686, "13106_13118": 0.00726785601947963, "13106_13119": 0.00025163656279257373, "13106_13120": 0.00015172204521316947, "13106_13121": 0.0026014779947526375, "13106_13122": 0.0011841720602003471, "13106_13123": 0.0004884709748326432, "13107_13101": 0.0018058623918055293, "13107_13102": 0.00235354196964819, "13107_13103": 0.000654995170798317, "13107_13104": 0.0005291768894020301, "13107_13105": 0.0004551661356395084, "13107_13106": 0.005961566215571122, "13107_13108": 0.009847130788103512, "13107_13109": 0.00015172204521316947, "13107_13110": 8.511236682689995e-05, "13107_13111": 0.00017762580903005207, "13107_13112": 0.00015172204521316947, "13107_13113": 0.0003441500049957259, "13107_13114": 8.511236682689995e-05, "13107_13115": 8.511236682689995e-05, "13107_13116": 0.00018502688440630424, "13107_13117": 0.00018872742209443031, "13107_13118": 0.0010805570049328167, "13107_13119": 8.881290451502603e-05, "13107_13120": 4.4406452257513016e-05, "13107_13121": 0.001487616150626686, "13107_13122": 0.004695982326232002, "13107_13123": 0.0034637032760860154, "13108_13101": 0.0029789328389414984, "13108_13102": 0.008278102808338052, "13108_13103": 0.002886419396738346, "13108_13104": 0.0009251344220315211, "13108_13105": 0.0005217758140257779, "13108_13106": 0.00103985109036343, "13108_13107": 0.009151429702735808, "13108_13109": 0.0011175623818140776, "13108_13110": 0.00013321935677253904, "13108_13111": 0.0011212629195022036, "13108_13112": 0.00038115538187698673, "13108_13113": 0.0005772838793476692, "13108_13114": 0.0001961284974706825, "13108_13115": 0.00017762580903005207, "13108_13116": 0.000392256994941365, "13108_13117": 0.0001702247336537999, "13108_13118": 0.00030344409042633893, "13108_13119": 0.00012581828139628687, "13108_13120": 9.251344220315212e-05, "13108_13121": 0.0004662677487038867, "13108_13122": 0.0009510381858484038, "13108_13123": 0.01274095126021811, "13109_13101": 0.0011878725978884733, "13109_13102": 0.0008696263567096299, "13109_13103": 0.00820409205457553, "13109_13104": 0.000828920442140243, "13109_13105": 0.0001443209698369173, "13109_13106": 0.0003441500049957259, "13109_13107": 0.00022573279897569116, "13109_13108": 0.0010620543164921864, "13109_13110": 0.005273266205579671, "13109_13111": 0.013259026536555762, "13109_13112": 0.0011878725978884733, "13109_13113": 0.002142611321425003, "13109_13114": 0.000173925271341926, "13109_13115": 0.0002442354874163216, "13109_13116": 0.0002738397889213303, "13109_13117": 0.0001961284974706825, "13109_13118": 0.00013691989446066514, "13109_13119": 0.00013691989446066514, "13109_13120": 0.00010731559295565646, "13109_13121": 0.00010361505526753037, "13109_13122": 8.141182913877386e-05, "13109_13123": 0.00018872742209443031, "13110_13101": 0.0004440645225751302, "13110_13102": 0.00030714462811446503, "13110_13103": 0.0018021618541174034, "13110_13104": 0.00069940162305583, "13110_13105": 5.550806532189127e-05, "13110_13106": 8.141182913877386e-05, "13110_13107": 5.920860301001735e-05, "13110_13108": 0.00018132634671817814, "13110_13109": 0.004836602758380793, "13110_13111": 0.002845713482168959, "13110_13112": 0.011715902320607183, "13110_13113": 0.006405630738146252, "13110_13114": 0.00017762580903005207,