{"13101_13102": 0.009151625545068168, "13101_13103": 0.0059308936358116685, "13101_13104": 0.004760721973836728, "13101_13105": 0.004010045813324502, "13101_13106": 0.005202296185902743, "13101_13107": 0.0014185571562620742, "13101_13108": 0.001727659104708285, "13101_13109": 0.0004112159849864768, "13101_13110": 0.00012695258596897942, "13101_13111": 0.0002014682342551195, "13101_13112": 0.00036981840260528787, "13101_13113": 0.0012750455373406193, "13101_13114": 0.00023182646133465806, "13101_13115": 0.00015731081304851797, "13101_13116": 0.00043053485676436496, "13101_13117": 0.0003974167908594138, "13101_13118": 0.0006264834133686592, "13101_13119": 0.0002042280730805321, "13101_13120": 6.899597063531489e-05, "13101_13121": 0.0005795661533366451, "13101_13122": 0.00018214936247723133, "13101_13123": 0.00037257824143070045, "13102_13101": 0.009140586189766518, "13102_13103": 0.004760721973836728, "13102_13104": 0.0002815035601920848, "13102_13105": 0.0002097477507313573, "13102_13106": 0.0012115692443561295, "13102_13107": 0.00158414748578683, "13102_13108": 0.0061351217088922005, "13102_13109": 0.00024286581663630845, "13102_13110": 5.2436937682839324e-05, "13102_13111": 0.00022078710603300766, "13102_13112": 0.000143511618921455, "13102_13113": 0.0005492079262571066, "13102_13114": 4.415742120660154e-05, "13102_13115": 3.0358227079538556e-05, "13102_13116": 8.279516476237788e-05, "13102_13117": 5.7956615333664514e-05, "13102_13118": 0.00014627145774686757, "13102_13119": 4.415742120660154e-05, "13102_13120": 6.071645415907711e-05, "13102_13121": 0.00017938952365181872, "13102_13122": 0.00012419274714356682, "13102_13123": 0.00037257824143070045, "13103_13101": 0.005224374896506044, "13103_13102": 0.004324667439421538, "13103_13104": 0.0018325329800739636, "13103_13105": 0.00023182646133465806, "13103_13106": 0.00044433405089142796, "13103_13107": 0.0003836175967323508, "13103_13108": 0.001597946679913893, "13103_13109": 0.006811282221118287, "13103_13110": 0.0007727548711155269, "13103_13111": 0.0012998840867693327, "13103_13112": 0.0006154440580670089, "13103_13113": 0.006728487056355909, "13103_13114": 0.00010211403654026604, "13103_13115": 9.659435888944086e-05, "13103_13116": 0.00014627145774686757, "13103_13117": 0.00012419274714356682, "13103_13118": 7.727548711155268e-05, "13103_13119": 0.00012419274714356682, "13103_13120": 6.071645415907711e-05, "13103_13121": 0.00015731081304851797, "13103_13122": 0.00010211403654026604, "13103_13123": 0.00014903129657228018, "13104_13101": 0.004487497930120881, "13104_13102": 0.00041673566263730196, "13104_13103": 0.0018021747529944252, "13104_13105": 0.00316829497157366, "13104_13106": 0.00028978307666832257, "13104_13107": 0.0002069879119059447, "13104_13108": 0.00024010597781089584, "13104_13109": 0.0002014682342551195, "13104_13110": 0.00024010597781089584, "13104_13111": 7.451564828614009e-05, "13104_13112": 0.000750676160512226, "13104_13113": 0.010997957719269195, "13104_13114": 0.007153502235469449, "13104_13115": 0.0013081636032455705, "13104_13116": 0.005660429430921234, "13104_13117": 0.0003449798531765745, "13104_13118": 0.00011315339184191644, "13104_13119": 0.0005216095380029806, "13104_13120": 0.0007451564828614009, "13104_13121": 0.00010487387536567865, "13104_13122": 2.4838549428713363e-05, "13104_13123": 0.0001352321024452172, "13105_13101": 0.003640227410719214, "13105_13102": 0.0002677043660650218, "13105_13103": 0.00024562565546172105, "13105_13104": 0.002561130429982889, "13105_13106": 0.003504995308273997, "13105_13107": 0.00016007065187393057, "13105_13108": 9.659435888944086e-05, "13105_13109": 6.071645415907711e-05, "13105_13110": 1.6559032952475575e-05, "13105_13111": 5.5196776508251916e-05, "13105_13112": 7.727548711155268e-05, "13105_13113": 0.00016835016835016836, "13105_13114": 8.279516476237788e-05, "13105_13115": 8.003532593696529e-05, "13105_13116": 0.004531655351327483, "13105_13117": 0.0014102776397858364, "13105_13118": 0.0008362311641000166, "13105_13119": 0.00042501517911353975, "13105_13120": 8.555500358779047e-05, "13105_13121": 0.00036981840260528787, "13105_13122": 9.107468123861566e-05, "13105_13123": 4.139758238118894e-05, "13106_13101": 0.004404702765358503, "13106_13102": 0.0010818568195617377, "13106_13103": 0.0003615388861290501, "13106_13104": 0.0003256609813986863, "13106_13105": 0.003477396920019871, "13106_13107": 0.004653088259645637, "13106_13108": 0.000375338080256113, "13106_13109": 7.727548711155268e-05, "13106_13110": 4.139758238118894e-05, "13106_13111": 6.62361318099023e-05, "13106_13112": 3.311806590495115e-05, "13106_13113": 0.000518849699177568, "13106_13114": 6.071645415907711e-05, "13106_13115": 3.587790473036375e-05, "13106_13116": 0.00024286581663630845, "13106_13117": 0.0008610697135287299, "13106_13118": 0.006090964287685599, "13106_13119": 3.311806590495115e-05, "13106_13120": 2.7598388254125958e-05, "13106_13121": 0.0013274824750234586, "13106_13122": 0.00043053485676436496, "13106_13123": 0.00017938952365181872, "13107_13101": 0.0009466247171165204, "13107_13102": 0.0013578407021029972, "13107_13103": 0.00035877904730363745, "13107_13104": 0.00015179113539769278, "13107_13105": 0.000129712424794392, "13107_13106": 0.003811337417894795, "13107_13108": 0.008091847436109731, "13107_13109": 0.00010487387536567865, "13107_13110": 1.6559032952475575e-05, "13107_13111": 5.7956615333664514e-05, "13107_13112": 9.935419771485345e-05, "13107_13113": 0.00012419274714356682, "13107_13114": 3.587790473036375e-05, "13107_13115": 3.587790473036375e-05, "13107_13116": 3.863774355577634e-05, "13107_13117": 6.899597063531489e-05, "13107_13118": 0.0006292432521940719, "13107_13119": 2.7598388254125958e-05, "13107_13120": 1.6559032952475575e-05, "13107_13121": 0.0009742231053706463, "13107_13122": 0.0026798034994756307, "13107_13123": 0.002378981067505658, "13108_13101": 0.0015537892587072916, "13108_13102": 0.005966771540542032, "13108_13103": 0.0018628912071535022, "13108_13104": 0.00023734613898548324, "13108_13105": 0.000129712424794392, "13108_13106": 0.0004277750179389524, "13108_13107": 0.0071259038472153225, "13108_13109": 0.0005906055086382956, "13108_13110": 6.899597063531489e-05, "13108_13111": 0.0005519677650825191, "13108_13112": 0.0001352321024452172, "13108_13113": 0.00023182646133465806, "13108_13114": 5.7956615333664514e-05, "13108_13115": 5.2436937682839324e-05, "13108_13116": 0.00011039355301650383, "13108_13117": 5.5196776508251916e-05, "13108_13118": 0.00011315339184191644, "13108_13119": 7.17558094607275e-05, "13108_13120": 5.5196776508251916e-05, "13108_13121": 0.0002566650107633714, "13108_13122": 0.0004498537285422531, "13108_13123": 0.0074543246674394215, "13109_13101": 0.00039465695203400123, "13109_13102": 0.00029254291549373515, "13109_13103": 0.006391786719655572, "13109_13104": 0.00023182646133465806, "13109_13105": 4.139758238118894e-05, "13109_13106": 6.899597063531489e-05, "13109_13107": 8.003532593696529e-05, "13109_13108": 0.0004719324391455539, "13109_13110": 0.004321907600596126, "13109_13111": 0.008734889882430865, "13109_13112": 0.000389137274383176, "13109_13113": 0.0010625379477838493, "13109_13114": 3.863774355577634e-05, "13109_13115": 7.451564828614009e-05, "13109_13116": 0.00011315339184191644, "13109_13117": 8.279516476237788e-05, "13109_13118": 1.1039355301650384e-05, "13109_13119": 9.107468123861566e-05, "13109_13120": 3.863774355577634e-05, "13109_13121": 2.4838549428713363e-05, "13109_13122": 2.7598388254125958e-05, "13109_13123": 9.107468123861566e-05, "13110_13101": 9.935419771485345e-05, "13110_13102": 8.279516476237788e-05, "13110_13103": 0.0007341171275597505, "13110_13104": 0.00023734613898548324, "13110_13105": 2.7598388254125958e-05, "13110_13106": 1.6559032952475575e-05, "13110_13107": 1.3799194127062979e-05, "13110_13108": 6.347629298448971e-05, "13110_13109": 0.003723022575481592, "13110_13111": 0.0017580173317878235, "13110_13112": 0.008000772754871115,