{"13101_13102": 0.011276591351745687, "13101_13103": 0.008141719602755658, "13101_13104": 0.008337864157851631, "13101_13105": 0.006204361979614731, "13101_13106": 0.006610415619988851, "13101_13107": 0.00206123839478049, "13101_13108": 0.0031417540140811144, "13101_13109": 0.001059868824027364, "13101_13110": 0.00039228911019194637, "13101_13111": 0.0009910461731164962, "13101_13112": 0.0012181609211223598, "13101_13113": 0.002367499191333852, "13101_13114": 0.000698549906745308, "13101_13115": 0.0007191967020185683, "13101_13116": 0.0014521579342193103, "13101_13117": 0.0010839567518461676, "13101_13118": 0.000946311450024432, "13101_13119": 0.0007398434972918287, "13101_13120": 0.0005471400747413989, "13101_13121": 0.0013213948974886616, "13101_13122": 0.0007054321718363948, "13101_13123": 0.001448716801673767, "13102_13101": 0.012074934102311754, "13102_13103": 0.006892588488723409, "13102_13104": 0.0011252503423926884, "13102_13105": 0.000529934412013682, "13102_13106": 0.0023227644682417875, "13102_13107": 0.0027632294340713417, "13102_13108": 0.008981355943868246, "13102_13109": 0.0008361952085670436, "13102_13110": 0.00029937853146227484, "13102_13111": 0.0006228449907433535, "13102_13112": 0.00044390609837509723, "13102_13113": 0.0009084589920234547, "13102_13114": 0.00017893889236825623, "13102_13115": 0.00013764530182173556, "13102_13116": 0.00039917137528303314, "13102_13117": 0.00027873173618901453, "13102_13118": 0.0003475543870998823, "13102_13119": 0.00014108643436727895, "13102_13120": 0.0001548509645494525, "13102_13121": 0.0007432846298373721, "13102_13122": 0.00045767062855727077, "13102_13123": 0.0010220163660263867, "13103_13101": 0.008017838831116097, "13103_13102": 0.006400506534710704, "13103_13104": 0.00451820703229847, "13103_13105": 0.0007880193529294362, "13103_13106": 0.0011424560051204052, "13103_13107": 0.0007673725576561758, "13103_13108": 0.0029662562542584017, "13103_13109": 0.009476879030426493, "13103_13110": 0.001978651213687449, "13103_13111": 0.003217458930083069, "13103_13112": 0.0015278628502212648, "13103_13113": 0.010323397636630169, "13103_13114": 0.000326907591826622, "13103_13115": 0.00045422949601172736, "13103_13116": 0.0005436989421958555, "13103_13117": 0.0005196110143770518, "13103_13118": 0.0004267004356473803, "13103_13119": 0.00025808494091575417, "13103_13120": 0.00023743814564249386, "13103_13121": 0.0006606974487443308, "13103_13122": 0.0003750834474642294, "13103_13123": 0.0005368166771047687, "13104_13101": 0.006696443933627436, "13104_13102": 0.0012663367767599672, "13104_13103": 0.004218828500836195, "13104_13105": 0.004531971562480644, "13104_13106": 0.000963517112752149, "13104_13107": 0.0005953159303790064, "13104_13108": 0.001211278656031273, "13104_13109": 0.0008121072807482398, "13104_13110": 0.0006675797138354175, "13104_13111": 0.00040261250782857655, "13104_13112": 0.0022229716244210294, "13104_13113": 0.013234595770159875, "13104_13114": 0.010495454263907337, "13104_13115": 0.003148636279172201, "13104_13116": 0.008785211388772272, "13104_13117": 0.0008637242689313907, "13104_13118": 0.00033723098946325216, "13104_13119": 0.0012628956442144238, "13104_13120": 0.0024328807096991763, "13104_13121": 0.0004611117611028142, "13104_13122": 0.00021679135036923352, "13104_13123": 0.0005058464841948782, "13105_13101": 0.005313108650318993, "13105_13102": 0.000681344244017591, "13105_13103": 0.000839636341112587, "13105_13104": 0.0038919209090095734, "13105_13106": 0.004408090790841082, "13105_13107": 0.0004267004356473803, "13105_13108": 0.0004920819540127047, "13105_13109": 0.00014108643436727895, "13105_13110": 4.817585563760745e-05, "13105_13111": 0.00011011624145738845, "13105_13112": 0.0001273219041851054, "13105_13113": 0.00040261250782857655, "13105_13114": 0.0002821728687345579, "13105_13115": 0.00014796869945836574, "13105_13116": 0.007133467766911446, "13105_13117": 0.002164472371146792, "13105_13118": 0.0013454828253074652, "13105_13119": 0.00103578089620856, "13105_13120": 0.000450788363466184, "13105_13121": 0.0007432846298373721, "13105_13122": 0.00020646795273260337, "13105_13123": 0.00019958568764151657, "13106_13101": 0.005457636217231815, "13106_13102": 0.002057797262234947, "13106_13103": 0.0011803084631213825, "13106_13104": 0.0008981355943868246, "13106_13105": 0.004322062477202497, "13106_13107": 0.00636609520925527, "13106_13108": 0.0011596616678481223, "13106_13109": 0.0003200253267355352, "13106_13110": 7.570491600195456e-05, "13106_13111": 0.00030281966400781825, "13106_13112": 0.00011699850654847524, "13106_13113": 0.0005333755445592253, "13106_13114": 0.00014452756691282236, "13106_13115": 0.00011011624145738845, "13106_13116": 0.0008258718109304135, "13106_13117": 0.0014728047294925706, "13106_13118": 0.0069476466094521025, "13106_13119": 0.00020646795273260337, "13106_13120": 0.00011011624145738845, "13106_13121": 0.002591172806794172, "13106_13122": 0.0013386005602163784, "13106_13123": 0.00047831742383053113, "13107_13101": 0.00183756477932017, "13107_13102": 0.002360616926242765, "13107_13103": 0.000681344244017591, "13107_13104": 0.0005436989421958555, "13107_13105": 0.00038884797764640296, "13107_13106": 0.005908424580697999, "13107_13108": 0.009900138333528331, "13107_13109": 0.0002615260734612976, "13107_13110": 6.882265091086778e-05, "13107_13111": 0.00021679135036923352, "13107_13112": 9.979284382075829e-05, "13107_13113": 0.0003819657125553162, "13107_13114": 7.226378345641118e-05, "13107_13115": 9.291057872967152e-05, "13107_13116": 0.00015140983200390913, "13107_13117": 0.00017549775982271285, "13107_13118": 0.0010392220287541035, "13107_13119": 6.882265091086778e-05, "13107_13120": 5.161698818315084e-05, "13107_13121": 0.0017997123213191926, "13107_13122": 0.004748762912849877, "13107_13123": 0.003740511077005664, "13108_13101": 0.0032209000626286124, "13108_13102": 0.008272482639486307, "13108_13103": 0.003007549844804922, "13108_13104": 0.0011424560051204052, "13108_13105": 0.0005781102676512894, "13108_13106": 0.001059868824027364, "13108_13107": 0.00963517112752149, "13108_13109": 0.001211278656031273, "13108_13110": 0.00018582115745934303, "13108_13111": 0.00102545749857193, "13108_13112": 0.0003819657125553162, "13108_13113": 0.0008224306783848701, "13108_13114": 0.00017893889236825623, "13108_13115": 0.0001548509645494525, "13108_13116": 0.00037164231491868606, "13108_13117": 0.0001548509645494525, "13108_13118": 0.00025808494091575417, "13108_13119": 0.00020646795273260337, "13108_13120": 0.00012043963909401862, "13108_13121": 0.0005884336652879196, "13108_13122": 0.0009084589920234547, "13108_13123": 0.012801013069421408, "13109_13101": 0.0009325469198422585, "13109_13102": 0.0007570491600195457, "13109_13103": 0.008726712135498036, "13109_13104": 0.0008671654014769341, "13109_13105": 0.00016861549473162608, "13109_13106": 0.0004060536403741199, "13109_13107": 0.00019958568764151657, "13109_13108": 0.0012181609211223598, "13109_13110": 0.00495523086558248, "13109_13111": 0.013317182951252917, "13109_13112": 0.001335159427670835, "13109_13113": 0.002350293528606135, "13109_13114": 0.00015140983200390913, "13109_13115": 0.0002821728687345579, "13109_13116": 0.00043358270073846705, "13109_13117": 0.00018926229000488642, "13109_13118": 9.979284382075829e-05, "13109_13119": 0.0001582920970949959, "13109_13120": 0.00012043963909401862, "13109_13121": 0.00015140983200390913, "13109_13122": 0.00011011624145738845, "13109_13123": 0.00024432041073358063, "13110_13101": 0.00036476004982759924, "13110_13102": 0.0002959373989167315, "13110_13103": 0.0017653009958637587, "13110_13104": 0.0006400506534710704, "13110_13105": 7.914604854749795e-05, "13110_13106": 8.602831363858473e-05, "13110_13107": 5.505812072869423e-05, "13110_13108": 0.0001927034225504298, "13110_13109": 0.004917378407581503, "13110_13111": 0.002715053578433734, "13110_13112": 0.011627586871391113, "13110_13113": 0.006469329185621572, "13110_13114": 0.0001927034225504298,