{"13101_13102": 0.007220894832170797, "13101_13103": 0.0048002813210528345, "13101_13104": 0.004333018613434044, "13101_13105": 0.003745327372923812, "13101_13106": 0.004525704266060349, "13101_13107": 0.001098308219969941, "13101_13108": 0.001216328182203553, "13101_13109": 0.00021917992986242245, "13101_13110": 0.00010838567960229681, "13101_13111": 0.0001734170873636749, "13101_13112": 0.00021677135920459363, "13101_13113": 0.0008333654476087711, "13101_13114": 0.00013969709815407145, "13101_13115": 0.00015173995144321555, "13101_13116": 0.00029866276157077345, "13101_13117": 0.00027216848433465646, "13101_13118": 0.0005082084088018806, "13101_13119": 0.00013969709815407145, "13101_13120": 9.393425565532391e-05, "13101_13121": 0.0003564684573586651, "13101_13122": 0.00014933138078538673, "13101_13123": 0.00028180276696597174, "13102_13101": 0.00762312613202821, "13102_13103": 0.003730875948976839, "13102_13104": 0.00023844849512505298, "13102_13105": 0.0001348799568384138, "13102_13106": 0.0011801996223361208, "13102_13107": 0.0016739566071910285, "13102_13108": 0.00631768083548499, "13102_13109": 0.00024326563644071062, "13102_13110": 6.74399784192069e-05, "13102_13111": 0.00019268565262630546, "13102_13112": 0.0001348799568384138, "13102_13113": 0.00037814559327912443, "13102_13114": 6.503140776137808e-05, "13102_13115": 6.503140776137808e-05, "13102_13116": 7.9482831708351e-05, "13102_13117": 3.612855986743227e-05, "13102_13118": 0.0001204285328914409, "13102_13119": 5.057998381440518e-05, "13102_13120": 3.371998920960345e-05, "13102_13121": 0.0002143627885467648, "13102_13122": 0.00015414852210104437, "13102_13123": 0.0003901884465682685, "13103_13101": 0.004386007167906277, "13103_13102": 0.0036224902693745425, "13103_13104": 0.0017751165748198388, "13103_13105": 0.00019268565262630546, "13103_13106": 0.0003323827507803769, "13103_13107": 0.0003107056148599175, "13103_13108": 0.0013126710085167059, "13103_13109": 0.006809029249682069, "13103_13110": 0.0005997340937993757, "13103_13111": 0.0012476396007553277, "13103_13112": 0.0005009826968283941, "13103_13113": 0.006151489460094801, "13103_13114": 8.429997302400863e-05, "13103_13115": 0.00013969709815407145, "13103_13116": 0.00018064279933716136, "13103_13117": 0.000105977108944468, "13103_13118": 8.189140236617981e-05, "13103_13119": 0.00010356853828663917, "13103_13120": 6.262283710354926e-05, "13103_13121": 0.000158965663416702, "13103_13122": 0.00010356853828663917, "13103_13123": 0.0001469228101275579, "13104_13101": 0.004308932906855755, "13104_13102": 0.00024567420709853947, "13104_13103": 0.0017534394388993796, "13104_13105": 0.0035815445681914525, "13104_13106": 0.00021677135920459363, "13104_13107": 0.000132471386180585, "13104_13108": 0.00020472850591544953, "13104_13109": 0.00018786851131064782, "13104_13110": 0.00016378280473235962, "13104_13111": 9.393425565532391e-05, "13104_13112": 0.0006406797949824656, "13104_13113": 0.009848645419862037, "13104_13114": 0.008417954449111718, "13104_13115": 0.0010380939535242207, "13104_13116": 0.006864426374812132, "13104_13117": 0.00032515703880689044, "13104_13118": 0.00012524567420709853, "13104_13119": 0.0005732398165632587, "13104_13120": 0.0007562911865582489, "13104_13121": 0.00012283710354926973, "13104_13122": 4.0945701183089905e-05, "13104_13123": 0.0001734170873636749, "13105_13101": 0.003677887394504605, "13105_13102": 0.00019509422328413425, "13105_13103": 0.00021917992986242245, "13105_13104": 0.003480384600562642, "13105_13106": 0.004301707194882269, "13105_13107": 0.00012283710354926973, "13105_13108": 0.00011320282091795445, "13105_13109": 6.262283710354926e-05, "13105_13110": 2.4085706578288182e-05, "13105_13111": 2.8902847893945815e-05, "13105_13112": 5.539712513006282e-05, "13105_13113": 0.00011561139157578326, "13105_13114": 0.00011320282091795445, "13105_13115": 9.152568499749509e-05, "13105_13116": 0.005831149562603569, "13105_13117": 0.0016715480365331998, "13105_13118": 0.0009513854098423831, "13105_13119": 0.00036610273998998036, "13105_13120": 0.00011320282091795445, "13105_13121": 0.00043595128906701605, "13105_13122": 7.9482831708351e-05, "13105_13123": 7.466569039269336e-05, "13106_13101": 0.004287255770935296, "13106_13102": 0.0010573625187868512, "13106_13103": 0.00031552275617557516, "13106_13104": 0.00021677135920459363, "13106_13105": 0.00434024432540753, "13106_13107": 0.004858087016840726, "13106_13108": 0.00035887702801649387, "13106_13109": 9.634282631315273e-05, "13106_13110": 2.1677135920459362e-05, "13106_13111": 6.262283710354926e-05, "13106_13112": 3.612855986743227e-05, "13106_13113": 0.0003107056148599175, "13106_13114": 6.262283710354926e-05, "13106_13115": 4.8171413156576364e-05, "13106_13116": 0.0002264056418359089, "13106_13117": 0.0007057112027438437, "13106_13118": 0.006305637982195846, "13106_13119": 3.612855986743227e-05, "13106_13120": 5.2988554472234e-05, "13106_13121": 0.0011416624918108597, "13106_13122": 0.00045762842498747546, "13106_13123": 0.000211954217888936, "13107_13101": 0.000621411229719835, "13107_13102": 0.0014860880958803807, "13107_13103": 0.0002625342017033412, "13107_13104": 0.00012283710354926973, "13107_13105": 0.00011079425026012563, "13107_13106": 0.004585918532506069, "13107_13108": 0.009706539751050137, "13107_13109": 6.503140776137808e-05, "13107_13110": 1.2042853289144091e-05, "13107_13111": 5.780569578789163e-05, "13107_13112": 4.3354271840918725e-05, "13107_13113": 8.911711433966627e-05, "13107_13114": 2.6494277236117e-05, "13107_13115": 3.612855986743227e-05, "13107_13116": 5.539712513006282e-05, "13107_13117": 2.6494277236117e-05, "13107_13118": 0.0008791282901075186, "13107_13119": 4.3354271840918725e-05, "13107_13120": 2.1677135920459362e-05, "13107_13121": 0.0009200739912906085, "13107_13122": 0.002981810474392077, "13107_13123": 0.0027770819684766273, "13108_13101": 0.0010429110948398782, "13108_13102": 0.006288777987591044, "13108_13103": 0.0013825195575937416, "13108_13104": 0.0002023199352576207, "13108_13105": 7.707426105052218e-05, "13108_13106": 0.00038296273459478207, "13108_13107": 0.008988785695017149, "13108_13109": 0.0004528112836718178, "13108_13110": 5.539712513006282e-05, "13108_13111": 0.0004817141315657636, "13108_13112": 0.00011079425026012563, "13108_13113": 0.00017100851670584608, "13108_13114": 3.371998920960345e-05, "13108_13115": 5.780569578789163e-05, "13108_13116": 5.539712513006282e-05, "13108_13117": 3.853713052526109e-05, "13108_13118": 5.057998381440518e-05, "13108_13119": 5.057998381440518e-05, "13108_13120": 5.780569578789163e-05, "13108_13121": 0.00024326563644071062, "13108_13122": 0.0004214998651200432, "13108_13123": 0.008750337199892096, "13109_13101": 0.00025049134841419705, "13109_13102": 0.0002673513430189988, "13109_13103": 0.006751223553894177, "13109_13104": 0.00018786851131064782, "13109_13105": 7.225711973486454e-05, "13109_13106": 5.539712513006282e-05, "13109_13107": 9.152568499749509e-05, "13109_13108": 0.00048412270222359245, "13109_13110": 0.005142298354464526, "13109_13111": 0.010185845311958071, "13109_13112": 0.0003227484681490616, "13109_13113": 0.0008309568769509422, "13109_13114": 3.853713052526109e-05, "13109_13115": 4.8171413156576364e-05, "13109_13116": 0.000132471386180585, "13109_13117": 9.152568499749509e-05, "13109_13118": 3.853713052526109e-05, "13109_13119": 9.634282631315273e-05, "13109_13120": 3.131141855177463e-05, "13109_13121": 4.5762842498747544e-05, "13109_13122": 4.5762842498747544e-05, "13109_13123": 0.00014933138078538673, "13110_13101": 0.00010115996762881036, "13110_13102": 7.466569039269336e-05, "13110_13103": 0.0006069598057728622, "13110_13104": 0.00017100851670584608, "13110_13105": 2.6494277236117e-05, "13110_13106": 1.4451423946972908e-05, "13110_13107": 2.1677135920459362e-05, "13110_13108": 5.539712513006282e-05, "13110_13109": 0.004901441288681645, "13110_13111": 0.0021893907279663958, "13110_13112": 0.009875139697098153, "13110_13113": 0.005115804077228409,