{"13101_13102": 0.027134367876730736, "13101_13103": 0.024264322851862544, "13101_13104": 0.023212526004598708, "13101_13105": 0.01571722922867125, "13101_13106": 0.015335662549064499, "13101_13107": 0.003533639250271244, "13101_13108": 0.006154836440613294, "13101_13109": 0.002183225001576036, "13101_13110": 0.0007996310416106759, "13101_13111": 0.0017485707839370382, "13101_13112": 0.0027340082086605684, "13101_13113": 0.0044858969637246214, "13101_13114": 0.0014997229494108943, "13101_13115": 0.00197087484944706, "13101_13116": 0.0027340082086605684, "13101_13117": 0.0026211971903420494, "13101_13118": 0.0018746536867636178, "13101_13119": 0.001549492516316123, "13101_13120": 0.0012973267106629637, "13101_13121": 0.0028302293713440107, "13101_13122": 0.0015594464296971688, "13101_13123": 0.0024486626917372563, "13102_13101": 0.03095335264392529, "13102_13103": 0.016414003165344457, "13102_13104": 0.0022628563086244022, "13102_13105": 0.0011679258367093689, "13102_13106": 0.00526230220744619, "13102_13107": 0.0069179697998268015, "13102_13108": 0.019396859208531167, "13102_13109": 0.0016058980254753824, "13102_13110": 0.0004479261021470591, "13102_13111": 0.0014068197578544672, "13102_13112": 0.000865990464150981, "13102_13113": 0.0016291238233644891, "13102_13114": 0.0003749307373527236, "13102_13115": 0.0003815666796067541, "13102_13116": 0.0006503223408949895, "13102_13117": 0.0005839629183546844, "13102_13118": 0.0007199997345623099, "13102_13119": 0.0004412901598930286, "13102_13120": 0.0004081104486228761, "13102_13121": 0.0015196307761729858, "13102_13122": 0.0011314281543122011, "13102_13123": 0.002100275723400655, "13103_13101": 0.022416212934115047, "13103_13102": 0.016238150695612647, "13103_13104": 0.009303591040150768, "13103_13105": 0.0014897690360298485, "13103_13106": 0.0020936397811466244, "13103_13107": 0.001496404978283879, "13103_13108": 0.004744698711631811, "13103_13109": 0.021891973496046636, "13103_13110": 0.0035137314235091526, "13103_13111": 0.0059026706349601344, "13103_13112": 0.0030890311192512004, "13103_13113": 0.020936397811466244, "13103_13114": 0.0006237785718788675, "13103_13115": 0.0007531794458324624, "13103_13116": 0.0010849765585339876, "13103_13117": 0.0012143774324875824, "13103_13118": 0.0008858982909130725, "13103_13119": 0.0006901379944191726, "13103_13120": 0.00039152059298779983, "13103_13121": 0.0013072806240440095, "13103_13122": 0.0008892162620400877, "13103_13123": 0.00098543742472353, "13104_13101": 0.017034463766096308, "13104_13102": 0.0027505980642956447, "13104_13103": 0.007827093888628981, "13104_13105": 0.010016954832459048, "13104_13106": 0.001549492516316123, "13104_13107": 0.0009124420599291945, "13104_13108": 0.001877971657890633, "13104_13109": 0.0016457136789995654, "13104_13110": 0.0010717046740259266, "13104_13111": 0.0006237785718788675, "13104_13112": 0.003503777510128107, "13104_13113": 0.02330874716728215, "13104_13114": 0.01909492383597278, "13104_13115": 0.005172716987016779, "13104_13116": 0.014336953239832907, "13104_13117": 0.0017751145529531602, "13104_13118": 0.0006503223408949895, "13104_13119": 0.0022661742797514175, "13104_13120": 0.004150781879896081, "13104_13121": 0.0008294927817538132, "13104_13122": 0.0003882026218607846, "13104_13123": 0.0007996310416106759, "13105_13101": 0.01234948853475077, "13105_13102": 0.00150967686279194, "13105_13103": 0.0014234096134895435, "13105_13104": 0.007561656198467761, "13105_13106": 0.00841437477811068, "13105_13107": 0.000603870745116776, "13105_13108": 0.0009389858289453165, "13105_13109": 0.0002952994303043575, "13105_13110": 0.00010949304719150334, "13105_13111": 0.00019576029649389992, "13105_13112": 0.0002720736324152507, "13105_13113": 0.0005341933514494557, "13105_13114": 0.0002588017479071897, "13105_13115": 0.0001824884119858389, "13105_13116": 0.014492897882802624, "13105_13117": 0.004635205664440308, "13105_13118": 0.00236239544243486, "13105_13119": 0.001877971657890633, "13105_13120": 0.000879262348659042, "13105_13121": 0.0011579719233283231, "13105_13122": 0.0004147463908769066, "13105_13123": 0.0002919814591773422, "13106_13101": 0.010969212545912425, "13106_13102": 0.0043498601475169965, "13106_13103": 0.002209768770592158, "13106_13104": 0.0014632252670137265, "13106_13105": 0.007103776182939656, "13106_13107": 0.010262484695858177, "13106_13108": 0.0015594464296971688, "13106_13109": 0.000617142629624837, "13106_13110": 7.963130704836606e-05, "13106_13111": 0.0004777878422901964, "13106_13112": 0.00017253449860479315, "13106_13113": 0.0006270965430058827, "13106_13114": 0.00020903218100196092, "13106_13115": 0.00014267275846165586, "13106_13116": 0.0011646078655823536, "13106_13117": 0.002352441529053814, "13106_13118": 0.012847184203803059, "13106_13119": 0.0003517049394636168, "13106_13120": 0.00020571420987494567, "13106_13121": 0.004114284197498913, "13106_13122": 0.00210359369452767, "13106_13123": 0.0007067278500542489, "13107_13101": 0.0035270033080172136, "13107_13102": 0.004777878422901964, "13107_13103": 0.001496404978283879, "13107_13104": 0.0008825803197860572, "13107_13105": 0.000617142629624837, "13107_13106": 0.008082577665409155, "13107_13108": 0.01410469526094184, "13107_13109": 0.0004545620444010896, "13107_13110": 7.963130704836606e-05, "13107_13111": 0.0003450689972095863, "13107_13112": 0.0001459907295886711, "13107_13113": 0.0005242394380684099, "13107_13114": 0.00012940087395359485, "13107_13115": 0.00011612898944553384, "13107_13116": 0.000301935372558388, "13107_13117": 0.00033179711270152524, "13107_13118": 0.001274100912773857, "13107_13119": 0.00011612898944553384, "13107_13120": 7.299536479433556e-05, "13107_13121": 0.002090321810019609, "13107_13122": 0.008706356237288023, "13107_13123": 0.005408292937034862, "13108_13101": 0.005832993241292815, "13108_13102": 0.015597782268098702, "13108_13103": 0.004867463643331376, "13108_13104": 0.0019343771670498923, "13108_13105": 0.0008958522042941182, "13108_13106": 0.0016556675923806111, "13108_13107": 0.013205525085520706, "13108_13109": 0.0023424876156727683, "13108_13110": 0.0002521658056531592, "13108_13111": 0.001785068466334206, "13108_13112": 0.0005275574091954252, "13108_13113": 0.0011082023564230944, "13108_13114": 0.00032516117044749474, "13108_13115": 0.0002588017479071897, "13108_13116": 0.0005673730627196082, "13108_13117": 0.0003384330549555558, "13108_13118": 0.00048110581341721163, "13108_13119": 0.00032516117044749474, "13108_13120": 0.00022894000776405244, "13108_13121": 0.0010086632226126368, "13108_13122": 0.0015329026606810468, "13108_13123": 0.02068091403468607, "13109_13101": 0.0022827641353864937, "13109_13102": 0.0017651606395721144, "13109_13103": 0.018534186715507203, "13109_13104": 0.00150967686279194, "13109_13105": 0.00026211971903420495, "13109_13106": 0.0005076495824333336, "13109_13107": 0.0004346542176389981, "13109_13108": 0.002246266452989326, "13109_13110": 0.008248476221759919, "13109_13111": 0.024549668368785856, "13109_13112": 0.001904515426906755, "13109_13113": 0.003586726788303488, "13109_13114": 0.0002919814591773422, "13109_13115": 0.0003782487084797388, "13109_13116": 0.0006270965430058827, "13109_13117": 0.0003815666796067541, "13109_13118": 0.0001692165274777779, "13109_13119": 0.0002588017479071897, "13109_13120": 0.00016258058522374737, "13109_13121": 0.0002388939211450982, "13109_13122": 0.00020571420987494567, "13109_13123": 0.0003218431993204795, "13110_13101": 0.000879262348659042, "13110_13102": 0.0005541011782115472, "13110_13103": 0.0029961279276947733, "13110_13104": 0.00098543742472353, "13110_13105": 0.0001260829028265796, "13110_13106": 5.3087538032244044e-05, "13110_13107": 3.981565352418303e-05, "13110_13108": 0.00022562203663703718, "13110_13109": 0.0071701356054799615, "13110_13111": 0.0039052520164969524, "13110_13112": 0.018510960917618096, "13110_13113": 0.010315572233890421, "13110_13114": 0.0002388939211450982, "13110_13115": 0.00043133624651198286,