{"13101_13102": 0.03018310894637688, "13101_13103": 0.028126866700363, "13101_13104": 0.025389996783531682, "13101_13105": 0.0170558976244084, "13101_13106": 0.01583823461838901, "13101_13107": 0.004023457243946147, "13101_13108": 0.0065908882047511835, "13101_13109": 0.002498506639709599, "13101_13110": 0.0009965308091715297, "13101_13111": 0.0021653724210816522, "13101_13112": 0.003061388595322336, "13101_13113": 0.005212401782842439, "13101_13114": 0.001754698341221339, "13101_13115": 0.002171116114506272, "13101_13116": 0.0033543169599779443, "13101_13117": 0.0031504158434039423, "13101_13118": 0.002171116114506272, "13101_13119": 0.0019413683775214815, "13101_13120": 0.0014445388962918714, "13101_13121": 0.003305495565868676, "13101_13122": 0.0017144924872490007, "13101_13123": 0.0027885631576528972, "13102_13101": 0.0344018517667601, "13102_13103": 0.018710081330698892, "13102_13104": 0.002736869916831319, "13102_13105": 0.001361255341634885, "13102_13106": 0.005473739833662638, "13102_13107": 0.0074294674447456695, "13102_13108": 0.020815144970822038, "13102_13109": 0.002096448099986215, "13102_13110": 0.0006863713642420623, "13102_13111": 0.0015938749253319854, "13102_13112": 0.0011286357579377844, "13102_13113": 0.0020102926986169186, "13102_13114": 0.00047959840095575056, "13102_13115": 0.0004250333134218628, "13102_13116": 0.0008270918531452465, "13102_13117": 0.0005600101089004273, "13102_13118": 0.0008299636998575564, "13102_13119": 0.0003647245324633552, "13102_13120": 0.0003388779120525663, "13102_13121": 0.0016857740201259017, "13102_13122": 0.0011516105316362634, "13102_13123": 0.0023118366034094564, "13103_13101": 0.026334834351881633, "13103_13102": 0.01853489868124799, "13103_13104": 0.010301314157055553, "13103_13105": 0.001651311859578183, "13103_13106": 0.002438197858751091, "13103_13107": 0.0016168496990304647, "13103_13108": 0.0055943573955796536, "13103_13109": 0.02417807747093691, "13103_13110": 0.004037816477507696, "13103_13111": 0.00691253503652989, "13103_13112": 0.003762119193125948, "13103_13113": 0.02366688875614575, "13103_13114": 0.0008500666268437256, "13103_13115": 0.001039608509856178, "13103_13116": 0.0012808436336902082, "13103_13117": 0.00147900105683959, "13103_13118": 0.0009218627946514727, "13103_13119": 0.0006375499701327941, "13103_13120": 0.0005399071819142581, "13103_13121": 0.0014445388962918714, "13103_13122": 0.0008672977071175849, "13103_13123": 0.001335408721224096, "13104_13101": 0.019252860359325462, "13104_13102": 0.003156159536828562, "13104_13103": 0.008790722786380554, "13104_13105": 0.010522446353903415, "13104_13106": 0.0016455681661535634, "13104_13107": 0.001016633736157699, "13104_13108": 0.002151013187520103, "13104_13109": 0.0017403391076597895, "13104_13110": 0.0011745853053347424, "13104_13111": 0.000766783072186739, "13104_13112": 0.0037247851858659194, "13104_13113": 0.025318200615723936, "13104_13114": 0.019913385103156735, "13104_13115": 0.005600101089004273, "13104_13116": 0.015151863254146946, "13104_13117": 0.0018465974360152553, "13104_13118": 0.0006892432109543721, "13104_13119": 0.0022630152093001885, "13104_13120": 0.004816086936543675, "13104_13121": 0.0007323209116390203, "13104_13122": 0.0003647245324633552, "13104_13123": 0.0008586821669806553, "13105_13101": 0.013216238570050085, "13105_13102": 0.0015507972246473372, "13105_13103": 0.0016685429398520424, "13105_13104": 0.008133069889261591, "13105_13106": 0.008799338326517483, "13105_13107": 0.0007265772182144006, "13105_13108": 0.0008414510867067959, "13105_13109": 0.0002986720580802279, "13105_13110": 0.00010913017506777558, "13105_13111": 0.00020964480999862152, "13105_13112": 0.00023836327712172035, "13105_13113": 0.0006892432109543721, "13105_13114": 0.0004078022331480035, "13105_13115": 0.00020677296328631162, "13105_13116": 0.014726829940725083, "13105_13117": 0.0049051141846252816, "13105_13118": 0.002521481413408078, "13105_13119": 0.002254399669163259, "13105_13120": 0.0008816569406791343, "13105_13121": 0.0013698708817718144, "13105_13122": 0.0003848274594495244, "13105_13123": 0.00034174975876487615, "13106_13101": 0.011728621973073566, "13106_13102": 0.004577723659421955, "13106_13103": 0.0024812755594357397, "13106_13104": 0.0014703855167026605, "13106_13105": 0.00741510821118412, "13106_13107": 0.011004916601571475, "13106_13108": 0.001576643845058126, "13106_13109": 0.0006834995175297523, "13106_13110": 0.00012061756191701512, "13106_13111": 0.0005571382621881175, "13106_13112": 0.00020677296328631162, "13106_13113": 0.0007495519919128796, "13106_13114": 0.00018379818958783257, "13106_13115": 0.0001435923356154942, "13106_13116": 0.0012205348527317007, "13106_13117": 0.002596149427928135, "13106_13118": 0.013058287000873041, "13106_13119": 0.0004365207002711023, "13106_13120": 0.00024697881725865, "13106_13121": 0.004652391673942012, "13106_13122": 0.0023405550705325553, "13106_13123": 0.0008672977071175849, "13107_13101": 0.003730528879290539, "13107_13102": 0.00518368331571934, "13107_13103": 0.0018092634287552268, "13107_13104": 0.001010890042733079, "13107_13105": 0.0006949869043789919, "13107_13106": 0.008592565363231172, "13107_13108": 0.015117401093599228, "13107_13109": 0.0004910857878049901, "13107_13110": 7.753986123236687e-05, "13107_13111": 0.00035610899232642557, "13107_13112": 0.0002297477369847907, "13107_13113": 0.0006030878095850756, "13107_13114": 0.0001378486421908744, "13107_13115": 0.00014072048890318432, "13107_13116": 0.0002441069705463401, "13107_13117": 0.00029005651794329824, "13107_13118": 0.001458898129853421, "13107_13119": 0.00014646418232780407, "13107_13120": 6.605247438312733e-05, "13107_13121": 0.0023606579975187243, "13107_13122": 0.008991752056242246, "13107_13123": 0.005490970913936498, "13108_13101": 0.006780430087763635, "13108_13102": 0.01737180076276249, "13108_13103": 0.005620204015990443, "13108_13104": 0.0020361393190277076, "13108_13105": 0.0009534531084868814, "13108_13106": 0.0017862886550567476, "13108_13107": 0.014689495933465056, "13108_13109": 0.002647842668749713, "13108_13110": 0.0003130312916417773, "13108_13111": 0.0020993199466985252, "13108_13112": 0.0005600101089004273, "13108_13113": 0.0012808436336902082, "13108_13114": 0.0003848274594495244, "13108_13115": 0.0003360060653402564, "13108_13116": 0.0007811423057482884, "13108_13117": 0.00043364885355879246, "13108_13118": 0.00046523916739420114, "13108_13119": 0.00029292836465560814, "13108_13120": 0.00023836327712172035, "13108_13121": 0.0010223774295823186, "13108_13122": 0.0015737719983458162, "13108_13123": 0.021380898773147083, "13109_13101": 0.002538712493681937, "13109_13102": 0.0020878325598492854, "13109_13103": 0.020654321554932683, "13109_13104": 0.001705876947112071, "13109_13105": 0.0002756972843817488, "13109_13106": 0.0006576528971189634, "13109_13107": 0.00041641777328493314, "13109_13108": 0.002587533887791205, "13109_13110": 0.008469075954601847, "13109_13111": 0.02594426319900749, "13109_13112": 0.002033267472315398, "13109_13113": 0.003885608601755273, "13109_13114": 0.0003876993061618343, "13109_13115": 0.0004221614667095529, "13109_13116": 0.0007840141524605983, "13109_13117": 0.0003647245324633552, "13109_13118": 0.00024123512383403023, "13109_13119": 0.0003991866930110738, "13109_13120": 0.00019815742314938198, "13109_13121": 0.0002986720580802279, "13109_13122": 0.00025559435739557965, "13109_13123": 0.00046523916739420114, "13110_13101": 0.0009764278821853604, "13110_13102": 0.0006633965905435831, "13110_13103": 0.0034778063686072692, "13110_13104": 0.0010338648164315582, "13110_13105": 0.00012923310205394478, "13110_13106": 0.00011774571520470524, "13110_13107": 4.307770068464826e-05, "13110_13108": 0.00031877498506639707, "13110_13109": 0.007461057758581078, "13110_13111": 0.004052175711069246, "13110_13112": 0.019249988512613152, "13110_13113": 0.011180099251022377, "13110_13114": 0.000321646831778707, "13110_13115": 0.0005226761016403988,