Epoch,loss_train,loss_val,loss_test,mae_val,rmse_val,mae_test,rmse_test,err,lr,time
0,1646.80664,1136.52917,3565.06714,10.449,30.125,22.46,59.708,4.6949282573400035,0.001,279.708460s
1,1646.18201,1135.37024,3562.56860,10.441,30.106,22.446,59.687,4.691862001201463,0.001,0.128588s
2,1645.55981,1134.43372,3559.04761,10.435,30.091,22.432,59.658,4.689224612977769,0.001,0.115300s
