{"13101_13102": 0.009587707265762148, "13101_13103": 0.006259135803346577, "13101_13104": 0.0055839451508281155, "13101_13105": 0.00504853080883102, "13101_13106": 0.006252028533320067, "13101_13107": 0.001385917655169473, "13101_13108": 0.0016228266560531434, "13101_13109": 0.00031271988116644513, "13101_13110": 9.239451034463153e-05, "13101_13111": 0.00016109812060089598, "13101_13112": 0.0002961362511045882, "13101_13113": 0.0011584850143211492, "13101_13114": 0.0002037417407599567, "13101_13115": 0.0002061108307687934, "13101_13116": 0.00034825623129899577, "13101_13117": 0.0003672089513696894, "13101_13118": 0.0005851652321826663, "13101_13119": 0.00023690900088367057, "13101_13120": 0.0001231926804595087, "13101_13121": 0.00046907982174966773, "13101_13122": 0.00020137265075112, "13101_13123": 0.0004193289315640969, "13102_13101": 0.01017524158795365, "13102_13103": 0.005095912609007754, "13102_13104": 0.0004619725517231576, "13102_13105": 0.0002534926309455275, "13102_13106": 0.0015896593959294296, "13102_13107": 0.00202083377753771, "13102_13108": 0.007654529818551396, "13102_13109": 0.0002890289810780781, "13102_13110": 7.344179027393787e-05, "13102_13111": 0.00020137265075112, "13102_13112": 0.00010187087037997835, "13102_13113": 0.0005425216120236056, "13102_13114": 8.765633032695812e-05, "13102_13115": 6.633452024742776e-05, "13102_13116": 8.054906030044799e-05, "13102_13117": 5.922725022091764e-05, "13102_13118": 0.00018715811069809976, "13102_13119": 5.448907020324423e-05, "13102_13120": 8.528724031812141e-05, "13102_13121": 0.00027244535101622115, "13102_13122": 0.00018715811069809976, "13102_13123": 0.0004596034617143209, "13103_13101": 0.005927463202109438, "13103_13102": 0.005095912609007754, "13103_13104": 0.0021937773481827895, "13103_13105": 0.00031035079115760843, "13103_13106": 0.0004003762114934033, "13103_13107": 0.0003553635013255059, "13103_13108": 0.0017033757163535915, "13103_13109": 0.008649547622262813, "13103_13110": 0.0006894051925714814, "13103_13111": 0.001376441295134126, "13103_13112": 0.000466710731740831, "13103_13113": 0.008080966020142003, "13103_13114": 0.00010897814040648846, "13103_13115": 0.00011371632042416187, "13103_13116": 0.00018715811069809976, "13103_13117": 0.00013503813050369222, "13103_13118": 0.00010187087037997835, "13103_13119": 0.00010660905039765176, "13103_13120": 0.00013503813050369222, "13103_13121": 0.0002084799207776301, "13103_13122": 0.00010187087037997835, "13103_13123": 0.00024401627091018068, "13104_13101": 0.005581576060819279, "13104_13102": 0.00039563803147572987, "13104_13103": 0.0021037519278469946, "13104_13105": 0.004496532836772068, "13104_13106": 0.00032930351122830207, "13104_13107": 0.00017768175066275294, "13104_13108": 0.00023217082086599716, "13104_13109": 0.00022743264084832375, "13104_13110": 0.00021558719080414022, "13104_13111": 0.00013266904049485552, "13104_13112": 0.0008220742330663368, "13104_13113": 0.011845450044183529, "13104_13114": 0.009959654397149511, "13104_13115": 0.0012414031646304337, "13104_13116": 0.008078596930133167, "13104_13117": 0.0004145907515464235, "13104_13118": 0.00015635994058322257, "13104_13119": 0.0005354143419970955, "13104_13120": 0.0007865378829337863, "13104_13121": 0.00016820539062740612, "13104_13122": 9.713269036230494e-05, "13104_13123": 0.0001302999504860188, "13105_13101": 0.004674214587434821, "13105_13102": 0.00023453991087483386, "13105_13103": 0.0002866598910692414, "13105_13104": 0.003989547574881012, "13105_13106": 0.005114865329078447, "13105_13107": 0.00017294357064507953, "13105_13108": 0.00013503813050369222, "13105_13109": 5.922725022091764e-05, "13105_13110": 2.842908010604047e-05, "13105_13111": 4.501271016789741e-05, "13105_13112": 4.975089018557082e-05, "13105_13113": 0.00016820539062740612, "13105_13114": 0.00010897814040648846, "13105_13115": 0.00014214540053020234, "13105_13116": 0.006676095644901837, "13105_13117": 0.001980559247387486, "13105_13118": 0.0011300559342151087, "13105_13119": 0.00032456533121062866, "13105_13120": 0.00013503813050369222, "13105_13121": 0.0004572343717054842, "13105_13122": 9.239451034463153e-05, "13105_13123": 8.291815030928471e-05, "13106_13101": 0.005195414389378896, "13106_13102": 0.0014285612753285335, "13106_13103": 0.0004169598415552602, "13106_13104": 0.00031271988116644513, "13106_13105": 0.0047026436675408605, "13106_13107": 0.005927463202109438, "13106_13108": 0.0004074834815199134, "13106_13109": 8.765633032695812e-05, "13106_13110": 1.658363006185694e-05, "13106_13111": 9.476360035346823e-05, "13106_13112": 5.685816021208094e-05, "13106_13113": 0.0004453889216613007, "13106_13114": 5.685816021208094e-05, "13106_13115": 7.107270026510117e-05, "13106_13116": 0.00028429080106040467, "13106_13117": 0.0008386578631281938, "13106_13118": 0.008064382390080147, "13106_13119": 4.975089018557082e-05, "13106_13120": 3.0798170114877174e-05, "13106_13121": 0.0013361667649839021, "13106_13122": 0.00047144891175850443, "13106_13123": 0.00021795628081297693, "13107_13101": 0.0009026232933667849, "13107_13102": 0.0016915302663094078, "13107_13103": 0.0003648398613608527, "13107_13104": 0.00015872903059205927, "13107_13105": 0.00014214540053020234, "13107_13106": 0.005098281699016591, "13107_13108": 0.010893075860631173, "13107_13109": 0.00011134723041532517, "13107_13110": 1.1845450044183529e-05, "13107_13111": 3.5536350132550584e-05, "13107_13112": 6.396543023859105e-05, "13107_13113": 0.00010423996038881505, "13107_13114": 3.790544014138729e-05, "13107_13115": 2.842908010604047e-05, "13107_13116": 5.685816021208094e-05, "13107_13117": 4.975089018557082e-05, "13107_13118": 0.0009144687434109684, "13107_13119": 2.3690900088367058e-05, "13107_13120": 2.6059990097203763e-05, "13107_13121": 0.0010163396137909467, "13107_13122": 0.003366476902556959, "13107_13123": 0.0031793187918588593, "13108_13101": 0.0015256939656908386, "13108_13102": 0.0072209863469342795, "13108_13103": 0.0016346721060973269, "13108_13104": 0.0002937671610957515, "13108_13105": 0.00014925267055671245, "13108_13106": 0.00048092527179385125, "13108_13107": 0.01018945612800667, "13108_13109": 0.0006396543023859105, "13108_13110": 5.211998019440753e-05, "13108_13111": 0.0006467615724124207, "13108_13112": 0.00015162176056554916, "13108_13113": 0.00022980173085716045, "13108_13114": 5.448907020324423e-05, "13108_13115": 6.159634022975435e-05, "13108_13116": 7.581088028277458e-05, "13108_13117": 3.316726012371388e-05, "13108_13118": 9.950178037114164e-05, "13108_13119": 5.685816021208094e-05, "13108_13120": 5.448907020324423e-05, "13108_13121": 0.00024164718090134398, "13108_13122": 0.0004927707218380348, "13108_13123": 0.01030554153843967, "13109_13101": 0.0002985053411134249, "13109_13102": 0.00034351805128132236, "13109_13103": 0.008178098710504308, "13109_13104": 0.00024401627091018068, "13109_13105": 5.211998019440753e-05, "13109_13106": 8.291815030928471e-05, "13109_13107": 9.950178037114164e-05, "13109_13108": 0.0006325470323594004, "13109_13110": 0.005865866861879683, "13109_13111": 0.012177122645420667, "13109_13112": 0.0004003762114934033, "13109_13113": 0.000997386893720253, "13109_13114": 1.8952720070693645e-05, "13109_13115": 3.316726012371388e-05, "13109_13116": 0.0001279308604771821, "13109_13117": 8.054906030044799e-05, "13109_13118": 5.448907020324423e-05, "13109_13119": 0.00010423996038881505, "13109_13120": 4.0274530150223994e-05, "13109_13121": 4.2643620159060706e-05, "13109_13122": 6.870361025626446e-05, "13109_13123": 9.950178037114164e-05, "13110_13101": 0.00011371632042416187, "13110_13102": 0.00010660905039765176, "13110_13103": 0.000788906972942623, "13110_13104": 0.0002108490107864668, "13110_13105": 4.7381800176734117e-05, "13110_13106": 3.790544014138729e-05, "13110_13107": 1.1845450044183529e-05, "13110_13108": 4.2643620159060706e-05, "13110_13109": 0.005598159690881135, "13110_13111": 0.0025562481195348053, "13110_13112": 0.011144199401567864, "13110_13113": 0.005515241540571851,