{"13101_13102": 0.028908301353261966, "13101_13103": 0.025070692789335488, "13101_13104": 0.02345485760452434, "13101_13105": 0.017445970511007877, "13101_13106": 0.01578595233286205, "13101_13107": 0.0037902696424964655, "13101_13108": 0.006191930923045849, "13101_13109": 0.002231241163401333, "13101_13110": 0.0008142294485962431, "13101_13111": 0.0017105130276711775, "13101_13112": 0.002695162593415472, "13101_13113": 0.004654993940618057, "13101_13114": 0.001521157341951121, "13101_13115": 0.001839906079579883, "13101_13116": 0.0028655827105635227, "13101_13117": 0.002748813371036154, "13101_13118": 0.0019061805695819026, "13101_13119": 0.0016537063219551607, "13101_13120": 0.0013633609371844072, "13101_13121": 0.0031180569581902647, "13101_13122": 0.0016158351848111492, "13101_13123": 0.0025089628357907495, "13102_13101": 0.0330267875176732, "13102_13103": 0.0179635427186427, "13102_13104": 0.0022880478691173502, "13102_13105": 0.0013128660876590588, "13102_13106": 0.0053587659058776, "13102_13107": 0.007103994142597455, "13102_13108": 0.02069657644920218, "13102_13109": 0.0019314279943445768, "13102_13110": 0.0005238840638254898, "13102_13111": 0.0014706624924257727, "13102_13112": 0.0009278428600282771, "13102_13113": 0.001773631589577863, "13102_13114": 0.0004702332862048071, "13102_13115": 0.00045445364572813574, "13102_13116": 0.0008079175924055746, "13102_13117": 0.000583846697636841, "13102_13118": 0.0007605786709755605, "13102_13119": 0.00042920622096546154, "13102_13120": 0.00039764694001211874, "13102_13121": 0.001647394465764492, "13102_13122": 0.001167693395273682, "13102_13123": 0.0019945465562512623, "13103_13101": 0.023710487780246415, "13103_13102": 0.017717380327206624, "13103_13104": 0.009505655423146839, "13103_13105": 0.0013444253686124015, "13103_13106": 0.002240708947687336, "13103_13107": 0.0015937436881438094, "13103_13108": 0.005087356089678852, "13103_13109": 0.021880049484952535, "13103_13110": 0.0035409513229650576, "13103_13111": 0.005828999192082408, "13103_13112": 0.0033074126439103214, "13103_13113": 0.02034942435871541, "13103_13114": 0.0007637345990708947, "13103_13115": 0.0008552565138355888, "13103_13116": 0.001098262977176328, "13103_13117": 0.0012434356695617047, "13103_13118": 0.0008047616643102404, "13103_13119": 0.0006469652595435265, "13103_13120": 0.0004702332862048071, "13103_13121": 0.0012339678852757018, "13103_13122": 0.0009246869319329428, "13103_13123": 0.001132978186225005, "13104_13101": 0.01680531710765502, "13104_13102": 0.0027267218743688144, "13104_13103": 0.0074763936578469, "13104_13105": 0.010139996970309028, "13104_13106": 0.001476974348616441, "13104_13107": 0.0008773480105029287, "13104_13108": 0.0019598313472025852, "13104_13109": 0.0014043880024237527, "13104_13110": 0.0009120632195516057, "13104_13111": 0.0006248737628761867, "13104_13112": 0.0033231922843869927, "13104_13113": 0.023458013532619674, "13104_13114": 0.018632599474853566, "13104_13115": 0.004942183397293476, "13104_13116": 0.013936578468996163, "13104_13117": 0.0015779640476671379, "13104_13118": 0.0006311856190668552, "13104_13119": 0.0018998687133912342, "13104_13120": 0.004263658856796607, "13104_13121": 0.0008521005857402545, "13104_13122": 0.00041342658048879017, "13104_13123": 0.0007132397495455464, "13105_13101": 0.013109725308018582, "13105_13102": 0.0015053777014744495, "13105_13103": 0.0014485709957584327, "13105_13104": 0.007463769945465563, "13105_13106": 0.008858690163603312, "13105_13107": 0.0005428196323974954, "13105_13108": 0.0009309987881236113, "13105_13109": 0.00029034538477075336, "13105_13110": 0.00011992526762270248, "13105_13111": 0.00015464047667137953, "13105_13112": 0.00025563017572207634, "13105_13113": 0.0005680670571601696, "13105_13114": 0.0003534639466774389, "13105_13115": 0.0001704201171480509, "13105_13116": 0.015180014138557867, "13105_13117": 0.0044940416077560085, "13105_13118": 0.0021176277519692993, "13105_13119": 0.001839906079579883, "13105_13120": 0.0008331650171682489, "13105_13121": 0.0012781508786103817, "13105_13122": 0.0003566198747727732, "13105_13123": 0.00026825388810341344, "13106_13101": 0.011064683902241971, "13106_13102": 0.004680241365380731, "13106_13103": 0.002319607150070693, "13106_13104": 0.0014454150676630985, "13106_13105": 0.007223919410220158, "13106_13107": 0.010755402948899212, "13106_13108": 0.0016978893152898404, "13106_13109": 0.0006090941223995152, "13106_13110": 7.88982023833569e-05, "13106_13111": 0.0004449858614421329, "13106_13112": 0.00014832862048071098, "13106_13113": 0.0006595889719248636, "13106_13114": 0.00016095233286204808, "13106_13115": 0.00013570490809937386, "13106_13116": 0.001177161179559685, "13106_13117": 0.0025373661886487577, "13106_13118": 0.01331486063421531, "13106_13119": 0.00034715209048677035, "13106_13120": 0.00020513532619672792, "13106_13121": 0.004127953948697233, "13106_13122": 0.0021334073924459706, "13106_13123": 0.0007984498081195718, "13107_13101": 0.003465209048677035, "13107_13102": 0.005096823873964856, "13107_13103": 0.0016158351848111492, "13107_13104": 0.000823697232882246, "13107_13105": 0.0006753686124015351, "13107_13106": 0.008350585740254494, "13107_13108": 0.014391032114724298, "13107_13109": 0.00046392143001413856, "13107_13110": 4.733892143001414e-05, "13107_13111": 0.0003061250252474248, "13107_13112": 0.0001420167642900424, "13107_13113": 0.00042920622096546154, "13107_13114": 0.00013254898000403958, "13107_13115": 8.521005857402545e-05, "13107_13116": 0.00022722682286406787, "13107_13117": 0.0003282165219147647, "13107_13118": 0.0013412694405170672, "13107_13119": 0.0001420167642900424, "13107_13120": 6.943041809735406e-05, "13107_13121": 0.002187058170066653, "13107_13122": 0.008779791961219956, "13107_13123": 0.005352454049686932, "13108_13101": 0.006217178347808524, "13108_13102": 0.016085765501918804, "13108_13103": 0.005036861240153504, "13108_13104": 0.0018493738638658856, "13108_13105": 0.0008142294485962431, "13108_13106": 0.0015653403352858008, "13108_13107": 0.014299510199959604, "13108_13109": 0.0021996818824479903, "13108_13110": 0.0002871894566754191, "13108_13111": 0.0017578519491011917, "13108_13112": 0.0005680670571601696, "13108_13113": 0.0010319884871743082, "13108_13114": 0.0003881791557261159, "13108_13115": 0.0002461623914360735, "13108_13116": 0.0006469652595435265, "13108_13117": 0.000366087659058776, "13108_13118": 0.00046707735810947284, "13108_13119": 0.0003029690971520905, "13108_13120": 0.0002461623914360735, "13108_13121": 0.0009436225005049485, "13108_13122": 0.0013444253686124015, "13108_13123": 0.021087911533023633, "13109_13101": 0.002237553019592002, "13109_13102": 0.0018367501514845485, "13109_13103": 0.018531609775802867, "13109_13104": 0.0014106998586144214, "13109_13105": 0.00029034538477075336, "13109_13106": 0.0006595889719248636, "13109_13107": 0.00041027065239345584, "13109_13108": 0.0022470208038780043, "13109_13110": 0.0075079529388002424, "13109_13111": 0.02398820945263583, "13109_13112": 0.0019188042819632397, "13109_13113": 0.0034683649767723694, "13109_13114": 0.00029665724096142196, "13109_13115": 0.00045445364572813574, "13109_13116": 0.0005901585538275096, "13109_13117": 0.0003408402342961018, "13109_13118": 0.00021775903857806505, "13109_13119": 0.00024300646334073924, "13109_13120": 0.00016095233286204808, "13109_13121": 0.00019251161381539082, "13109_13122": 0.0001704201171480509, "13109_13123": 0.0003629317309634417, "13110_13101": 0.0008426328014542517, "13110_13102": 0.0006280296909715209, "13110_13103": 0.003124368814380933, "13110_13104": 0.0008836598666935973, "13110_13105": 0.00010730155524136539, "13110_13106": 9.467784286002827e-05, "13110_13107": 5.049484952534841e-05, "13110_13108": 0.0002366946071500707, "13110_13109": 0.0068041809735406985, "13110_13111": 0.0035062361139163805, "13110_13112": 0.017625858412441932, "13110_13113": 0.00966976368410422, "13110_13114": 0.00019882347000605937, "13110_13115": 0.00035977580286810745,