{"13101_13102": 0.035697684186945196, "13101_13103": 0.03593103898892031, "13101_13104": 0.024793481000252023, "13101_13105": 0.015875593887971027, "13101_13106": 0.016148152296677962, "13101_13107": 0.005290620070379808, "13101_13108": 0.010848198034219148, "13101_13109": 0.0047081664846499215, "13101_13110": 0.0014225308728403013, "13101_13111": 0.003948363249418946, "13101_13112": 0.005316755808201021, "13101_13113": 0.008832012545154155, "13101_13114": 0.0024735609009362194, "13101_13115": 0.003868089197539507, "13101_13116": 0.005359693091764442, "13101_13117": 0.004833244658508583, "13101_13118": 0.003209095236761782, "13101_13119": 0.0028674638066702135, "13101_13120": 0.00225140712945591, "13101_13121": 0.005469836558296697, "13101_13122": 0.0027069157029113344, "13101_13123": 0.004514015289406625, "13102_13101": 0.038973985606675816, "13102_13103": 0.0241400875547217, "13102_13104": 0.004129446575751636, "13102_13105": 0.0019433787908487582, "13102_13106": 0.006054156982442385, "13102_13107": 0.007170526355091335, "13102_13108": 0.021817740565465357, "13102_13109": 0.003308037672799231, "13102_13110": 0.0011537061409649689, "13102_13111": 0.00271811673340614, "13102_13112": 0.0016857550894682312, "13102_13113": 0.003780347791996864, "13102_13114": 0.0009240850158214555, "13102_13115": 0.0006757955065199332, "13102_13116": 0.0015326743393725556, "13102_13117": 0.0012507817385866166, "13102_13118": 0.0013161210831396488, "13102_13119": 0.000630991384540711, "13102_13120": 0.000584320424145688, "13102_13121": 0.0030784165476557177, "13102_13122": 0.0018724389310483232, "13102_13123": 0.003395779078341874, "13103_13101": 0.03348361382580531, "13103_13102": 0.023835792892946153, "13103_13104": 0.011641604360934539, "13103_13105": 0.0024511588399466085, "13103_13106": 0.00472683486880793, "13103_13107": 0.0029402705048864495, "13103_13108": 0.008510916337636397, "13103_13109": 0.025648492994688844, "13103_13110": 0.004661495524254898, "13103_13111": 0.010840730680555945, "13103_13112": 0.005096468875136513, "13103_13113": 0.024851352991141853, "13103_13114": 0.0013254552752186535, "13103_13115": 0.0012974526989816396, "13103_13116": 0.0022271382300504978, "13103_13117": 0.002945871020133852, "13103_13118": 0.0018145669401584946, "13103_13119": 0.0010846331195803348, "13103_13120": 0.0008867482475054372, "13103_13121": 0.002154331531834262, "13103_13122": 0.0014411992569983104, "13103_13123": 0.0017940317175846843, "13104_13101": 0.021657192461706477, "13104_13102": 0.004542017865643639, "13104_13103": 0.011189829464310717, "13104_13105": 0.008800276292085539, "13104_13106": 0.0022924775746035304, "13104_13107": 0.0013739930740294774, "13104_13108": 0.0032240299440881894, "13104_13109": 0.003085883901318921, "13104_13110": 0.0014934707326407363, "13104_13111": 0.0011201030494805521, "13104_13112": 0.005115137259294522, "13104_13113": 0.027492929349500154, "13104_13114": 0.017111440919231235, "13104_13115": 0.006700083074309503, "13104_13116": 0.014247710789392624, "13104_13117": 0.0028263933615225935, "13104_13118": 0.0009408865615636639, "13104_13119": 0.002833860715185797, "13104_13120": 0.006059757497689788, "13104_13121": 0.0011182362110647513, "13104_13122": 0.0004405738661290172, "13104_13123": 0.0011145025342331495, "13105_13101": 0.014671483109779433, "13105_13102": 0.002346615888661757, "13105_13103": 0.00275918717855376, "13105_13104": 0.007816452446958453, "13105_13106": 0.007123855394696312, "13105_13107": 0.0008027405187943957, "13105_13108": 0.0016278830985784025, "13105_13109": 0.0005432499789980678, "13105_13110": 0.00017734964950108742, "13105_13111": 0.00023335480197511505, "13105_13112": 0.00039950342098139693, "13105_13113": 0.0010211606134431035, "13105_13114": 0.0004947121801872439, "13105_13115": 0.0003322972380125638, "13105_13116": 0.011538928248065489, "13105_13117": 0.0037915488224916694, "13105_13118": 0.0017921648791688835, "13105_13119": 0.00275918717855376, "13105_13120": 0.001452400287493116, "13105_13121": 0.001736159726694856, "13105_13122": 0.0004984458570188458, "13105_13123": 0.00047791063444503563, "13106_13101": 0.013248952236939131, "13106_13102": 0.006240840824022477, "13106_13103": 0.0044412085911903895, "13106_13104": 0.0021151279251024426, "13106_13105": 0.006311780683822912, "13106_13107": 0.008850680929312163, "13106_13108": 0.002365284272819766, "13106_13109": 0.001265716445913024, "13106_13110": 0.00012694501227446259, "13106_13111": 0.0009464870768110666, "13106_13112": 0.00023335480197511505, "13106_13113": 0.0014860033789775326, "13106_13114": 0.0003472319453389712, "13106_13115": 0.0002221537714803095, "13106_13116": 0.001900441507285337, "13106_13117": 0.0031941605294353746, "13106_13118": 0.010693250445707672, "13106_13119": 0.0005973882930562945, "13106_13120": 0.00031922936910195736, "13106_13121": 0.005398896698496262, "13106_13122": 0.0025445007607366545, "13106_13123": 0.0011425051104701632, "13107_13101": 0.005400763536912063, "13107_13102": 0.005852538433535885, "13107_13103": 0.003209095236761782, "13107_13104": 0.0013777267508610792, "13107_13105": 0.0008587456712684234, "13107_13106": 0.0077753820018108336, "13107_13108": 0.013969551865438287, "13107_13109": 0.0010472963512643163, "13107_13110": 0.00012694501227446259, "13107_13111": 0.0005189810795926559, "13107_13112": 0.00032669672276516105, "13107_13113": 0.0010752989275013302, "13107_13114": 0.0002016185489064994, "13107_13115": 0.0002016185489064994, "13107_13116": 0.00039016922890239237, "13107_13117": 0.0005656520399876789, "13107_13118": 0.0012003771013599919, "13107_13119": 0.00016054810375887914, "13107_13120": 8.587456712684234e-05, "13107_13121": 0.003095218093397926, "13107_13122": 0.006679547851735693, "13107_13123": 0.0053260900002800255, "13108_13101": 0.01154266192489709, "13108_13102": 0.01985942706729019, "13108_13103": 0.009156842429503514, "13108_13104": 0.0034163143009156845, "13108_13105": 0.00166335302847862, "13108_13106": 0.002675179449842719, "13108_13107": 0.013788468539105597, "13108_13109": 0.0036141991729905817, "13108_13110": 0.0004592422502870264, "13108_13111": 0.003000009334192079, "13108_13112": 0.0009670222993848767, "13108_13113": 0.0025911717211316776, "13108_13114": 0.0005581846863244752, "13108_13115": 0.0004144381283078043, "13108_13116": 0.0012377138696760101, "13108_13117": 0.0006104561619669009, "13108_13118": 0.0007355343358255626, "13108_13119": 0.0005115137259294522, "13108_13120": 0.00034163143009156843, "13108_13121": 0.0015513427235305647, "13108_13122": 0.0018929741536221332, "13108_13123": 0.01802992541980529, "13109_13101": 0.004825777304845379, "13109_13102": 0.0036403349108117948, "13109_13103": 0.024819616738073237, "13109_13104": 0.0031045522854769307, "13109_13105": 0.0005040463722662485, "13109_13106": 0.0012227791623496027, "13109_13107": 0.0008550119944368215, "13109_13108": 0.0034387163619052953, "13109_13110": 0.008122613947149804, "13109_13111": 0.025039903671137745, "13109_13112": 0.003029878748844894, "13109_13113": 0.006220305601448667, "13109_13114": 0.0006216571924617065, "13109_13115": 0.0007112654364201507, "13109_13116": 0.0014318650649193059, "13109_13117": 0.0007654037504783774, "13109_13118": 0.00036403349108117945, "13109_13119": 0.000541383140582267, "13109_13120": 0.00023895531722251782, "13109_13121": 0.00031922936910195736, "13109_13122": 0.00024455583246992056, "13109_13123": 0.0005320489485032623, "13110_13101": 0.0015588100771937684, "13110_13102": 0.0011518393025491678, "13110_13103": 0.004418806530200778, "13110_13104": 0.0015774784613517777, "13110_13105": 0.0001568144269272773, "13110_13106": 0.0001101434665322543, "13110_13107": 8.21408902952405e-05, "13110_13108": 0.0004125712898920034, "13110_13109": 0.007853789215274472, "13110_13111": 0.003795282499323271, "13110_13112": 0.015321142878478152, "13110_13113": 0.011186095787479115, "13110_13114": 0.00039016922890239237, "13110_13115": 0.0006645944760251276, "13110_13116": 0.0005973882930562945,