{"13101_13102": 0.031397609314950135, "13101_13103": 0.03015662125207341, "13101_13104": 0.022639371721774146, "13101_13105": 0.014777742909658515, "13101_13106": 0.01478996939303661, "13101_13107": 0.004619572969690548, "13101_13108": 0.00915763605019379, "13101_13109": 0.0041488533596338575, "13101_13110": 0.0013754793800357828, "13101_13111": 0.0034845477627573167, "13101_13112": 0.004980254229344375, "13101_13113": 0.0074051734326667186, "13101_13114": 0.002431032445011391, "13101_13115": 0.003295037270396831, "13101_13116": 0.0046827431338107095, "13101_13117": 0.004303722149089738, "13101_13118": 0.0029323182635133207, "13101_13119": 0.002710203815477913, "13101_13120": 0.001970501571103114, "13101_13121": 0.005175877963393909, "13101_13122": 0.0025431085426439364, "13101_13123": 0.004010286548015438, "13102_13101": 0.034482758620689655, "13102_13103": 0.020919513059921995, "13102_13104": 0.0035477179268774786, "13102_13105": 0.001811557287187868, "13102_13106": 0.005815730593514258, "13102_13107": 0.006696037396737159, "13102_13108": 0.019684638238734314, "13102_13109": 0.0027631852434496615, "13102_13110": 0.0009984961425444942, "13102_13111": 0.00238416425872869, "13102_13112": 0.0015975938280711908, "13102_13113": 0.0032176028756688907, "13102_13114": 0.0011003835040286263, "13102_13115": 0.0007417399916044814, "13102_13116": 0.0013734416328061003, "13102_13117": 0.0011105722401770395, "13102_13118": 0.0011737424042972014, "13102_13119": 0.00064800361903908, "13102_13120": 0.0006378148828906667, "13102_13121": 0.0028365441437182364, "13102_13122": 0.0017646891009051673, "13102_13123": 0.00320945188675016, "13103_13101": 0.028475479787585228, "13103_13102": 0.02020426378230339, "13103_13104": 0.010042018347876056, "13103_13105": 0.002147785580085504, "13103_13106": 0.004032701767541947, "13103_13107": 0.002697977332099817, "13103_13108": 0.007678231561444192, "13103_13109": 0.02315492177088385, "13103_13110": 0.004028626273082582, "13103_13111": 0.010011452139430816, "13103_13112": 0.004776479506376111, "13103_13113": 0.021512497503759644, "13103_13114": 0.001255252293484507, "13103_13115": 0.001328611193753082, "13103_13116": 0.002100917393802803, "13103_13117": 0.00252273107034711, "13103_13118": 0.0017687645953645326, "13103_13119": 0.0011146477346364047, "13103_13120": 0.0008701180670744878, "13103_13121": 0.0020499737130607373, "13103_13122": 0.0013163847103749864, "13103_13123": 0.001789142067661359, "13104_13101": 0.019323956979080487, "13104_13102": 0.0039267389115984494, "13104_13103": 0.009516279562617934, "13104_13105": 0.008136724688122786, "13104_13106": 0.0020968418993434377, "13104_13107": 0.0013306489409827648, "13104_13108": 0.002759109748990296, "13104_13109": 0.0027407700239231525, "13104_13110": 0.0014590270164527711, "13104_13111": 0.0009434769673430629, "13104_13112": 0.004705158353337219, "13104_13113": 0.024615986534566307, "13104_13114": 0.0160472594337508, "13104_13115": 0.006219204544991421, "13104_13116": 0.012615693098965233, "13104_13117": 0.0025471840371033014, "13104_13118": 0.0009679299340992546, "13104_13119": 0.0026612978819655297, "13104_13120": 0.005320558016701376, "13104_13121": 0.001067779548353704, "13104_13122": 0.0004157004348552588, "13104_13123": 0.0012002331182830756, "13105_13101": 0.013406339024082097, "13105_13102": 0.002164087557922965, "13105_13103": 0.0025084668397393315, "13105_13104": 0.007070982886998765, "13105_13106": 0.006600263276942075, "13105_13107": 0.0007743439472794037, "13105_13108": 0.001357139654968639, "13105_13109": 0.0004055116987068456, "13105_13110": 0.0001385668116184196, "13105_13111": 0.0002282276897244558, "13105_13112": 0.00040347395147716296, "13105_13113": 0.0008925332866009969, "13105_13114": 0.0005420407630955825, "13105_13115": 0.00027305812877747394, "13105_13116": 0.010588134605431005, "13105_13117": 0.0035762463880930355, "13105_13118": 0.0018563877262408861, "13105_13119": 0.0026144296956828288, "13105_13120": 0.001414196577399753, "13105_13121": 0.0015914805863821429, "13105_13122": 0.0005012858185019297, "13105_13123": 0.0004809083462051033, "13106_13101": 0.012197954916880291, "13106_13102": 0.005832032571351719, "13106_13103": 0.003987871328488929, "13106_13104": 0.001913444648672, "13106_13105": 0.0058198060879736235, "13106_13107": 0.008275291499741206, "13106_13108": 0.0022863523917039234, "13106_13109": 0.001261365535173555, "13106_13110": 0.0001426423060777849, "13106_13111": 0.0008212121335621044, "13106_13112": 0.00024045417310255166, "13106_13113": 0.0012185728433502195, "13106_13114": 0.00032400180951954, "13106_13115": 0.00022007670080572526, "13106_13116": 0.0015772163557743644, "13106_13117": 0.003095338041887932, "13106_13118": 0.010054244831254153, "13106_13119": 0.0006194751578235229, "13106_13120": 0.0003504925235054143, "13106_13121": 0.005063801865761363, "13106_13122": 0.0024840138729831395, "13106_13123": 0.001073892790042752, "13107_13101": 0.004888555604008657, "13107_13102": 0.005522294992439958, "13107_13103": 0.002865072604933794, "13107_13104": 0.0012735920185516507, "13107_13105": 0.0008456651003182961, "13107_13106": 0.0074866833218540235, "13107_13108": 0.013271847706923042, "13107_13109": 0.0007906459251168648, "13107_13110": 8.150988918730565e-05, "13107_13111": 0.00046868186282700747, "13107_13112": 0.00026490713985874334, "13107_13113": 0.0009067975172087754, "13107_13114": 0.00018951049236048563, "13107_13115": 0.00019969922850889886, "13107_13116": 0.00038105873195065393, "13107_13117": 0.0004809083462051033, "13107_13118": 0.0010983457567989435, "13107_13119": 0.00018135950344175508, "13107_13120": 5.5019175201431314e-05, "13107_13121": 0.0028793368355415723, "13107_13122": 0.006147883391952528, "13107_13123": 0.004864102637252465, "13108_13101": 0.009876960822271762, "13108_13102": 0.017510361944662937, "13108_13103": 0.0077943831535361024, "13108_13104": 0.0029914129331741176, "13108_13105": 0.0013958568523326092, "13108_13106": 0.0024045417310255167, "13108_13107": 0.01298452534753779, "13108_13109": 0.0029547334830398297, "13108_13110": 0.0004116249403958935, "13108_13111": 0.002557372773251715, "13108_13112": 0.0007845326834278168, "13108_13113": 0.0023271073362975763, "13108_13114": 0.0006215129050532056, "13108_13115": 0.00041773818208494143, "13108_13116": 0.0010514775705162429, "13108_13117": 0.0005950221910673313, "13108_13118": 0.0006622678496468584, "13108_13119": 0.0004747951045160554, "13108_13120": 0.00028936010661493504, "13108_13121": 0.001487555477668328, "13108_13122": 0.001811557287187868, "13108_13123": 0.016986660906634497, "13109_13101": 0.003981758086799881, "13109_13102": 0.003119791008644124, "13109_13103": 0.02220533156185174, "13109_13104": 0.002555335026022032, "13109_13105": 0.0004564553794489116, "13109_13106": 0.0011900443821346626, "13109_13107": 0.0007234002665373377, "13109_13108": 0.0030525453500645965, "13109_13110": 0.007407211179896401, "13109_13111": 0.023495225558240854, "13109_13112": 0.0025838634872375893, "13109_13113": 0.005310369280552963, "13109_13114": 0.0005787202132298701, "13109_13115": 0.0006744943330249543, "13109_13116": 0.0014040078412513397, "13109_13117": 0.0007070982886998765, "13109_13118": 0.0003606812596538275, "13109_13119": 0.00047071961005669015, "13109_13120": 0.00024045417310255166, "13109_13121": 0.0003260395567492226, "13109_13122": 0.0002812091176962045, "13109_13123": 0.0005318520269471694, "13110_13101": 0.001357139654968639, "13110_13102": 0.001153364932000375, "13110_13103": 0.004010286548015438, "13110_13104": 0.001465140258141819, "13110_13105": 0.00016913302006365923, "13110_13106": 0.0001141138448622279, "13110_13107": 4.686818628270075e-05, "13110_13108": 0.0003892097208693845, "13110_13109": 0.0072034364569281365, "13110_13111": 0.0035742086408633526, "13110_13112": 0.013850567920152913, "13110_13113": 0.009915678019635733, "13110_13114": 0.0003708699958022407, "13110_13115": 0.0006378148828906667, "13110_13116": 0.00046868186282700747,