{"13101_13102": 0.013169850566533471, "13101_13103": 0.0096994909409382, "13101_13104": 0.00951703249584907, "13101_13105": 0.006776506650610323, "13101_13106": 0.007458901235243673, "13101_13107": 0.002174904665462441, "13101_13108": 0.0032039702957651394, "13101_13109": 0.0011129965150436989, "13101_13110": 0.00041600525480321856, "13101_13111": 0.0010217672924991332, "13101_13112": 0.0012991041290346123, "13101_13113": 0.0020654295984089623, "13101_13114": 0.0007991679894903935, "13101_13115": 0.0010363639681062638, "13101_13116": 0.0014596675607130476, "13101_13117": 0.0011458390351597424, "13101_13118": 0.0008794497053296112, "13101_13119": 0.0007006404291422628, "13101_13120": 0.0005802178553834365, "13101_13121": 0.0014158775338916562, "13101_13122": 0.0007955188205886109, "13101_13123": 0.0012516649333114383, "13102_13101": 0.014819274910139216, "13102_13103": 0.00792964402357363, "13102_13104": 0.0014669658985166129, "13102_13105": 0.00076632546937435, "13102_13106": 0.0025325232178371377, "13102_13107": 0.0033754812341489225, "13102_13108": 0.0110642801102049, "13102_13109": 0.0009013447187403068, "13102_13110": 0.00039411024139252287, "13102_13111": 0.0009378364077581331, "13102_13112": 0.00047074278832995786, "13102_13113": 0.0010582589815169596, "13102_13114": 0.00025179265422300073, "13102_13115": 0.00025909099202656594, "13102_13116": 0.0004634444505263926, "13102_13117": 0.00027733683653547906, "13102_13118": 0.0003576185523746967, "13102_13119": 0.00020800262740160928, "13102_13120": 0.00018610761399091356, "13102_13121": 0.0008101154961957414, "13102_13122": 0.0006313062200083931, "13102_13123": 0.0012845074534274818, "13103_13101": 0.009221449814804678, "13103_13102": 0.0073786195194044555, "13103_13104": 0.004327914317514186, "13103_13105": 0.0007115879358476107, "13103_13106": 0.0012115240753918296, "13103_13107": 0.0007006404291422628, "13103_13108": 0.002893790939113617, "13103_13109": 0.009925739412848723, "13103_13110": 0.0019705512069626142, "13103_13111": 0.003006915175068878, "13103_13112": 0.0016786176948200048, "13103_13113": 0.009524330833652636, "13103_13114": 0.000383162734687175, "13103_13115": 0.00040870691699965335, "13103_13116": 0.0005218311529549145, "13103_13117": 0.0004889886328388709, "13103_13118": 0.0003503202145711314, "13103_13119": 0.0003466710456693488, "13103_13120": 0.00020800262740160928, "13103_13121": 0.0005911653620887842, "13103_13122": 0.00041600525480321856, "13103_13123": 0.0006130603754994799, "13104_13101": 0.007269144452350977, "13104_13102": 0.0015107559253380043, "13104_13103": 0.003868119035889576, "13104_13105": 0.004886237159486927, "13104_13106": 0.001091101501633003, "13104_13107": 0.0005510245041691755, "13104_13108": 0.0011859798930793511, "13104_13109": 0.0008247121718028719, "13104_13110": 0.0005911653620887842, "13104_13111": 0.0004269527615085664, "13104_13112": 0.002163957158757093, "13104_13113": 0.012502052657507253, "13104_13114": 0.011290528582115423, "13104_13115": 0.0033499370518364443, "13104_13116": 0.008309157589359023, "13104_13117": 0.0009268889010527852, "13104_13118": 0.00036126772127647927, "13104_13119": 0.0010655573193205248, "13104_13120": 0.0024266973196854415, "13104_13121": 0.00044884777491926216, "13104_13122": 0.0002335468097140876, "13104_13123": 0.00043060193041034905, "13105_13101": 0.005444560001459668, "13105_13102": 0.0007626763004725674, "13105_13103": 0.0007079387669458281, "13105_13104": 0.0042950717973981424, "13105_13106": 0.004608900322951448, "13105_13107": 0.00041235608590143593, "13105_13108": 0.0005181819840531319, "13105_13109": 0.0001350192493659569, "13105_13110": 8.028171583921761e-05, "13105_13111": 0.00010947506705347856, "13105_13112": 0.00014231758716952214, "13105_13113": 0.00030653018774973997, "13105_13114": 0.0001751601072855657, "13105_13115": 0.0001313700804641743, "13105_13116": 0.007502691262065065, "13105_13117": 0.0024011531373729633, "13105_13118": 0.0013355958180524385, "13105_13119": 0.0010473114748116117, "13105_13120": 0.00044884777491926216, "13105_13121": 0.0007371321181600891, "13105_13122": 0.00022624847191052237, "13105_13123": 0.0002554418231247833, "13106_13101": 0.006101410403780539, "13106_13102": 0.0022405897056945283, "13106_13103": 0.0012224715820971775, "13106_13104": 0.000948783914463481, "13106_13105": 0.0044556352290765775, "13106_13107": 0.006276570511066105, "13106_13108": 0.001160435710766873, "13106_13109": 0.00031382852555330524, "13106_13110": 4.379002682139143e-05, "13106_13111": 0.0002955826810443921, "13106_13112": 0.00014961592497308738, "13106_13113": 0.0004014085791960881, "13106_13114": 0.00012042257375882643, "13106_13115": 6.933420913386976e-05, "13106_13116": 0.0007882204827850457, "13106_13117": 0.0014268250405970041, "13106_13118": 0.007754483916288066, "13106_13119": 0.0002481434853212181, "13106_13120": 0.00014231758716952214, "13106_13121": 0.0028791942635064864, "13106_13122": 0.0012808582845256992, "13106_13123": 0.0005984636998923495, "13107_13101": 0.001857426971007353, "13107_13102": 0.002722280000729834, "13107_13103": 0.0006240078822048278, "13107_13104": 0.0005108836462495666, "13107_13105": 0.0003649168901782619, "13107_13106": 0.005484700859379276, "13107_13108": 0.009995073621982594, "13107_13109": 0.00021165179630339192, "13107_13110": 2.5544182312478334e-05, "13107_13111": 0.00025179265422300073, "13107_13112": 0.00010582589815169596, "13107_13113": 0.0002955826810443921, "13107_13114": 9.48783914463481e-05, "13107_13115": 6.933420913386976e-05, "13107_13116": 0.00020435345849982667, "13107_13117": 0.00018245844508913095, "13107_13118": 0.0010473114748116117, "13107_13119": 6.933420913386976e-05, "13107_13120": 5.108836462495667e-05, "13107_13121": 0.0017187585527396135, "13107_13122": 0.004860692977174449, "13107_13123": 0.0038973123871038373, "13108_13101": 0.0031674786067473135, "13108_13102": 0.009692192603134636, "13108_13103": 0.002941230134836791, "13108_13104": 0.0010983998394365683, "13108_13105": 0.0005400769974638276, "13108_13106": 0.000996223110186655, "13108_13107": 0.010166584560366376, "13108_13109": 0.0012407174266060904, "13108_13110": 0.00011312423595526119, "13108_13111": 0.0011166456839454815, "13108_13112": 0.0003466710456693488, "13108_13113": 0.0007188862736511759, "13108_13114": 0.00023719597861587025, "13108_13115": 0.0001897567828926962, "13108_13116": 0.000383162734687175, "13108_13117": 0.00022624847191052237, "13108_13118": 0.00029193351214260954, "13108_13119": 0.00018245844508913095, "13108_13120": 0.0001313700804641743, "13108_13121": 0.0005729195175798712, "13108_13122": 0.0009998722790884376, "13108_13123": 0.012888864561096211, "13109_13101": 0.0010290656303026985, "13109_13102": 0.0009889247723830897, "13109_13103": 0.008893024613644242, "13109_13104": 0.0008283613407046545, "13109_13105": 0.00018245844508913095, "13109_13106": 0.0003028810188479574, "13109_13107": 0.00017880927618734834, "13109_13108": 0.0010509606437133943, "13109_13110": 0.005283996569781233, "13109_13111": 0.014049300271863083, "13109_13112": 0.0011129965150436989, "13109_13113": 0.0020179904026857882, "13109_13114": 0.00014596675607130477, "13109_13115": 0.00020800262740160928, "13109_13116": 0.0002846351743390443, "13109_13117": 0.00018245844508913095, "13109_13118": 0.00012772091156239165, "13109_13119": 0.00014231758716952214, "13109_13120": 8.758005364278285e-05, "13109_13121": 0.0001350192493659569, "13109_13122": 0.00010217672924991334, "13109_13123": 0.000229897640812305, "13110_13101": 0.0003722152279818271, "13110_13102": 0.0003284252011604357, "13110_13103": 0.001656722681409309, "13110_13104": 0.0005473753352673929, "13110_13105": 6.933420913386976e-05, "13110_13106": 5.83867024285219e-05, "13110_13107": 6.568504023208714e-05, "13110_13108": 0.00016786176948200047, "13110_13109": 0.004776762092433448, "13110_13111": 0.0028208075610779643, "13110_13112": 0.010805189118178335, "13110_13113": 0.005995584505628843,