{"13101_13102": 0.012998353052040963, "13101_13103": 0.010534415160566619, "13101_13104": 0.009559646749114928, "13101_13105": 0.0064040771688056814, "13101_13106": 0.007873794507579851, "13101_13107": 0.0027773335004776583, "13101_13108": 0.004681481993801251, "13101_13109": 0.0018479534186057569, "13101_13110": 0.0007110838300833849, "13101_13111": 0.001789596994860312, "13101_13112": 0.0022326735455201717, "13101_13113": 0.003672131997907814, "13101_13114": 0.0011692898239365082, "13101_13115": 0.0014956535271054782, "13101_13116": 0.0022672551299619172, "13101_13117": 0.0020965085567808002, "13101_13118": 0.0013659725854489337, "13101_13119": 0.0014135222640563334, "13101_13120": 0.0008991211954853741, "13101_13121": 0.0024099041657841156, "13101_13122": 0.0011973873612954261, "13101_13123": 0.002273739177044744, "13102_13101": 0.014210869856529652, "13102_13103": 0.00892637148402547, "13102_13104": 0.001789596994860312, "13102_13105": 0.0009704457133964735, "13102_13106": 0.0030864064114257553, "13102_13107": 0.003365220435987326, "13102_13108": 0.011474601987576567, "13102_13109": 0.0015042989232159144, "13102_13110": 0.0006159844728685856, "13102_13111": 0.0013573271893384975, "13102_13112": 0.0007910537441049205, "13102_13113": 0.0016901749395902947, "13102_13114": 0.0003803974288591968, "13102_13115": 0.00039984957010767843, "13102_13116": 0.0007110838300833849, "13102_13117": 0.0004560446448255143, "13102_13118": 0.0006311139160618492, "13102_13119": 0.00035662258955549694, "13102_13120": 0.0002442324401198252, "13102_13121": 0.0015021375741883054, "13102_13122": 0.0008904757993749378, "13102_13123": 0.0019322460306825109, "13103_13101": 0.010080531864768713, "13103_13102": 0.008716720628347389, "13103_13104": 0.005074847516826102, "13103_13105": 0.0010482542783904001, "13103_13106": 0.0021289287921949364, "13103_13107": 0.0012687118792065256, "13103_13108": 0.004180049019395947, "13103_13109": 0.011213078755235868, "13103_13110": 0.002502842173971306, "13103_13111": 0.0053623069374981085, "13103_13112": 0.0026390071627106775, "13103_13113": 0.01204519813086536, "13103_13114": 0.0006829862927244669, "13103_13115": 0.0006656955005035943, "13103_13116": 0.000925057383816683, "13103_13117": 0.0009920592036725643, "13103_13118": 0.0007435040654975209, "13103_13119": 0.0005597893981507498, "13103_13120": 0.00042578575843898726, "13103_13121": 0.0010525769764456183, "13103_13122": 0.0006462433592551127, "13103_13123": 0.0008969598464577651, "13104_13101": 0.008545974055166272, "13104_13102": 0.0019192779365168563, "13104_13103": 0.004960296018362821, "13104_13105": 0.004672836597690815, "13104_13106": 0.0014329744053048152, "13104_13107": 0.0009185733367338558, "13104_13108": 0.0015756234411270138, "13104_13109": 0.0012860026714273981, "13104_13110": 0.0011195787963014995, "13104_13111": 0.0006462433592551127, "13104_13112": 0.003280927823910572, "13104_13113": 0.015790815995711884, "13104_13114": 0.011740447917972482, "13104_13115": 0.004733354370463868, "13104_13116": 0.009473192788010565, "13104_13117": 0.0016274958177896317, "13104_13118": 0.0005489826530127044, "13104_13119": 0.0017701448536118303, "13104_13120": 0.003581355338748233, "13104_13121": 0.0007175678771662121, "13104_13122": 0.00029610481678244295, "13104_13123": 0.0007694402538288298, "13105_13101": 0.0061771355209067295, "13105_13102": 0.0010828358628321452, "13105_13103": 0.001130385541439545, "13105_13104": 0.004253534886334655, "13105_13106": 0.004882487453368895, "13105_13107": 0.0005705961432887951, "13105_13108": 0.0009012825445129832, "13105_13109": 0.0002874594206720066, "13105_13110": 0.00012319689457371714, "13105_13111": 0.00017074657318111671, "13105_13112": 0.0001966827615124256, "13105_13113": 0.0006224685199514129, "13105_13114": 0.0003458158444174516, "13105_13115": 0.00019236006345720746, "13105_13116": 0.007607948577183935, "13105_13117": 0.002358031789121498, "13105_13118": 0.0014848467819674328, "13105_13119": 0.001519428366409178, "13105_13120": 0.000804021838270575, "13105_13121": 0.0010352861842247458, "13105_13122": 0.0003458158444174516, "13105_13123": 0.000298266165810052, "13106_13101": 0.007141097187220375, "13106_13102": 0.002924305234355075, "13106_13103": 0.0017355632691700852, "13106_13104": 0.0012449370399028258, "13106_13105": 0.004698772786022124, "13106_13107": 0.006559694298793535, "13106_13108": 0.0016642387512589858, "13106_13109": 0.0006181458218961947, "13106_13110": 0.00011239014943567176, "13106_13111": 0.0005857255864820586, "13106_13112": 0.00016858522415350764, "13106_13113": 0.0008883144503473288, "13106_13114": 0.00019452141248481653, "13106_13115": 0.000149133082905026, "13106_13116": 0.0012687118792065256, "13106_13117": 0.0019344073797101199, "13106_13118": 0.007627400718432417, "13106_13119": 0.00039768822108006934, "13106_13120": 0.00019452141248481653, "13106_13121": 0.004033077285518529, "13106_13122": 0.0017485313633357395, "13106_13123": 0.0008083445363257931, "13107_13101": 0.0025482305035510965, "13107_13102": 0.003032372685735529, "13107_13103": 0.001227646247681953, "13107_13104": 0.0008148285834086203, "13107_13105": 0.0005403372569022681, "13107_13106": 0.005952355222035385, "13107_13108": 0.011502699524935484, "13107_13109": 0.00040417226816289657, "13107_13110": 7.13245179110994e-05, "13107_13111": 0.0003220410051137518, "13107_13112": 0.0002118122047056891, "13107_13113": 0.0006181458218961947, "13107_13114": 0.0001015834042976264, "13107_13115": 0.00011887419651849898, "13107_13116": 0.0002874594206720066, "13107_13117": 0.0004020109191352875, "13107_13118": 0.0011455149846328085, "13107_13119": 0.0001577784790154623, "13107_13120": 4.75496786073996e-05, "13107_13121": 0.0025828120879928416, "13107_13122": 0.004515058118675352, "13107_13123": 0.004253534886334655, "13108_13101": 0.004668513899635597, "13108_13102": 0.010640321262919463, "13108_13103": 0.004298923215914445, "13108_13104": 0.0016037209784859317, "13108_13105": 0.0009207346857614649, "13108_13106": 0.0016512706570933314, "13108_13107": 0.011223885500373914, "13108_13109": 0.0016815295434798583, "13108_13110": 0.0002874594206720066, "13108_13111": 0.0019668276151242558, "13108_13112": 0.0004863035312120413, "13108_13113": 0.0012968094165654435, "13108_13114": 0.00030691156192048827, "13108_13115": 0.00022694164789895262, "13108_13116": 0.0006592114534207671, "13108_13117": 0.00030691156192048827, "13108_13118": 0.00035878393858310604, "13108_13119": 0.00031987965608614273, "13108_13120": 0.00020748950665047094, "13108_13121": 0.0009704457133964735, "13108_13122": 0.0014135222640563334, "13108_13123": 0.01353869030894323, "13109_13101": 0.0018998257952683748, "13109_13102": 0.0014718786878017785, "13109_13103": 0.010726775224023826, "13109_13104": 0.0014718786878017785, "13109_13105": 0.00025503918525787055, "13109_13106": 0.0006613728024483762, "13109_13107": 0.00040417226816289657, "13109_13108": 0.0016447866100105042, "13109_13110": 0.006369495584363937, "13109_13111": 0.01673100282272183, "13109_13112": 0.0019236006345720745, "13109_13113": 0.0032031192589166454, "13109_13114": 0.0003436544953898425, "13109_13115": 0.00035878393858310604, "13109_13116": 0.0006765022456416397, "13109_13117": 0.00031771830705853364, "13109_13118": 0.00019452141248481653, "13109_13119": 0.0003847201269144149, "13109_13120": 0.0001318422906841534, "13109_13121": 0.00019884411054003467, "13109_13122": 0.00015993982804307137, "13109_13123": 0.00033500909927940625, "13110_13101": 0.0005922096335648859, "13110_13102": 0.0005576280491231407, "13110_13103": 0.0024012587696736797, "13110_13104": 0.0010007045997830007, "13110_13105": 7.780856499392661e-05, "13110_13106": 9.50993572147992e-05, "13110_13107": 9.077665915958104e-05, "13110_13108": 0.0002917821187272248, "13110_13109": 0.006092842908829975, "13110_13111": 0.003252830286551654, "13110_13112": 0.012423434210696948, "13110_13113": 0.0074091044666439, "13110_13114": 0.00035878393858310604,