{"13101_13102": 0.026709708659510934, "13101_13103": 0.023914131224275683, "13101_13104": 0.022923089339036397, "13101_13105": 0.015611330804616253, "13101_13106": 0.01449439109030748, "13101_13107": 0.0037123718828181744, "13101_13108": 0.006159309176014849, "13101_13109": 0.0020563312081349366, "13101_13110": 0.0008748285045597611, "13101_13111": 0.001830360745702526, "13101_13112": 0.0026406262609958843, "13101_13113": 0.0042902106367524815, "13101_13114": 0.0014946332015172302, "13101_13115": 0.0018852392865789686, "13101_13116": 0.0028891937696715357, "13101_13117": 0.002463078040513276, "13101_13118": 0.001723831813412961, "13101_13119": 0.0016237591800500363, "13101_13120": 0.0010523767250423695, "13101_13121": 0.002718101848115568, "13101_13122": 0.0015075457993705109, "13101_13123": 0.002492131385683157, "13102_13101": 0.029915261076587846, "13102_13103": 0.016699217173755145, "13102_13104": 0.002295214268420628, "13102_13105": 0.0012170123476716972, "13102_13106": 0.005074650956339279, "13102_13107": 0.007008312484868049, "13102_13108": 0.019824065854249052, "13102_13109": 0.001765797756436123, "13102_13110": 0.0006294891453474296, "13102_13111": 0.00127511903801146, "13102_13112": 0.0008780566540230812, "13102_13113": 0.0016689532725365185, "13102_13114": 0.000510047615204584, "13102_13115": 0.0003809216366717779, "13102_13116": 0.0007069647324671133, "13102_13117": 0.0004583972237914615, "13102_13118": 0.0007360180776369946, "13102_13119": 0.0004196594302316197, "13102_13120": 0.00034864014203857637, "13102_13121": 0.0014171576143975466, "13102_13122": 0.0011459930594786539, "13102_13123": 0.001978855621015253, "13103_13101": 0.02279073521104027, "13103_13102": 0.01665079493180534, "13103_13104": 0.009077556290856267, "13103_13105": 0.001446210959567428, "13103_13106": 0.002198369784521023, "13103_13107": 0.001552739891856993, "13103_13108": 0.004984262771366314, "13103_13109": 0.022122508272133, "13103_13110": 0.003941570494713905, "13103_13111": 0.0057364215963199095, "13103_13112": 0.0032862561536599146, "13103_13113": 0.02066015656524897, "13103_13114": 0.0006198046969574691, "13103_13115": 0.0009135662981196029, "13103_13116": 0.001087886369138891, "13103_13117": 0.0011879590025018157, "13103_13118": 0.0008748285045597611, "13103_13119": 0.0007101928819304334, "13103_13120": 0.0004196594302316197, "13103_13121": 0.0011233960132354128, "13103_13122": 0.0008102655152933581, "13103_13123": 0.0011298523121620531, "13104_13101": 0.01724800258251957, "13104_13102": 0.0027277862965055283, "13104_13103": 0.00766685497538536, "13104_13105": 0.010268743442821403, "13104_13106": 0.0014849487531272698, "13104_13107": 0.0008812848034864014, "13104_13108": 0.0018658703897990478, "13104_13109": 0.0014171576143975466, "13104_13110": 0.0010717456218222903, "13104_13111": 0.0006746832378339117, "13104_13112": 0.0032604309579533533, "13104_13113": 0.023045759018642562, "13104_13114": 0.019481882011137115, "13104_13115": 0.004935840529416512, "13104_13116": 0.014620288919376967, "13104_13117": 0.001636671777903317, "13104_13118": 0.0006294891453474296, "13104_13119": 0.0022403357275441855, "13104_13120": 0.004361229924945525, "13104_13121": 0.0008102655152933581, "13104_13122": 0.0003389556936486159, "13104_13123": 0.0007424743765636349, "13105_13101": 0.01191187151965136, "13105_13102": 0.0013558227745944637, "13105_13103": 0.0013784198208377047, "13105_13104": 0.007779840206601565, "13105_13106": 0.008435154547655557, "13105_13107": 0.0006585424905173109, "13105_13108": 0.0008586877572431603, "13105_13109": 0.00024856750867565167, "13105_13110": 0.00011944153014284561, "13105_13111": 0.00016463562262932773, "13105_13112": 0.0001872326688725688, "13105_13113": 0.0006746832378339117, "13105_13114": 0.0003809216366717779, "13105_13115": 0.00017754822048260836, "13105_13116": 0.014746186748446454, "13105_13117": 0.004703413768057461, "13105_13118": 0.0022403357275441855, "13105_13119": 0.0019659430231619723, "13105_13120": 0.0008264062626099589, "13105_13121": 0.001255750141231539, "13105_13122": 0.00034541199257525626, "13105_13123": 0.00032927124525865547, "13106_13101": 0.010588330239690098, "13106_13102": 0.0042256476474860786, "13106_13103": 0.0023242676135905092, "13106_13104": 0.00127834718747478, "13106_13105": 0.007137438463400855, "13106_13107": 0.010452747962230651, "13106_13108": 0.0015979339843434752, "13106_13109": 0.0006004358001775482, "13106_13110": 0.0001000726333629247, "13106_13111": 0.0005358728109111452, "13106_13112": 0.00017109192155596804, "13106_13113": 0.0005939795012509079, "13106_13114": 0.00016463562262932773, "13106_13115": 0.00012266967960616578, "13106_13116": 0.0010330078282624485, "13106_13117": 0.0022467920264708256, "13106_13118": 0.012693083689774837, "13106_13119": 0.0003357275441852958, "13106_13120": 0.00020337341618916955, "13106_13121": 0.004064240174320071, "13106_13122": 0.002017593414575095, "13106_13123": 0.0008360907109999193, "13107_13101": 0.003550964409652167, "13107_13102": 0.004864821241223468, "13107_13103": 0.0017302881123396013, "13107_13104": 0.0008748285045597611, "13107_13105": 0.0008005810669033976, "13107_13106": 0.008370591558389153, "13107_13108": 0.014694536357033331, "13107_13109": 0.0005455572593011057, "13107_13110": 8.393188604632395e-05, "13107_13111": 0.000319586796868695, "13107_13112": 0.00020982971511580986, "13107_13113": 0.000552013558227746, "13107_13114": 0.00010652893228956501, "13107_13115": 0.00012589782906948592, "13107_13116": 0.00025179565813897184, "13107_13117": 0.00036478088935517716, "13107_13118": 0.0013913324186909854, "13107_13119": 0.00013235412799612623, "13107_13120": 8.716003550964409e-05, "13107_13121": 0.0024824469372931967, "13107_13122": 0.008709547252037769, "13107_13123": 0.005810669033976273, "13108_13101": 0.005939795012509079, "13108_13102": 0.01592768945202163, "13108_13103": 0.005068194657412638, "13108_13104": 0.0018529577919457671, "13108_13105": 0.000916794447582923, "13108_13106": 0.0017754822048260835, "13108_13107": 0.014084416108465822, "13108_13109": 0.002301670567347268, "13108_13110": 0.0002808490033088532, "13108_13111": 0.002036962311355016, "13108_13112": 0.0005616980066177064, "13108_13113": 0.001213784198208377, "13108_13114": 0.0003002179000887741, "13108_13115": 0.00026470825599225246, "13108_13116": 0.0006294891453474296, "13108_13117": 0.0003583245904285368, "13108_13118": 0.00042934387862158017, "13108_13119": 0.0003873779355984182, "13108_13120": 0.00022597046243241062, "13108_13121": 0.0010168670809458478, "13108_13122": 0.0014914050520539101, "13108_13123": 0.021438140585909128, "13109_13101": 0.0020950690016947786, "13109_13102": 0.0017690259058994432, "13109_13103": 0.018668388346380436, "13109_13104": 0.0015624243402469534, "13109_13105": 0.00030990234847873456, "13109_13106": 0.0006133483980308288, "13109_13107": 0.0004228875796949399, "13109_13108": 0.002417883948026794, "13109_13110": 0.008619159067064805, "13109_13111": 0.025056896134291018, "13109_13112": 0.0018400451940924864, "13109_13113": 0.0036704059397950125, "13109_13114": 0.0002582519570656121, "13109_13115": 0.00037123718828181745, "13109_13116": 0.0006649987894439513, "13109_13117": 0.0003002179000887741, "13109_13118": 0.00017754822048260836, "13109_13119": 0.0003066741990154144, "13109_13120": 0.00019691711726252926, "13109_13121": 0.00027762085384553303, "13109_13122": 0.00018400451940924864, "13109_13123": 0.0004939068678879832, "13110_13101": 0.000871600355096441, "13110_13102": 0.000597207650714228, "13110_13103": 0.0033992413848761196, "13110_13104": 0.000894197401339682, "13110_13105": 0.00010652893228956501, "13110_13106": 8.393188604632395e-05, "13110_13107": 4.5194092486482124e-05, "13110_13108": 0.0002873053022354935, "13110_13109": 0.00767008312484868, "13110_13111": 0.004106206117343233, "13110_13112": 0.018852392865789686, "13110_13113": 0.010820757001049149, "13110_13114": 0.00029698975062545394, "13110_13115": 0.0004358001775482205,