{"13101_13102": 0.014447796844553398, "13101_13103": 0.011326921868124961, "13101_13104": 0.01088691935382488, "13101_13105": 0.008372619272110126, "13101_13106": 0.008545477402728015, "13101_13107": 0.0026997297127412155, "13101_13108": 0.004007165755232887, "13101_13109": 0.001426865296373122, "13101_13110": 0.0005217172669558112, "13101_13111": 0.0012037211641209378, "13101_13112": 0.0015305801747438556, "13101_13113": 0.002828587591929097, "13101_13114": 0.0009145766547237413, "13101_13115": 0.0011377207869759257, "13101_13116": 0.0018951536865924948, "13101_13117": 0.0013577220441259663, "13101_13118": 0.0012477214155509461, "13101_13119": 0.000927148155132315, "13101_13120": 0.0007354327739015652, "13101_13121": 0.0018385819347539129, "13101_13122": 0.0009365767804387454, "13101_13123": 0.001646866553523163, "13102_13101": 0.01540951662580929, "13102_13103": 0.008938336790495946, "13102_13104": 0.0014174366710666918, "13102_13105": 0.0008705764032937331, "13102_13106": 0.0029700169715255516, "13102_13107": 0.003548305990319945, "13102_13108": 0.011575209001194292, "13102_13109": 0.0011942925388145076, "13102_13110": 0.00035828776164435224, "13102_13111": 0.0009020051543151675, "13102_13112": 0.0006191463951222578, "13102_13113": 0.0012005782890187945, "13102_13114": 0.0002231441322521843, "13102_13115": 0.0002765730089886228, "13102_13116": 0.0003834307624614998, "13102_13117": 0.00024828713306933184, "13102_13118": 0.0004054308881765039, "13102_13119": 0.00020114400653718022, "13102_13120": 0.00019800113143503677, "13102_13121": 0.0009397196555408888, "13102_13122": 0.0006348607706329751, "13102_13123": 0.0013922936702495442, "13103_13101": 0.011264064366082092, "13103_13102": 0.008633477905588032, "13103_13104": 0.005481174178138161, "13103_13105": 0.00097743415676661, "13103_13106": 0.0014928656735181344, "13103_13107": 0.0010214344081966183, "13103_13108": 0.0035325916148092277, "13103_13109": 0.012037211641209378, "13103_13110": 0.002501728581306179, "13103_13111": 0.00419259538625935, "13103_13112": 0.002269155823747564, "13103_13113": 0.012276070148972279, "13103_13114": 0.0005814318938965365, "13103_13115": 0.000663146646552266, "13103_13116": 0.0006757181469608398, "13103_13117": 0.000663146646552266, "13103_13118": 0.0005185743918536677, "13103_13119": 0.0004085737632786473, "13103_13120": 0.00032685901062291784, "13103_13121": 0.0007888616506380036, "13103_13122": 0.0005060028914450939, "13103_13123": 0.0007040040228801308, "13104_13101": 0.00936262492928531, "13104_13102": 0.0016280093029103024, "13104_13103": 0.00524231567037526, "13104_13105": 0.006056320321830411, "13104_13106": 0.0011785781633037902, "13104_13107": 0.0007228612734929914, "13104_13108": 0.0014174366710666918, "13104_13109": 0.0009082909045194544, "13104_13110": 0.0007762901502294299, "13104_13111": 0.0005720032685901062, "13104_13112": 0.002988874222138412, "13104_13113": 0.016019234395625116, "13104_13114": 0.013225218429819599, "13104_13115": 0.0038908793764535795, "13104_13116": 0.010560060343201961, "13104_13117": 0.0012068640392230814, "13104_13118": 0.0004368596391979383, "13104_13119": 0.001596580551888868, "13104_13120": 0.002988874222138412, "13104_13121": 0.000534288767364385, "13104_13122": 0.00022628700735432774, "13104_13123": 0.0004997171412408071, "13105_13101": 0.007489471368407819, "13105_13102": 0.0008297190269658684, "13105_13103": 0.001134577911873782, "13105_13104": 0.005405745175686719, "13105_13106": 0.006257464328367591, "13105_13107": 0.0006128606449179709, "13105_13108": 0.0007008611477779873, "13105_13109": 0.00019485825633289334, "13105_13110": 0.00011628637877930731, "13105_13111": 0.00016342950531145892, "13105_13112": 0.0002671443836821925, "13105_13113": 0.0005154315167515243, "13105_13114": 0.00027971588409076624, "13105_13115": 0.0002231441322521843, "13105_13116": 0.009306053177446729, "13105_13117": 0.0028788735935633917, "13105_13118": 0.0017631529323024703, "13105_13119": 0.0011660066628952166, "13105_13120": 0.0005468602677729587, "13105_13121": 0.0010654346596266264, "13105_13122": 0.0003080017600100572, "13105_13123": 0.00032685901062291784, "13106_13101": 0.0072820416116663525, "13106_13102": 0.0024640140800804575, "13106_13103": 0.001524294424539569, "13106_13104": 0.001184863913508077, "13106_13105": 0.005704318310390345, "13106_13107": 0.007841473379847886, "13106_13108": 0.001398579420453831, "13106_13109": 0.00039600226287007354, "13106_13110": 7.857187755358602e-05, "13106_13111": 0.00041171663838079073, "13106_13112": 0.00019800113143503677, "13106_13113": 0.000691432522471557, "13106_13114": 0.0001540008800050286, "13106_13115": 0.00013200075429002452, "13106_13116": 0.0009900056571751838, "13106_13117": 0.0018385819347539129, "13106_13118": 0.008683763907222327, "13106_13119": 0.00032685901062291784, "13106_13120": 0.00013200075429002452, "13106_13121": 0.003450876862153498, "13106_13122": 0.0015714375510717203, "13106_13123": 0.0006380036457351185, "13107_13101": 0.0022722986988497076, "13107_13102": 0.0028411590923376707, "13107_13103": 0.0009082909045194544, "13107_13104": 0.0006380036457351185, "13107_13105": 0.0006442893959394053, "13107_13106": 0.007168898107989189, "13107_13108": 0.012188069646112264, "13107_13109": 0.000399145137972217, "13107_13110": 9.428625306430322e-05, "13107_13111": 0.0002765730089886228, "13107_13112": 0.00020114400653718022, "13107_13113": 0.00042743101389150793, "13107_13114": 0.00011942925388145075, "13107_13115": 9.742912816644667e-05, "13107_13116": 0.00025771575837576214, "13107_13117": 0.00025771575837576214, "13107_13118": 0.0012320070400402288, "13107_13119": 0.00010057200326859011, "13107_13120": 5.971462694072537e-05, "13107_13121": 0.0020491545665975233, "13107_13122": 0.005987177069583255, "13107_13123": 0.004387453642592244, "13108_13101": 0.003749449996857125, "13108_13102": 0.01045005971462694, "13108_13103": 0.003724306996039977, "13108_13104": 0.0012508642906530895, "13108_13105": 0.0006788610220629832, "13108_13106": 0.0013451505437173928, "13108_13107": 0.011895782261612923, "13108_13109": 0.001640580803318876, "13108_13110": 0.00020114400653718022, "13108_13111": 0.001612294927399585, "13108_13112": 0.0005091457665472374, "13108_13113": 0.0009177195298258848, "13108_13114": 0.00021685838204789742, "13108_13115": 0.0002294298824564712, "13108_13116": 0.0005091457665472374, "13108_13117": 0.0002608586334779056, "13108_13118": 0.00029228738449934, "13108_13119": 0.00024828713306933184, "13108_13120": 0.00012885787918788107, "13108_13121": 0.0008391476522722987, "13108_13122": 0.0012948645420830975, "13108_13123": 0.015220944119680684, "13109_13101": 0.0012728644163680935, "13109_13102": 0.0010811490351373436, "13109_13103": 0.011176063863222075, "13109_13104": 0.0011282921616694952, "13109_13105": 0.00027343013388647934, "13109_13106": 0.0005028600163429505, "13109_13107": 0.00032685901062291784, "13109_13108": 0.0014834370482117042, "13109_13110": 0.00632975045571689, "13109_13111": 0.016091520522974415, "13109_13112": 0.0014740084229052737, "13109_13113": 0.002618014960085486, "13109_13114": 0.0002231441322521843, "13109_13115": 0.00027971588409076624, "13109_13116": 0.0004620026400150858, "13109_13117": 0.00021371550694575397, "13109_13118": 0.00013200075429002452, "13109_13119": 0.00027343013388647934, "13109_13120": 0.00011000062857502043, "13109_13121": 0.0002074297567414671, "13109_13122": 0.00014142937959645485, "13109_13123": 0.0002671443836821925, "13110_13101": 0.00045571688981079893, "13110_13102": 0.0003897165126657867, "13110_13103": 0.0022848701992582814, "13110_13104": 0.0007448613992079955, "13110_13105": 0.00010685775347287698, "13110_13106": 0.00010371487837073355, "13110_13107": 4.085737632786473e-05, "13110_13108": 0.00015085800490288517, "13110_13109": 0.006072034697341128, "13110_13111": 0.0034257338613363506, "13110_13112": 0.013768935822490414, "13110_13113": 0.007888616506380036, "13110_13114": 0.00029543025960148344,