{"13101_13102": 0.015060498220640569, "13101_13103": 0.011416370106761565, "13101_13104": 0.010782918149466192, "13101_13105": 0.008569395017793593, "13101_13106": 0.008893238434163701, "13101_13107": 0.0025409252669039146, "13101_13108": 0.003800711743772242, "13101_13109": 0.0013772241992882563, "13101_13110": 0.0005373665480427046, "13101_13111": 0.0010177935943060498, "13101_13112": 0.0013807829181494663, "13101_13113": 0.0028078291814946617, "13101_13114": 0.000903914590747331, "13101_13115": 0.0009822064056939502, "13101_13116": 0.0016797153024911032, "13101_13117": 0.0012775800711743773, "13101_13118": 0.0010640569395017794, "13101_13119": 0.0009395017793594306, "13101_13120": 0.0005231316725978648, "13101_13121": 0.0016903914590747332, "13101_13122": 0.0008790035587188612, "13101_13123": 0.0015231316725978648, "13102_13101": 0.015647686832740215, "13102_13103": 0.008693950177935943, "13102_13104": 0.0014163701067615659, "13102_13105": 0.000800711743772242, "13102_13106": 0.0028505338078291813, "13102_13107": 0.003918149466192171, "13102_13108": 0.011644128113879004, "13102_13109": 0.0010640569395017794, "13102_13110": 0.0003131672597864769, "13102_13111": 0.0007758007117437722, "13102_13112": 0.0004697508896797153, "13102_13113": 0.0011352313167259786, "13102_13114": 0.00024555160142348756, "13102_13115": 0.00020640569395017795, "13102_13116": 0.0004875444839857651, "13102_13117": 0.0002277580071174377, "13102_13118": 0.00035587188612099647, "13102_13119": 0.00016725978647686834, "13102_13120": 0.00013167259786476867, "13102_13121": 0.0009359430604982206, "13102_13122": 0.0006227758007117438, "13102_13123": 0.0012526690391459075, "13103_13101": 0.01100711743772242, "13103_13102": 0.008494661921708184, "13103_13104": 0.005537366548042704, "13103_13105": 0.0010142348754448398, "13103_13106": 0.0011921708185053382, "13103_13107": 0.0009252669039145907, "13103_13108": 0.0035551601423487547, "13103_13109": 0.011526690391459074, "13103_13110": 0.0023558718861209963, "13103_13111": 0.003423487544483986, "13103_13112": 0.002138790035587189, "13103_13113": 0.012266903914590748, "13103_13114": 0.0003807829181494662, "13103_13115": 0.0004804270462633452, "13103_13116": 0.0006156583629893239, "13103_13117": 0.0006263345195729538, "13103_13118": 0.00038434163701067615, "13103_13119": 0.0003914590747330961, "13103_13120": 0.000199288256227758, "13103_13121": 0.0005729537366548043, "13103_13122": 0.00041637010676156584, "13103_13123": 0.000804270462633452, "13104_13101": 0.009217081850533809, "13104_13102": 0.0014804270462633452, "13104_13103": 0.005060498220640569, "13104_13105": 0.005800711743772242, "13104_13106": 0.0011850533807829181, "13104_13107": 0.0007081850533807829, "13104_13108": 0.0013202846975088967, "13104_13109": 0.0009857651245551602, "13104_13110": 0.000800711743772242, "13104_13111": 0.0004092526690391459, "13104_13112": 0.0028469750889679717, "13104_13113": 0.016530249110320284, "13104_13114": 0.013473309608540925, "13104_13115": 0.0039644128113879, "13104_13116": 0.011202846975088969, "13104_13117": 0.001206405693950178, "13104_13118": 0.0004128113879003559, "13104_13119": 0.0015836298932384342, "13104_13120": 0.0030925266903914592, "13104_13121": 0.0005053380782918149, "13104_13122": 0.00020284697508896797, "13104_13123": 0.0005373665480427046, "13105_13101": 0.007398576512455516, "13105_13102": 0.0008398576512455516, "13105_13103": 0.0008754448398576513, "13105_13104": 0.005071174377224199, "13105_13106": 0.00597508896797153, "13105_13107": 0.0006192170818505338, "13105_13108": 0.000604982206405694, "13105_13109": 0.00021708185053380782, "13105_13110": 8.896797153024912e-05, "13105_13111": 0.00014590747330960854, "13105_13112": 0.0002384341637010676, "13105_13113": 0.0005088967971530249, "13105_13114": 0.00024555160142348756, "13105_13115": 0.00017793594306049823, "13105_13116": 0.009270462633451958, "13105_13117": 0.00297864768683274, "13105_13118": 0.0017437722419928825, "13105_13119": 0.0012526690391459075, "13105_13120": 0.0005729537366548043, "13105_13121": 0.0008362989323843417, "13105_13122": 0.000298932384341637, "13105_13123": 0.00028469750889679714, "13106_13101": 0.006932384341637011, "13106_13102": 0.0025516014234875446, "13106_13103": 0.0013487544483985765, "13106_13104": 0.0009679715302491103, "13106_13105": 0.005758007117437723, "13106_13107": 0.007793594306049822, "13106_13108": 0.0011743772241992884, "13106_13109": 0.000398576512455516, "13106_13110": 8.185053380782918e-05, "13106_13111": 0.0003238434163701068, "13106_13112": 0.00015302491103202847, "13106_13113": 0.0005729537366548043, "13106_13114": 0.00013523131672597865, "13106_13115": 0.00012811387900355873, "13106_13116": 0.00099288256227758, "13106_13117": 0.0015480427046263346, "13106_13118": 0.008398576512455517, "13106_13119": 0.00022419928825622777, "13106_13120": 0.00012811387900355873, "13106_13121": 0.003277580071174377, "13106_13122": 0.0014555160142348754, "13106_13123": 0.0006761565836298932, "13107_13101": 0.0022348754448398575, "13107_13102": 0.0029572953736654805, "13107_13103": 0.001, "13107_13104": 0.0006298932384341637, "13107_13105": 0.0005907473309608541, "13107_13106": 0.006597864768683274, "13107_13108": 0.011896797153024911, "13107_13109": 0.00026334519572953735, "13107_13110": 7.829181494661922e-05, "13107_13111": 0.0002597864768683274, "13107_13112": 0.00013879003558718862, "13107_13113": 0.0003701067615658363, "13107_13114": 7.117437722419929e-05, "13107_13115": 6.0498220640569396e-05, "13107_13116": 0.00024555160142348756, "13107_13117": 0.00020284697508896797, "13107_13118": 0.0012740213523131673, "13107_13119": 9.9644128113879e-05, "13107_13120": 3.202846975088968e-05, "13107_13121": 0.00201423487544484, "13107_13122": 0.005939501779359431, "13107_13123": 0.004572953736654804, "13108_13101": 0.0037437722419928826, "13108_13102": 0.010580071174377224, "13108_13103": 0.0032455516014234876, "13108_13104": 0.001391459074733096, "13108_13105": 0.0006548042704626335, "13108_13106": 0.0013736654804270463, "13108_13107": 0.011366548042704627, "13108_13109": 0.001402135231316726, "13108_13110": 0.0002384341637010676, "13108_13111": 0.0014590747330960854, "13108_13112": 0.0004128113879003559, "13108_13113": 0.0008825622775800712, "13108_13114": 0.0002597864768683274, "13108_13115": 0.00020640569395017795, "13108_13116": 0.0004697508896797153, "13108_13117": 0.00026690391459074735, "13108_13118": 0.00029537366548042704, "13108_13119": 0.00025266903914590745, "13108_13120": 0.00013879003558718862, "13108_13121": 0.0006797153024911032, "13108_13122": 0.0011743772241992884, "13108_13123": 0.01509252669039146, "13109_13101": 0.001206405693950178, "13109_13102": 0.0010106761565836298, "13109_13103": 0.010291814946619217, "13109_13104": 0.0010320284697508896, "13109_13105": 0.0002704626334519573, "13109_13106": 0.0004768683274021352, "13109_13107": 0.0003096085409252669, "13109_13108": 0.0015373665480427046, "13109_13110": 0.006259786476868328, "13109_13111": 0.01606761565836299, "13109_13112": 0.0014163701067615659, "13109_13113": 0.0026512455516014234, "13109_13114": 0.0001494661921708185, "13109_13115": 0.0002277580071174377, "13109_13116": 0.00044483985765124553, "13109_13117": 0.0002277580071174377, "13109_13118": 9.252669039145908e-05, "13109_13119": 0.00020640569395017795, "13109_13120": 0.00011743772241992883, "13109_13121": 0.00017437722419928826, "13109_13122": 0.00016725978647686834, "13109_13123": 0.00027758007117437725, "13110_13101": 0.0004911032028469751, "13110_13102": 0.00043416370106761563, "13110_13103": 0.002217081850533808, "13110_13104": 0.0007722419928825623, "13110_13105": 9.252669039145908e-05, "13110_13106": 8.185053380782918e-05, "13110_13107": 5.338078291814947e-05, "13110_13108": 0.0002313167259786477, "13110_13109": 0.006067615658362989, "13110_13111": 0.0036441281138790034, "13110_13112": 0.013501779359430605, "13110_13113": 0.008106761565836298, "13110_13114": 0.00017437722419928826,