{"13101_13102": 0.028919674660911738, "13101_13103": 0.026459906946523257, "13101_13104": 0.023942125842644484, "13101_13105": 0.01680357826586376, "13101_13106": 0.015681019179226565, "13101_13107": 0.003973917180085163, "13101_13108": 0.006030491837516099, "13101_13109": 0.002468469722812025, "13101_13110": 0.0008731015118289301, "13101_13111": 0.001960852564771949, "13101_13112": 0.0027411326534164085, "13101_13113": 0.004806409319270888, "13101_13114": 0.0016098715583556685, "13101_13115": 0.0019579518952974346, "13101_13116": 0.0029035701439892327, "13101_13117": 0.002787543365008644, "13101_13118": 0.002027567962685788, "13101_13119": 0.001760706371030434, "13101_13120": 0.0012501885435158434, "13101_13121": 0.0034604986830960587, "13101_13122": 0.0015692621857124624, "13101_13123": 0.002746933992365438, "13102_13101": 0.032470094097717755, "13102_13103": 0.0170675391880446, "13102_13104": 0.0023698469606785247, "13102_13105": 0.0013778180003944911, "13102_13106": 0.005180595681483286, "13102_13107": 0.006987712764105956, "13102_13108": 0.02051063385429357, "13102_13109": 0.0019057398447561698, "13102_13110": 0.000638147284393238, "13102_13111": 0.0014474340677828443, "13102_13112": 0.0009920289602840335, "13102_13113": 0.0018129184215716987, "13102_13114": 0.0005279218443616787, "13102_13115": 0.0004960144801420168, "13102_13116": 0.0008585981644563565, "13102_13117": 0.0006033392506990614, "13102_13118": 0.0007744787496954298, "13102_13119": 0.0003857890401104575, "13102_13120": 0.0003219743116711337, "13102_13121": 0.0017752097184030075, "13102_13122": 0.0011805724761274903, "13102_13123": 0.0020971840300741413, "13103_13101": 0.025021174887163957, "13103_13102": 0.01741852019446088, "13103_13104": 0.009374963741631569, "13103_13105": 0.0016997923120656247, "13103_13106": 0.0023234362490862893, "13103_13107": 0.0016272755752027568, "13103_13108": 0.005000754174063374, "13103_13109": 0.022419274368524256, "13103_13110": 0.0037302609442259275, "13103_13111": 0.006352466149187232, "13103_13112": 0.0034721013609941174, "13103_13113": 0.021766623736758445, "13103_13114": 0.0007280680381031942, "13103_13115": 0.0008382934781347535, "13103_13116": 0.001215380509821667, "13103_13117": 0.0014532354067318736, "13103_13118": 0.0009485189181663128, "13103_13119": 0.0006758559875619293, "13103_13120": 0.000452504438024296, "13103_13121": 0.0014764407625279914, "13103_13122": 0.0008179887918131505, "13103_13123": 0.001232784526668755, "13104_13101": 0.0179348393609245, "13104_13102": 0.0028948681355656885, "13104_13103": 0.00817698724865699, "13104_13105": 0.010871709190481162, "13104_13106": 0.0016069708888811537, "13104_13107": 0.0009891282908095188, "13104_13108": 0.002088482021650597, "13104_13109": 0.0015344541520182857, "13104_13110": 0.0011254597561117107, "13104_13111": 0.0007106640212561059, "13104_13112": 0.0034198893104528524, "13104_13113": 0.023292375880353187, "13104_13114": 0.018894960956988872, "13104_13115": 0.005212503045702949, "13104_13116": 0.015472170977061505, "13104_13117": 0.0020217666237367584, "13104_13118": 0.000678756657036444, "13104_13119": 0.0021987074616821563, "13104_13120": 0.0043887129149407685, "13104_13121": 0.0008556974949818419, "13104_13122": 0.0003828883706359428, "13104_13123": 0.000945618248691798, "13105_13101": 0.012797753721558936, "13105_13102": 0.0016098715583556685, "13105_13103": 0.0017258983373362573, "13105_13104": 0.00771578080220915, "13105_13106": 0.008670101059324493, "13105_13107": 0.0006352466149187233, "13105_13108": 0.0010268369939782102, "13105_13109": 0.0002755636000788982, "13105_13110": 0.00013633146530219175, "13105_13111": 0.00020304686321603025, "13105_13112": 0.0003074709642985601, "13105_13113": 0.0006526506317658116, "13105_13114": 0.00037998770116142805, "13105_13115": 0.00022045088006311856, "13105_13116": 0.014767308294754429, "13105_13117": 0.00483251534454152, "13105_13118": 0.0024104563333217305, "13105_13119": 0.002015965284787729, "13105_13120": 0.0009398169097427686, "13105_13121": 0.001522851474120227, "13105_13122": 0.0004409017601262371, "13105_13123": 0.000339378328518222, "13106_13101": 0.011213988188473899, "13106_13102": 0.004527945049717475, "13106_13103": 0.002427860350168819, "13106_13104": 0.0014271293814612414, "13106_13105": 0.007405409168436075, "13106_13107": 0.010558436887233574, "13106_13108": 0.0016504809309988745, "13106_13109": 0.0007106640212561059, "13106_13110": 7.251673686286795e-05, "13106_13111": 0.0004844118022439579, "13106_13112": 0.0001769408379453978, "13106_13113": 0.0006816573265109587, "13106_13114": 0.00020014619374151554, "13106_13115": 0.00018564284636894194, "13106_13116": 0.0012008771624490932, "13106_13117": 0.002427860350168819, "13106_13118": 0.013241556151159687, "13106_13119": 0.0004002923874830311, "13106_13120": 0.00020594753269054497, "13106_13121": 0.00442062027916043, "13106_13122": 0.0021551974195644355, "13106_13123": 0.0008034854444405768, "13107_13101": 0.0038520890621555454, "13107_13102": 0.005052966224604639, "13107_13103": 0.0017229976678617425, "13107_13104": 0.0009833269518604894, "13107_13105": 0.0006526506317658116, "13107_13106": 0.008449650179261374, "13107_13108": 0.014767308294754429, "13107_13109": 0.0005685312170048847, "13107_13110": 8.702008423544154e-05, "13107_13111": 0.0003248749811456484, "13107_13112": 0.00020304686321603025, "13107_13113": 0.0005685312170048847, "13107_13114": 0.00013343079582767703, "13107_13115": 9.282142318447097e-05, "13107_13116": 0.00023785489691020687, "13107_13117": 0.00034517966746725143, "13107_13118": 0.0014851427709515355, "13107_13119": 0.00013923213477670646, "13107_13120": 5.801338949029436e-05, "13107_13121": 0.0024539663754394514, "13107_13122": 0.008702008423544154, "13107_13123": 0.005676610161625303, "13108_13101": 0.006491698283963939, "13108_13102": 0.016284358429925625, "13108_13103": 0.005412649239444464, "13108_13104": 0.001902839175281655, "13108_13105": 0.0009630222655388864, "13108_13106": 0.0017520043626068898, "13108_13107": 0.014436631974659752, "13108_13109": 0.002335038926984348, "13108_13110": 0.0002581595832318099, "13108_13111": 0.002007263276364185, "13108_13112": 0.0005772332254284289, "13108_13113": 0.001255989882464873, "13108_13114": 0.00033357698956919257, "13108_13115": 0.0003103716337730748, "13108_13116": 0.000638147284393238, "13108_13117": 0.0003973917180085164, "13108_13118": 0.00043219975170269296, "13108_13119": 0.00034517966746725143, "13108_13120": 0.00018274217689442723, "13108_13121": 0.0010761483750449604, "13108_13122": 0.0014793414320025062, "13108_13123": 0.021128476452365205, "13109_13101": 0.002253820181697936, "13109_13102": 0.002007263276364185, "13109_13103": 0.01956501560560177, "13109_13104": 0.0017287990068107718, "13109_13105": 0.00028136493902792767, "13109_13106": 0.0006439486233422674, "13109_13107": 0.000472809124345899, "13109_13108": 0.0023901516470001276, "13109_13110": 0.008345226078178844, "13109_13111": 0.024850035388167588, "13109_13112": 0.0019811572510935525, "13109_13113": 0.003744764291598501, "13109_13114": 0.00032777565062016314, "13109_13115": 0.00034517966746725143, "13109_13116": 0.00071936602967965, "13109_13117": 0.0003973917180085164, "13109_13118": 0.00022335154953763328, "13109_13119": 0.00032777565062016314, "13109_13120": 0.00022045088006311856, "13109_13121": 0.00026686159165535407, "13109_13122": 0.000226252219012148, "13109_13123": 0.00043219975170269296, "13110_13101": 0.0008469954865582977, "13110_13102": 0.0006236439370206644, "13110_13103": 0.0034924060473157203, "13110_13104": 0.0011341617645352548, "13110_13105": 0.00013053012635316232, "13110_13106": 9.57220926589857e-05, "13110_13107": 0.00010152343160801513, "13110_13108": 0.0002726629306043835, "13110_13109": 0.007405409168436075, "13110_13111": 0.0038955991042732663, "13110_13112": 0.018311926392611415, "13110_13113": 0.010570039565131632, "13110_13114": 0.0002755636000788982, "13110_13115": 0.0005482265306832817,