{"13101_13102": 0.014117193726080902, "13101_13103": 0.012295620342070464, "13101_13104": 0.008718155306646115, "13101_13105": 0.005876325676302907, "13101_13106": 0.004978675330816993, "13101_13107": 0.001550088889278114, "13101_13108": 0.003393556184154063, "13101_13109": 0.0012435741371609728, "13101_13110": 0.0004729084746950178, "13101_13111": 0.0009589532959093416, "13101_13112": 0.0008845139989666074, "13101_13113": 0.002325133333917171, "13101_13114": 0.0006130295042342823, "13101_13115": 0.0008056959198507711, "13101_13116": 0.001037771375025178, "13101_13117": 0.0008538625237548933, "13101_13118": 0.0006962263655232207, "13101_13119": 0.0007137414942156288, "13101_13120": 0.0004159843064446916, "13101_13121": 0.0009283018206976276, "13101_13122": 0.00048166603904122187, "13101_13123": 0.0011078318897948102, "13102_13101": 0.013552330825750742, "13102_13103": 0.009050942751801868, "13102_13104": 0.0012479529193340749, "13102_13105": 0.0006918475833501186, "13102_13106": 0.0019529368492034996, "13102_13107": 0.002263830383493743, "13102_13108": 0.008367852732797955, "13102_13109": 0.00102025624633277, "13102_13110": 0.0003108935342902432, "13102_13111": 0.0007706656624659549, "13102_13112": 0.0004116055242715896, "13102_13113": 0.0009677108602555457, "13102_13114": 0.00017953006909718268, "13102_13115": 0.00021893910865510084, "13102_13116": 0.00028899962342473313, "13102_13117": 0.00020142397996269278, "13102_13118": 0.000267105712559223, "13102_13119": 0.00018828763344338673, "13102_13120": 0.00014887859388546857, "13102_13121": 0.0005648629003301602, "13102_13122": 0.0004247418707908956, "13102_13123": 0.0008451049594086893, "13103_13101": 0.011651939362624467, "13103_13102": 0.008919579286608808, "13103_13104": 0.003730722411482918, "13103_13105": 0.0008407261772355873, "13103_13106": 0.0009633320780824437, "13103_13107": 0.0007224990585618328, "13103_13108": 0.002920647709459045, "13103_13109": 0.009493199751285172, "13103_13110": 0.0016989674831635825, "13103_13111": 0.0032972229763458187, "13103_13112": 0.0014231042062581554, "13103_13113": 0.007802989832467794, "13103_13114": 0.000267105712559223, "13103_13115": 0.00040284795992538556, "13103_13116": 0.0004641509103488138, "13103_13117": 0.0003897116134060795, "13103_13118": 0.0002933784055978351, "13103_13119": 0.00034154500950195734, "13103_13120": 0.00014887859388546857, "13103_13121": 0.00045101456382950773, "13103_13122": 0.0002933784055978351, "13103_13123": 0.0005079387320798339, "13104_13101": 0.010653577027157206, "13104_13102": 0.00201861858180003, "13104_13103": 0.0056179775280898875, "13104_13105": 0.004194873321831732, "13104_13106": 0.0008319686128893832, "13104_13107": 0.0004904236033874259, "13104_13108": 0.0012304377906416667, "13104_13109": 0.0010859379789293002, "13104_13110": 0.0005955143755418743, "13104_13111": 0.0003634389203674674, "13104_13112": 0.001550088889278114, "13104_13113": 0.010504698433271738, "13104_13114": 0.007154930070848695, "13104_13115": 0.0022769667300130488, "13104_13116": 0.0058588105476104985, "13104_13117": 0.000779423226812159, "13104_13118": 0.00027148449473232504, "13104_13119": 0.0010990743254486062, "13104_13120": 0.0017646492157601128, "13104_13121": 0.0002758632769054271, "13104_13122": 0.00016639372257787663, "13104_13123": 0.00028899962342473313, "13105_13101": 0.007864292782891222, "13105_13102": 0.0010990743254486062, "13105_13103": 0.0011691348402182386, "13105_13104": 0.004807902826066014, "13105_13106": 0.0032797078476534108, "13105_13107": 0.00042912065296399766, "13105_13108": 0.0007181202763887307, "13105_13109": 0.00014449981171236657, "13105_13110": 4.8166603904122184e-05, "13105_13111": 8.757564346204034e-05, "13105_13112": 0.00012260590084685647, "13105_13113": 0.00036781770254056944, "13105_13114": 0.00020142397996269278, "13105_13115": 0.00017953006909718268, "13105_13116": 0.004781630133027403, "13105_13117": 0.0017077250475097867, "13105_13118": 0.001037771375025178, "13105_13119": 0.0009064079098321174, "13105_13120": 0.0003371662273288553, "13105_13121": 0.0005823780290225682, "13105_13122": 0.00017515128692408068, "13105_13123": 0.00018390885127028472, "13106_13101": 0.007365111615157592, "13106_13102": 0.003354147144596145, "13106_13103": 0.0021806335222048045, "13106_13104": 0.0009151654741783215, "13106_13105": 0.003905873698406999, "13106_13107": 0.004089782549677284, "13106_13108": 0.0013399073449692172, "13106_13109": 0.0003634389203674674, "13106_13110": 5.692416825032622e-05, "13106_13111": 0.00035030257384816135, "13106_13112": 0.00012260590084685647, "13106_13113": 0.0005473477716377521, "13106_13114": 8.757564346204034e-05, "13106_13115": 6.568173259653026e-05, "13106_13116": 0.0006349234150997924, "13106_13117": 0.0009720896424286477, "13106_13118": 0.0040722674209848755, "13106_13119": 0.00016201494040477463, "13106_13120": 7.006051476963227e-05, "13106_13121": 0.0018478460770490512, "13106_13122": 0.0007925595733314651, "13106_13123": 0.00039409039557918154, "13107_13101": 0.002946920402497657, "13107_13102": 0.003883979787541489, "13107_13103": 0.0014844071566815838, "13107_13104": 0.000766286880292853, "13107_13105": 0.0006042719398880784, "13107_13106": 0.0049699177664707895, "13107_13108": 0.007575293159466489, "13107_13109": 0.0003721964847136714, "13107_13110": 5.2545386077224206e-05, "13107_13111": 0.0002058027621357948, "13107_13112": 0.00014449981171236657, "13107_13113": 0.00029775718777093715, "13107_13114": 7.881807911583631e-05, "13107_13115": 7.443929694273429e-05, "13107_13116": 0.00013574224736616252, "13107_13117": 0.00022769667300130488, "13107_13118": 0.0007706656624659549, "13107_13119": 0.00010946955432755042, "13107_13120": 4.378782173102017e-05, "13107_13121": 0.0013661800380078293, "13107_13122": 0.002824314501650801, "13107_13123": 0.002325133333917171, "13108_13101": 0.004882342123008749, "13108_13102": 0.01096447056144745, "13108_13103": 0.0037000709362712044, "13108_13104": 0.0014625132458160736, "13108_13105": 0.0005692416825032622, "13108_13106": 0.0011559984936989325, "13108_13107": 0.007627838545543713, "13108_13109": 0.0017077250475097867, "13108_13110": 0.00018390885127028472, "13108_13111": 0.001550088889278114, "13108_13112": 0.0003984691777522835, "13108_13113": 0.0008013171376776691, "13108_13114": 0.00014012102953926453, "13108_13115": 0.00018828763344338673, "13108_13116": 0.0003459237916750593, "13108_13117": 0.0002058027621357948, "13108_13118": 0.00022331789082820285, "13108_13119": 0.00021456032648199883, "13108_13120": 0.00012698468301995848, "13108_13121": 0.0005692416825032622, "13108_13122": 0.0008713776524473014, "13108_13123": 0.00794311086200706, "13109_13101": 0.0016858311366442765, "13109_13102": 0.0013880739488733394, "13109_13103": 0.012256211302512546, "13109_13104": 0.0010771804145830962, "13109_13105": 0.00017515128692408068, "13109_13106": 0.00032402988080954925, "13109_13107": 0.0002320754551744069, "13109_13108": 0.0017646492157601128, "13109_13110": 0.0038139192727718566, "13109_13111": 0.011625666669585855, "13109_13112": 0.0008144534841969752, "13109_13113": 0.002395193848686803, "13109_13114": 0.00013136346519306051, "13109_13115": 0.00017953006909718268, "13109_13116": 0.0003196510986364472, "13109_13117": 0.00017077250475097867, "13109_13118": 0.00010946955432755042, "13109_13119": 0.00015325737605857058, "13109_13120": 0.00010071198998134639, "13109_13121": 0.00024521180169371294, "13109_13122": 0.00011384833650065244, "13109_13123": 0.00024521180169371294, "13110_13101": 0.0007224990585618328, "13110_13102": 0.0005254538607722421, "13110_13103": 0.002636026868207414, "13110_13104": 0.0005692416825032622, "13110_13105": 7.443929694273429e-05, "13110_13106": 3.065147521171412e-05, "13110_13107": 3.503025738481613e-05, "13110_13108": 0.00022769667300130488, "13110_13109": 0.004085403767504181, "13110_13111": 0.002044891274838642, "13110_13112": 0.006677642813980576, "13110_13113": 0.006147810171035232,