{"13101_13102": 0.0040334623607583145, "13101_13103": 0.0033355905739995448, "13101_13104": 0.0035337151914268225, "13101_13105": 0.0026051908649765945, "13101_13106": 0.003025096770568736, "13101_13107": 0.0008723397334484624, "13101_13108": 0.0016737094546841686, "13101_13109": 0.0005263609239112756, "13101_13110": 0.00018038211437408885, "13101_13111": 0.0005381892592800683, "13101_13112": 0.0006180305230194192, "13101_13113": 0.0009847089194519932, "13101_13114": 0.00035485006106378134, "13101_13115": 0.0004790475824361048, "13101_13116": 0.0005825455169130411, "13101_13117": 0.0005884596845974374, "13101_13118": 0.0005943738522818338, "13101_13119": 0.000449476744014123, "13101_13120": 0.00031049380343080865, "13101_13121": 0.0008545972303952734, "13101_13122": 0.00036667839643257405, "13101_13123": 0.0008072838889201026, "13102_13101": 0.004045290696127107, "13102_13103": 0.0029008992491964124, "13102_13104": 0.0005204467562268793, "13102_13105": 0.00035189297722158314, "13102_13106": 0.001345473148200171, "13102_13107": 0.0014341856634661162, "13102_13108": 0.006413914853727848, "13102_13109": 0.0005973309361240319, "13102_13110": 0.0002010817012694761, "13102_13111": 0.0005115755047002847, "13102_13112": 0.00025726629427124146, "13102_13113": 0.0004672192470673121, "13102_13114": 0.00014194002442551254, "13102_13115": 0.00012715460521452166, "13102_13116": 0.0001744679466896925, "13102_13117": 0.0001360258567411162, "13102_13118": 0.00019221044974288156, "13102_13119": 9.758376679253987e-05, "13102_13120": 0.00011828335368792711, "13102_13121": 0.000499747169331492, "13102_13122": 0.0003282363064839977, "13102_13123": 0.0007806701343403189, "13103_13101": 0.0034509168438452737, "13103_13102": 0.003172950962678645, "13103_13104": 0.0018038211437408885, "13103_13105": 0.00041990590559214125, "13103_13106": 0.0007126572059697609, "13103_13107": 0.0005973309361240319, "13103_13108": 0.0020374307672745445, "13103_13109": 0.005364150089747495, "13103_13110": 0.000964009332556606, "13103_13111": 0.00196350367121959, "13103_13112": 0.0010054085063473804, "13103_13113": 0.004329170744978132, "13103_13114": 0.00020699586895387245, "13103_13115": 0.00023656670737585422, "13103_13116": 0.00034006464185279043, "13103_13117": 0.0003075367195886105, "13103_13118": 0.0002838800488510251, "13103_13119": 0.00011828335368792711, "13103_13120": 0.0001744679466896925, "13103_13121": 0.0004406054924875285, "13103_13122": 0.00023656670737585422, "13103_13123": 0.00046130507938291573, "13104_13101": 0.003311933903261959, "13104_13102": 0.0005943738522818338, "13104_13103": 0.0017505936345813212, "13104_13105": 0.002646590038767369, "13104_13106": 0.0004938330016470957, "13104_13107": 0.0002838800488510251, "13104_13108": 0.0006742151160211846, "13104_13109": 0.0004967900854892939, "13104_13110": 0.00036372131259037585, "13104_13111": 0.00028683713269322324, "13104_13112": 0.0013011168905671983, "13104_13113": 0.005659858473967313, "13104_13114": 0.006094549798770444, "13104_13115": 0.0017151086284749432, "13104_13116": 0.0049679008548929385, "13104_13117": 0.0005470605108066628, "13104_13118": 0.0002276954558492597, "13104_13119": 0.0007008288706009682, "13104_13120": 0.0012715460521452164, "13104_13121": 0.0002957083842198178, "13104_13122": 0.00011236918600353076, "13104_13123": 0.00030162255190421415, "13105_13101": 0.002395237912180524, "13105_13102": 0.00035189297722158314, "13105_13103": 0.0004524338278563212, "13105_13104": 0.002460293756708884, "13105_13106": 0.0026672896256627566, "13105_13107": 0.0002276954558492597, "13105_13108": 0.00035189297722158314, "13105_13109": 0.00010054085063473805, "13105_13110": 5.32275091595672e-05, "13105_13111": 6.80129283705581e-05, "13105_13112": 0.00013011168905671983, "13105_13113": 0.0002247383720070615, "13105_13114": 0.00018925336590068338, "13105_13115": 0.00014489710826771072, "13105_13116": 0.004358741583400114, "13105_13117": 0.0014075719088863326, "13105_13118": 0.0008427688950264807, "13105_13119": 0.0006623867806523918, "13105_13120": 0.0002720517134822324, "13105_13121": 0.0005115755047002847, "13105_13122": 0.00015672544363650343, "13105_13123": 0.00019221044974288156, "13106_13101": 0.002747130889402107, "13106_13102": 0.0012715460521452164, "13106_13103": 0.0006860434513899773, "13106_13104": 0.0005559317623332575, "13106_13105": 0.00266137545797836, "13106_13107": 0.003921093174754784, "13106_13108": 0.0008072838889201026, "13106_13109": 0.0002543092104290433, "13106_13110": 6.80129283705581e-05, "13106_13111": 0.00023065253969145786, "13106_13112": 9.758376679253987e-05, "13106_13113": 0.0002631804619556378, "13106_13114": 7.98412637393508e-05, "13106_13115": 9.758376679253987e-05, "13106_13116": 0.00044356257632972667, "13106_13117": 0.0007806701343403189, "13106_13118": 0.004583479955407176, "13106_13119": 0.0001744679466896925, "13106_13120": 0.00012419752137232348, "13106_13121": 0.0016086536101558087, "13106_13122": 0.0007422280443917426, "13106_13123": 0.00029866546806201595, "13107_13101": 0.0008516401465530752, "13107_13102": 0.001446013998834909, "13107_13103": 0.0005056613370158884, "13107_13104": 0.0003193650549574032, "13107_13105": 0.00023656670737585422, "13107_13106": 0.003663826880483542, "13107_13108": 0.007064473299011447, "13107_13109": 0.0001862962820584852, "13107_13110": 2.3656670737585423e-05, "13107_13111": 0.00012419752137232348, "13107_13112": 8.871251526594534e-05, "13107_13113": 0.00021882420432266516, "13107_13114": 7.688417989715263e-05, "13107_13115": 5.027042531736902e-05, "13107_13116": 8.279834758154898e-05, "13107_13117": 0.0001744679466896925, "13107_13118": 0.0008871251526594533, "13107_13119": 6.80129283705581e-05, "13107_13120": 1.4785419210990889e-05, "13107_13121": 0.0013336448128313783, "13107_13122": 0.0025844912780812073, "13107_13123": 0.002593362529607802, "13108_13101": 0.0016056965263136105, "13108_13102": 0.006073850211875057, "13108_13103": 0.0021527570371202734, "13108_13104": 0.0007185713736541572, "13108_13105": 0.0003962492348545558, "13108_13106": 0.0007599705474449317, "13108_13107": 0.007203456239594761, "13108_13109": 0.0007422280443917426, "13108_13110": 9.758376679253987e-05, "13108_13111": 0.0009019105718704442, "13108_13112": 0.00030162255190421415, "13108_13113": 0.00043173424096093396, "13108_13114": 0.000133068772898918, "13108_13115": 9.166959910814351e-05, "13108_13116": 0.0002276954558492597, "13108_13117": 0.00017151086284749432, "13108_13118": 0.00017151086284749432, "13108_13119": 0.00014194002442551254, "13108_13120": 9.758376679253987e-05, "13108_13121": 0.0005234038400690774, "13108_13122": 0.0007747559666559226, "13108_13123": 0.008285748925839295, "13109_13101": 0.0005736742653864465, "13109_13102": 0.0005795884330708429, "13109_13103": 0.005597759713281151, "13109_13104": 0.0005115755047002847, "13109_13105": 0.00011532626984572893, "13109_13106": 0.00026909462964003417, "13109_13107": 0.000133068772898918, "13109_13108": 0.0007333567928651481, "13109_13110": 0.003808723988751253, "13109_13111": 0.009465625378876368, "13109_13112": 0.0008013697212357062, "13109_13113": 0.0011532626984572894, "13109_13114": 0.00013898294058331437, "13109_13115": 0.0001360258567411162, "13109_13116": 0.00024543795890244875, "13109_13117": 0.00014489710826771072, "13109_13118": 7.392709605495445e-05, "13109_13119": 0.00012124043753012529, "13109_13120": 8.575543142374716e-05, "13109_13121": 7.392709605495445e-05, "13109_13122": 6.209876068616174e-05, "13109_13123": 0.00017742503053189067, "13110_13101": 0.0002247383720070615, "13110_13102": 0.00018925336590068338, "13110_13103": 0.000999494338662984, "13110_13104": 0.00038146381564356497, "13110_13105": 5.32275091595672e-05, "13110_13106": 5.618459300176538e-05, "13110_13107": 1.4785419210990889e-05, "13110_13108": 0.00013011168905671983, "13110_13109": 0.003788024401855866, "13110_13111": 0.0019575895035351936, "13110_13112": 0.007466636701550399, "13110_13113": 0.0031463372080988614,