{"13101_13102": 0.026686282832817373, "13101_13103": 0.0220970777986928, "13101_13104": 0.016603366009658442, "13101_13105": 0.014936584520266952, "13101_13106": 0.013872066742375585, "13101_13107": 0.0033891223617626993, "13101_13108": 0.004538090401783234, "13101_13109": 0.0008911725029946508, "13101_13110": 0.0004266960612842218, "13101_13111": 0.0006133755880960688, "13101_13112": 0.0010200702715075928, "13101_13113": 0.0032002204596316636, "13101_13114": 0.0007000482255444264, "13101_13115": 0.0006933810995868604, "13101_13116": 0.0012667539319375335, "13101_13117": 0.0013934293251312868, "13101_13118": 0.0018267925123730746, "13101_13119": 0.0005555938297971638, "13101_13120": 0.0004066946834115239, "13101_13121": 0.001940133653651696, "13101_13122": 0.0005689280817122957, "13101_13123": 0.0011978602970426852, "13102_13101": 0.029815387282234998, "13102_13103": 0.01421431254153064, "13102_13104": 0.0010667401532105545, "13102_13105": 0.0005689280817122957, "13102_13106": 0.003995830823901202, "13102_13107": 0.0056403885601008065, "13102_13108": 0.016570030379870614, "13102_13109": 0.0006667125957565966, "13102_13110": 0.00018223477617346974, "13102_13111": 0.0004978120714982587, "13102_13112": 0.0003422457991550529, "13102_13113": 0.0012134169242770058, "13102_13114": 0.00023112703319562013, "13102_13115": 0.00023779415915318612, "13102_13116": 0.00022445990723805417, "13102_13117": 0.00013556489447050796, "13102_13118": 0.0005444819532012205, "13102_13119": 0.00019556902808860166, "13102_13120": 0.00022445990723805417, "13102_13121": 0.0006644902204374079, "13102_13122": 0.0004533645651144857, "13102_13123": 0.0009311752587400465, "13103_13101": 0.02062142058675153, "13103_13102": 0.013740946598543455, "13103_13104": 0.0051381317379641704, "13103_13105": 0.000922285757463292, "13103_13106": 0.0009778451404430083, "13103_13107": 0.0011000757829983843, "13103_13108": 0.003144661076651947, "13103_13109": 0.018234589493942917, "13103_13110": 0.0019379112783325073, "13103_13111": 0.003542466258786716, "13103_13112": 0.0015556627234320586, "13103_13113": 0.0193346652769413, "13103_13114": 0.0002622402876642613, "13103_13115": 0.0003489129251126189, "13103_13116": 0.0005000344468174474, "13103_13117": 0.0005978189608617482, "13103_13118": 0.0002933535421329025, "13103_13119": 0.0002711297889410159, "13103_13120": 0.00018667952681184703, "13103_13121": 0.0004911449455406928, "13103_13122": 0.0003822485549004487, "13103_13123": 0.0005422595778820318, "13104_13101": 0.014485442330471655, "13104_13102": 0.0010756296544873092, "13104_13103": 0.00480922019072425, "13104_13105": 0.008978396289522166, "13104_13106": 0.0006733797217141625, "13104_13107": 0.00037113667830450544, "13104_13108": 0.0006289322153303894, "13104_13109": 0.0004844778195831268, "13104_13110": 0.0004066946834115239, "13104_13111": 0.00030002066809046844, "13104_13112": 0.0016601143634339254, "13104_13113": 0.02422611335447553, "13104_13114": 0.016141111943267204, "13104_13115": 0.0029024221668603836, "13104_13116": 0.013327584789174365, "13104_13117": 0.0010334045234227246, "13104_13118": 0.00023779415915318612, "13104_13119": 0.0012534196800224016, "13104_13120": 0.0017312303736479624, "13104_13121": 0.0003644695523469395, "13104_13122": 0.00013778726978969663, "13104_13123": 0.00028446404085614784, "13105_13101": 0.012816438465760974, "13105_13102": 0.0006378217166071441, "13105_13103": 0.0008356131200149343, "13105_13104": 0.007447179694601184, "13105_13106": 0.008485028968662286, "13105_13107": 0.0003044654187288458, "13105_13108": 0.0002889087914945252, "13105_13109": 0.00017556765021590375, "13105_13110": 6.4448884256471e-05, "13105_13111": 0.00013112014383213065, "13105_13112": 9.333976340592351e-05, "13105_13113": 0.00031113254468641174, "13105_13114": 0.00023557178383399745, "13105_13115": 0.00016001102298158319, "13105_13116": 0.012031939978087379, "13105_13117": 0.004229180232416011, "13105_13118": 0.0019134651498214322, "13105_13119": 0.0009467318859743671, "13105_13120": 0.00036891430298531677, "13105_13121": 0.0010822967804448751, "13105_13122": 0.00019334665276941301, "13105_13123": 0.00015778864766239451, "13106_13101": 0.011360782631692405, "13106_13102": 0.0034713502485726796, "13106_13103": 0.0009800675157621969, "13106_13104": 0.0006355993412879554, "13106_13105": 0.007324949052045808, "13106_13107": 0.009462874109105294, "13106_13108": 0.0008889501276754621, "13106_13109": 0.00020001377872697898, "13106_13110": 5.555938297971638e-05, "13106_13111": 0.00011778589191699872, "13106_13112": 8.000551149079159e-05, "13106_13113": 0.0006422664672455213, "13106_13114": 7.556076085241428e-05, "13106_13115": 7.556076085241428e-05, "13106_13116": 0.0005000344468174474, "13106_13117": 0.002320159833232956, "13106_13118": 0.013145350013000896, "13106_13119": 0.00012667539319375336, "13106_13120": 0.00010000688936348949, "13106_13121": 0.002886865539626063, "13106_13122": 0.0009645108885278764, "13106_13123": 0.0004266960612842218, "13107_13101": 0.0025757329949396513, "13107_13102": 0.004202511728585747, "13107_13103": 0.0011400785387437802, "13107_13104": 0.0003644695523469395, "13107_13105": 0.00032668917192073233, "13107_13106": 0.00836279832610691, "13107_13108": 0.01546773222155304, "13107_13109": 0.00025557316170669533, "13107_13110": 5.778175829890503e-05, "13107_13111": 0.0001088963906402441, "13107_13112": 6.889363489484832e-05, "13107_13113": 0.0002422389097915634, "13107_13114": 6.4448884256471e-05, "13107_13115": 4.8892257022150415e-05, "13107_13116": 0.00010000688936348949, "13107_13117": 8.667263744835755e-05, "13107_13118": 0.0011245219115094596, "13107_13119": 3.778038042620714e-05, "13107_13120": 3.555800510701848e-05, "13107_13121": 0.0018156806357771313, "13107_13122": 0.006142645382237443, "13107_13123": 0.004604761661358894, "13108_13101": 0.0044914205200802726, "13108_13102": 0.014818798628349953, "13108_13103": 0.003326895852825417, "13108_13104": 0.000586707084265805, "13108_13105": 0.00034446817447424154, "13108_13106": 0.000922285757463292, "13108_13107": 0.014674344232602691, "13108_13109": 0.0012489749293840243, "13108_13110": 0.00012667539319375336, "13108_13111": 0.0008778382510795189, "13108_13112": 0.00025112841106831804, "13108_13113": 0.0006311545906495781, "13108_13114": 0.00013556489447050796, "13108_13115": 0.00010667401532105545, "13108_13116": 0.00019556902808860166, "13108_13117": 0.0001689005242583378, "13108_13118": 0.00025557316170669533, "13108_13119": 8.889501276754621e-05, "13108_13120": 0.00013112014383213065, "13108_13121": 0.0005133686987325793, "13108_13122": 0.0007756089863968406, "13108_13123": 0.015623298493896246, "13109_13101": 0.000966733263847065, "13109_13102": 0.0007778313617160293, "13109_13103": 0.01759899015265496, "13109_13104": 0.0005978189608617482, "13109_13105": 0.00023779415915318612, "13109_13106": 0.00013556489447050796, "13109_13107": 0.00024668366042994075, "13109_13108": 0.0013245356902364385, "13109_13110": 0.008698376999304397, "13109_13111": 0.018985752351828682, "13109_13112": 0.0007533852332049541, "13109_13113": 0.002482393231533728, "13109_13114": 9.556213872511217e-05, "13109_13115": 8.222788680998024e-05, "13109_13116": 0.00023779415915318612, "13109_13117": 0.00013334251915131932, "13109_13118": 4.4447506383773106e-05, "13109_13119": 0.0001533438970240172, "13109_13120": 6.4448884256471e-05, "13109_13121": 0.0001088963906402441, "13109_13122": 5.555938297971638e-05, "13109_13123": 0.00014223202042807392, "13110_13101": 0.000451142189795297, "13110_13102": 0.0002422389097915634, "13110_13103": 0.0017645660034357922, "13110_13104": 0.00041558418468827854, "13110_13105": 3.555800510701848e-05, "13110_13106": 3.555800510701848e-05, "13110_13107": 4.666988170296176e-05, "13110_13108": 9.333976340592351e-05, "13110_13109": 0.008091668537165893, "13110_13111": 0.0033446748553789263, "13110_13112": 0.016218895079438807, "13110_13113": 0.011065206714240314, "13110_13114": 8.667263744835755e-05,