{"13101_13102": 0.0040247696506093885, "13101_13103": 0.0035619808554725524, "13101_13104": 0.0035858667287699372, "13101_13105": 0.002445316278819799, "13101_13106": 0.0028364474540644798, "13101_13107": 0.0009255775902736724, "13101_13108": 0.0017317258140604193, "13101_13109": 0.0006389471107050513, "13101_13110": 0.00018511551805473447, "13101_13111": 0.0005493750858398572, "13101_13112": 0.00080913395794892, "13101_13113": 0.0010091781468145203, "13101_13114": 0.00040904558021771976, "13101_13115": 0.00045980306097466304, "13101_13116": 0.0006419328448672244, "13101_13117": 0.0006747759206511289, "13101_13118": 0.00048070320010987504, "13101_13119": 0.0005404178833533377, "13101_13120": 0.0003791882385959884, "13101_13121": 0.0008419770337328245, "13101_13122": 0.0004657745292990093, "13101_13123": 0.000806148223786747, "13102_13101": 0.004239742510285854, "13102_13103": 0.0030275344404435607, "13102_13104": 0.0005852038957859348, "13102_13105": 0.0003791882385959884, "13102_13106": 0.001179364994058389, "13102_13107": 0.0014241951953565862, "13102_13108": 0.005974454058508447, "13102_13109": 0.0004568173268124899, "13102_13110": 0.00014032950562213744, "13102_13111": 0.0004926461367585676, "13102_13112": 0.00035530236529860326, "13102_13113": 0.00041203131437989287, "13102_13114": 0.00016720111308169566, "13102_13115": 0.0001463009739464837, "13102_13116": 0.00021497285967646585, "13102_13117": 0.000217958593838639, "13102_13118": 0.00024184446713602407, "13102_13119": 0.00013435803729779116, "13102_13120": 0.00010151496151388665, "13102_13121": 0.0005792324274615885, "13102_13122": 0.00037023103610946893, "13102_13123": 0.0007942052871380544, "13103_13101": 0.003558995121310379, "13103_13102": 0.0029588625547135785, "13103_13104": 0.001743668750709112, "13103_13105": 0.0003642595677851227, "13103_13106": 0.0007165761989215529, "13103_13107": 0.0005493750858398572, "13103_13108": 0.0017974119656282283, "13103_13109": 0.00535939282110078, "13103_13110": 0.0010091781468145203, "13103_13111": 0.0021437571284403122, "13103_13112": 0.0010987501716797144, "13103_13113": 0.004466658306611013, "13103_13114": 0.0003164878211903525, "13103_13115": 0.00026573034043340916, "13103_13116": 0.0003821739727581615, "13103_13117": 0.00042397425102858543, "13103_13118": 0.0002358729988116778, "13103_13119": 0.0002448302012981972, "13103_13120": 0.00013435803729779116, "13103_13121": 0.00040904558021771976, "13103_13122": 0.00029857341621731366, "13103_13123": 0.00042397425102858543, "13104_13101": 0.003320136388336528, "13104_13102": 0.0006061040349211468, "13104_13103": 0.0018183121047634402, "13104_13105": 0.002552802708658032, "13104_13106": 0.0005881896299481079, "13104_13107": 0.00032843075783904504, "13104_13108": 0.0007195619330837259, "13104_13109": 0.0005314606808668183, "13104_13110": 0.0003672453019472958, "13104_13111": 0.0002776732770821017, "13104_13112": 0.0011704077915718695, "13104_13113": 0.006195398386509259, "13104_13114": 0.0060281972734275635, "13104_13115": 0.0015645247009787237, "13104_13116": 0.004478601243259705, "13104_13117": 0.0006688044523267826, "13104_13118": 0.0002358729988116778, "13104_13119": 0.0007703194138406693, "13104_13120": 0.0015854248401139357, "13104_13121": 0.0003135020870281794, "13104_13122": 0.00012838656897344488, "13104_13123": 0.0003135020870281794, "13105_13101": 0.002487116557090223, "13105_13102": 0.00036127383362294954, "13105_13103": 0.00044786012432597054, "13105_13104": 0.002490102291252396, "13105_13106": 0.0024124732030358946, "13105_13107": 0.0002687160745955823, "13105_13108": 0.00041203131437989287, "13105_13109": 9.255775902736723e-05, "13105_13110": 4.1800278270423915e-05, "13105_13111": 8.360055654084783e-05, "13105_13112": 0.00010450069567605979, "13105_13113": 0.000217958593838639, "13105_13114": 0.00014032950562213744, "13105_13115": 0.00010151496151388665, "13105_13116": 0.00405462699223112, "13105_13117": 0.0013734377145996428, "13105_13118": 0.0007673336796784961, "13105_13119": 0.0006180469715698393, "13105_13120": 0.00030454488454165993, "13105_13121": 0.0005254892125424721, "13105_13122": 0.00011942936648692547, "13105_13123": 0.00014032950562213744, "13106_13101": 0.002681189277631477, "13106_13102": 0.0013167087655183533, "13106_13103": 0.0006688044523267826, "13106_13104": 0.0005314606808668183, "13106_13105": 0.0023706729247654707, "13106_13107": 0.0034126941473638954, "13106_13108": 0.0006926903256241677, "13106_13109": 0.00025677313794688977, "13106_13110": 3.2843075783904506e-05, "13106_13111": 0.0002597588721090629, "13106_13112": 9.852922735171351e-05, "13106_13113": 0.00028663047956862115, "13106_13114": 5.9714683243462734e-05, "13106_13115": 5.6728949081289595e-05, "13106_13116": 0.00045383159265031676, "13106_13117": 0.0007583764771919767, "13106_13118": 0.004362157610934953, "13106_13119": 0.0002030299230277733, "13106_13120": 0.0001224151006490986, "13106_13121": 0.00161826791589784, "13106_13122": 0.0007822623504893619, "13106_13123": 0.00036127383362294954, "13107_13101": 0.000874820109516729, "13107_13102": 0.0012928228922209682, "13107_13103": 0.0004657745292990093, "13107_13104": 0.00033738796032556443, "13107_13105": 0.0002806590112442749, "13107_13106": 0.0033798510715799908, "13107_13108": 0.006789559484781713, "13107_13109": 0.00018212978389256135, "13107_13110": 3.8814544108250776e-05, "13107_13111": 0.0001224151006490986, "13107_13112": 8.061482237867469e-05, "13107_13113": 0.0002537874037847166, "13107_13114": 7.464335405432841e-05, "13107_13115": 5.0757480756943324e-05, "13107_13116": 0.00012838656897344488, "13107_13117": 0.00017914404973038821, "13107_13118": 0.0008360055654084783, "13107_13119": 8.957202486519411e-05, "13107_13120": 2.9857341621731367e-05, "13107_13121": 0.0013376089046535653, "13107_13122": 0.0023020010390354885, "13107_13123": 0.002400530266387202, "13108_13101": 0.001788454763141709, "13108_13102": 0.006067011817535814, "13108_13103": 0.001815326370601267, "13108_13104": 0.0006628329840024363, "13108_13105": 0.0003971026435690272, "13108_13106": 0.000806148223786747, "13108_13107": 0.006735816269862596, "13108_13109": 0.0008598914387058634, "13108_13110": 0.00011644363232475233, "13108_13111": 0.0008658629070302096, "13108_13112": 0.00026274460627123604, "13108_13113": 0.0004389029218394511, "13108_13114": 0.0001552581764330031, "13108_13115": 0.00010450069567605979, "13108_13116": 0.0002687160745955823, "13108_13117": 0.00016122964475734938, "13108_13118": 0.0002030299230277733, "13108_13119": 0.00017914404973038821, "13108_13120": 0.00010450069567605979, "13108_13121": 0.0004627887951368362, "13108_13122": 0.0007135904647593797, "13108_13123": 0.007780823226623194, "13109_13101": 0.0005643037566507228, "13109_13102": 0.00047473173178552876, "13109_13103": 0.005577351414939419, "13109_13104": 0.0005225034783802989, "13109_13105": 0.00011047216400040606, "13109_13106": 0.000283644745406448, "13109_13107": 0.0001373437714599643, "13109_13108": 0.0007942052871380544, "13109_13110": 0.003776953715149018, "13109_13111": 0.009393119674196688, "13109_13112": 0.0008837773120032485, "13109_13113": 0.0011883221965449085, "13109_13114": 0.00016122964475734938, "13109_13115": 0.00011345789816257919, "13109_13116": 0.0002597588721090629, "13109_13117": 0.00015227244227082997, "13109_13118": 6.568615156780901e-05, "13109_13119": 0.00019407272054125388, "13109_13120": 5.374321491911646e-05, "13109_13121": 0.00010151496151388665, "13109_13122": 7.165761989215529e-05, "13109_13123": 0.00016122964475734938, "13110_13101": 0.00017317258140604194, "13110_13102": 0.0001881012522169076, "13110_13103": 0.0010061924126523471, "13110_13104": 0.00035231663113643015, "13110_13105": 4.7771746594770186e-05, "13110_13106": 5.6728949081289595e-05, "13110_13107": 2.687160745955823e-05, "13110_13108": 0.00014032950562213744, "13110_13109": 0.003490323235580397, "13110_13111": 0.0018362265097364792, "13110_13112": 0.007267276950729415,