{"13101_13102": 0.03083750504298613, "13101_13103": 0.02887997408899521, "13101_13104": 0.025322893168245382, "13101_13105": 0.017100694937694262, "13101_13106": 0.016487013245296528, "13101_13107": 0.004148033661577275, "13101_13108": 0.006810162114247075, "13101_13109": 0.002554165932710939, "13101_13110": 0.0010085972259314608, "13101_13111": 0.0020967457823589243, "13101_13112": 0.003059885105149812, "13101_13113": 0.005338462500071028, "13101_13114": 0.0016705779404160535, "13101_13115": 0.0022984652275452166, "13101_13116": 0.003227511122980675, "13101_13117": 0.0028808946115338064, "13101_13118": 0.0022842596328137873, "13101_13119": 0.0018609329098172023, "13101_13120": 0.0013665782131634724, "13101_13121": 0.0032587634313898184, "13101_13122": 0.0016393256320069096, "13101_13123": 0.0028865768494263783, "13102_13101": 0.03492871632563769, "13102_13103": 0.01922869302846233, "13102_13104": 0.0026166705495292266, "13102_13105": 0.0013069147152914703, "13102_13106": 0.00547199509054646, "13102_13107": 0.0074863484234630965, "13102_13108": 0.02113224272247382, "13102_13109": 0.0020456056413257796, "13102_13110": 0.0006193639302903056, "13102_13111": 0.0015256808741554773, "13102_13112": 0.0010568962480183195, "13102_13113": 0.001951848716098348, "13102_13114": 0.000539812599794303, "13102_13115": 0.0004545790314057288, "13102_13116": 0.000875064635456028, "13102_13117": 0.0006449340008068778, "13102_13118": 0.0008381300891543125, "13102_13119": 0.00035798098723201146, "13102_13120": 0.00039491553353372693, "13102_13121": 0.0017984282929989148, "13102_13122": 0.001372260451056044, "13102_13123": 0.0022388017296732145, "13103_13101": 0.026754817117173427, "13103_13102": 0.018668992596044025, "13103_13104": 0.01051214010125748, "13103_13105": 0.0016705779404160535, "13103_13106": 0.0027246330694880873, "13103_13107": 0.0016961480109326257, "13103_13108": 0.0054606306147613175, "13103_13109": 0.023740389915164188, "13103_13110": 0.004273042895213851, "13103_13111": 0.00693517134788365, "13103_13112": 0.0036366322512458304, "13103_13113": 0.023532988232085324, "13103_13114": 0.0008267656133691693, "13103_13115": 0.0009602982038446022, "13103_13116": 0.0013410081426469, "13103_13117": 0.0014035127594651878, "13103_13118": 0.0009745037985760312, "13103_13119": 0.0007330086881417378, "13103_13120": 0.0004801491019223011, "13103_13121": 0.0012955502395063272, "13103_13122": 0.0010114383448777467, "13103_13123": 0.0012017933142788957, "13104_13101": 0.019325291072636048, "13104_13102": 0.0032047821714103883, "13104_13103": 0.00921090762385858, "13104_13105": 0.010301897299232329, "13104_13106": 0.0016989891298789116, "13104_13107": 0.0010313261775017472, "13104_13108": 0.002088222425520067, "13104_13109": 0.001662054583577196, "13104_13110": 0.001179064362708609, "13104_13111": 0.0007926721860137397, "13104_13112": 0.003818463863808122, "13104_13113": 0.025513248137646532, "13104_13114": 0.020325364941728652, "13104_13115": 0.00539812599794303, "13104_13116": 0.015790939103456504, "13104_13117": 0.0018353628393006302, "13104_13118": 0.0006676629523771642, "13104_13119": 0.002247325086512072, "13104_13120": 0.004594089336144147, "13104_13121": 0.0008665412786171705, "13104_13122": 0.000423326722996585, "13104_13123": 0.0008409712081005983, "13105_13101": 0.01335610016648957, "13105_13102": 0.001559774301510907, "13105_13103": 0.001633643394114338, "13105_13104": 0.00776193696125282, "13105_13106": 0.00882451544716371, "13105_13107": 0.0007131208555177371, "13105_13108": 0.0008637001596708848, "13105_13109": 0.0002727474188434373, "13105_13110": 0.00011932699574400381, "13105_13111": 0.00017614937466971993, "13105_13112": 0.00025570070516572245, "13105_13113": 0.0006392517629143061, "13105_13114": 0.0003608221061782973, "13105_13115": 0.000218766158864007, "13105_13116": 0.014543687886037037, "13105_13117": 0.004818537732900726, "13105_13118": 0.002409268866450363, "13105_13119": 0.00195753095399092, "13105_13120": 0.0009432514901668873, "13105_13121": 0.0014631762573371896, "13105_13122": 0.00036934546301715466, "13105_13123": 0.00033241091671543923, "13106_13101": 0.011946905169131812, "13106_13102": 0.004898089063396728, "13106_13103": 0.002639399501099513, "13106_13104": 0.0015569331825646213, "13106_13105": 0.007406797092967094, "13106_13107": 0.011029223749481495, "13106_13108": 0.001679101297254911, "13106_13109": 0.0007188030934103087, "13106_13110": 8.807468733485996e-05, "13106_13111": 0.000568223789257161, "13106_13112": 0.00017614937466971993, "13106_13113": 0.0007557376397120242, "13106_13114": 0.00020171944518629218, "13106_13115": 0.0001619437799382909, "13106_13116": 0.00116485876797718, "13106_13117": 0.002650763976884656, "13106_13118": 0.013256661003369566, "13106_13119": 0.0003977566524800127, "13106_13120": 0.00024717734832686503, "13106_13121": 0.004531584719325859, "13106_13122": 0.0022956241085989306, "13106_13123": 0.0008722235165097422, "13107_13101": 0.003790052674345264, "13107_13102": 0.005378238165319029, "13107_13103": 0.001750129270912056, "13107_13104": 0.0008977935870263144, "13107_13105": 0.0007188030934103087, "13107_13106": 0.008742122997721423, "13107_13108": 0.014674379357566185, "13107_13109": 0.00045173791245944303, "13107_13110": 9.091580628114576e-05, "13107_13111": 0.00038923329564115533, "13107_13112": 0.00017899049361600573, "13107_13113": 0.0004858313398148727, "13107_13114": 0.0001136447578514322, "13107_13115": 0.00010512140101257479, "13107_13116": 0.00024717734832686503, "13107_13117": 0.0003153642030377244, "13107_13118": 0.00151715751731662, "13107_13119": 0.00010228028206628899, "13107_13120": 9.091580628114576e-05, "13107_13121": 0.0024888201969463656, "13107_13122": 0.009091580628114576, "13107_13123": 0.005895321813543046, "13108_13101": 0.006813003233193361, "13108_13102": 0.01748140487649656, "13108_13103": 0.005648144465216181, "13108_13104": 0.002085381306573781, "13108_13105": 0.0009318870143817441, "13108_13106": 0.001735923676180627, "13108_13107": 0.014506753339735322, "13108_13109": 0.0024717734832686504, "13108_13110": 0.0003096819651451528, "13108_13111": 0.002059811236057209, "13108_13112": 0.00058242938398859, "13108_13113": 0.0013012324773988989, "13108_13114": 0.0003608221061782973, "13108_13115": 0.00028695301357486633, "13108_13116": 0.0006222050492365914, "13108_13117": 0.00045173791245944303, "13108_13118": 0.00041196224721144173, "13108_13119": 0.00033809315460801083, "13108_13120": 0.00019035496940114895, "13108_13121": 0.0009006347059726002, "13108_13122": 0.0014802229710149046, "13108_13123": 0.02197037281162813, "13109_13101": 0.002554165932710939, "13109_13102": 0.0021933438265326418, "13109_13103": 0.020564018933216657, "13109_13104": 0.0017728582224823424, "13109_13105": 0.00025570070516572245, "13109_13106": 0.0007301675691954519, "13109_13107": 0.00040628000931887013, "13109_13108": 0.0024433622938057923, "13109_13110": 0.00831027291788598, "13109_13111": 0.025513248137646532, "13109_13112": 0.0019149141697966327, "13109_13113": 0.004071323450027559, "13109_13114": 0.0003153642030377244, "13109_13115": 0.00040628000931887013, "13109_13116": 0.0007841488291748822, "13109_13117": 0.00036934546301715466, "13109_13118": 0.00023865399148800763, "13109_13119": 0.00029263525146743793, "13109_13120": 0.00019319608834743475, "13109_13121": 0.0002784296567360089, "13109_13122": 0.00019035496940114895, "13109_13123": 0.0003807099388022979, "13110_13101": 0.0010228028206628898, "13110_13102": 0.0006335695250217346, "13110_13103": 0.0036082210617829724, "13110_13104": 0.0011194008648366073, "13110_13105": 0.00012785035258286123, "13110_13106": 7.386909260343094e-05, "13110_13107": 7.671021154971674e-05, "13110_13108": 0.00028695301357486633, "13110_13109": 0.007560217516066527, "13110_13111": 0.0038923329564115533, "13110_13112": 0.019402001284185764, "13110_13113": 0.011083205009460926, "13110_13114": 0.0003039997272525812, "13110_13115": 0.0004886724587611585,