{"13101_13102": 0.031228401807602564, "13101_13103": 0.02781108781049709, "13101_13104": 0.025232595918126238, "13101_13105": 0.017198806746020024, "13101_13106": 0.01571905366689311, "13101_13107": 0.0040877809611011015, "13101_13108": 0.006843488791091945, "13101_13109": 0.002563723897569188, "13101_13110": 0.0009067548808222819, "13101_13111": 0.00206161207431255, "13101_13112": 0.0031042325073101576, "13101_13113": 0.005251498951472369, "13101_13114": 0.0017367161886759016, "13101_13115": 0.0021236376524795464, "13101_13116": 0.0034173139971054732, "13101_13117": 0.0027970582154355082, "13101_13118": 0.0021797560327258764, "13101_13119": 0.0018903033346132263, "13101_13120": 0.0012552795581415954, "13101_13121": 0.003186933278199486, "13101_13122": 0.0017367161886759016, "13101_13123": 0.0027970582154355082, "13102_13101": 0.03424697994506306, "13102_13103": 0.019248604424491243, "13102_13104": 0.0026848214549428477, "13102_13105": 0.0014265882978409191, "13102_13106": 0.005927873113388664, "13102_13107": 0.007381043801872582, "13102_13108": 0.02106506778509614, "13102_13109": 0.0019848185013438876, "13102_13110": 0.0006320701775112975, "13102_13111": 0.0014679386832855835, "13102_13112": 0.0009421980683462799, "13102_13113": 0.001905071329414892, "13102_13114": 0.00043713264612930855, "13102_13115": 0.0005050654222169714, "13102_13116": 0.0008565436984966182, "13102_13117": 0.0005286942138996367, "13102_13118": 0.0008211005109726202, "13102_13119": 0.00042236465132764275, "13102_13120": 0.00040464305756564376, "13102_13121": 0.001727855391794902, "13102_13122": 0.0011282748028472694, "13102_13123": 0.002259503204654872, "13103_13101": 0.026443571491862834, "13103_13102": 0.018625395043860946, "13103_13104": 0.010189916413149423, "13103_13105": 0.001639247422984907, "13103_13106": 0.002525327111084857, "13103_13107": 0.0017514841834775673, "13103_13108": 0.00545825087869569, "13103_13109": 0.023537230114895, "13103_13110": 0.004046430575656438, "13103_13111": 0.006748973624361284, "13103_13112": 0.0036033907316064626, "13103_13113": 0.022589124848628052, "13103_13114": 0.0007886109224089553, "13103_13115": 0.0009126620787429483, "13103_13116": 0.0012907227456655935, "13103_13117": 0.0013438875269515904, "13103_13118": 0.0009421980683462799, "13103_13119": 0.0006881885577576277, "13103_13120": 0.00045485423989130754, "13103_13121": 0.001299583542546593, "13103_13122": 0.0009687804589892785, "13103_13123": 0.0012316507664589301, "13104_13101": 0.018911894143013263, "13104_13102": 0.002965413356174499, "13104_13103": 0.008978940839412825, "13104_13105": 0.010497090705024073, "13104_13106": 0.001745576985556901, "13104_13107": 0.0010898780163629382, "13104_13108": 0.0020734264701538826, "13104_13109": 0.0015772218448179107, "13104_13110": 0.001101692412204271, "13104_13111": 0.0007000029535989603, "13104_13112": 0.003751070679623121, "13104_13113": 0.024612340136456273, "13104_13114": 0.019987004164574534, "13104_13115": 0.005478926071418023, "13104_13116": 0.015069261895619813, "13104_13117": 0.0019346073190182238, "13104_13118": 0.0006793277608766282, "13104_13119": 0.0021561272410432113, "13104_13120": 0.004681454352128068, "13104_13121": 0.0007767965265676227, "13104_13122": 0.00042236465132764275, "13104_13123": 0.0008270077088932865, "13105_13101": 0.013424107274714239, "13105_13102": 0.0015447322562542457, "13105_13103": 0.0016481082198659066, "13105_13104": 0.00809876834923354, "13105_13106": 0.008851936084118498, "13105_13107": 0.0006822813598369613, "13105_13108": 0.000889033287060283, "13105_13109": 0.0002805919012316508, "13105_13110": 8.860796880999498e-05, "13105_13111": 0.00018607673450098946, "13105_13112": 0.0002362879168266533, "13105_13113": 0.0006379773754319638, "13105_13114": 0.00040464305756564376, "13105_13115": 0.00020084472930265528, "13105_13116": 0.014564196473402841, "13105_13117": 0.004622382372921405, "13105_13118": 0.0023274359807425346, "13105_13119": 0.0021059160587175475, "13105_13120": 0.000959919662108279, "13105_13121": 0.0014472634905632513, "13105_13122": 0.00044008624508964174, "13105_13123": 0.00032489588563664823, "13106_13101": 0.011483592757775348, "13106_13102": 0.004699175945890067, "13106_13103": 0.0026818678559825146, "13106_13104": 0.001600850636500576, "13106_13105": 0.0075759813332545705, "13106_13107": 0.010996248929320378, "13106_13108": 0.001760344980358567, "13106_13109": 0.0006911421567179608, "13106_13110": 7.974717192899548e-05, "13106_13111": 0.0005050654222169714, "13106_13112": 0.00018016953658032313, "13106_13113": 0.0007945181203296216, "13106_13114": 0.00021265912514398794, "13106_13115": 0.00014177275009599196, "13106_13116": 0.001246418761260596, "13106_13117": 0.002543048704846856, "13106_13118": 0.012989928227545263, "13106_13119": 0.0003839678648433116, "13106_13120": 0.00022151992202498744, "13106_13121": 0.004495377617627079, "13106_13122": 0.0021236376524795464, "13106_13123": 0.0007324925421626252, "13107_13101": 0.003951915408925776, "13107_13102": 0.005159937383702041, "13107_13103": 0.0020143544909472194, "13107_13104": 0.0009894556517116107, "13107_13105": 0.0006881885577576277, "13107_13106": 0.008382313849425525, "13107_13108": 0.01488023156215849, "13107_13109": 0.0005257406149393035, "13107_13110": 7.679357296866231e-05, "13107_13111": 0.0003721534690019789, "13107_13112": 0.00016244794281832412, "13107_13113": 0.0005405086097409694, "13107_13114": 8.270077088932864e-05, "13107_13115": 0.0001122367604926603, "13107_13116": 0.00020675192722332161, "13107_13117": 0.0003632926721209794, "13107_13118": 0.0014000059071979207, "13107_13119": 0.00010337596361166081, "13107_13120": 4.430398440499749e-05, "13107_13121": 0.002383554360988865, "13107_13122": 0.008745606521546505, "13107_13123": 0.005907197920666332, "13108_13101": 0.006964586348465605, "13108_13102": 0.017154502761615027, "13108_13103": 0.005502554863100688, "13108_13104": 0.002100008860796881, "13108_13105": 0.0010071772454736097, "13108_13106": 0.0017130873969932363, "13108_13107": 0.014505124494196178, "13108_13109": 0.0024219511474731963, "13108_13110": 0.00024219511474731962, "13108_13111": 0.0019434681158992232, "13108_13112": 0.0006084413858286322, "13108_13113": 0.0013054907404672594, "13108_13114": 0.0002953598960333166, "13108_13115": 0.00031012789083498243, "13108_13116": 0.0007177245473609593, "13108_13117": 0.0003485246773193136, "13108_13118": 0.0004312254482086422, "13108_13119": 0.0003189886877159819, "13108_13120": 0.00023333431786632012, "13108_13121": 0.0010278524381959417, "13108_13122": 0.0015358714593732463, "13108_13123": 0.02084059426411082, "13109_13101": 0.0025135127152435244, "13109_13102": 0.0020350296836695514, "13109_13103": 0.020350296836695512, "13109_13104": 0.0016628762146675725, "13109_13105": 0.0003189886877159819, "13109_13106": 0.0006497917712732965, "13109_13107": 0.00043713264612930855, "13109_13108": 0.002371739965147532, "13109_13110": 0.008314381073337863, "13109_13111": 0.025436394246389226, "13109_13112": 0.0019287001210975573, "13109_13113": 0.003954869007886109, "13109_13114": 0.0003012670939539829, "13109_13115": 0.00040168945860531057, "13109_13116": 0.0008240541099329533, "13109_13117": 0.0004489470419706412, "13109_13118": 0.0002540095105886523, "13109_13119": 0.0003219422866763151, "13109_13120": 0.00016835514073899047, "13109_13121": 0.00027173110435065127, "13109_13122": 0.00019493753138198896, "13109_13123": 0.0003810142658829784, "13110_13101": 0.0009540124641876126, "13110_13102": 0.0006734205629559619, "13110_13103": 0.003544318752399799, "13110_13104": 0.0010544348288389403, "13110_13105": 0.00011519035945299347, "13110_13106": 9.746876569099448e-05, "13110_13107": 5.021118232566382e-05, "13110_13108": 0.0002599167085093186, "13110_13109": 0.007434208583158579, "13110_13111": 0.004096641757982101, "13110_13112": 0.01914227486191925, "13110_13113": 0.011256165637829696, "13110_13114": 0.0002864990991523171, "13110_13115": 0.0004784830315739729,