{"13101_13102": 0.029322216798129543, "13101_13103": 0.026524883738855632, "13101_13104": 0.024051925695639884, "13101_13105": 0.01662020503070322, "13101_13106": 0.015592482207548624, "13101_13107": 0.0040916214896842325, "13101_13108": 0.00637188150355849, "13101_13109": 0.0022898949153413325, "13101_13110": 0.0008896225687931964, "13101_13111": 0.0019590966316384473, "13101_13112": 0.00285514246807636, "13101_13113": 0.005084016340792888, "13101_13114": 0.0016796844890932916, "13101_13115": 0.002013694406618535, "13101_13116": 0.003034993962128414, "13101_13117": 0.002649597903445441, "13101_13118": 0.0020618689139539066, "13101_13119": 0.0016154518126461294, "13101_13120": 0.0013231931348115413, "13101_13121": 0.003099226638575576, "13101_13122": 0.0015351609670871767, "13101_13123": 0.0025179209167287583, "13102_13101": 0.033047712032064955, "13102_13103": 0.018017265743428997, "13102_13104": 0.002421571902058015, "13102_13105": 0.0013906374450810615, "13102_13106": 0.005376275018627476, "13102_13107": 0.007145885254746795, "13102_13108": 0.020284679222013824, "13102_13109": 0.0018916523213689269, "13102_13110": 0.000555612651267953, "13102_13111": 0.0013810025436139873, "13102_13112": 0.0010180879216875208, "13102_13113": 0.0018434778140335552, "13102_13114": 0.0003532797204593921, "13102_13115": 0.0004432054674854192, "13102_13116": 0.0008253898923460342, "13102_13117": 0.0005299195806890882, "13102_13118": 0.0007643688497212302, "13102_13119": 0.00039824259397240564, "13102_13120": 0.0003564913542817502, "13102_13121": 0.0016443565170473522, "13102_13122": 0.0012043626833842913, "13102_13123": 0.0019912129698620284, "13103_13101": 0.02431206803525089, "13103_13102": 0.017490557796562268, "13103_13104": 0.009641324734719046, "13103_13105": 0.001695742658205082, "13103_13106": 0.0023990904653015083, "13103_13107": 0.0016411448832249942, "13103_13108": 0.005100074509904679, "13103_13109": 0.023011356337195858, "13103_13110": 0.0038346907838955834, "13103_13111": 0.006339765165334909, "13103_13112": 0.003327252639963002, "13103_13113": 0.02212815703604738, "13103_13114": 0.0007322525114976491, "13103_13115": 0.00081575499087896, "13103_13116": 0.0011883045142725007, "13103_13117": 0.0013007116980550345, "13103_13118": 0.0009088923717273451, "13103_13119": 0.0006230569615374733, "13103_13120": 0.0005170730453996557, "13103_13121": 0.0013456745715680481, "13103_13122": 0.0008350247938131086, "13103_13123": 0.000992394851108656, "13104_13101": 0.01843798977415791, "13104_13102": 0.0028166028622080624, "13104_13103": 0.008131856838210735, "13104_13105": 0.010386423781506128, "13104_13106": 0.0014484468538835077, "13104_13107": 0.0009217389070167776, "13104_13108": 0.0019109221243030754, "13104_13109": 0.0016026052773566969, "13104_13110": 0.0011176485701806223, "13104_13111": 0.0006551732997610544, "13104_13112": 0.003674109092777678, "13104_13113": 0.023907402173633772, "13104_13114": 0.019815780683949537, "13104_13115": 0.00536985175098276, "13104_13116": 0.014600087356439969, "13104_13117": 0.0017310706302510212, "13104_13118": 0.0006937129056293518, "13104_13119": 0.002103620153644562, "13104_13120": 0.004390303435163536, "13104_13121": 0.0007611572158988721, "13104_13122": 0.00037254952339354076, "13104_13123": 0.0008125433570566018, "13105_13101": 0.013283317489273142, "13105_13102": 0.00146129338917294, "13105_13103": 0.0017310706302510212, "13105_13104": 0.007878137766244443, "13105_13106": 0.008642506615965674, "13105_13107": 0.0006583849335834125, "13105_13108": 0.0008446596952801829, "13105_13109": 0.0003629146219264664, "13105_13110": 8.350247938131087e-05, "13105_13111": 0.00019590966316384472, "13105_13112": 0.0002569307057886488, "13105_13113": 0.000613422060070399, "13105_13114": 0.0003564913542817502, "13105_13115": 0.0001573700572955474, "13105_13116": 0.015062562626859536, "13105_13117": 0.004698620282109915, "13105_13118": 0.002309164718275481, "13105_13119": 0.0020008478713291027, "13105_13120": 0.000963490146707433, "13105_13121": 0.0014163305156599266, "13105_13122": 0.00042714729837362866, "13105_13123": 0.00039181932632768944, "13106_13101": 0.011581151563423344, "13106_13102": 0.004454536111610698, "13106_13103": 0.002505074381439326, "13106_13104": 0.0012429022892525886, "13106_13105": 0.007547339482541559, "13106_13107": 0.010582333444669972, "13106_13108": 0.0015030446288635956, "13106_13109": 0.0006969245394517099, "13106_13110": 9.313738084838519e-05, "13106_13111": 0.0004978032424655071, "13106_13112": 0.00018627476169677038, "13106_13113": 0.0006969245394517099, "13106_13114": 0.00017663986022969604, "13106_13115": 0.00012204208524960818, "13106_13116": 0.0011048020348911898, "13106_13117": 0.0024472649726368797, "13106_13118": 0.013003905346727988, "13106_13119": 0.00042714729837362866, "13106_13120": 0.0001541584234731893, "13106_13121": 0.004371033632229388, "13106_13122": 0.0020040595051514605, "13106_13123": 0.0007675804835435883, "13107_13101": 0.0036452043883764547, "13107_13102": 0.00530240744071324, "13107_13103": 0.001605816911179055, "13107_13104": 0.0009217389070167776, "13107_13105": 0.000729040877675291, "13107_13106": 0.008099740499987153, "13107_13108": 0.014535854679992806, "13107_13109": 0.0005524010174455949, "13107_13110": 6.744431026952031e-05, "13107_13111": 0.00036612625574882455, "13107_13112": 0.0002312376352097839, "13107_13113": 0.0005716708203797436, "13107_13114": 0.00011561881760489196, "13107_13115": 0.00014773515582847306, "13107_13116": 0.00024087253667685825, "13107_13117": 0.00027298887490043936, "13107_13118": 0.0014837748259294468, "13107_13119": 0.00017985149405205417, "13107_13120": 2.890470440122299e-05, "13107_13121": 0.0022931065491636907, "13107_13122": 0.008758125433570565, "13107_13123": 0.005684591865573855, "13108_13101": 0.006336553531512551, "13108_13102": 0.016803268158577633, "13108_13103": 0.005283137637779091, "13108_13104": 0.0019044988566583592, "13108_13105": 0.0010020297525757302, "13108_13106": 0.0016989542920274401, "13108_13107": 0.014111919015441536, "13108_13109": 0.0024312068035250893, "13108_13110": 0.0002601423396110069, "13108_13111": 0.00198800133603967, "13108_13112": 0.0005491893836232369, "13108_13113": 0.001165823077515994, "13108_13114": 0.00034043318516995967, "13108_13115": 0.0003083168469463786, "13108_13116": 0.0005780940880244598, "13108_13117": 0.0003532797204593921, "13108_13118": 0.00043035893219598673, "13108_13119": 0.00027298887490043936, "13108_13120": 0.00019590966316384472, "13108_13121": 0.0008542945967472573, "13108_13122": 0.0014163305156599266, "13108_13123": 0.021238534467254183, "13109_13101": 0.0023444926903214204, "13109_13102": 0.0018466894478559133, "13109_13103": 0.018820174199018526, "13109_13104": 0.001634721615580278, "13109_13105": 0.000350068086637034, "13109_13106": 0.0006037871586033246, "13109_13107": 0.00045926363659720974, "13109_13108": 0.0021742760977364406, "13109_13110": 0.00826032219110506, "13109_13111": 0.025179209167287584, "13109_13112": 0.0018113614758099742, "13109_13113": 0.003760823205981347, "13109_13114": 0.00034364481899231775, "13109_13115": 0.00037897279103825697, "13109_13116": 0.0006744431026952031, "13109_13117": 0.0003564913542817502, "13109_13118": 0.00026977724107808123, "13109_13119": 0.00034364481899231775, "13109_13120": 0.00020554456463091903, "13109_13121": 0.00026656560725572316, "13109_13122": 0.00020875619845327716, "13109_13123": 0.0004239356645512705, "13110_13101": 0.0008189666247013181, "13110_13102": 0.0005780940880244598, "13110_13103": 0.0034910459649032657, "13110_13104": 0.0010148762878651628, "13110_13105": 9.63490146707433e-05, "13110_13106": 0.00011883045142725007, "13110_13107": 5.138614115772976e-05, "13110_13108": 0.0002537190719662907, "13110_13109": 0.0073417949179106394, "13110_13111": 0.00428110788520336, "13110_13112": 0.01852149225353922, "13110_13113": 0.010929189897484648, "13110_13114": 0.0003018935793016623, "13110_13115": 0.0004785334395313584,