{"13101_13102": 0.03382631734788444, "13101_13103": 0.031949747932120486, "13101_13104": 0.02419736280470219, "13101_13105": 0.015231744786559457, "13101_13106": 0.0158970040261643, "13101_13107": 0.0050682755942149365, "13101_13108": 0.009688558694707536, "13101_13109": 0.004381866494391442, "13101_13110": 0.0014458813531296026, "13101_13111": 0.003831970128706513, "13101_13112": 0.004937531003772366, "13101_13113": 0.00804848317047941, "13101_13114": 0.0025072197931928215, "13101_13115": 0.00333783248541621, "13101_13116": 0.004993289726166992, "13101_13117": 0.004549142661575319, "13101_13118": 0.0031378701706216905, "13101_13119": 0.00291675799560852, "13101_13120": 0.0019650142857692205, "13101_13121": 0.005245165334225473, "13101_13122": 0.0026437325273313875, "13101_13123": 0.004366484777868786, "13102_13101": 0.037058400532207394, "13102_13103": 0.02225349837915162, "13102_13104": 0.003855042703490496, "13102_13105": 0.0017938926894546796, "13102_13106": 0.00633534449276867, "13102_13107": 0.007027521736288161, "13102_13108": 0.021055647204949835, "13102_13109": 0.0029263715684351797, "13102_13110": 0.0011401697372418276, "13102_13111": 0.002539905940803464, "13102_13112": 0.0016593026698814453, "13102_13113": 0.0035108767962960825, "13102_13114": 0.0008306126922233886, "13102_13115": 0.0007114043891728098, "13102_13116": 0.001342054766601679, "13102_13117": 0.001103638160500521, "13102_13118": 0.0012901414733377172, "13102_13119": 0.0006556456667781842, "13102_13120": 0.0005556645093809244, "13102_13121": 0.002980207576264473, "13102_13122": 0.0018208106933693265, "13102_13123": 0.0034839587923814357, "13103_13101": 0.03054424358486285, "13103_13102": 0.02184203746217059, "13103_13104": 0.010697983841506793, "13103_13105": 0.002420697637752885, "13103_13106": 0.004274194478732854, "13103_13107": 0.0028244676964725877, "13103_13108": 0.008150387042442002, "13103_13109": 0.024085845359912938, "13103_13110": 0.004478002222658038, "13103_13111": 0.010161546477779188, "13103_13112": 0.004956758149425685, "13103_13113": 0.023391745401828118, "13103_13114": 0.0013939680598656406, "13103_13115": 0.0013843544870389812, "13103_13116": 0.002001545862510527, "13103_13117": 0.0025322150825421363, "13103_13118": 0.0016650708135774411, "13103_13119": 0.0010555702963672231, "13103_13120": 0.0008594534107033674, "13103_13121": 0.0019650142857692205, "13103_13122": 0.001432422351172279, "13103_13123": 0.00188426027402528, "13104_13101": 0.02038654253621433, "13104_13102": 0.0041511407465516115, "13104_13103": 0.00990390272602471, "13104_13105": 0.008702206122692261, "13104_13106": 0.0021765128879557313, "13104_13107": 0.0012651461839884022, "13104_13108": 0.0028725355606058858, "13104_13109": 0.002684109533203358, "13104_13110": 0.0015304807940042069, "13104_13111": 0.0010536475818018912, "13104_13112": 0.004854854277463094, "13104_13113": 0.026395025552876573, "13104_13114": 0.016691085141646383, "13104_13115": 0.006789105130187003, "13104_13116": 0.013543601398198032, "13104_13117": 0.002672573245811366, "13104_13118": 0.0009094439894019973, "13104_13119": 0.0027590954012513026, "13104_13120": 0.00582390241839038, "13104_13121": 0.001103638160500521, "13104_13122": 0.0004383789208956774, "13104_13123": 0.0010517248672365592, "13105_13101": 0.014095420478448292, "13105_13102": 0.0022861076181796506, "13105_13103": 0.0026398870982007236, "13105_13104": 0.007675476544805018, "13105_13106": 0.0069333087225868974, "13105_13107": 0.0008306126922233886, "13105_13108": 0.0014939492172629004, "13105_13109": 0.0004902922141596392, "13105_13110": 0.00017496702544520456, "13105_13111": 0.00022495760414383443, "13105_13112": 0.00036147033828240065, "13105_13113": 0.0009132894185326612, "13105_13114": 0.00046337421024499227, "13105_13115": 0.0003134024741491027, "13105_13116": 0.011151744478925125, "13105_13117": 0.00376852054805056, "13105_13118": 0.0019227145653319183, "13105_13119": 0.002657191529288711, "13105_13120": 0.0013478229102976747, "13105_13121": 0.0015804713727028369, "13105_13122": 0.000563355367642252, "13105_13123": 0.0005037512161169625, "13106_13101": 0.013068690900561048, "13106_13102": 0.006260358624720725, "13106_13103": 0.004058850447415679, "13106_13104": 0.002180358317086395, "13106_13105": 0.006025787447750231, "13106_13107": 0.008607993108990998, "13106_13108": 0.0024533837853635276, "13106_13109": 0.0011420924518071593, "13106_13110": 0.0001268991613119066, "13106_13111": 0.0009498209952739676, "13106_13112": 0.00027110275371180044, "13106_13113": 0.0013093686189910364, "13106_13114": 0.00028071632653846004, "13106_13115": 0.00020573045849051524, "13106_13116": 0.001878492130329284, "13106_13117": 0.003383977634984176, "13106_13118": 0.010805655857165381, "13106_13119": 0.0006056550880795543, "13106_13120": 0.0002960980430611154, "13106_13121": 0.0054739683674999715, "13106_13122": 0.002614891808851409, "13106_13123": 0.0010921018731085295, "13107_13101": 0.005179793039004187, "13107_13102": 0.0058450522786090316, "13107_13103": 0.003078266019096401, "13107_13104": 0.0012882187587723852, "13107_13105": 0.0009094439894019973, "13107_13106": 0.007596645247626409, "13107_13108": 0.014281923791285489, "13107_13109": 0.0009132894185326612, "13107_13110": 0.0001153628739199151, "13107_13111": 0.0006383412356901968, "13107_13112": 0.00034224319262908146, "13107_13113": 0.001011347861364589, "13107_13114": 0.00020765317305584716, "13107_13115": 0.00018265788370653224, "13107_13116": 0.00040377005871970284, "13107_13117": 0.0005364373637276052, "13107_13118": 0.0012805279005110575, "13107_13119": 0.00015573987979188538, "13107_13120": 8.652215543993632e-05, "13107_13121": 0.003059038873443082, "13107_13122": 0.006460320939515245, "13107_13123": 0.004989444297036328, "13108_13101": 0.01065376140650416, "13108_13102": 0.01922714565331918, "13108_13103": 0.008584920534207015, "13108_13104": 0.0028379266984299113, "13108_13105": 0.001484335644436241, "13108_13106": 0.0026225826671127366, "13108_13107": 0.013970444031701718, "13108_13109": 0.0033762867767228484, "13108_13110": 0.00041722906067702626, "13108_13111": 0.002989821149091133, "13108_13112": 0.0009325165641859804, "13108_13113": 0.0023380209114436125, "13108_13114": 0.0006306503774288692, "13108_13115": 0.00041338363154636243, "13108_13116": 0.001130556164415168, "13108_13117": 0.0004518379228530008, "13108_13118": 0.0007152498183034735, "13108_13119": 0.0004999057869862988, "13108_13120": 0.0003134024741491027, "13108_13121": 0.00155355336878819, "13108_13122": 0.0018285015516306543, "13108_13123": 0.017888936315848168, "13109_13101": 0.0044933839391806925, "13109_13102": 0.003403204780637495, "13109_13103": 0.023632084722494607, "13109_13104": 0.002851385700387235, "13109_13105": 0.00048067864133297957, "13109_13106": 0.0012055420324631127, "13109_13107": 0.0007690858261327673, "13109_13108": 0.0032532330445416056, "13109_13110": 0.008350349357236522, "13109_13111": 0.024512687993416625, "13109_13112": 0.0029494441432191625, "13109_13113": 0.005739302977515776, "13109_13114": 0.0006152686609062138, "13109_13115": 0.0006748728124315033, "13109_13116": 0.0013305184792096875, "13109_13117": 0.0008075401174394057, "13109_13118": 0.0003903110567623794, "13109_13119": 0.0004845240704636434, "13109_13120": 0.000282639041103792, "13109_13121": 0.0003268614761064261, "13109_13122": 0.0002960980430611154, "13109_13123": 0.0004979830724209668, "13110_13101": 0.0015131763629162196, "13110_13102": 0.0011728558848524701, "13110_13103": 0.004328030486562148, "13110_13104": 0.0015920076600948283, "13110_13105": 0.0001576625943572173, "13110_13106": 0.00011920830305057894, "13110_13107": 0.00013459001957323428, "13110_13108": 0.0003730066256743921, "13110_13109": 0.008065787601567396, "13110_13111": 0.003964637433714415, "13110_13112": 0.014949105745455665, "13110_13113": 0.011032536175874547, "13110_13114": 0.00039607920045837513, "13110_13115": 0.0007633176824367715, "13110_13116": 0.0005902733715568988,