{"13101_13102": 0.027711303020844173, "13101_13103": 0.02455519716990948, "13101_13104": 0.023448510702698613, "13101_13105": 0.016272389906767184, "13101_13106": 0.015383257189520846, "13101_13107": 0.003944344075443857, "13101_13108": 0.0058771042019403275, "13101_13109": 0.0022228317931158427, "13101_13110": 0.0008481443295718605, "13101_13111": 0.0016679120830613912, "13101_13112": 0.0027651396915781474, "13101_13113": 0.004726276394156947, "13101_13114": 0.0015607116845281449, "13101_13115": 0.0019012305975161037, "13101_13116": 0.0028029751263545875, "13101_13117": 0.0025097505068371784, "13101_13118": 0.0019485248909866535, "13101_13119": 0.001652147318571208, "13101_13120": 0.0012044280070500027, "13101_13121": 0.0027998221734565508, "13101_13122": 0.001642688459877098, "13101_13123": 0.002459303260468592, "13102_13101": 0.031255222078237374, "13102_13103": 0.016773709417555013, "13102_13104": 0.0023268792387510524, "13102_13105": 0.0012391104889284059, "13102_13106": 0.005069948260042943, "13102_13107": 0.00697748476335512, "13102_13108": 0.019822614869956456, "13102_13109": 0.001705747517837831, "13102_13110": 0.0005612256158505248, "13102_13111": 0.0012517223005205525, "13102_13112": 0.0007945441303052374, "13102_13113": 0.0017814183873907108, "13102_13114": 0.0004319545470310219, "13102_13115": 0.00036258958327421546, "13102_13116": 0.0007377909781405775, "13102_13117": 0.0004981665578897917, "13102_13118": 0.0007094144020582477, "13102_13119": 0.000413036829642802, "13102_13120": 0.0003720484419683254, "13102_13121": 0.001652147318571208, "13102_13122": 0.00102786264475995, "13102_13123": 0.0018728540214337738, "13103_13101": 0.023230956952734083, "13103_13102": 0.01637959030530043, "13103_13104": 0.009351658295576722, "13103_13105": 0.0014251347099125686, "13103_13106": 0.0021597727351551094, "13103_13107": 0.001522876249751705, "13103_13108": 0.004924912426733257, "13103_13109": 0.022171564778993767, "13103_13110": 0.0036290487856401915, "13103_13111": 0.006059975470026453, "13103_13112": 0.0033074475900404525, "13103_13113": 0.020910383619779104, "13103_13114": 0.0006652730614857344, "13103_13115": 0.0007220262136503943, "13103_13116": 0.0009963331157795835, "13103_13117": 0.0012328045831323327, "13103_13118": 0.0008512972824698972, "13103_13119": 0.0006400494383014412, "13103_13120": 0.0003657425361722521, "13103_13121": 0.001220192771540186, "13103_13122": 0.0007630146013248708, "13103_13123": 0.0010373215034540598, "13104_13101": 0.017571406500758287, "13104_13102": 0.0027273042568017078, "13104_13103": 0.007904452915377898, "13104_13105": 0.01019349671935251, "13104_13106": 0.0015417939671399249, "13104_13107": 0.0009332740578188503, "13104_13108": 0.00198005441996702, "13104_13109": 0.001431440615708642, "13104_13110": 0.0009017445288384836, "13104_13111": 0.0006085199093210747, "13104_13112": 0.0034367186588599554, "13104_13113": 0.02361877015919259, "13104_13114": 0.01934967193525096, "13104_13115": 0.0051330073180036765, "13104_13116": 0.015033279417838778, "13104_13117": 0.001715206376531941, "13104_13118": 0.0006337435325053679, "13104_13119": 0.00198005441996702, "13104_13120": 0.004329004329004329, "13104_13121": 0.0007472498368346876, "13104_13122": 0.0003752013948663621, "13104_13123": 0.0007598616484268342, "13105_13101": 0.012375340124793875, "13105_13102": 0.001503958532363485, "13105_13103": 0.0015480998729359983, "13105_13104": 0.0076648284951271115, "13105_13106": 0.008774667915236014, "13105_13107": 0.0005959080977289281, "13105_13108": 0.0008733679527561538, "13105_13109": 0.00023647146735274923, "13105_13110": 8.197677534895307e-05, "13105_13111": 0.00013872992751361288, "13105_13112": 0.00023331851445471257, "13105_13113": 0.0005265431339721216, "13105_13114": 0.0003152952898036656, "13105_13115": 0.00014503583330968618, "13105_13116": 0.015373798330826735, "13105_13117": 0.004543405126070822, "13105_13118": 0.002276431992382466, "13105_13119": 0.0019516778438846902, "13105_13120": 0.0008512972824698972, "13105_13121": 0.0012138868657441126, "13105_13122": 0.00034367186588599554, "13105_13123": 0.0003152952898036656, "13106_13101": 0.011129923730069397, "13106_13102": 0.0044456635862316855, "13106_13103": 0.0024656091662646653, "13106_13104": 0.0013683815577479087, "13106_13105": 0.007466192462550802, "13106_13107": 0.01121190050541835, "13106_13108": 0.0016931357062456845, "13106_13109": 0.0006684260143837712, "13106_13110": 9.774153983913635e-05, "13106_13111": 0.00046663702890942514, "13106_13112": 0.00013557697461557622, "13106_13113": 0.0006526612498935878, "13106_13114": 0.00017656536229005275, "13106_13115": 0.00010404744563520966, "13106_13116": 0.0010499333150462064, "13106_13117": 0.0024656091662646653, "13106_13118": 0.01309736633844427, "13106_13119": 0.00036889548907028877, "13106_13120": 0.00016395355069790613, "13106_13121": 0.004319545470310219, "13106_13122": 0.002128243206174743, "13106_13123": 0.0008229207063875672, "13107_13101": 0.003868673205890977, "13107_13102": 0.004921759473835221, "13107_13103": 0.0016773709417555011, "13107_13104": 0.0008166148005914939, "13107_13105": 0.0006589671556896611, "13107_13106": 0.008632785034824364, "13107_13108": 0.015039585323634851, "13107_13109": 0.0005107783694819384, "13107_13110": 0.00011665925722735629, "13107_13111": 0.00036889548907028877, "13107_13112": 0.00021440079706649262, "13107_13113": 0.0004760958876035351, "13107_13114": 0.000100894492737173, "13107_13115": 0.00011350630432931962, "13107_13116": 0.00022701260865863924, "13107_13117": 0.00032160119559973896, "13107_13118": 0.0012895577352969923, "13107_13119": 8.828268114502637e-05, "13107_13120": 5.990610506269647e-05, "13107_13121": 0.002503444601041105, "13107_13122": 0.00905212777026324, "13107_13123": 0.005801433332387447, "13108_13101": 0.0061766347272538095, "13108_13102": 0.015862506030022417, "13108_13103": 0.005126701412207603, "13108_13104": 0.0019138424091082503, "13108_13105": 0.0008796738585522271, "13108_13106": 0.0017309711410221243, "13108_13107": 0.014043252207855267, "13108_13109": 0.002292196756872649, "13108_13110": 0.00034997777168206884, "13108_13111": 0.0019138424091082503, "13108_13112": 0.0005328490397681949, "13108_13113": 0.0011224512317010496, "13108_13114": 0.00031844824270170225, "13108_13115": 0.0002301655615566759, "13108_13116": 0.0006368964854034045, "13108_13117": 0.00033736596008992223, "13108_13118": 0.0003752013948663621, "13108_13119": 0.0002680009963331158, "13108_13120": 0.00016395355069790613, "13108_13121": 0.0009048974817365204, "13108_13122": 0.0015354880613438517, "13108_13123": 0.021389632460280677, "13109_13101": 0.002200761122829586, "13109_13102": 0.001816100869269114, "13109_13103": 0.01856773961653787, "13109_13104": 0.001513417391057595, "13109_13105": 0.0003089893840075923, "13109_13106": 0.0006810378259759178, "13109_13107": 0.0004256486412349486, "13109_13108": 0.002412008966998042, "13109_13110": 0.008380548802981433, "13109_13111": 0.025226776137191285, "13109_13112": 0.001806642010575004, "13109_13113": 0.0035376131515971283, "13109_13114": 0.00029007166661937237, "13109_13115": 0.0003720484419683254, "13109_13116": 0.0006179787680151846, "13109_13117": 0.0003909661593565454, "13109_13118": 0.00020809489127041931, "13109_13119": 0.00029953052531348233, "13109_13120": 0.0001734124093920161, "13109_13121": 0.0002963775724154457, "13109_13122": 0.00022070670286256593, "13109_13123": 0.00039411911225458205, "13110_13101": 0.0008544502353679339, "13110_13102": 0.0005549197100544515, "13110_13103": 0.0032065530973032796, "13110_13104": 0.00101840378606584, "13110_13105": 0.000100894492737173, "13110_13106": 7.88238224509164e-05, "13110_13107": 3.1529528980366565e-05, "13110_13108": 0.0002616950905370425, "13110_13109": 0.007270709382872529, "13110_13111": 0.004155591919612313, "13110_13112": 0.018901952623729755, "13110_13113": 0.0103732150345406, "13110_13114": 0.00025854213763900583, "13110_13115": 0.0004887076991956817,