{"13101_13102": 0.026642506997136432, "13101_13103": 0.023833945414246657, "13101_13104": 0.022685282554885052, "13101_13105": 0.01560887220721231, "13101_13106": 0.014783776350487778, "13101_13107": 0.003601300739350601, "13101_13108": 0.006170422740288946, "13101_13109": 0.002239083658248532, "13101_13110": 0.0008703952370937212, "13101_13111": 0.001811975214767598, "13101_13112": 0.0027729692125996993, "13101_13113": 0.004656129167947453, "13101_13114": 0.0015337075924997169, "13101_13115": 0.0018410962450049345, "13101_13116": 0.002831211273074372, "13101_13117": 0.002407338499619809, "13101_13118": 0.0018961026354532365, "13101_13119": 0.0015337075924997169, "13101_13120": 0.001197197909757163, "13101_13121": 0.0030253514746566147, "13101_13122": 0.0015110579023151218, "13101_13123": 0.002394395819514326, "13102_13101": 0.03008849557522124, "13102_13103": 0.015809483748847292, "13102_13104": 0.0021970199479057124, "13102_13105": 0.0011777838895989387, "13102_13106": 0.004830855349371471, "13102_13107": 0.006934040866512433, "13102_13108": 0.019462555208619826, "13102_13109": 0.0017763828444775202, "13102_13110": 0.0005435925644302794, "13102_13111": 0.0013460387309702157, "13102_13112": 0.000905987607383799, "13102_13113": 0.0015790069728689067, "13102_13114": 0.0003850447331381146, "13102_13115": 0.00046917215382375307, "13102_13116": 0.0007700894662762292, "13102_13117": 0.0005565352445357622, "13102_13118": 0.0007183187458542978, "13102_13119": 0.0003332740127161832, "13102_13120": 0.00038180906311174385, "13102_13121": 0.0015078222322887512, "13102_13122": 0.0011939622397307923, "13102_13123": 0.0020190580964553236, "13103_13101": 0.02285353739625633, "13103_13102": 0.015421203345682807, "13103_13104": 0.00896604164307324, "13103_13105": 0.001443108831761337, "13103_13106": 0.002239083658248532, "13103_13107": 0.0013945737813657764, "13103_13108": 0.0047790846289495394, "13103_13109": 0.021497791655207002, "13103_13110": 0.0035657083690605234, "13103_13111": 0.00591480480820566, "13103_13112": 0.0032389056963970813, "13103_13113": 0.020323243435634433, "13103_13114": 0.0006891977156169614, "13103_13115": 0.000860688227014609, "13103_13116": 0.001106599149018783, "13103_13117": 0.0012780896604164308, "13103_13118": 0.0008089175065926777, "13103_13119": 0.0006341913251686593, "13103_13120": 0.0004368154535600459, "13103_13121": 0.0012133762598890165, "13103_13122": 0.0008768665771464626, "13103_13123": 0.0011551341994143437, "13104_13101": 0.01679636310689036, "13104_13102": 0.002617657051333905, "13104_13103": 0.007684716312630438, "13104_13105": 0.009716717089191244, "13104_13106": 0.001397809451392147, "13104_13107": 0.0008898092572519454, "13104_13108": 0.0019640517060070216, "13104_13109": 0.0015045865622623806, "13104_13110": 0.0009933506980958082, "13104_13111": 0.0006503696753005128, "13104_13112": 0.0034168675478474706, "13104_13113": 0.02299267120739027, "13104_13114": 0.018854249243662132, "13104_13115": 0.005024995550953714, "13104_13116": 0.01438902460727055, "13104_13117": 0.001666370063580916, "13104_13118": 0.0005112358641665723, "13104_13119": 0.002148484897510152, "13104_13120": 0.004115772273543544, "13104_13121": 0.0007603824561971171, "13104_13122": 0.0003170956625843297, "13104_13123": 0.0006989047256960735, "13105_13101": 0.012052870848230897, "13105_13102": 0.0013039750206273965, "13105_13103": 0.0014689941919723026, "13105_13104": 0.0072673148792286165, "13105_13106": 0.008147417126401449, "13105_13107": 0.0007700894662762292, "13105_13108": 0.0009092232774101697, "13105_13109": 0.00022326123181957904, "13105_13110": 0.00010677711087023346, "13105_13111": 0.00018766886152950122, "13105_13112": 0.00022973257187232046, "13105_13113": 0.0005694779246412451, "13105_13114": 0.0003170956625843297, "13105_13115": 0.0002070828816877255, "13105_13116": 0.014214298425846532, "13105_13117": 0.0046723075180793066, "13105_13118": 0.002180841597773859, "13105_13119": 0.0017666758343984081, "13105_13120": 0.0008768665771464626, "13105_13121": 0.00127485399039006, "13105_13122": 0.00032680267266344177, "13105_13123": 0.00028797463234699327, "13106_13101": 0.010522398925757551, "13106_13102": 0.0042743201048357085, "13106_13103": 0.002284383038617722, "13106_13104": 0.0011713125495461973, "13106_13105": 0.006548996133374318, "13106_13107": 0.010037048421801944, "13106_13108": 0.001588713982948019, "13106_13109": 0.0005953632848522107, "13106_13110": 0.00011001278089660416, "13106_13111": 0.00045622947371827023, "13106_13112": 0.00015531216126579413, "13106_13113": 0.0005985989548785815, "13106_13114": 0.00016825484137127696, "13106_13115": 7.442041060652634e-05, "13106_13116": 0.0010612997686495931, "13106_13117": 0.0024364595298571453, "13106_13118": 0.0125608710423711, "13106_13119": 0.0003559237029007782, "13106_13120": 0.00018766886152950122, "13106_13121": 0.004012230832699681, "13106_13122": 0.0019284593357169436, "13106_13123": 0.0007797964763553413, "13107_13101": 0.0035527656889550404, "13107_13102": 0.004876154729740661, "13107_13103": 0.0016178350131853553, "13107_13104": 0.0008639238970409797, "13107_13105": 0.00068272637556422, "13107_13106": 0.007662066622445843, "13107_13108": 0.01415282069534549, "13107_13109": 0.0004853505039556066, "13107_13110": 7.442041060652634e-05, "13107_13111": 0.00032033133261070035, "13107_13112": 0.00020384721166135479, "13107_13113": 0.00044005112358641666, "13107_13114": 0.00011324845092297487, "13107_13115": 0.00010354144084386275, "13107_13116": 0.0002556179320832861, "13107_13117": 0.0002717962822151397, "13107_13118": 0.001420459141576742, "13107_13119": 0.00016825484137127696, "13107_13120": 4.853505039556066e-05, "13107_13121": 0.0022487906683276437, "13107_13122": 0.008545404539645047, "13107_13123": 0.005588002135542217, "13108_13101": 0.0058565627477309866, "13108_13102": 0.01589361116953293, "13108_13103": 0.0050638235912701625, "13108_13104": 0.0017990325346621153, "13108_13105": 0.0009027519373574283, "13108_13106": 0.0017019624338709938, "13108_13107": 0.013936030803578652, "13108_13109": 0.002226140978143049, "13108_13110": 0.00028473896232062253, "13108_13111": 0.0018605102651631587, "13108_13112": 0.0005047645241138309, "13108_13113": 0.0012263189399944995, "13108_13114": 0.0003623950429535196, "13108_13115": 0.00026208927213602754, "13108_13116": 0.0006633123554059956, "13108_13117": 0.00038180906311174385, "13108_13118": 0.00046593648379738233, "13108_13119": 0.0003009173124524761, "13108_13120": 0.00021678989176683762, "13108_13121": 0.0010224717283331445, "13108_13122": 0.0013363317208911036, "13108_13123": 0.020840950639853747, "13109_13101": 0.002116128197246445, "13109_13102": 0.0018443319150313051, "13109_13103": 0.01816505152804517, "13109_13104": 0.0015498859426315704, "13109_13105": 0.00029121030237336395, "13109_13106": 0.0006665480254323664, "13109_13107": 0.00032033133261070035, "13109_13108": 0.002135542217404669, "13109_13110": 0.008179773826665156, "13109_13111": 0.024147805406804616, "13109_13112": 0.001834624904952193, "13109_13113": 0.003588358059245118, "13109_13114": 0.0003397453527689246, "13109_13115": 0.00036563071297989033, "13109_13116": 0.0006859620455905907, "13109_13117": 0.000368866383006261, "13109_13118": 0.00022649690184594975, "13109_13119": 0.00032680267266344177, "13109_13120": 0.00016178350131853555, "13109_13121": 0.0002653249421623983, "13109_13122": 0.00019737587160861334, "13109_13123": 0.000391516073190856, "13110_13101": 0.0008412742068563848, "13110_13102": 0.0005306498843247966, "13110_13103": 0.0032291986863179694, "13110_13104": 0.0010968921389396709, "13110_13105": 0.00011324845092297487, "13110_13106": 9.05987607383799e-05, "13110_13107": 8.736309071200919e-05, "13110_13108": 0.0002653249421623983, "13110_13109": 0.006943747876591545, "13110_13111": 0.0038310333112229213, "13110_13112": 0.017822070505249876, "13110_13113": 0.010273252333727006, "13110_13114": 0.0002944459723997347, "13110_13115": 0.0004982931840610894,