{"13101_13102": 0.02647399410978156, "13101_13103": 0.02268651114385824, "13101_13104": 0.019039779234100995, "13101_13105": 0.012552435099901262, "13101_13106": 0.012968290493119193, "13101_13107": 0.0040561895276949025, "13101_13108": 0.007990821325064564, "13101_13109": 0.0032436720670998673, "13101_13110": 0.0011174780822881857, "13101_13111": 0.0026700048836351305, "13101_13112": 0.004179879849780237, "13101_13113": 0.0056726940818446064, "13101_13114": 0.002053685864968555, "13101_13115": 0.0027190544941172456, "13101_13116": 0.0038727866363269946, "13101_13117": 0.003548632688793017, "13101_13118": 0.002542049378029613, "13101_13119": 0.002439684973545199, "13101_13120": 0.0018809459324011064, "13101_13121": 0.004454984186832099, "13101_13122": 0.002117663617771314, "13101_13123": 0.0035337045464723734, "13102_13101": 0.028768662843640505, "13102_13103": 0.01600510115949014, "13102_13104": 0.002945109220686993, "13102_13105": 0.0014394994380620711, "13102_13106": 0.005303755707348698, "13102_13107": 0.005779323669849204, "13102_13108": 0.01833389136151056, "13102_13109": 0.0022264257975360036, "13102_13110": 0.0008700974381175186, "13102_13111": 0.0020238295803272676, "13102_13112": 0.0015226705167056575, "13102_13113": 0.0021709784117736127, "13102_13114": 0.0008061196853147599, "13102_13115": 0.0005864627340252883, "13102_13116": 0.0012219750785326916, "13102_13117": 0.0010407047789248753, "13102_13118": 0.0010684284718060707, "13102_13119": 0.0005118220224220697, "13102_13120": 0.000499026471861518, "13102_13121": 0.0025164582769085096, "13102_13122": 0.0016442282470308992, "13102_13123": 0.0029877610558888324, "13103_13101": 0.022415671990326565, "13103_13102": 0.016113863339254828, "13103_13104": 0.008065462036667782, "13103_13105": 0.0016826148987125543, "13103_13106": 0.0034590638348691548, "13103_13107": 0.002262679857457567, "13103_13108": 0.006451090074278171, "13103_13109": 0.018822254874571617, "13103_13110": 0.0034356053255081434, "13103_13111": 0.00828085380443707, "13103_13112": 0.004164951707459593, "13103_13113": 0.015205379249455656, "13103_13114": 0.001102549939967542, "13103_13115": 0.0011388039998891052, "13103_13116": 0.001650626022311175, "13103_13117": 0.002205099879935084, "13103_13118": 0.0014650905391831747, "13103_13119": 0.0008722300298776106, "13103_13120": 0.0006888271385097022, "13103_13121": 0.0018105704043180717, "13103_13122": 0.0010833566141267143, "13103_13123": 0.0015759853107079566, "13104_13101": 0.01632285733174384, "13104_13102": 0.003258600209420511, "13104_13103": 0.007436347467440655, "13104_13105": 0.007534446688404885, "13104_13106": 0.0017337971009547613, "13104_13107": 0.0011110803070079097, "13104_13108": 0.0023863701795429, "13104_13109": 0.002254149490417199, "13104_13110": 0.001247566179653795, "13104_13111": 0.0008231804193954955, "13104_13112": 0.0038365325764054313, "13104_13113": 0.020703200806972723, "13104_13114": 0.01463171206599092, "13104_13115": 0.005450904538795043, "13104_13116": 0.011206769699283236, "13104_13117": 0.002202967288174992, "13104_13118": 0.0007933241347542081, "13104_13119": 0.0023031991008993138, "13104_13120": 0.004595735242998168, "13104_13121": 0.0008871581721982542, "13104_13122": 0.00035827541569544884, "13104_13123": 0.0009404729662005532, "13105_13101": 0.011279277819126363, "13105_13102": 0.001759388202075865, "13105_13103": 0.0019683821945648767, "13105_13104": 0.006340195302753389, "13105_13106": 0.005988317662338216, "13105_13107": 0.0006483078950679551, "13105_13108": 0.0012902180148556342, "13105_13109": 0.000300695438172966, "13105_13110": 0.00011515995504496569, "13105_13111": 0.0001748725243275405, "13105_13112": 0.00035827541569544884, "13105_13113": 0.0007336115654716333, "13105_13114": 0.00046063982017986277, "13105_13115": 0.0002751043370518625, "13105_13116": 0.009829115422263831, "13105_13117": 0.003151970621415913, "13105_13118": 0.0016698193481520026, "13105_13119": 0.0024375523817851074, "13105_13120": 0.0012518313631739789, "13105_13121": 0.001507742374385014, "13105_13122": 0.0004819657377807824, "13105_13123": 0.0004201205767381156, "13106_13101": 0.01029615301772397, "13106_13102": 0.005290960156788146, "13106_13103": 0.0035465000970329253, "13106_13104": 0.001648493430551083, "13106_13105": 0.005265369055667043, "13106_13107": 0.008208345684593945, "13106_13108": 0.001998238479206164, "13106_13109": 0.0009404729662005532, "13106_13110": 8.956885392386221e-05, "13106_13111": 0.0007656004418730126, "13106_13112": 0.00020259621720873595, "13106_13113": 0.0006632360373885987, "13106_13114": 0.000298562846412874, "13106_13115": 0.00017913770784772442, "13106_13116": 0.0013222068912570135, "13106_13117": 0.002748910778758533, "13106_13118": 0.00916161420135505, "13106_13119": 0.0005224849812225296, "13106_13120": 0.0002644413782514027, "13106_13121": 0.004501901205554122, "13106_13122": 0.0023927679548231763, "13106_13123": 0.0010236440448441395, "13107_13101": 0.004066852486495362, "13107_13102": 0.0047620774002853404, "13107_13103": 0.002202967288174992, "13107_13104": 0.001102549939967542, "13107_13105": 0.000750672299552369, "13107_13106": 0.007099397969346126, "13107_13108": 0.012482059571818227, "13107_13109": 0.0006163190186665757, "13107_13110": 7.890589512340242e-05, "13107_13111": 0.0004542420448995869, "13107_13112": 0.00021325917600919573, "13107_13113": 0.0006397775280275872, "13107_13114": 0.00016207697376698877, "13107_13115": 0.0001343532808857933, "13107_13116": 0.0003604080074555408, "13107_13117": 0.000398794659137196, "13107_13118": 0.0010790914306065304, "13107_13119": 0.00015141401496652896, "13107_13120": 6.184516104266677e-05, "13107_13121": 0.002612424906112648, "13107_13122": 0.005896616216654262, "13107_13123": 0.004828187744848191, "13108_13101": 0.00805266648610723, "13108_13102": 0.016467873571430095, "13108_13103": 0.006856282508695643, "13108_13104": 0.002365044261941981, "13108_13105": 0.001243300996133611, "13108_13106": 0.002151785085932785, "13108_13107": 0.012166435991324616, "13108_13109": 0.0027638389210791767, "13108_13110": 0.0003305517228142534, "13108_13111": 0.002501530134587866, "13108_13112": 0.0007208160149110816, "13108_13113": 0.0016591563893515427, "13108_13114": 0.0005118220224220697, "13108_13115": 0.0003646731909757247, "13108_13116": 0.0010151136778037717, "13108_13117": 0.0005203523894624376, "13108_13118": 0.0005757997752248284, "13108_13119": 0.00032415394753397753, "13108_13120": 0.00031349098873351773, "13108_13121": 0.001243300996133611, "13108_13122": 0.0016356978799905314, "13108_13123": 0.01633138769878421, "13109_13101": 0.0030538714004516828, "13109_13102": 0.002431154606504831, "13109_13103": 0.01809717367614035, "13109_13104": 0.002207232471695176, "13109_13105": 0.0003646731909757247, "13109_13106": 0.0009383403744404612, "13109_13107": 0.0006589708538684148, "13109_13108": 0.0027361152281979812, "13109_13110": 0.007210292740870908, "13109_13111": 0.021304591683318653, "13109_13112": 0.0023607790784217967, "13109_13113": 0.004092443587616466, "13109_13114": 0.0004968938801014261, "13109_13115": 0.0005821975505051044, "13109_13116": 0.0010449699624450592, "13109_13117": 0.0005608716329041848, "13109_13118": 0.0003604080074555408, "13109_13119": 0.0004307835355385754, "13109_13120": 0.00020259621720873595, "13109_13121": 0.0002601761947312188, "13109_13122": 0.00019406585016836813, "13109_13123": 0.0004094576179376558, "13110_13101": 0.0011153454905280936, "13110_13102": 0.0008871581721982542, "13110_13103": 0.0033204453704631775, "13110_13104": 0.001200649160931772, "13110_13105": 0.0001300880973656094, "13110_13106": 0.00011729254680505766, "13110_13107": 6.184516104266677e-05, "13110_13108": 0.00031775617225370163, "13110_13109": 0.006736857370130494, "13110_13111": 0.003392953490306304, "13110_13112": 0.013202875586729309, "13110_13113": 0.008417339677082955, "13110_13114": 0.0003796013332963684, "13110_13115": 0.0005736671834647365, "13110_13116": 0.000449976861379403,