{"13101_13102": 0.013246880011155267, "13101_13103": 0.010630529471555903, "13101_13104": 0.010590165017228283, "13101_13105": 0.007966475485932987, "13101_13106": 0.008260035153770223, "13101_13107": 0.0024475537305929536, "13101_13108": 0.003585097443462243, "13101_13109": 0.0010861707709977726, "13101_13110": 0.00043300051005992285, "13101_13111": 0.0010054418623425328, "13101_13112": 0.0014054169097707666, "13101_13113": 0.0025613081018798826, "13101_13114": 0.0008770095076637421, "13101_13115": 0.0008586620284239149, "13101_13116": 0.0016476036357364861, "13101_13117": 0.001376060942987043, "13101_13118": 0.0010604843000620145, "13101_13119": 0.0007926111031605368, "13101_13120": 0.0005907888315224371, "13101_13121": 0.0015081627935137991, "13101_13122": 0.0008990264827515347, "13101_13123": 0.0014494508599463519, "13102_13101": 0.014523864566247243, "13102_13103": 0.008737069614005732, "13102_13104": 0.0013173490094195957, "13102_13105": 0.0006935347152654697, "13102_13106": 0.002491587680768539, "13102_13107": 0.0034052921469119356, "13102_13108": 0.01122131830307834, "13102_13109": 0.0009320519453832238, "13102_13110": 0.00034126311386078665, "13102_13111": 0.0007962805990085022, "13102_13112": 0.000499051435323301, "13102_13113": 0.0010347978291262564, "13102_13114": 0.00019448327994216874, "13102_13115": 0.00021283075918199598, "13102_13116": 0.00037795807234044116, "13102_13117": 0.0002605342052055468, "13102_13118": 0.00043300051005992285, "13102_13119": 0.00017246630485437606, "13102_13120": 0.0001687968090064106, "13102_13121": 0.0008916874910556039, "13102_13122": 0.0006017973190663335, "13102_13123": 0.0012476285883082523, "13103_13101": 0.010414029216525941, "13103_13102": 0.008300399608097843, "13103_13104": 0.004950149898905389, "13103_13105": 0.0008806790035117075, "13103_13106": 0.0013063405218756996, "13103_13107": 0.0008880179952076385, "13103_13108": 0.0032144783628177327, "13103_13109": 0.011687344275769953, "13103_13110": 0.002319121375914163, "13103_13111": 0.0036915128230532407, "13103_13112": 0.001834747923982724, "13103_13113": 0.012046954868870566, "13103_13114": 0.00046235647684364647, "13103_13115": 0.0005540938730427827, "13103_13116": 0.0006605092526337806, "13103_13117": 0.000598127823218368, "13103_13118": 0.0004733649643875428, "13103_13119": 0.00034860210555671755, "13103_13120": 0.00022750874257385778, "13103_13121": 0.0006678482443297116, "13103_13122": 0.00044400899760381924, "13103_13123": 0.0006091363107622644, "13104_13101": 0.008968247852427554, "13104_13102": 0.0013907389263789049, "13104_13103": 0.004403395017558538, "13104_13105": 0.005962930752943853, "13104_13106": 0.0012072641339806324, "13104_13107": 0.0006495007650898843, "13104_13108": 0.0012256116132204596, "13104_13109": 0.0008806790035117075, "13104_13110": 0.0008366450533361222, "13104_13111": 0.0004109835349721302, "13104_13112": 0.0027667998693659476, "13104_13113": 0.014810085242388549, "13104_13114": 0.012230429661268838, "13104_13115": 0.0036988518147491717, "13104_13116": 0.010032401648337535, "13104_13117": 0.0010201198457343945, "13104_13118": 0.0004073140391241647, "13104_13119": 0.0014384423724024557, "13104_13120": 0.0029796306285479438, "13104_13121": 0.0004770344602355082, "13104_13122": 0.00034860210555671755, "13104_13123": 0.0006091363107622644, "13105_13101": 0.00679590631043201, "13105_13102": 0.0006788567318736079, "13105_13103": 0.0009687469038628782, "13105_13104": 0.005181328137327213, "13105_13106": 0.005188667129023144, "13105_13107": 0.0005137294187151627, "13105_13108": 0.0005871193356744717, "13105_13109": 0.00013944084222268703, "13105_13110": 8.806790035117076e-05, "13105_13111": 0.00012109336298285978, "13105_13112": 0.0001981527757901342, "13105_13113": 0.00046235647684364647, "13105_13114": 0.00023484773426978869, "13105_13115": 0.00017246630485437606, "13105_13116": 0.008759086589093525, "13105_13117": 0.0028365202904772915, "13105_13118": 0.001581552710473108, "13105_13119": 0.0012182726215245287, "13105_13120": 0.0005687718564346445, "13105_13121": 0.0008806790035117075, "13105_13122": 0.0002605342052055468, "13105_13123": 0.00021650025502996143, "13106_13101": 0.006605092526337807, "13106_13102": 0.002253070450650785, "13106_13103": 0.0012916625384838377, "13106_13104": 0.0009650774080149128, "13106_13105": 0.004968497378145216, "13106_13107": 0.006961033623590455, "13106_13108": 0.0011925861505887707, "13106_13109": 0.0004146530308200956, "13106_13110": 5.504243771948172e-05, "13106_13111": 0.0003339241221648558, "13106_13112": 0.00013210185052675612, "13106_13113": 0.0006054668149142989, "13106_13114": 0.0001687968090064106, "13106_13115": 8.072890865523985e-05, "13106_13116": 0.0008696705159678111, "13106_13117": 0.001442111868250421, "13106_13118": 0.008186645236810914, "13106_13119": 0.00027888168444537405, "13106_13120": 0.00020916126333403055, "13106_13121": 0.002906240711588635, "13106_13122": 0.001416425397314663, "13106_13123": 0.0005614328647387135, "13107_13101": 0.0020769346499484435, "13107_13102": 0.0027007489441025698, "13107_13103": 0.0008293060616401912, "13107_13104": 0.0007082126986573315, "13107_13105": 0.0005173989145631282, "13107_13106": 0.005863854365048786, "13107_13108": 0.010707588884363177, "13107_13109": 0.00027888168444537405, "13107_13110": 7.338991695930896e-05, "13107_13111": 0.00028622067614130495, "13107_13112": 0.00012843235467879067, "13107_13113": 0.0004073140391241647, "13107_13114": 0.00011742386713489434, "13107_13115": 0.00013577134637472157, "13107_13116": 0.00014677983391861793, "13107_13117": 0.00024218672596571956, "13107_13118": 0.0011045182502375998, "13107_13119": 9.540689204710165e-05, "13107_13120": 2.5686470935758137e-05, "13107_13121": 0.0017686969987193459, "13107_13122": 0.005449201334228691, "13107_13123": 0.004212581233464335, "13108_13101": 0.0033796056759761777, "13108_13102": 0.009650774080149128, "13108_13103": 0.0032621818088412833, "13108_13104": 0.0012696455633960451, "13108_13105": 0.0006274837900020916, "13108_13106": 0.0013650524554431466, "13108_13107": 0.010520444596116939, "13108_13109": 0.0014677983391861791, "13108_13110": 0.00017613580070234151, "13108_13111": 0.0013907389263789049, "13108_13112": 0.00042933101421195743, "13108_13113": 0.0007228906820491933, "13108_13114": 0.00023484773426978869, "13108_13115": 0.0001981527757901342, "13108_13116": 0.0004770344602355082, "13108_13117": 0.00020916126333403055, "13108_13118": 0.00027154269274944315, "13108_13119": 0.0001834747923982724, "13108_13120": 0.00012476285883082525, "13108_13121": 0.0006421617733939534, "13108_13122": 0.0010421368208221873, "13108_13123": 0.014755042804669067, "13109_13101": 0.0010054418623425328, "13109_13102": 0.0010678232917579454, "13109_13103": 0.00990763878950671, "13109_13104": 0.0008806790035117075, "13109_13105": 0.00017980529655030697, "13109_13106": 0.0003449326097087521, "13109_13107": 0.00030089865953316676, "13109_13108": 0.00151550178520973, "13109_13110": 0.005827159406569132, "13109_13111": 0.01559168785800519, "13109_13112": 0.0014200948931626285, "13109_13113": 0.0024475537305929536, "13109_13114": 0.0001541188256145488, "13109_13115": 0.0002054917674860651, "13109_13116": 0.0003302546263168903, "13109_13117": 0.0001541188256145488, "13109_13118": 0.00012109336298285978, "13109_13119": 0.0001614578173104797, "13109_13120": 0.00011008487543896344, "13109_13121": 0.0001541188256145488, "13109_13122": 0.00013577134637472157, "13109_13123": 0.000245856221813685, "13110_13101": 0.00045501748514771556, "13110_13102": 0.0003926360557323029, "13110_13103": 0.002080604145796409, "13110_13104": 0.0007816026156166404, "13110_13105": 0.00011742386713489434, "13110_13106": 5.504243771948172e-05, "13110_13107": 5.871193356744717e-05, "13110_13108": 0.0001908137840942033, "13110_13109": 0.005496904780252241, "13110_13111": 0.003317224246560765, "13110_13112": 0.013434024299401505, "13110_13113": 0.007386695141954447, "13110_13114": 0.00022750874257385778,