{"13101_13102": 0.025392418528880717, "13101_13103": 0.024304785347482104, "13101_13104": 0.0192506302786583, "13101_13105": 0.014160697802551645, "13101_13106": 0.013111227188921406, "13101_13107": 0.004293288873941883, "13101_13108": 0.007711223849696727, "13101_13109": 0.003081627347296063, "13101_13110": 0.0010685518975144242, "13101_13111": 0.002640372657474258, "13101_13112": 0.003696998752561066, "13101_13113": 0.0060869295590553815, "13101_13114": 0.002027386412694778, "13101_13115": 0.0025831288058217, "13101_13116": 0.003773323888097811, "13101_13117": 0.003625443937995368, "13101_13118": 0.0024185527323205944, "13101_13119": 0.0024042417694074545, "13101_13120": 0.0015765910809308805, "13101_13121": 0.004374384330449674, "13101_13122": 0.002246821177362919, "13101_13123": 0.003696998752561066, "13102_13101": 0.028180671136457416, "13102_13103": 0.01625248354835555, "13102_13104": 0.0027954080890332704, "13102_13105": 0.0015980575253005899, "13102_13106": 0.00539284785776811, "13102_13107": 0.006485251360137767, "13102_13108": 0.01790062944385213, "13102_13109": 0.0023088353499865237, "13102_13110": 0.0007918732811937251, "13102_13111": 0.001946290956186987, "13102_13112": 0.001378622760632449, "13102_13113": 0.002754860360779375, "13102_13114": 0.0007179333061425038, "13102_13115": 0.0005986752818663404, "13102_13116": 0.0011878099217905876, "13102_13117": 0.0009492938732382608, "13102_13118": 0.001085248020913087, "13102_13119": 0.0006153714052650033, "13102_13120": 0.0005581275536124448, "13102_13121": 0.0026260616945611185, "13102_13122": 0.0014978807849086125, "13102_13123": 0.003136486038463098, "13103_13101": 0.022296480218671512, "13103_13102": 0.016126070042622818, "13103_13104": 0.008102390169322543, "13103_13105": 0.002044082536093441, "13103_13106": 0.0033082175934207735, "13103_13107": 0.0022849837451312913, "13103_13108": 0.006263431434984103, "13103_13109": 0.01934603669807923, "13103_13110": 0.0037375464808149616, "13103_13111": 0.007854333478828123, "13103_13112": 0.0039951438132514745, "13103_13113": 0.020044888720337547, "13103_13114": 0.0009826861200355867, "13103_13115": 0.0010017674039197728, "13103_13116": 0.0016457607350110553, "13103_13117": 0.00195583159812908, "13103_13118": 0.0014406369332560542, "13103_13119": 0.000834806169933144, "13103_13120": 0.0007179333061425038, "13103_13121": 0.0018532696972515797, "13103_13122": 0.0010900183418841337, "13103_13123": 0.001643375574525532, "13104_13101": 0.015961493969121714, "13104_13102": 0.0031030937916657723, "13104_13103": 0.007613432269790272, "13104_13105": 0.008550800340600918, "13104_13106": 0.001920054190846231, "13104_13107": 0.0011901950822761108, "13104_13108": 0.002304065029015477, "13104_13109": 0.0019820683634698363, "13104_13110": 0.0012927569831536114, "13104_13111": 0.0008491171328462836, "13104_13112": 0.003959366405968626, "13104_13113": 0.021077663210569125, "13104_13114": 0.015400981255023745, "13104_13115": 0.005860339312930671, "13104_13116": 0.012262110056075123, "13104_13117": 0.0024042417694074545, "13104_13118": 0.0008181100465344811, "13104_13119": 0.0025068036702849553, "13104_13120": 0.004682070033082176, "13104_13121": 0.0009755306385790168, "13104_13122": 0.000417403084966572, "13104_13123": 0.0009969970829487261, "13105_13101": 0.012204866204422564, "13105_13102": 0.0018007961665700678, "13105_13103": 0.0022205844120221628, "13105_13104": 0.006945587333843758, "13105_13106": 0.007095852444431724, "13105_13107": 0.0008467319723607603, "13105_13108": 0.0012045060451892505, "13105_13109": 0.00042694372690866504, "13105_13110": 0.0001741167154431986, "13105_13111": 0.0002647528138930828, "13105_13112": 0.00034107794942982736, "13105_13113": 0.000906360984498842, "13105_13114": 0.0005485869116703517, "13105_13115": 0.0003386927889443041, "13105_13116": 0.010711755740484998, "13105_13117": 0.004233659861803802, "13105_13118": 0.0020130754497816386, "13105_13119": 0.0024209378928061174, "13105_13120": 0.0012402834524720995, "13105_13121": 0.0018795064625923355, "13105_13122": 0.0005390462697282587, "13105_13123": 0.0004245585664231418, "13106_13101": 0.010599653197665405, "13106_13102": 0.005171027932614446, "13106_13103": 0.0032748253466234477, "13106_13104": 0.0018866619440489054, "13106_13105": 0.006323060447122185, "13106_13107": 0.008608044192253476, "13106_13108": 0.002153799918427511, "13106_13109": 0.0010280041692605287, "13106_13110": 9.7791579906454e-05, "13106_13111": 0.0007608661948819227, "13106_13112": 0.00022181992515366396, "13106_13113": 0.0011257957491669828, "13106_13114": 0.00025521217195098974, "13106_13115": 0.0002504418509799432, "13106_13116": 0.0014191704888863448, "13106_13117": 0.0027238532744675724, "13106_13118": 0.010382603593482788, "13106_13119": 0.0005676681955545379, "13106_13120": 0.0002719082953496526, "13106_13121": 0.004932511884062119, "13106_13122": 0.002239665695906349, "13106_13123": 0.0010327744902315751, "13107_13101": 0.004293288873941883, "13107_13102": 0.005266434352035377, "13107_13103": 0.002273057942703675, "13107_13104": 0.0012498240944141927, "13107_13105": 0.0009039758240133187, "13107_13106": 0.007768467701349285, "13107_13108": 0.013516704471460363, "13107_13109": 0.0007060075037148874, "13107_13110": 0.00011925802427616343, "13107_13111": 0.000524735306815119, "13107_13112": 0.00023613088806680358, "13107_13113": 0.0008276506884765741, "13107_13114": 0.0001741167154431986, "13107_13115": 0.00018842767835633821, "13107_13116": 0.0003386927889443041, "13107_13117": 0.0005008837019598864, "13107_13118": 0.0013309195509219839, "13107_13119": 0.00018604251787081495, "13107_13120": 0.00010256190087750054, "13107_13121": 0.002835955817287166, "13107_13122": 0.007062460197634398, "13107_13123": 0.005557423931269215, "13108_13101": 0.007949739898249054, "13108_13102": 0.015801688216591652, "13108_13103": 0.006575887458587651, "13108_13104": 0.002392315966979838, "13108_13105": 0.0012188170081023901, "13108_13106": 0.0021967328071669304, "13108_13107": 0.013550096718257689, "13108_13109": 0.002735779076895189, "13108_13110": 0.0002862192582627922, "13108_13111": 0.002640372657474258, "13108_13112": 0.000808569404592388, "13108_13113": 0.0019152838698751845, "13108_13114": 0.0005104243439019795, "13108_13115": 0.00036731471477058337, "13108_13116": 0.0009373680708106445, "13108_13117": 0.0005175798253585493, "13108_13118": 0.000701237182743841, "13108_13119": 0.00044841017127837446, "13108_13120": 0.00024090120903785012, "13108_13121": 0.0014525627356836706, "13108_13122": 0.0018818916230778587, "13108_13123": 0.01779091206151806, "13109_13101": 0.003208040853028796, "13109_13102": 0.0024662559420310596, "13109_13103": 0.01793163653016393, "13109_13104": 0.0021204076716301854, "13109_13105": 0.00044841017127837446, "13109_13106": 0.0009898416014921564, "13109_13107": 0.0006606894544899454, "13109_13108": 0.0025998249292203627, "13109_13110": 0.0077326902940664365, "13109_13111": 0.02216768155245326, "13109_13112": 0.0022921392265878608, "13109_13113": 0.004398235935304907, "13109_13114": 0.00045079533176389775, "13109_13115": 0.0004030921220534324, "13109_13116": 0.0010900183418841337, "13109_13117": 0.0005795939979821543, "13109_13118": 0.0002456715300088967, "13109_13119": 0.0004388695293362814, "13109_13120": 0.00018365735738529168, "13109_13121": 0.00030768570263250164, "13109_13122": 0.0003148411840890714, "13109_13123": 0.0005223501463295958, "13110_13101": 0.0010613964160578544, "13110_13102": 0.000844346811875237, "13110_13103": 0.0034942601112915883, "13110_13104": 0.0013810079211179723, "13110_13105": 0.00014072446864587284, "13110_13106": 0.0001287986662182565, "13110_13107": 7.155481456569806e-05, "13110_13108": 0.00032199666554564123, "13110_13109": 0.006928891210445095, "13110_13111": 0.0036373697404229843, "13110_13112": 0.014454072542271006, "13110_13113": 0.009671825768796853, "13110_13114": 0.0003506185913719205, "13110_13115": 0.00061298624477948,