{"13101_13102": 0.008994853515862692, "13101_13103": 0.006095730554646575, "13101_13104": 0.005038307907411965, "13101_13105": 0.0043297536015923545, "13101_13106": 0.005419629117795801, "13101_13107": 0.001492831972566508, "13101_13108": 0.0017389328955801898, "13101_13109": 0.00031641547244616207, "13101_13110": 0.00011628944713833306, "13101_13111": 0.0002352833000240692, "13101_13112": 0.00030018903796174347, "13101_13113": 0.0013900645541651906, "13101_13114": 0.00022446567703445684, "13101_13115": 0.00026232735749810016, "13101_13116": 0.0003840256161312394, "13101_13117": 0.0004354093253318982, "13101_13118": 0.0005273591207436034, "13101_13119": 0.0001866039965708135, "13101_13120": 8.383657816949592e-05, "13101_13121": 0.0005408811494806189, "13101_13122": 0.00015685553334937946, "13101_13123": 0.0004245917023422858, "13102_13101": 0.00943026284119459, "13102_13103": 0.004832773070609329, "13102_13104": 0.0004272961080896889, "13102_13105": 0.0002352833000240692, "13102_13106": 0.0013711337139333689, "13102_13107": 0.0017037756208639495, "13102_13108": 0.006339127071912853, "13102_13109": 0.00034616393566759605, "13102_13110": 5.138370920065879e-05, "13102_13111": 0.0002352833000240692, "13102_13112": 9.46542011591083e-05, "13102_13113": 0.0005787428299442622, "13102_13114": 5.138370920065879e-05, "13102_13115": 7.031454943248046e-05, "13102_13116": 0.00010547182414872068, "13102_13117": 3.786168046364332e-05, "13102_13118": 0.00017578637358120114, "13102_13119": 5.408811494806189e-05, "13102_13120": 5.408811494806189e-05, "13102_13121": 0.00026773616899290634, "13102_13122": 0.0001487423161071702, "13102_13123": 0.0003515727471624023, "13103_13101": 0.005462899609754251, "13103_13102": 0.004432521019993672, "13103_13104": 0.0017551593300646083, "13103_13105": 0.000286667009224728, "13103_13106": 0.00044081813682670437, "13103_13107": 0.0004110696736052703, "13103_13108": 0.0017091844323587557, "13103_13109": 0.0072261721570610685, "13103_13110": 0.0008167305357157345, "13103_13111": 0.00154692008751457, "13103_13112": 0.0006193089161553086, "13103_13113": 0.006631202892632387, "13103_13114": 8.113217242209283e-05, "13103_13115": 6.761014368507736e-05, "13103_13116": 0.00013522028737015471, "13103_13117": 0.0001460379103597671, "13103_13118": 7.572336092728664e-05, "13103_13119": 0.00011358504139092997, "13103_13120": 7.572336092728664e-05, "13103_13121": 0.00012440266438054235, "13103_13122": 8.113217242209283e-05, "13103_13123": 0.00020283043105523207, "13104_13101": 0.004440634237235881, "13104_13102": 0.0005381767437332158, "13104_13103": 0.0017010712151165463, "13104_13105": 0.00317226794170383, "13104_13106": 0.0003326419069305806, "13104_13107": 0.00016767315633899185, "13104_13108": 0.00028396260347732493, "13104_13109": 0.00022717008278185993, "13104_13110": 0.00025962295175069707, "13104_13111": 0.0001379246931175578, "13104_13112": 0.0008843406794008118, "13104_13113": 0.010798692149380555, "13104_13114": 0.007385732096157851, "13104_13115": 0.0014171086116392215, "13104_13116": 0.006282334551217388, "13104_13117": 0.00040025205061565796, "13104_13118": 0.00010276741840131758, "13104_13119": 0.000513837092006588, "13104_13120": 0.0007977996954839128, "13104_13121": 0.00015144672185457328, "13104_13122": 4.327049195844951e-05, "13104_13123": 0.00020283043105523207, "13105_13101": 0.00381050769809096, "13105_13102": 0.00027044057474030943, "13105_13103": 0.00028396260347732493, "13105_13104": 0.0026476132267076293, "13105_13106": 0.0036130860785305342, "13105_13107": 0.0001974216195604259, "13105_13108": 0.00018389959082341041, "13105_13109": 6.490573793767427e-05, "13105_13110": 2.1635245979224753e-05, "13105_13111": 4.5974897705852604e-05, "13105_13112": 0.00010547182414872068, "13105_13113": 0.00015685553334937946, "13105_13114": 9.46542011591083e-05, "13105_13115": 0.00010817622989612377, "13105_13116": 0.004624533828059291, "13105_13117": 0.0014116998001444153, "13105_13118": 0.0009384287943488737, "13105_13119": 0.0003840256161312394, "13105_13120": 0.00012440266438054235, "13105_13121": 0.0003759123988890301, "13105_13122": 5.6792520695464984e-05, "13105_13123": 7.842776667468973e-05, "13106_13101": 0.0045488104671320044, "13106_13102": 0.0012981147587534853, "13106_13103": 0.00040295645636306105, "13106_13104": 0.0002974846322143404, "13106_13105": 0.0034427085164441392, "13106_13107": 0.004827364259114524, "13106_13108": 0.0003137110666987589, "13106_13109": 6.220133219027118e-05, "13106_13110": 3.515727471624023e-05, "13106_13111": 5.9496926442868074e-05, "13106_13112": 3.786168046364332e-05, "13106_13113": 0.00041377407935267347, "13106_13114": 5.138370920065879e-05, "13106_13115": 4.86793034532557e-05, "13106_13116": 0.0003407551241727899, "13106_13117": 0.00097899488055992, "13106_13118": 0.006111956989130993, "13106_13119": 4.86793034532557e-05, "13106_13120": 5.6792520695464984e-05, "13106_13121": 0.001400882177154803, "13106_13122": 0.0004678621943007353, "13106_13123": 0.00021094364829744137, "13107_13101": 0.0011033975449404624, "13107_13102": 0.0016361654771788721, "13107_13103": 0.00039754764486825487, "13107_13104": 0.0001947172138130228, "13107_13105": 0.0001974216195604259, "13107_13106": 0.004091765895820882, "13107_13108": 0.008362022570970368, "13107_13109": 0.000143333504612364, "13107_13110": 2.9748463221434037e-05, "13107_13111": 0.00010547182414872068, "13107_13112": 5.408811494806189e-05, "13107_13113": 8.924538966430212e-05, "13107_13114": 4.327049195844951e-05, "13107_13115": 5.9496926442868074e-05, "13107_13116": 4.5974897705852604e-05, "13107_13117": 6.761014368507736e-05, "13107_13118": 0.0007247807403040293, "13107_13119": 4.327049195844951e-05, "13107_13120": 1.893084023182166e-05, "13107_13121": 0.0010087433437813542, "13107_13122": 0.0024204431439257693, "13107_13123": 0.0022852228565556146, "13108_13101": 0.0015442156817671669, "13108_13102": 0.0058820825006017305, "13108_13103": 0.001860631154213329, "13108_13104": 0.00023257889427666611, "13108_13105": 0.0002433965172662785, "13108_13106": 0.0004354093253318982, "13108_13107": 0.007483090703064362, "13108_13109": 0.0007112587115670138, "13108_13110": 5.408811494806189e-05, "13108_13111": 0.0005408811494806189, "13108_13112": 0.00012710707012794544, "13108_13113": 0.00022987448852926302, "13108_13114": 8.654098391689901e-05, "13108_13115": 4.86793034532557e-05, "13108_13116": 0.00010547182414872068, "13108_13117": 5.408811494806189e-05, "13108_13118": 0.00015144672185457328, "13108_13119": 6.220133219027118e-05, "13108_13120": 2.7044057474030943e-05, "13108_13121": 0.00016496875059158876, "13108_13122": 0.0004354093253318982, "13108_13123": 0.007669694699635176, "13109_13101": 0.00032452868968837134, "13109_13102": 0.00031641547244616207, "13109_13103": 0.006428372461577156, "13109_13104": 0.0002758493862351156, "13109_13105": 6.761014368507736e-05, "13109_13106": 8.113217242209283e-05, "13109_13107": 0.00011358504139092997, "13109_13108": 0.0005489943667228281, "13109_13110": 0.004694848377491772, "13109_13111": 0.0090895077170218, "13109_13112": 0.0004705666000481384, "13109_13113": 0.0012818883242690668, "13109_13114": 5.9496926442868074e-05, "13109_13115": 4.056608621104642e-05, "13109_13116": 0.00013522028737015471, "13109_13117": 6.220133219027118e-05, "13109_13118": 1.0817622989612377e-05, "13109_13119": 9.194979541170521e-05, "13109_13120": 2.9748463221434037e-05, "13109_13121": 5.408811494806189e-05, "13109_13122": 4.5974897705852604e-05, "13109_13123": 7.572336092728664e-05, "13110_13101": 0.0001460379103597671, "13110_13102": 6.761014368507736e-05, "13110_13103": 0.0007274851460514324, "13110_13104": 0.00030289344370914656, "13110_13105": 1.6226434484418567e-05, "13110_13106": 3.786168046364332e-05, "13110_13107": 5.408811494806188e-06, "13110_13108": 4.327049195844951e-05, "13110_13109": 0.003975476448682549, "13110_13111": 0.0018254738794970886, "13110_13112": 0.008351204947980756, "13110_13113": 0.00456233249586902,