{"13101_13102": 0.011375947995666305, "13101_13103": 0.00894645260842444, "13101_13104": 0.009110607702156997, "13101_13105": 0.006930628057388621, "13101_13106": 0.007222824124232575, "13101_13107": 0.0022456416822614006, "13101_13108": 0.0031681933090383797, "13101_13109": 0.0012278801011195376, "13101_13110": 0.0004596342624511639, "13101_13111": 0.001135953248629305, "13101_13112": 0.0012048983879969796, "13101_13113": 0.0022095275616402375, "13101_13114": 0.0007419810236711645, "13101_13115": 0.0009750812567713976, "13101_13116": 0.0013723365836041893, "13101_13117": 0.0013920351948520963, "13101_13118": 0.0009488164417741883, "13101_13119": 0.0006566203749302341, "13101_13120": 0.000558127318690699, "13101_13121": 0.0016054368167044224, "13101_13122": 0.0008240585705374438, "13101_13123": 0.001483962047342329, "13102_13101": 0.012216422075577006, "13102_13103": 0.007002856298630946, "13102_13104": 0.0011425194523786073, "13102_13105": 0.0007551134311697692, "13102_13106": 0.0024688926097376804, "13102_13107": 0.003122229882793263, "13102_13108": 0.01012508618142421, "13102_13109": 0.0008306247742867461, "13102_13110": 0.0003217439837158147, "13102_13111": 0.0006599034768048853, "13102_13112": 0.0004957483830723267, "13102_13113": 0.0009192685249023278, "13102_13114": 0.00016415509373255853, "13102_13115": 0.00016087199185790734, "13102_13116": 0.0003677074099609311, "13102_13117": 0.0002659312518467448, "13102_13118": 0.00033815949308907054, "13102_13119": 0.0002002692143537214, "13102_13120": 0.00016087199185790734, "13102_13121": 0.0008306247742867461, "13102_13122": 0.0005712597261893036, "13102_13123": 0.0010932729242588398, "13103_13101": 0.00855576348534095, "13103_13102": 0.007081650743622574, "13103_13104": 0.004090744935815359, "13103_13105": 0.000906136117403723, "13103_13106": 0.001365770379854887, "13103_13107": 0.0008601726911586067, "13103_13108": 0.0035785810433697756, "13103_13109": 0.010413999146393512, "13103_13110": 0.002038806264158377, "13103_13111": 0.0032666863652779147, "13103_13112": 0.0017663088085623298, "13103_13113": 0.009655602613349093, "13103_13114": 0.0003742736137102334, "13103_13115": 0.0003874060212088381, "13103_13116": 0.0006303555599330247, "13103_13117": 0.0005909583374372107, "13103_13118": 0.0004005384287074428, "13103_13119": 0.00031517777996651236, "13103_13120": 0.0002134016218523261, "13103_13121": 0.0006434879674316294, "13103_13122": 0.0003808398174595358, "13103_13123": 0.0006237893561837224, "13104_13101": 0.007357431301093273, "13104_13102": 0.0013198069536097705, "13104_13103": 0.003782133359598148, "13104_13105": 0.005220131980695361, "13104_13106": 0.0010899898223841885, "13104_13107": 0.0006467710693062805, "13104_13108": 0.0011917659804983748, "13104_13109": 0.0008536064874093043, "13104_13110": 0.000597524541186513, "13104_13111": 0.0004005384287074428, "13104_13112": 0.0024032305722446567, "13104_13113": 0.013250599166092124, "13104_13114": 0.011149413966315375, "13104_13115": 0.0034177090515118682, "13104_13116": 0.008759315801569323, "13104_13117": 0.0009291178305262812, "13104_13118": 0.00039725532683279163, "13104_13119": 0.00129025903673791, "13104_13120": 0.0026691618240914016, "13104_13121": 0.00045635116057651267, "13104_13122": 0.0002199678256016284, "13104_13123": 0.0005515611149413967, "13105_13101": 0.006014642634360945, "13105_13102": 0.000771528940543025, "13105_13103": 0.0009159854230276766, "13105_13104": 0.00459962572638629, "13105_13106": 0.005039561377589547, "13105_13107": 0.0004530680587018615, "13105_13108": 0.0006303555599330247, "13105_13109": 0.0001674381956072097, "13105_13110": 6.237893561837224e-05, "13105_13111": 0.00014773958435930268, "13105_13112": 0.00019698611247907023, "13105_13113": 0.0003677074099609311, "13105_13114": 0.00030861157621721004, "13105_13115": 0.00017072129748186088, "13105_13116": 0.007452641255458157, "13105_13117": 0.002488591220985587, "13105_13118": 0.0012574280179913982, "13105_13119": 0.0011392363505039562, "13105_13120": 0.000518730096194885, "13105_13121": 0.0007551134311697692, "13105_13122": 0.0002232509274762796, "13105_13123": 0.000288912964969303, "13106_13101": 0.006106569486851177, "13106_13102": 0.0023244361272530285, "13106_13103": 0.0012607111198660495, "13106_13104": 0.0011490856561279096, "13106_13105": 0.0049410683213500116, "13106_13107": 0.006796020880527923, "13106_13108": 0.0012508618142420959, "13106_13109": 0.00042352014183000096, "13106_13110": 6.237893561837224e-05, "13106_13111": 0.0004005384287074428, "13106_13112": 0.0001214747693620933, "13106_13113": 0.0005646935224400013, "13106_13114": 0.0001444564824846515, "13106_13115": 7.879444499162809e-05, "13106_13116": 0.0009717981548967464, "13106_13117": 0.001523359269838143, "13106_13118": 0.007689024590433041, "13106_13119": 0.0003545750024623264, "13106_13120": 0.00012475787123674448, "13106_13121": 0.0028169014084507044, "13106_13122": 0.001385468991102794, "13106_13123": 0.0006599034768048853, "13107_13101": 0.002022390754785121, "13107_13102": 0.002347417840375587, "13107_13103": 0.0008109261630388391, "13107_13104": 0.0005942414393118619, "13107_13105": 0.0005843921336879084, "13107_13106": 0.006188647033717456, "13107_13108": 0.010036442430808628, "13107_13109": 0.00026921435372139597, "13107_13110": 6.237893561837224e-05, "13107_13111": 0.0002856298630946518, "13107_13112": 0.00017400439935651204, "13107_13113": 0.00034800879871302407, "13107_13114": 6.566203749302341e-05, "13107_13115": 6.894513936767458e-05, "13107_13116": 0.00025608194622279127, "13107_13117": 0.0002462326405988378, "13107_13118": 0.0011228208411307003, "13107_13119": 0.00013789027873534917, "13107_13120": 5.58127318690699e-05, "13107_13121": 0.001891066679799074, "13107_13122": 0.005210282675071408, "13107_13123": 0.004090744935815359, "13108_13101": 0.0032437046521553562, "13108_13102": 0.008844676450310254, "13108_13103": 0.003489937292754194, "13108_13104": 0.0012869759348632587, "13108_13105": 0.0006270724580583736, "13108_13106": 0.0012048983879969796, "13108_13107": 0.009878853540825372, "13108_13109": 0.0012508618142420959, "13108_13110": 0.00015102268623395384, "13108_13111": 0.0012869759348632587, "13108_13112": 0.00043665254932860565, "13108_13113": 0.0007025838011753505, "13108_13114": 0.00018385370498046554, "13108_13115": 0.00016415509373255853, "13108_13116": 0.00043665254932860565, "13108_13117": 0.00023638333497488426, "13108_13118": 0.00023638333497488426, "13108_13119": 0.0001904199087297679, "13108_13120": 0.00015430578810860502, "13108_13121": 0.0006402048655569782, "13108_13122": 0.0010834236186348862, "13108_13123": 0.013161955415476542, "13109_13101": 0.0011786335729997701, "13109_13102": 0.000866738894907909, "13109_13103": 0.009163137332151417, "13109_13104": 0.0009192685249023278, "13109_13105": 0.00019698611247907023, "13109_13106": 0.00034144259496372175, "13109_13107": 0.00023638333497488426, "13109_13108": 0.0012968252404872123, "13109_13110": 0.00544338290817164, "13109_13111": 0.014097639449752127, "13109_13112": 0.0013427886667323288, "13109_13113": 0.002163564135395121, "13109_13114": 0.00019370301060441905, "13109_13115": 0.0002232509274762796, "13109_13116": 0.00039725532683279163, "13109_13117": 0.00019698611247907023, "13109_13118": 0.00011819166748744213, "13109_13119": 0.00017072129748186088, "13109_13120": 0.0001116254637381398, "13109_13121": 0.00014773958435930268, "13109_13122": 0.00010834236186348862, "13109_13123": 0.00029547916871860535, "13110_13101": 0.00041695393808069864, "13110_13102": 0.00032831018746511706, "13110_13103": 0.0018155553366820973, "13110_13104": 0.0005876752355625595, "13110_13105": 7.222824124232574e-05, "13110_13106": 8.207754686627926e-05, "13110_13107": 3.9397222495814046e-05, "13110_13108": 0.0002101185199776749, "13110_13109": 0.005321908138809547, "13110_13111": 0.0029318099740634953, "13110_13112": 0.011661577858760958, "13110_13113": 0.006352802127450014, "13110_13114": 0.00017400439935651204,