{"13101_13102": 0.008621180914545291, "13101_13103": 0.0067609922091877855, "13101_13104": 0.007371557429764647, "13101_13105": 0.00517759307049179, "13101_13106": 0.006024243509691705, "13101_13107": 0.0016485260955575274, "13101_13108": 0.0025114582739728256, "13101_13109": 0.0008710730480229899, "13101_13110": 0.0003459869583268885, "13101_13111": 0.0006756921774383939, "13101_13112": 0.0009117773960614473, "13101_13113": 0.001689230443595985, "13101_13114": 0.000610565220576862, "13101_13115": 0.0007123260906730057, "13101_13116": 0.001046101744588357, "13101_13117": 0.0008954956568460643, "13101_13118": 0.0008344391347883781, "13101_13119": 0.0005372973941076386, "13101_13120": 0.0004029730455807289, "13101_13121": 0.0010053973965498994, "13101_13122": 0.0006716217426345482, "13101_13123": 0.00106238348380374, "13102_13101": 0.009480042658156744, "13102_13103": 0.005828862639107109, "13102_13104": 0.0008629321784152983, "13102_13105": 0.0004518182632268779, "13102_13106": 0.0019456678362382669, "13102_13107": 0.0023405000122113046, "13102_13108": 0.008279264391022249, "13102_13109": 0.0007245373950845429, "13102_13110": 0.0002360852186230533, "13102_13111": 0.000643128699007628, "13102_13112": 0.00036226869754227146, "13102_13113": 0.0006064947857730163, "13102_13114": 0.00018724000097690435, "13102_13115": 0.00015060608774229264, "13102_13116": 0.0002442260882307448, "13102_13117": 0.00021166260979997884, "13102_13118": 0.0002767895666615108, "13102_13119": 0.0001302539137230639, "13102_13120": 9.362000048845218e-05, "13102_13121": 0.0006024243509691706, "13102_13122": 0.00041111391518842044, "13102_13123": 0.0009077069612576015, "13103_13101": 0.006533047860172424, "13103_13102": 0.005576495681268673, "13103_13104": 0.0032034321906266026, "13103_13105": 0.0005535791333230216, "13103_13106": 0.001094946962234506, "13103_13107": 0.0005902130465576333, "13103_13108": 0.002393415664661299, "13103_13109": 0.008075742650829961, "13103_13110": 0.0016810895739882935, "13103_13111": 0.002637641752892044, "13103_13112": 0.001367666094092171, "13103_13113": 0.007412261777803105, "13103_13114": 0.00021980347940767032, "13103_13115": 0.0003500573931307342, "13103_13116": 0.00039483217597303743, "13103_13117": 0.0004273956544038034, "13103_13118": 0.00033377565391535125, "13103_13119": 0.00028900087107304803, "13103_13120": 0.00015060608774229264, "13103_13121": 0.0005291565244999471, "13103_13122": 0.00033377565391535125, "13103_13123": 0.0005861426117537875, "13104_13101": 0.005877707856753258, "13104_13102": 0.0008995660916499101, "13104_13103": 0.002881867841122789, "13104_13105": 0.004318731326880337, "13104_13106": 0.0008100165259653036, "13104_13107": 0.0005047339156768726, "13104_13108": 0.0010542426141960483, "13104_13109": 0.0006349878293999365, "13104_13110": 0.0004884521764614896, "13104_13111": 0.00038669130636534595, "13104_13112": 0.001766568704869054, "13104_13113": 0.01027784787971051, "13104_13114": 0.009345718309629835, "13104_13115": 0.002767895666615108, "13104_13116": 0.007237233081237738, "13104_13117": 0.0007733826127306919, "13104_13118": 0.00028493043626920227, "13104_13119": 0.0010745947882152772, "13104_13120": 0.0021003443587844055, "13104_13121": 0.00035819826273842574, "13104_13122": 0.00020759217499613308, "13104_13123": 0.00043960695881534065, "13105_13101": 0.0040663643690419015, "13105_13102": 0.0005006634808730269, "13105_13103": 0.0006471991338114737, "13105_13104": 0.003602334801403486, "13105_13106": 0.0038872652376726884, "13105_13107": 0.00037040956714996294, "13105_13108": 0.0004477478284230321, "13105_13109": 0.00013432434852690965, "13105_13110": 3.663391323461172e-05, "13105_13111": 8.954956568460644e-05, "13105_13112": 0.00014246521813460113, "13105_13113": 0.00033377565391535125, "13105_13114": 0.00016281739215382986, "13105_13115": 0.00014653565293844687, "13105_13116": 0.006467920903310892, "13105_13117": 0.002267232185742081, "13105_13118": 0.0011844965279191122, "13105_13119": 0.0008629321784152983, "13105_13120": 0.00035819826273842574, "13105_13121": 0.0006960443514576227, "13105_13122": 0.0001994513053884416, "13105_13123": 0.0002360852186230533, "13106_13101": 0.004994423504318731, "13106_13102": 0.0017787800092805913, "13106_13103": 0.000915847830865293, "13106_13104": 0.0007286078298883886, "13106_13105": 0.004033800890611135, "13106_13107": 0.005784087856264806, "13106_13108": 0.0009199182656691387, "13106_13109": 0.000305282610288431, "13106_13110": 8.954956568460644e-05, "13106_13111": 0.00028086000146535655, "13106_13112": 8.547913088076068e-05, "13106_13113": 0.00039483217597303743, "13106_13114": 0.00010583130489998942, "13106_13115": 0.00010176087009614367, "13106_13116": 0.0006187060901845535, "13106_13117": 0.0011641443538998836, "13106_13118": 0.006341737424391674, "13106_13119": 0.00019538087058459586, "13106_13120": 0.00012618347891921815, "13106_13121": 0.0020514991411382565, "13106_13122": 0.0011804260931152666, "13106_13123": 0.0005250860896961014, "13107_13101": 0.0015060608774229262, "13107_13102": 0.0018968226185921181, "13107_13103": 0.0006187060901845535, "13107_13104": 0.0005128747852845641, "13107_13105": 0.0002971417406807395, "13107_13106": 0.005169452200884098, "13107_13108": 0.008596758305722218, "13107_13109": 0.00026457826224997354, "13107_13110": 5.698608725384046e-05, "13107_13111": 0.0002605078274461278, "13107_13112": 0.00017095826176152137, "13107_13113": 0.00024015565342689905, "13107_13114": 4.477478284230322e-05, "13107_13115": 0.00010990173970383516, "13107_13116": 0.00012618347891921815, "13107_13117": 0.00011804260931152665, "13107_13118": 0.0011437921798806549, "13107_13119": 6.10565220576862e-05, "13107_13120": 5.698608725384046e-05, "13107_13121": 0.0014694269641883145, "13107_13122": 0.004094857412668821, "13107_13123": 0.0031260939293535337, "13108_13101": 0.0024463313171112938, "13108_13102": 0.007648346996426158, "13108_13103": 0.0022916547945651556, "13108_13104": 0.0009280591352768303, "13108_13105": 0.0005128747852845641, "13108_13106": 0.0010379608749806655, "13108_13107": 0.008686307871406824, "13108_13109": 0.001042031309784511, "13108_13110": 0.00016281739215382986, "13108_13111": 0.0011926373975268039, "13108_13112": 0.00033784608871919696, "13108_13113": 0.0006390582642037823, "13108_13114": 0.00015060608774229264, "13108_13115": 0.0001750286965653671, "13108_13116": 0.000272719131857665, "13108_13117": 0.00019538087058459586, "13108_13118": 0.00022794434901536183, "13108_13119": 0.00018724000097690435, "13108_13120": 0.0001221130441153724, "13108_13121": 0.0005372973941076386, "13108_13122": 0.0009077069612576015, "13108_13123": 0.011214047884595032, "13109_13101": 0.0007855939171422291, "13109_13102": 0.0006390582642037823, "13109_13103": 0.007444825256233871, "13109_13104": 0.0006024243509691706, "13109_13105": 0.00010583130489998942, "13109_13106": 0.00028493043626920227, "13109_13107": 0.00014653565293844687, "13109_13108": 0.001013538266157591, "13109_13110": 0.004603661763149539, "13109_13111": 0.012199093107125704, "13109_13112": 0.0009565521789037505, "13109_13113": 0.0016118921823229156, "13109_13114": 0.00015467652254613838, "13109_13115": 0.000272719131857665, "13109_13116": 0.0003012121754845853, "13109_13117": 0.00015060608774229264, "13109_13118": 8.954956568460644e-05, "13109_13119": 0.00017095826176152137, "13109_13120": 9.769043529229793e-05, "13109_13121": 0.0001383947833307554, "13109_13122": 0.00010176087009614367, "13109_13123": 0.0002442260882307448, "13110_13101": 0.00030935304509227676, "13110_13102": 0.0001994513053884416, "13110_13103": 0.0016037513127152242, "13110_13104": 0.0005657904377345588, "13110_13105": 6.512695686153194e-05, "13110_13106": 5.698608725384046e-05, "13110_13107": 3.663391323461172e-05, "13110_13108": 0.00014246521813460113, "13110_13109": 0.004347224370507258, "13110_13111": 0.002617289578872815, "13110_13112": 0.009980706139029771, "13110_13113": 0.005348551332253312,