{"13101_13102": 0.031136764945914264, "13101_13103": 0.02812458267179084, "13101_13104": 0.026085795260635376, "13101_13105": 0.01736678883563575, "13101_13106": 0.01658629234490229, "13101_13107": 0.004074607155045777, "13101_13108": 0.0068582790497529415, "13101_13109": 0.0024780021663971035, "13101_13110": 0.0009971362010891339, "13101_13111": 0.002077367085602362, "13101_13112": 0.002946893594290208, "13101_13113": 0.005116258365112104, "13101_13114": 0.0016203463267698425, "13101_13115": 0.002172332438087042, "13101_13116": 0.0031635333046458832, "13101_13117": 0.002700577211283071, "13101_13118": 0.0019794340658525365, "13101_13119": 0.0017746650245574467, "13101_13120": 0.001193002240588785, "13101_13121": 0.00320508064635793, "13101_13122": 0.001652990666686451, "13101_13123": 0.0029646995978810857, "13102_13101": 0.035419108809520275, "13102_13103": 0.01924828988173846, "13102_13104": 0.0024780021663971035, "13102_13105": 0.0014304156218004837, "13102_13106": 0.0054070897570964345, "13102_13107": 0.007712967222115057, "13102_13108": 0.02091611888475064, "13102_13109": 0.0019141453860193195, "13102_13110": 0.0006410161292715861, "13102_13111": 0.0013799652782929977, "13102_13112": 0.0010802308845132285, "13102_13113": 0.0019556927277313667, "13102_13114": 0.0005341801077263218, "13102_13115": 0.00043624708797649606, "13102_13116": 0.000908106183134747, "13102_13117": 0.0006410161292715861, "13102_13118": 0.0008339145015060912, "13102_13119": 0.00047185909515825084, "13102_13120": 0.00037392607540842523, "13102_13121": 0.0017093763447242295, "13102_13122": 0.0010921015535738134, "13102_13123": 0.0022702654578368674, "13103_13101": 0.02683364741145223, "13103_13102": 0.018975264493345006, "13103_13104": 0.010297805410057424, "13103_13105": 0.0015817666523229416, "13103_13106": 0.0024512931610107874, "13103_13107": 0.0016737643375424748, "13103_13108": 0.005404122089831288, "13103_13109": 0.023794756131942485, "13103_13110": 0.00386687044648554, "13103_13111": 0.0064457732998976155, "13103_13112": 0.0033712700132061194, "13103_13113": 0.022693751576573235, "13103_13114": 0.0007033371418396569, "13103_13115": 0.000768625821672874, "13103_13116": 0.001243452584096271, "13103_13117": 0.0011662932352024692, "13103_13118": 0.0009259121867256243, "13103_13119": 0.0007864318252637514, "13103_13120": 0.00045998842609766593, "13103_13121": 0.0012671939222174409, "13103_13122": 0.0009704271957028178, "13103_13123": 0.0012760969240128797, "13104_13101": 0.019313578561571676, "13104_13102": 0.003249595655335124, "13104_13103": 0.008719006424999629, "13104_13105": 0.010787470508806553, "13104_13106": 0.0016767320048076209, "13104_13107": 0.0009615241939073791, "13104_13108": 0.002199041443473358, "13104_13109": 0.0016589260012167435, "13104_13110": 0.0011425518970812993, "13104_13111": 0.0006736604691881947, "13104_13112": 0.003727390085023667, "13104_13113": 0.024955114032614665, "13104_13114": 0.02045909812591812, "13104_13115": 0.005555473120353746, "13104_13116": 0.015262712744647071, "13104_13117": 0.0017212470137848144, "13104_13118": 0.0006825634709836334, "13104_13119": 0.0024156811538290327, "13104_13120": 0.004742332289703679, "13104_13121": 0.0008339145015060912, "13104_13122": 0.00034721707002210913, "13104_13123": 0.0007270784799608268, "13105_13101": 0.01337230869674892, "13105_13102": 0.0015728636505275028, "13105_13103": 0.0017064086774590834, "13105_13104": 0.007941477601531317, "13105_13106": 0.008739780095855652, "13105_13107": 0.0007092724763699494, "13105_13108": 0.0009170091849301856, "13105_13109": 0.0002700577211283071, "13105_13110": 0.00011277135607555681, "13105_13111": 0.00014541569599216535, "13105_13112": 0.0003145727301055006, "13105_13113": 0.0006380484620064398, "13105_13114": 0.0003294110664312317, "13105_13115": 0.00018399537043906636, "13105_13116": 0.01540516077337409, "13105_13117": 0.004920392325612452, "13105_13118": 0.0022851037941625987, "13105_13119": 0.0021693647708218955, "13105_13120": 0.0009882331992936953, "13105_13121": 0.0013354502693158042, "13105_13122": 0.0004006350807947413, "13105_13123": 0.00033237873369637794, "13106_13101": 0.011541257994153696, "13106_13102": 0.004620657931832683, "13106_13103": 0.002344457139465523, "13106_13104": 0.0015342839760806018, "13106_13105": 0.007264849465077976, "13106_13107": 0.011024883890018251, "13106_13108": 0.0016203463267698425, "13106_13109": 0.0006647574673927559, "13106_13110": 0.00010386835428011812, "13106_13111": 0.0004688914278931046, "13106_13112": 0.00013354502693158044, "13106_13113": 0.0006617898001276097, "13106_13114": 0.00018696303770421261, "13106_13115": 0.0001572863650527503, "13106_13116": 0.001190034573323639, "13106_13117": 0.0026026441915332453, "13106_13118": 0.013636431083346934, "13106_13119": 0.00040953808259018, "13106_13120": 0.00022554271215111362, "13106_13121": 0.00443369489412847, "13106_13122": 0.0021456234327007257, "13106_13123": 0.0007775288234683127, "13107_13101": 0.0040983484931669464, "13107_13102": 0.005196385381271052, "13107_13103": 0.0018518243734512486, "13107_13104": 0.0009763625302331103, "13107_13105": 0.0006795958037184871, "13107_13106": 0.008475657709257638, "13107_13108": 0.014960010683602155, "13107_13109": 0.0005875981184989539, "13107_13110": 7.419168162865579e-05, "13107_13111": 0.0003294110664312317, "13107_13112": 0.00023147804668140608, "13107_13113": 0.0005490184440520529, "13107_13114": 0.0001216743578709955, "13107_13115": 0.00010980368881041057, "13107_13116": 0.00018696303770421261, "13107_13117": 0.0003353464009615242, "13107_13118": 0.0013918359473535826, "13107_13119": 0.00010980368881041057, "13107_13120": 6.52886798332171e-05, "13107_13121": 0.0024898728354576885, "13107_13122": 0.00916712418203671, "13107_13123": 0.005647470805573279, "13108_13101": 0.0065051266452005405, "13108_13102": 0.016722805039099016, "13108_13103": 0.005599988129330939, "13108_13104": 0.002199041443473358, "13108_13105": 0.0009793301974982565, "13108_13106": 0.0016826673393379133, "13108_13107": 0.014268544210823082, "13108_13109": 0.0024394224919502025, "13108_13110": 0.0003086373955752081, "13108_13111": 0.002163429436291603, "13108_13112": 0.0005519861113171991, "13108_13113": 0.0012849999258083185, "13108_13114": 0.0004184410843856187, "13108_13115": 0.00032050806463579303, "13108_13116": 0.0007122401436350956, "13108_13117": 0.0003828290772038639, "13108_13118": 0.0004570207588325197, "13108_13119": 0.00033831406822667045, "13108_13120": 0.00023741338121169853, "13108_13121": 0.0009555888593770867, "13108_13122": 0.0015164779724897244, "13108_13123": 0.021488878666923863, "13109_13101": 0.00238600448117757, "13109_13102": 0.0020447227456857537, "13109_13103": 0.020542192809342216, "13109_13104": 0.0016826673393379133, "13109_13105": 0.0003145727301055006, "13109_13106": 0.0006380484620064398, "13109_13107": 0.00041250574985532624, "13109_13108": 0.0024661314973365186, "13109_13110": 0.008627008739780095, "13109_13111": 0.025999732909946137, "13109_13112": 0.0018666627097769799, "13109_13113": 0.003840161441099224, "13109_13114": 0.00028489605745403825, "13109_13115": 0.0004065704153250338, "13109_13116": 0.0007953348270591901, "13109_13117": 0.00040953808259018, "13109_13118": 0.00020180137402994375, "13109_13119": 0.0003145727301055006, "13109_13120": 0.00016618936684818897, "13109_13121": 0.0002878637247191845, "13109_13122": 0.00028489605745403825, "13109_13123": 0.00046295609336281215, "13110_13101": 0.0009021708486044545, "13110_13102": 0.0006706928019230484, "13110_13103": 0.0034988797056074075, "13110_13104": 0.001101004555369252, "13110_13105": 0.00011870669060584927, "13110_13106": 5.045034350748594e-05, "13110_13107": 7.122401436350956e-05, "13110_13108": 0.00025818705206772215, "13110_13109": 0.007650646209546985, "13110_13111": 0.004015253809742852, "13110_13112": 0.019456026590298697, "13110_13113": 0.010956627542919888, "13110_13114": 0.00029676672651462316, "13110_13115": 0.0005223094386657368,