{"13101_13102": 0.011759663341645885, "13101_13103": 0.00749168744804655, "13101_13104": 0.006509767248545304, "13101_13105": 0.005688902743142145, "13101_13106": 0.007151392352452203, "13101_13107": 0.0018157730673316707, "13101_13108": 0.0022963424771404823, "13101_13109": 0.0004078345802161264, "13101_13110": 0.00017144638403990026, "13101_13111": 0.00033250207813798836, "13101_13112": 0.0004208229426433915, "13101_13113": 0.0017092684954280964, "13101_13114": 0.0002909393183707398, "13101_13115": 0.0002675602660016625, "13101_13116": 0.0005610972568578554, "13101_13117": 0.00047537406483790526, "13101_13118": 0.0007403366583541147, "13101_13119": 0.00023119285120532003, "13101_13120": 0.00013248129675810474, "13101_13121": 0.0008078761429758936, "13101_13122": 0.0002805486284289277, "13101_13123": 0.0005377182044887781, "13102_13101": 0.012557148794679967, "13102_13103": 0.006564318370739817, "13102_13104": 0.0004104322527015794, "13102_13105": 0.0002909393183707398, "13102_13106": 0.001670303408146301, "13102_13107": 0.0022547797173732335, "13102_13108": 0.007372194513715711, "13102_13109": 0.0003376974231088944, "13102_13110": 6.753948462177888e-05, "13102_13111": 0.0002831463009143807, "13102_13112": 0.0001142975893599335, "13102_13113": 0.0007221529509559434, "13102_13114": 4.935577722360765e-05, "13102_13115": 7.793017456359102e-05, "13102_13116": 9.351620947630923e-05, "13102_13117": 4.6758104738154614e-05, "13102_13118": 0.00022599750623441398, "13102_13119": 4.935577722360765e-05, "13102_13120": 6.494181213632585e-05, "13102_13121": 0.0002649625935162095, "13102_13122": 0.0001688487115544472, "13102_13123": 0.0004442019950124688, "13103_13101": 0.007052680798004987, "13103_13102": 0.0060395885286783045, "13103_13104": 0.0024054447215295094, "13103_13105": 0.00039224854530340816, "13103_13106": 0.0005636949293433084, "13103_13107": 0.00044679966749792185, "13103_13108": 0.001893703241895262, "13103_13109": 0.008499584372402327, "13103_13110": 0.0009663341645885287, "13103_13111": 0.0017144638403990024, "13103_13112": 0.0007013715710723192, "13103_13113": 0.008842477140482127, "13103_13114": 0.0001220906068162926, "13103_13115": 0.00012728595178719868, "13103_13116": 0.00011689526184538653, "13103_13117": 0.000153262676641729, "13103_13118": 0.00010390689941812137, "13103_13119": 0.00012468827930174563, "13103_13120": 7.013715710723192e-05, "13103_13121": 0.00020781379883624273, "13103_13122": 0.00012728595178719868, "13103_13123": 0.0002208021612635079, "13104_13101": 0.0059850374064837905, "13104_13102": 0.0005688902743142144, "13104_13103": 0.00208073566084788, "13104_13105": 0.0043666874480465506, "13104_13106": 0.00041302992518703243, "13104_13107": 0.00022599750623441398, "13104_13108": 0.00034029509559434744, "13104_13109": 0.00029873233582709894, "13104_13110": 0.0002753532834580216, "13104_13111": 0.00013248129675810474, "13104_13112": 0.0009351620947630922, "13104_13113": 0.01325332502078138, "13104_13114": 0.008712593516209476, "13104_13115": 0.0015326267664172901, "13104_13116": 0.007255299251870324, "13104_13117": 0.0005403158769742311, "13104_13118": 0.000153262676641729, "13104_13119": 0.0006364297589359934, "13104_13120": 0.0009273690773067332, "13104_13121": 0.0001454696591853699, "13104_13122": 5.9746467165419786e-05, "13104_13123": 0.0001454696591853699, "13105_13101": 0.004797901080631754, "13105_13102": 0.0002909393183707398, "13105_13103": 0.00032211138819617625, "13105_13104": 0.003293848711554447, "13105_13106": 0.004509559434746467, "13105_13107": 0.0001974231088944306, "13105_13108": 0.0001376766417290108, "13105_13109": 5.714879467996675e-05, "13105_13110": 4.6758104738154614e-05, "13105_13111": 3.896508728179551e-05, "13105_13112": 5.714879467996675e-05, "13105_13113": 0.00023119285120532003, "13105_13114": 0.0001220906068162926, "13105_13115": 0.0001142975893599335, "13105_13116": 0.005527847049044057, "13105_13117": 0.0018235660847880299, "13105_13118": 0.0011481712385702412, "13105_13119": 0.0005481088944305902, "13105_13120": 0.00016105569409808812, "13105_13121": 0.0005065461346633416, "13105_13122": 7.273482959268495e-05, "13105_13123": 7.793017456359102e-05, "13106_13101": 0.005478491271820449, "13106_13102": 0.0015586034912718205, "13106_13103": 0.0004935577722360765, "13106_13104": 0.0003350997506234414, "13106_13105": 0.00416147132169576, "13106_13107": 0.005691500415627598, "13106_13108": 0.0005273275145469659, "13106_13109": 9.351620947630923e-05, "13106_13110": 1.298836242726517e-05, "13106_13111": 9.351620947630923e-05, "13106_13112": 4.416043225270158e-05, "13106_13113": 0.0005117414796342477, "13106_13114": 6.234413965087281e-05, "13106_13115": 5.714879467996675e-05, "13106_13116": 0.00041562759767248546, "13106_13117": 0.0012624688279301746, "13106_13118": 0.0077306733167082295, "13106_13119": 3.376974231088944e-05, "13106_13120": 5.195344970906068e-05, "13106_13121": 0.0017274522028262677, "13106_13122": 0.0004961554447215295, "13106_13123": 0.00016625103906899418, "13107_13101": 0.0012053200332502079, "13107_13102": 0.0017092684954280964, "13107_13103": 0.0003662718204488778, "13107_13104": 0.0002208021612635079, "13107_13105": 0.00018443474646716543, "13107_13106": 0.0044861803823773895, "13107_13108": 0.008982751454696592, "13107_13109": 0.0001298836242726517, "13107_13110": 1.298836242726517e-05, "13107_13111": 5.195344970906068e-05, "13107_13112": 7.793017456359102e-05, "13107_13113": 0.00016365336658354115, "13107_13114": 7.793017456359102e-05, "13107_13115": 3.6367414796342476e-05, "13107_13116": 6.494181213632585e-05, "13107_13117": 2.3379052369077307e-05, "13107_13118": 0.0006364297589359934, "13107_13119": 2.8574397339983376e-05, "13107_13120": 3.376974231088944e-05, "13107_13121": 0.0011169991687448046, "13107_13122": 0.003122402327514547, "13107_13123": 0.0028574397339983376, "13108_13101": 0.002239193682460515, "13108_13102": 0.0068500623441396504, "13108_13103": 0.0019508520365752286, "13108_13104": 0.00036886949293433085, "13108_13105": 0.000153262676641729, "13108_13106": 0.0004961554447215295, "13108_13107": 0.0080917497921862, "13108_13109": 0.0007377389858686617, "13108_13110": 7.273482959268495e-05, "13108_13111": 0.0006598088113050707, "13108_13112": 0.00017144638403990026, "13108_13113": 0.0002805486284289277, "13108_13114": 5.195344970906068e-05, "13108_13115": 5.714879467996675e-05, "13108_13116": 7.793017456359102e-05, "13108_13117": 3.6367414796342476e-05, "13108_13118": 9.611388196176225e-05, "13108_13119": 3.896508728179551e-05, "13108_13120": 3.896508728179551e-05, "13108_13121": 0.00024937655860349125, "13108_13122": 0.0004493973399833749, "13108_13123": 0.008761949293433083, "13109_13101": 0.00037666251039068994, "13109_13102": 0.00035328345802161263, "13109_13103": 0.007528054862842893, "13109_13104": 0.00030133000831255197, "13109_13105": 4.416043225270158e-05, "13109_13106": 7.793017456359102e-05, "13109_13107": 0.00013248129675810474, "13109_13108": 0.0006624064837905237, "13109_13110": 0.0052654821280133, "13109_13111": 0.010112738985868662, "13109_13112": 0.0004805694098088113, "13109_13113": 0.0013429966749792185, "13109_13114": 5.455112219451372e-05, "13109_13115": 7.793017456359102e-05, "13109_13116": 0.0001974231088944306, "13109_13117": 7.273482959268495e-05, "13109_13118": 2.0781379883624272e-05, "13109_13119": 9.611388196176225e-05, "13109_13120": 1.8183707398171238e-05, "13109_13121": 4.6758104738154614e-05, "13109_13122": 3.117206982543641e-05, "13109_13123": 8.832086450540316e-05, "13110_13101": 0.0001220906068162926, "13110_13102": 9.351620947630923e-05, "13110_13103": 0.0008858063175394847, "13110_13104": 0.0002831463009143807, "13110_13105": 3.6367414796342476e-05, "13110_13106": 1.5586034912718203e-05, "13110_13107": 1.5586034912718203e-05, "13110_13108": 0.00010390689941812137, "13110_13109": 0.004460203657522859, "13110_13111": 0.0021171030756442226, "13110_13112": 0.009712697423108894, "13110_13113": 0.005514858686616791,