{"13101_13102": 0.026179860459737622, "13101_13103": 0.023693576779266836, "13101_13104": 0.022469708455934316, "13101_13105": 0.01583961864134555, "13101_13106": 0.015235715111722153, "13101_13107": 0.00370051524535187, "13101_13108": 0.00610328035257687, "13101_13109": 0.0021329358705847587, "13101_13110": 0.0009154920528865304, "13101_13111": 0.001943412954373161, "13101_13112": 0.0026372595628766367, "13101_13113": 0.004641705320775566, "13101_13114": 0.0014904853071556145, "13101_13115": 0.0018663188867616637, "13101_13116": 0.00289745204106544, "13101_13117": 0.0025151939558250994, "13101_13118": 0.0017988615776016036, "13101_13119": 0.0015675793747671116, "13101_13120": 0.0013041746437611626, "13101_13121": 0.00289745204106544, "13101_13122": 0.0014872730543384687, "13101_13123": 0.002303185269893482, "13102_13101": 0.03044573220090714, "13102_13103": 0.016144782658974392, "13102_13104": 0.002197180926927673, "13102_13105": 0.0013652074472869312, "13102_13106": 0.00494686933840441, "13102_13107": 0.00648553843781721, "13102_13108": 0.019424492785280172, "13102_13109": 0.001840620864224498, "13102_13110": 0.000597479023989104, "13102_13111": 0.0013844809641898057, "13102_13112": 0.0009283410641551133, "13102_13113": 0.001724979762807252, "13102_13114": 0.000414380613411798, "13102_13115": 0.00035656006270317497, "13102_13116": 0.000574993254269084, "13102_13117": 0.0005203849563776067, "13102_13118": 0.0007131201254063499, "13102_13119": 0.0003308620401660092, "13102_13120": 0.00041116836059465223, "13102_13121": 0.001519395582509926, "13102_13122": 0.0010761046937438163, "13102_13123": 0.0020654785614246983, "13103_13101": 0.02263995785524304, "13103_13102": 0.015948835237128502, "13103_13104": 0.009010369152093746, "13103_13105": 0.0013619951944697855, "13103_13106": 0.0021136623536818842, "13103_13107": 0.0014198157451784086, "13103_13108": 0.004593521528518381, "13103_13109": 0.021268325902321816, "13103_13110": 0.003462808536883087, "13103_13111": 0.0056856874863479255, "13103_13112": 0.0033728654580030067, "13103_13113": 0.019954514500109218, "13103_13114": 0.0006649363331491642, "13103_13115": 0.0009476145810579876, "13103_13116": 0.0010568311768409421, "13103_13117": 0.001127500738818148, "13103_13118": 0.0007998509514692844, "13103_13119": 0.0006617240803320184, "13103_13120": 0.00041116836059465223, "13103_13121": 0.0012142315648810823, "13103_13122": 0.0008351857324578873, "13103_13123": 0.0010761046937438163, "13104_13101": 0.0170024541611523, "13104_13102": 0.002679018849499531, "13104_13103": 0.007500610328035257, "13104_13105": 0.009745975047220117, "13104_13106": 0.0014519382733498658, "13104_13107": 0.0010407699127552134, "13104_13108": 0.001875955645213101, "13104_13109": 0.0014679995374355943, "13104_13110": 0.0010150718902180477, "13104_13111": 0.0005685687486347926, "13104_13112": 0.003366440952368715, "13104_13113": 0.022289822298174156, "13104_13114": 0.01864712760353091, "13104_13115": 0.0052359720919475244, "13104_13116": 0.01489200406028756, "13104_13117": 0.0016510979480129004, "13104_13118": 0.0005878422655376669, "13104_13119": 0.0023481568093335218, "13104_13120": 0.004297994269340974, "13104_13121": 0.0007099078725892043, "13104_13122": 0.0002634047310059491, "13104_13123": 0.0007773651817492644, "13105_13101": 0.012524573734051164, "13105_13102": 0.0013523584360183483, "13105_13103": 0.0014005422282755342, "13105_13104": 0.007870019402007015, "13105_13106": 0.008695568376013466, "13105_13107": 0.0006488750690634356, "13105_13108": 0.0009251288113379675, "13105_13109": 0.00030516401762884345, "13105_13110": 0.000138126871137266, "13105_13111": 0.00018309841057730607, "13105_13112": 0.0002794659950916777, "13105_13113": 0.000655299574697727, "13105_13114": 0.0003597723155203207, "13105_13115": 0.00014776362958870314, "13105_13116": 0.01439731712644712, "13105_13117": 0.004635280815141275, "13105_13118": 0.0020044457578989295, "13105_13119": 0.0017956493247844579, "13105_13120": 0.0008897940303493646, "13105_13121": 0.0012013825536124996, "13105_13122": 0.00039510709650892364, "13105_13123": 0.0003597723155203207, "13106_13101": 0.010594009790946587, "13106_13102": 0.004561399000346924, "13106_13103": 0.0022967607642591903, "13106_13104": 0.0013298726662983283, "13106_13105": 0.00731108741182366, "13106_13107": 0.010471944183895049, "13106_13108": 0.0016061264085728603, "13106_13109": 0.0005492952317319183, "13106_13110": 6.745730916006013e-05, "13106_13111": 0.0005139604507433153, "13106_13112": 0.00017667390494301464, "13106_13113": 0.0006617240803320184, "13106_13114": 0.00015097588240584888, "13106_13115": 0.00013491461832012026, "13106_13116": 0.001092165957829545, "13106_13117": 0.0024766469220193505, "13106_13118": 0.012357536587559587, "13106_13119": 0.00040795610777750655, "13106_13120": 0.00017667390494301464, "13106_13121": 0.0042273247073637684, "13106_13122": 0.00213936037621905, "13106_13123": 0.0007452426535778072, "13107_13101": 0.0035752373854831872, "13107_13102": 0.005056085934187365, "13107_13103": 0.0017185552571729605, "13107_13104": 0.0009090675472522389, "13107_13105": 0.0008223367211893045, "13107_13106": 0.008162334408367276, "13107_13108": 0.014339496575738497, "13107_13109": 0.00045613990003469233, "13107_13110": 6.103280352576869e-05, "13107_13111": 0.00030195176481169776, "13107_13112": 0.0001991596746630347, "13107_13113": 0.00048505017538900383, "13107_13114": 0.0001574003880401403, "13107_13115": 0.00014455137677155743, "13107_13116": 0.00024413121410307476, "13107_13117": 0.0002634047310059491, "13107_13118": 0.0015932773973042775, "13107_13119": 0.0001252778598686831, "13107_13120": 3.854703380574865e-05, "13107_13121": 0.0023738548318706877, "13107_13122": 0.008480347437264703, "13107_13123": 0.005647140452542177, "13108_13101": 0.005916969689182417, "13108_13102": 0.01604841507446002, "13108_13103": 0.004876199776427204, "13108_13104": 0.001875955645213101, "13108_13105": 0.0009026430416179475, "13108_13106": 0.0016125509142071517, "13108_13107": 0.014175671682064066, "13108_13109": 0.0023320955452477933, "13108_13110": 0.0003308620401660092, "13108_13111": 0.002001233505081784, "13108_13112": 0.0006071157824405412, "13108_13113": 0.001149986508538168, "13108_13114": 0.0002826782479088234, "13108_13115": 0.0002505557197373662, "13108_13116": 0.0005910545183548126, "13108_13117": 0.0003404987986174464, "13108_13118": 0.00047541341693756666, "13108_13119": 0.0003437110514345921, "13108_13120": 0.00020558418029732612, "13108_13121": 0.0009572513395094247, "13108_13122": 0.0015033343184241972, "13108_13123": 0.020735091934675626, "13109_13101": 0.0021907564212933816, "13109_13102": 0.0017988615776016036, "13109_13103": 0.01799504028165033, "13109_13104": 0.0013941177226412427, "13109_13105": 0.000276253742274532, "13109_13106": 0.0005332339676461897, "13109_13107": 0.0003148007760802806, "13109_13108": 0.002287124005807753, "13109_13110": 0.008126999627378673, "13109_13111": 0.02411116964549578, "13109_13112": 0.0018952291621159752, "13109_13113": 0.003645906947460393, "13109_13114": 0.00028910275354311485, "13109_13115": 0.0003726213267889036, "13109_13116": 0.0006585118275148727, "13109_13117": 0.0003886825908746322, "13109_13118": 0.0002505557197373662, "13109_13119": 0.0002955272591774063, "13109_13120": 0.00019594742184588895, "13109_13121": 0.0002537679725545119, "13109_13122": 0.00018952291621159752, "13109_13123": 0.00030516401762884345, "13110_13101": 0.0008159122155550131, "13110_13102": 0.0006006912768062498, "13110_13103": 0.0032379508396828864, "13110_13104": 0.0009925861204980277, "13110_13105": 0.00011564110141724594, "13110_13106": 8.673082606293445e-05, "13110_13107": 4.818379225718581e-05, "13110_13108": 0.000298739511994552, "13110_13109": 0.006954527349120485, "13110_13111": 0.003999254757346422, "13110_13112": 0.017966130006296016, "13110_13113": 0.010153931154997622, "13110_13114": 0.0002698292366402405, "13110_13115": 0.0004047438549603608,