{"13101_13102": 0.010299607277167954, "13101_13103": 0.008312401992756136, "13101_13104": 0.00696632020094087, "13101_13105": 0.0051456404990216625, "13101_13106": 0.006147569420352201, "13101_13107": 0.0021648325724039357, "13101_13108": 0.0036136051400896462, "13101_13109": 0.0014154674511871886, "13101_13110": 0.0004662716309793092, "13101_13111": 0.001287797837942854, "13101_13112": 0.0017096626469241337, "13101_13113": 0.0025728202495108312, "13101_13114": 0.0008964627190852194, "13101_13115": 0.0011212722554502436, "13101_13116": 0.001668031251300981, "13101_13117": 0.0014404462885610802, "13101_13118": 0.0012045350466965488, "13101_13119": 0.0011157214027004898, "13101_13120": 0.0006633269035955649, "13101_13121": 0.0021093240449063986, "13101_13122": 0.0009020135718349732, "13101_13123": 0.00186231109754236, "13102_13101": 0.01101566728188618, "13102_13103": 0.007138396636183234, "13102_13104": 0.0012433910159448246, "13102_13105": 0.000696632020094087, "13102_13106": 0.0023868666823940827, "13102_13107": 0.0028614645924980226, "13102_13108": 0.009000707733725594, "13102_13109": 0.0010407848905788152, "13102_13110": 0.00041353852985664925, "13102_13111": 0.001043560316953692, "13102_13112": 0.0006550006244709344, "13102_13113": 0.0012572681478192087, "13102_13114": 0.00021093240449063987, "13102_13115": 0.0002664409319881767, "13102_13116": 0.0004968013211029544, "13102_13117": 0.0003719071342334966, "13102_13118": 0.00041353852985664925, "13102_13119": 0.0003247248858605903, "13102_13120": 0.00025256380011379247, "13102_13121": 0.0010824162862019678, "13102_13122": 0.000713284578343348, "13102_13123": 0.0013960394665630507, "13103_13101": 0.00782670237715269, "13103_13102": 0.006916362526193086, "13103_13104": 0.003741274753333981, "13103_13105": 0.0009797255103315247, "13103_13106": 0.001565340475430538, "13103_13107": 0.0010824162862019678, "13103_13108": 0.003458181263096543, "13103_13109": 0.009480856496579287, "13103_13110": 0.002017734974535463, "13103_13111": 0.004318563439308364, "13103_13112": 0.002261972495524625, "13103_13113": 0.009405919984457613, "13103_13114": 0.0005162293057270923, "13103_13115": 0.0006272463607221659, "13103_13116": 0.000713284578343348, "13103_13117": 0.0007410388420921164, "13103_13118": 0.0005800641123492597, "13103_13119": 0.00039966139798226503, "13103_13120": 0.00035803000235911243, "13103_13121": 0.0008603821762118206, "13103_13122": 0.0005190047321019692, "13103_13123": 0.0007965473695896532, "13104_13101": 0.006253035622597522, "13104_13102": 0.0012933486906926076, "13104_13103": 0.003702418784085705, "13104_13105": 0.003938330025950236, "13104_13106": 0.0010602128752029531, "13104_13107": 0.0007771193849655154, "13104_13108": 0.0012628190005689625, "13104_13109": 0.0010740900070773372, "13104_13110": 0.0008576067498369437, "13104_13111": 0.0005523098486004913, "13104_13112": 0.0025367397066374323, "13104_13113": 0.011420879532618198, "13104_13114": 0.009053440834848254, "13104_13115": 0.0036774399467118138, "13104_13116": 0.007754541291405892, "13104_13117": 0.0012406155895699476, "13104_13118": 0.000469047057354186, "13104_13119": 0.001426569156686696, "13104_13120": 0.0026005745132595993, "13104_13121": 0.000574513259599506, "13104_13122": 0.00025811465286354615, "13104_13123": 0.0005994920969733975, "13105_13101": 0.004612758635045309, "13105_13102": 0.0008048736487142837, "13105_13103": 0.0011240476818251204, "13105_13104": 0.003508138937844326, "13105_13106": 0.0042130972370630435, "13105_13107": 0.00045794535185467866, "13105_13108": 0.000643898918971427, "13105_13109": 0.00025256380011379247, "13105_13110": 8.048736487142838e-05, "13105_13111": 0.00014987302424334937, "13105_13112": 0.00019983069899113252, "13105_13113": 0.000452394499104925, "13105_13114": 0.00029141976936206826, "13105_13115": 0.00021648325724039354, "13105_13116": 0.0057784377124935815, "13105_13117": 0.0019983069899113253, "13105_13118": 0.0012045350466965488, "13105_13119": 0.0012322893104453172, "13105_13120": 0.000610593802472905, "13105_13121": 0.000940869541083249, "13105_13122": 0.00029697062211182193, "13105_13123": 0.0002830934902374377, "13106_13101": 0.0055342001915044195, "13106_13102": 0.002320256449397039, "13106_13103": 0.0014848531105591096, "13106_13104": 0.0010241323323295541, "13106_13105": 0.0039244528940758526, "13106_13107": 0.005523098486004912, "13106_13108": 0.0011962087675719182, "13106_13109": 0.0005356572903512302, "13106_13110": 7.771193849655154e-05, "13106_13111": 0.0004801487628536934, "13106_13112": 0.00014709759786847253, "13106_13113": 0.0006772040354699491, "13106_13114": 0.00018040271436699462, "13106_13115": 0.00015819930336797991, "13106_13116": 0.0009353186883334952, "13106_13117": 0.0015736667545551686, "13106_13118": 0.006402908646840871, "13106_13119": 0.0002803180638625609, "13106_13120": 0.00018872899349162516, "13106_13121": 0.003041867306865017, "13106_13122": 0.001323878380816253, "13106_13123": 0.0006550006244709344, "13107_13101": 0.0021176503240310294, "13107_13102": 0.002384091256019206, "13107_13103": 0.0010657637279527067, "13107_13104": 0.0007465896948418701, "13107_13105": 0.0005023521738527081, "13107_13106": 0.005240004995767475, "13107_13108": 0.009422572542706873, "13107_13109": 0.0002858689166123146, "13107_13110": 6.383480662216733e-05, "13107_13111": 0.000330275738610344, "13107_13112": 0.0002331358154896546, "13107_13113": 0.00044961907273004817, "13107_13114": 0.00016097472974285675, "13107_13115": 0.00011379248136995046, "13107_13116": 0.00017485186161724094, "13107_13117": 0.00022480953636502409, "13107_13118": 0.000976950083956648, "13107_13119": 9.991534949556626e-05, "13107_13120": 4.4406821998029446e-05, "13107_13121": 0.002087120633907384, "13107_13122": 0.004013266538071911, "13107_13123": 0.0036940925049610746, "13108_13101": 0.0037496010324586113, "13108_13102": 0.008420643621376334, "13108_13103": 0.003530342348843341, "13108_13104": 0.0014043657456876812, "13108_13105": 0.0006827548882197028, "13108_13106": 0.0013655097764394056, "13108_13107": 0.009139479052469436, "13108_13109": 0.0013627343500645286, "13108_13110": 0.00022203410999014725, "13108_13111": 0.001479302257809356, "13108_13112": 0.0004718224837290629, "13108_13113": 0.0010685391543275836, "13108_13114": 0.00022203410999014725, "13108_13115": 0.00022203410999014725, "13108_13116": 0.0004662716309793092, "13108_13117": 0.0002470129473640388, "13108_13118": 0.0003025214748615756, "13108_13119": 0.00029419519573694507, "13108_13120": 0.00014987302424334937, "13108_13121": 0.0008076490750891606, "13108_13122": 0.0011629036510733962, "13108_13123": 0.011470837207365981, "13109_13101": 0.0013904886138132971, "13109_13102": 0.0008992381454600963, "13109_13103": 0.009064542540347761, "13109_13104": 0.0010047043477054163, "13109_13105": 0.00023868666823940828, "13109_13106": 0.0004968013211029544, "13109_13107": 0.00033860201773497454, "13109_13108": 0.0013488572181901445, "13109_13110": 0.004995767474778313, "13109_13111": 0.013416411096154646, "13109_13112": 0.0015625650490556611, "13109_13113": 0.0024229472252674817, "13109_13114": 0.00019427984624137884, "13109_13115": 0.000383008839733004, "13109_13116": 0.0004274156617310334, "13109_13117": 0.00025811465286354615, "13109_13118": 0.00016930100886748727, "13109_13119": 0.00025533922648866933, "13109_13120": 9.991534949556626e-05, "13109_13121": 0.00022203410999014725, "13109_13122": 0.00015264845061822624, "13109_13123": 0.0002803180638625609, "13110_13101": 0.0004968013211029544, "13110_13102": 0.00040243682435714184, "13110_13103": 0.001878963655791621, "13110_13104": 0.0007771193849655154, "13110_13105": 6.10593802472905e-05, "13110_13106": 8.603821762118205e-05, "13110_13107": 6.661023299704417e-05, "13110_13108": 0.0002137078308655167, "13110_13109": 0.004887525846158116, "13110_13111": 0.0027532229638778257, "13110_13112": 0.010146958826549729, "13110_13113": 0.006025450659857621, "13110_13114": 0.00029419519573694507,