{"13101_13102": 0.02596168754267844, "13101_13103": 0.02326325547026282, "13101_13104": 0.02266616964494836, "13101_13105": 0.015761746261615958, "13101_13106": 0.014778698880711488, "13101_13107": 0.0034604587334523106, "13101_13108": 0.0059609618030012634, "13101_13109": 0.002127736780816721, "13101_13110": 0.0007356361273211299, "13101_13111": 0.0016790977076522652, "13101_13112": 0.0023454586839700598, "13101_13113": 0.004311553445778999, "13101_13114": 0.00143498527078337, "13101_13115": 0.0017945562926578236, "13101_13116": 0.0026159616545545113, "13101_13117": 0.0022860799831100585, "13101_13118": 0.0016296154569355973, "13101_13119": 0.001491065154928927, "13101_13120": 0.0011018047826244727, "13101_13121": 0.002863372908137851, "13101_13122": 0.0014019971036389248, "13101_13123": 0.0024741125358333964, "13102_13101": 0.029775119664576317, "13102_13103": 0.015883802480050405, "13102_13104": 0.0021739202148189445, "13102_13105": 0.0011677811169133632, "13102_13106": 0.00482946766994679, "13102_13107": 0.006703195563751282, "13102_13108": 0.01939044464750494, "13102_13109": 0.0015174556886444833, "13102_13110": 0.0005179142241677911, "13102_13111": 0.0012832397019189217, "13102_13112": 0.0009698521140466915, "13102_13113": 0.0015207545053589277, "13102_13114": 0.0004024556391622325, "13102_13115": 0.0004288461728777887, "13102_13116": 0.0006828550598900174, "13102_13117": 0.0005443047578833472, "13102_13118": 0.0007323373106066853, "13102_13119": 0.00045193788987890046, "13102_13120": 0.0004222485394488997, "13102_13121": 0.0015372485889311503, "13102_13122": 0.0010622189820511383, "13102_13123": 0.001946301861522272, "13103_13101": 0.021861258366623892, "13103_13102": 0.015725459277757068, "13103_13104": 0.008797944177423559, "13103_13105": 0.0013986982869244801, "13103_13106": 0.00209804743038672, "13103_13107": 0.0014118935537822583, "13103_13108": 0.004677722101082342, "13103_13109": 0.021112426972444982, "13103_13110": 0.0035792161351723135, "13103_13111": 0.005495828646264585, "13103_13112": 0.002959038592856742, "13103_13113": 0.019984231656104957, "13103_13114": 0.0007290384938922409, "13103_13115": 0.0007323373106066853, "13103_13116": 0.0010259319981922484, "13103_13117": 0.0010886095157666945, "13103_13118": 0.0008115089117533541, "13103_13119": 0.0006432692593166831, "13103_13120": 0.0005772929250277925, "13103_13121": 0.0011809763837711412, "13103_13122": 0.0008247041786111322, "13103_13123": 0.0011644823001989186, "13104_13101": 0.016108122016632635, "13104_13102": 0.0025796746706956216, "13104_13103": 0.007250799138349074, "13104_13105": 0.010186746014204705, "13104_13106": 0.0014085947370678137, "13104_13107": 0.0008576923457555774, "13104_13108": 0.0019265089612356047, "13104_13109": 0.001428387637354481, "13104_13110": 0.0009830473809044696, "13104_13111": 0.0006267751757444604, "13104_13112": 0.003302115531158973, "13104_13113": 0.021923935884198338, "13104_13114": 0.019420133997934942, "13104_13115": 0.004700813818083453, "13104_13116": 0.014425725492265925, "13104_13117": 0.0017054882413678214, "13104_13118": 0.0005772929250277925, "13104_13119": 0.0020716568966711642, "13104_13120": 0.004205991310916774, "13104_13121": 0.0007950148281811314, "13104_13122": 0.0003001923210144521, "13104_13123": 0.0006597633428889057, "13105_13101": 0.011753683953565856, "13105_13102": 0.0013953994702100357, "13105_13103": 0.0013492160362078122, "13105_13104": 0.007491612758503525, "13105_13106": 0.008534038840267997, "13105_13107": 0.000623476359030016, "13105_13108": 0.0009203698633300236, "13105_13109": 0.0002408136201544506, "13105_13110": 0.00010886095157666944, "13105_13111": 0.00016494083572222642, "13105_13112": 0.0002639053371555623, "13105_13113": 0.0005146154074533465, "13105_13114": 0.00035957102187445363, "13105_13115": 0.00022431953658222796, "13105_13116": 0.015184453336588166, "13105_13117": 0.004704112634797898, "13105_13118": 0.002282781166395614, "13105_13119": 0.0018143491929444907, "13105_13120": 0.000860991162470022, "13105_13121": 0.0013195266857778114, "13105_13122": 0.00039585800573334345, "13105_13123": 0.0002836982374422295, "13106_13101": 0.010232929448206928, "13106_13102": 0.0041894972273445515, "13106_13103": 0.0021871154816767227, "13106_13104": 0.0013096302356344779, "13106_13105": 0.007300281389065742, "13106_13107": 0.010298905782495819, "13106_13108": 0.001590029656362263, "13106_13109": 0.000623476359030016, "13106_13110": 5.278106743111246e-05, "13106_13111": 0.0004585355233077895, "13106_13112": 0.00015504438557889286, "13106_13113": 0.0005542012080266808, "13106_13114": 0.00019133136943778265, "13106_13115": 0.0001946301861522272, "13106_13116": 0.0009764497474755805, "13106_13117": 0.0024114350182589503, "13106_13118": 0.013056716555771444, "13106_13119": 0.00041894972273445513, "13106_13120": 0.00021772190315333888, "13106_13121": 0.003988269407763435, "13106_13122": 0.0018572338102322697, "13106_13123": 0.0007785207446089088, "13107_13101": 0.003156967595723414, "13107_13102": 0.004621642216936785, "13107_13103": 0.001491065154928927, "13107_13104": 0.0009137722299011345, "13107_13105": 0.0007026479601766846, "13107_13106": 0.007890769580951312, "13107_13108": 0.014118935537822582, "13107_13109": 0.000399156822447788, "13107_13110": 6.92751510033351e-05, "13107_13111": 0.0002968935043000076, "13107_13112": 0.00016494083572222642, "13107_13113": 0.0004585355233077895, "13107_13114": 9.23668680044468e-05, "13107_13115": 0.00010226331814778038, "13107_13116": 0.00022761835329667248, "13107_13117": 0.0003529733884455646, "13107_13118": 0.0013426184027789231, "13107_13119": 0.00012535503514889208, "13107_13120": 5.937870086000152e-05, "13107_13121": 0.002216804832106723, "13107_13122": 0.008755059560135779, "13107_13123": 0.00536057716097236, "13108_13101": 0.0056442753984145885, "13108_13102": 0.015468151574030396, "13108_13103": 0.004746997252085677, "13108_13104": 0.001778062209085601, "13108_13105": 0.0008840828794711337, "13108_13106": 0.0016494083572222643, "13108_13107": 0.01385503020066702, "13108_13109": 0.0022135060153922787, "13108_13110": 0.0003232840380155638, "13108_13111": 0.0018077515595156018, "13108_13112": 0.0005344083077400137, "13108_13113": 0.0011446893999122515, "13108_13114": 0.00030678995444334117, "13108_13115": 0.0002935946875855631, "13108_13116": 0.0006003846420289042, "13108_13117": 0.00036616865530334267, "13108_13118": 0.00045193788987890046, "13108_13119": 0.0003529733884455646, "13108_13120": 0.00020782545301000532, "13108_13121": 0.0008313018120400213, "13108_13122": 0.0014085947370678137, "13108_13123": 0.02113881750616054, "13109_13101": 0.0020551628130989416, "13109_13102": 0.0018011539260867127, "13109_13103": 0.01781031144128601, "13109_13104": 0.001484467521500038, "13109_13105": 0.00025071007029778416, "13109_13106": 0.00048492605702334573, "13109_13107": 0.00037606510544667626, "13109_13108": 0.0022662870828233915, "13109_13110": 0.00833281102068688, "13109_13111": 0.024609172689756185, "13109_13112": 0.0018011539260867127, "13109_13113": 0.0033153107980167513, "13109_13114": 0.0003100887711577857, "13109_13115": 0.0003529733884455646, "13109_13116": 0.0006069822754577932, "13109_13117": 0.000343076938302231, "13109_13118": 0.0001847337360088936, "13109_13119": 0.00033977812158778644, "13109_13120": 0.00019792900286667173, "13109_13121": 0.00024411243686889511, "13109_13122": 0.00015504438557889286, "13109_13123": 0.00040575445587667704, "13110_13101": 0.000804911278324465, "13110_13102": 0.0005443047578833472, "13110_13103": 0.0029557397761422978, "13110_13104": 0.0009500592137600243, "13110_13105": 4.2884617287778874e-05, "13110_13106": 9.23668680044468e-05, "13110_13107": 4.2884617287778874e-05, "13110_13108": 0.00024411243686889511, "13110_13109": 0.007356361273211299, "13110_13111": 0.0039651776907623235, "13110_13112": 0.018529453485034916, "13110_13113": 0.010002012278195811, "13110_13114": 0.0002771006040133404, "13110_13115": 0.00036616865530334267,