{"13101_13102": 0.026399478528819183, "13101_13103": 0.023456326788606645, "13101_13104": 0.022495028904778835, "13101_13105": 0.015742898905700627, "13101_13106": 0.014554445015077891, "13101_13107": 0.0035423168595846667, "13101_13108": 0.005985066961640264, "13101_13109": 0.0020444040611543477, "13101_13110": 0.0007473103411949065, "13101_13111": 0.001613136859848036, "13101_13112": 0.002475671262460659, "13101_13113": 0.003970291944850472, "13101_13114": 0.0013695202728505774, "13101_13115": 0.001599968395686011, "13101_13116": 0.0028542646071188717, "13101_13117": 0.0023275260406378805, "13101_13118": 0.0016888555287796784, "13101_13119": 0.0015242497267543686, "13101_13120": 0.0011226115698126128, "13101_13121": 0.0028806015354429213, "13101_13122": 0.001494620682389813, "13101_13123": 0.0024229974058125603, "13102_13101": 0.029424933170044378, "13102_13103": 0.016529714639381608, "13102_13104": 0.0021958413990176328, "13102_13105": 0.0012016223547847615, "13102_13106": 0.0049678031051238495, "13102_13107": 0.006834432900090863, "13102_13108": 0.01967039334202452, "13102_13109": 0.0016427659042125918, "13102_13110": 0.0005662439589670657, "13102_13111": 0.001227959283108811, "13102_13112": 0.0009448373036252782, "13102_13113": 0.001547294539037912, "13102_13114": 0.0004082223890227683, "13102_13115": 0.00037530122861770634, "13102_13116": 0.0007407261091138941, "13102_13117": 0.0005135701023189665, "13102_13118": 0.0007143891807898445, "13102_13119": 0.00039834604090124967, "13102_13120": 0.00029958255968606383, "13102_13121": 0.0014814522182277881, "13102_13122": 0.0010831061773265383, "13102_13123": 0.001985145972425236, "13103_13101": 0.022442355048130736, "13103_13102": 0.01598322337665758, "13103_13104": 0.009053319111392039, "13103_13105": 0.001428778361579689, "13103_13106": 0.0020378198290733353, "13103_13107": 0.001448531057822726, "13103_13108": 0.005287138361052951, "13103_13109": 0.02122756422918395, "13103_13110": 0.003631203992678334, "13103_13111": 0.005748034606723818, "13103_13112": 0.003282239692384677, "13103_13113": 0.020519759280475117, "13103_13114": 0.0006781759043442764, "13103_13115": 0.0008131526620050304, "13103_13116": 0.0011752854264607119, "13103_13117": 0.0011324879179341314, "13103_13118": 0.0008592422865721171, "13103_13119": 0.0006090414674936462, "13103_13120": 0.00042139085318479305, "13103_13121": 0.0011818696585417243, "13103_13122": 0.0007703551534784498, "13103_13123": 0.0012246671670683047, "13104_13101": 0.016203795151371495, "13104_13102": 0.002604063788040401, "13104_13103": 0.007637709213974374, "13104_13105": 0.010027785459381872, "13104_13106": 0.0015012049144708254, "13104_13107": 0.000941545187584772, "13104_13108": 0.0017777426618733458, "13104_13109": 0.001395857201174627, "13104_13110": 0.001043600784840464, "13104_13111": 0.0005761203070885842, "13104_13112": 0.003176891979088479, "13104_13113": 0.02257733180579149, "13104_13114": 0.019387271362540988, "13104_13115": 0.005023769077812454, "13104_13116": 0.014406299793255114, "13104_13117": 0.0016723949485771474, "13104_13118": 0.0005827045391695966, "13104_13119": 0.002172796586734089, "13104_13120": 0.004378514333873241, "13104_13121": 0.0008032763138835118, "13104_13122": 0.0003621327644556815, "13104_13123": 0.0007209734128708568, "13105_13101": 0.011808820237295724, "13105_13102": 0.0013761045049315898, "13105_13103": 0.001362936040769565, "13105_13104": 0.007631124981893362, "13105_13106": 0.0083422220466427, "13105_13107": 0.0006551310920607329, "13105_13108": 0.0008592422865721171, "13105_13109": 0.0002600771671999895, "13105_13110": 9.547136517467967e-05, "13105_13111": 0.00018106638222784076, "13105_13112": 0.00019094273034935935, "13105_13113": 0.0005333227985620037, "13105_13114": 0.0003390879521721382, "13105_13115": 0.00020081907847087794, "13105_13116": 0.014811230066237375, "13105_13117": 0.004516783207574501, "13105_13118": 0.002452626450177116, "13105_13119": 0.0018765061430885315, "13105_13120": 0.0008625344026126233, "13105_13121": 0.0012477119793518482, "13105_13122": 0.000454312013589855, "13105_13123": 0.0003390879521721382, "13106_13101": 0.010208851841609714, "13106_13102": 0.003924202320283386, "13106_13103": 0.0021662123546530767, "13106_13104": 0.0013991493172151332, "13106_13105": 0.006913443685063011, "13106_13107": 0.010686208667483111, "13106_13108": 0.0015736314673619617, "13106_13109": 0.0006156256995746586, "13106_13110": 0.00011851617745822304, "13106_13111": 0.00035225641633416296, "13106_13112": 0.00020081907847087794, "13106_13113": 0.0006320862797771896, "13106_13114": 0.00016131368598480358, "13106_13115": 0.0001547294539037912, "13106_13116": 0.0011324879179341314, "13106_13117": 0.002403244709569523, "13106_13118": 0.012898510646703274, "13106_13119": 0.0003950539248607435, "13106_13120": 0.00013168464162024784, "13106_13121": 0.004022965801498571, "13106_13122": 0.0018732140270480255, "13106_13123": 0.000724265528911363, "13107_13101": 0.0033842952896403693, "13107_13102": 0.004572749180263106, "13107_13103": 0.00158350781548348, "13107_13104": 0.000806568429924018, "13107_13105": 0.0006781759043442764, "13107_13106": 0.008312593002278145, "13107_13108": 0.014379962864931064, "13107_13109": 0.0004115145050632745, "13107_13110": 7.571866893164251e-05, "13107_13111": 0.0003061667917670762, "13107_13112": 0.00020081907847087794, "13107_13113": 0.0004971095221164355, "13107_13114": 9.547136517467967e-05, "13107_13115": 9.876348121518588e-05, "13107_13116": 0.0002370323549164461, "13107_13117": 0.0003061667917670762, "13107_13118": 0.0013892729690936146, "13107_13119": 9.217924913417348e-05, "13107_13120": 9.217924913417348e-05, "13107_13121": 0.002241931023584719, "13107_13122": 0.008539749009073071, "13107_13123": 0.005468204743280791, "13108_13101": 0.005859966552101028, "13108_13102": 0.015673764468849997, "13108_13103": 0.005158745835473209, "13108_13104": 0.0018040795901973952, "13108_13105": 0.0009185003753012286, "13108_13106": 0.0015604630031999368, "13108_13107": 0.014014537984434876, "13108_13109": 0.0022155940952606696, "13108_13110": 0.0002304481228354337, "13108_13111": 0.0020279434809518165, "13108_13112": 0.0006518389760202267, "13108_13113": 0.0011193194537721066, "13108_13114": 0.0003785933446582125, "13108_13115": 0.0003094589078075824, "13108_13116": 0.0006419626278987082, "13108_13117": 0.00037200911257720013, "13108_13118": 0.0004938174060759294, "13108_13119": 0.00042139085318479305, "13108_13120": 0.00027324563136201424, "13108_13121": 0.0008855792148961667, "13108_13122": 0.0013761045049315898, "13108_13123": 0.02127365385375104, "13109_13101": 0.0019456405799391618, "13109_13102": 0.0018699219110075193, "13109_13103": 0.01818894112379673, "13109_13104": 0.0014024414332556394, "13109_13105": 0.00024361658699745847, "13109_13106": 0.0005036937541974479, "13109_13107": 0.00035554853237466916, "13109_13108": 0.002235346791503707, "13109_13110": 0.008003134094470562, "13109_13111": 0.02479292590105216, "13109_13112": 0.0019127194195340997, "13109_13113": 0.00333162143299227, "13109_13114": 0.00027982986344302665, "13109_13115": 0.0003884696927797311, "13109_13116": 0.0006090414674936462, "13109_13117": 0.0002897062115645452, "13109_13118": 0.00020081907847087794, "13109_13119": 0.00029958255968606383, "13109_13120": 0.00017119003410632217, "13109_13121": 0.00020740331055189032, "13109_13122": 0.00018106638222784076, "13109_13123": 0.0003621327644556815, "13110_13101": 0.0007670630374379436, "13110_13102": 0.000622209931655671, "13110_13103": 0.0032032289074125286, "13110_13104": 0.0008987476790581915, "13110_13105": 8.888713309366729e-05, "13110_13106": 9.876348121518588e-05, "13110_13107": 6.255020476961771e-05, "13110_13108": 0.0002172796586734089, "13110_13109": 0.00725253163723515, "13110_13111": 0.004243537576212486, "13110_13112": 0.01844901829099672, "13110_13113": 0.01046234477672869, "13110_13114": 0.0002469087030379647, "13110_13115": 0.00044443566546833644,