{"13101_13102": 0.01833783577276624, "13101_13103": 0.016861484587670655, "13101_13104": 0.013680854315219109, "13101_13105": 0.010461372695791364, "13101_13106": 0.009627363780702277, "13101_13107": 0.0033282653909611046, "13101_13108": 0.0060064182425204685, "13101_13109": 0.0022948195613941937, "13101_13110": 0.0007692566701287533, "13101_13111": 0.002017679952963969, "13101_13112": 0.0028413285088594023, "13101_13113": 0.00430213915516451, "13101_13114": 0.0015359232504590934, "13101_13115": 0.0019399772590115699, "13101_13116": 0.0027662159047054163, "13101_13117": 0.0024605853084926454, "13101_13118": 0.0017612610629210515, "13101_13119": 0.0015126124422733737, "13101_13120": 0.001214752115455843, "13101_13121": 0.0030925672193054935, "13101_13122": 0.001642116932194039, "13101_13123": 0.0026134006065990307, "13102_13101": 0.020031754500928547, "13102_13103": 0.01167871490104562, "13102_13104": 0.00194774752840681, "13102_13105": 0.001082657535736764, "13102_13106": 0.0035432428442294093, "13102_13107": 0.004351350861334363, "13102_13108": 0.013660133596831802, "13102_13109": 0.0014867115442892406, "13102_13110": 0.0005801801148445817, "13102_13111": 0.0014349097483209743, "13102_13112": 0.0010023647519859513, "13102_13113": 0.0021834457000624212, "13102_13114": 0.0004713963433112226, "13102_13115": 0.0005283783188763155, "13102_13116": 0.0007200449639589004, "13102_13117": 0.0005775900250461684, "13102_13118": 0.0007433557721446203, "13102_13119": 0.00040664409835088983, "13102_13120": 0.00033671167379373045, "13102_13121": 0.001657657470984519, "13102_13122": 0.0010852476255351774, "13102_13123": 0.00196328806719729, "13103_13101": 0.01616216034209906, "13103_13102": 0.011282431161888382, "13103_13104": 0.005716328185098177, "13103_13105": 0.001390878221747948, "13103_13106": 0.0024269141411132726, "13103_13107": 0.0015540538790479866, "13103_13108": 0.00506103546609961, "13103_13109": 0.013911372307277894, "13103_13110": 0.0029293915620054547, "13103_13111": 0.005511711091023525, "13103_13112": 0.0032117113500325055, "13103_13113": 0.01503547127978927, "13103_13114": 0.0007355855027493803, "13103_13115": 0.0008106981069033664, "13103_13116": 0.001175900768479643, "13103_13117": 0.001447860197313041, "13103_13118": 0.0009557431356145118, "13103_13119": 0.000624211641417608, "13103_13120": 0.0005490990372636219, "13103_13121": 0.0013054052584003087, "13103_13122": 0.0007200449639589004, "13103_13123": 0.0011603602296891633, "13104_13101": 0.011367904125236023, "13104_13102": 0.002191215969457661, "13104_13103": 0.005449548935861606, "13104_13105": 0.006327589377523719, "13104_13106": 0.001323535886989202, "13104_13107": 0.0009376125070256185, "13104_13108": 0.0017975223200988378, "13104_13109": 0.0014634007361035207, "13104_13110": 0.0009168917886383121, "13104_13111": 0.0007226350537573137, "13104_13112": 0.0033179050317674514, "13104_13113": 0.016229502676857806, "13104_13114": 0.01250754363653788, "13104_13115": 0.004768355318878905, "13104_13116": 0.010210133985345272, "13104_13117": 0.0017275898955416784, "13104_13118": 0.0005283783188763155, "13104_13119": 0.00197105833659253, "13104_13120": 0.003740089668908821, "13104_13121": 0.000707094514966834, "13104_13122": 0.0003289414043984905, "13104_13123": 0.0007614864007335135, "13105_13101": 0.00930878273549744, "13105_13102": 0.0012717340910209356, "13105_13103": 0.0015721845076368797, "13105_13104": 0.0052112606744075815, "13105_13106": 0.005439188576667953, "13105_13107": 0.0006319819108128479, "13105_13108": 0.0011033782541240704, "13105_13109": 0.000266779249236571, "13105_13110": 0.00011396395113018569, "13105_13111": 0.00018130628588893178, "13105_13112": 0.00029268014722070413, "13105_13113": 0.0006293918210144346, "13105_13114": 0.00040405400855247653, "13105_13115": 0.000308220686011184, "13105_13116": 0.008314188252906729, "13105_13117": 0.0029682429089816545, "13105_13118": 0.001574774597435293, "13105_13119": 0.001800112409897251, "13105_13120": 0.0009350224172272052, "13105_13121": 0.0012173422052542562, "13105_13122": 0.00041959454734295635, "13105_13123": 0.00041441436774612977, "13106_13101": 0.008016327926089197, "13106_13102": 0.003447409521688117, "13106_13103": 0.002230067316433861, "13106_13104": 0.0012691440012225223, "13106_13105": 0.004765765229080492, "13106_13107": 0.006887048773980994, "13106_13108": 0.0016395268423956258, "13106_13109": 0.000707094514966834, "13106_13110": 0.00010360359193653244, "13106_13111": 0.0005439188576667953, "13106_13112": 0.00015281529810638535, "13106_13113": 0.0008702701722668725, "13106_13114": 0.0002175675430667181, "13106_13115": 0.00017612610629210514, "13106_13116": 0.001191441307270123, "13106_13117": 0.0019529277080036365, "13106_13118": 0.007858332448385985, "13106_13119": 0.00038333329016517, "13106_13120": 0.00023310808185719799, "13106_13121": 0.003799661734272327, "13106_13122": 0.0018545042956639307, "13106_13123": 0.0007381755925477936, "13107_13101": 0.00310551766829756, "13107_13102": 0.0033515761991468242, "13107_13103": 0.0016343466627987992, "13107_13104": 0.0008728602620652859, "13107_13105": 0.0007226350537573137, "13107_13106": 0.006262837132563386, "13107_13108": 0.011282431161888382, "13107_13109": 0.0004636260739159827, "13107_13110": 4.1441436774612977e-05, "13107_13111": 0.00031858104520483723, "13107_13112": 0.00023051799205878466, "13107_13113": 0.0005749999352477551, "13107_13114": 0.00013727475931590548, "13107_13115": 0.00017353601649369184, "13107_13116": 0.00029009005742229084, "13107_13117": 0.0003574323921810369, "13107_13118": 0.0009712836744049916, "13107_13119": 0.00013209457971907887, "13107_13120": 0.00011137386133177238, "13107_13121": 0.002255968214417994, "13107_13122": 0.005089526453882156, "13107_13123": 0.004385022028713735, "13108_13101": 0.006034909230303014, "13108_13102": 0.012300336452664814, "13108_13103": 0.005221621033601235, "13108_13104": 0.0018519142058655174, "13108_13105": 0.0011448196908986834, "13108_13106": 0.0017172295363480253, "13108_13107": 0.010694480777648561, "13108_13109": 0.0018648646548575839, "13108_13110": 0.00028749996762387754, "13108_13111": 0.0017560808833242249, "13108_13112": 0.0005465089474652086, "13108_13113": 0.0013960584013447746, "13108_13114": 0.0003807432003667567, "13108_13115": 0.00031599095540642394, "13108_13116": 0.0007252251435557271, "13108_13117": 0.00040405400855247653, "13108_13118": 0.0004713963433112226, "13108_13119": 0.0003522522125842103, "13108_13120": 0.00029268014722070413, "13108_13121": 0.0011292791521082036, "13108_13122": 0.001447860197313041, "13108_13123": 0.014193692095304944, "13109_13101": 0.002173085340868768, "13109_13102": 0.0016835583689686522, "13109_13103": 0.01349436784973335, "13109_13104": 0.0014400899279178008, "13109_13105": 0.0002564188900429178, "13109_13106": 0.0007148647843620738, "13109_13107": 0.00037815311056834343, "13109_13108": 0.0019192565406242635, "13109_13110": 0.006169593899820506, "13109_13111": 0.016646507134402348, "13109_13112": 0.001800112409897251, "13109_13113": 0.0032013509908388523, "13109_13114": 0.00027713960843022426, "13109_13115": 0.00041700445754454306, "13109_13116": 0.000732995412950967, "13109_13117": 0.00038333329016517, "13109_13118": 0.00019684682467941162, "13109_13119": 0.0002952702370191175, "13109_13120": 0.00017353601649369184, "13109_13121": 0.00023310808185719799, "13109_13122": 0.0001864864654857584, "13109_13123": 0.00038333329016517, "13110_13101": 0.0008081080171049531, "13110_13102": 0.0006527026292001543, "13110_13103": 0.002724774467930803, "13110_13104": 0.0009686935846065783, "13110_13105": 0.00010101350213811913, "13110_13106": 8.806305314605257e-05, "13110_13107": 7.770269395239932e-05, "13110_13108": 0.00030045041661594407, "13110_13109": 0.00586655339340615, "13110_13111": 0.003064076231522947, "13110_13112": 0.012116440076977469, "13110_13113": 0.0071978595497905916, "13110_13114": 0.0002356981716556113, "13110_13115": 0.0004765765229080492,