{"13101_13102": 0.0173804935380797, "13101_13103": 0.013929304984068825, "13101_13104": 0.011517549203214768, "13101_13105": 0.009837246114582178, "13101_13106": 0.009273370819340243, "13101_13107": 0.002241913824455883, "13101_13108": 0.003272288359938132, "13101_13109": 0.0004914093938453804, "13101_13110": 0.00021060402593373447, "13101_13111": 0.0004030915765183305, "13101_13112": 0.00047555747791488425, "13101_13113": 0.001976960372474733, "13101_13114": 0.00046649924024031505, "13101_13115": 0.0003759168634946228, "13101_13116": 0.0006906906226859034, "13101_13117": 0.000769950202338384, "13101_13118": 0.001102840436878803, "13101_13119": 0.00045744100256574585, "13101_13120": 0.00027174713023707674, "13101_13121": 0.0013292963787430337, "13101_13122": 0.0003872396605878343, "13101_13123": 0.000688426063267261, "13102_13101": 0.01921025754834268, "13102_13103": 0.00909220606584886, "13102_13104": 0.0005978436865215688, "13102_13105": 0.0003940333388437613, "13102_13106": 0.002914487971792648, "13102_13107": 0.0039765663391358895, "13102_13108": 0.011800619130545057, "13102_13109": 0.0004823511561708112, "13102_13110": 0.00010416973325754608, "13102_13111": 0.00031703831860992285, "13102_13112": 0.00023098506070151522, "13102_13113": 0.0006929551821045456, "13102_13114": 7.69950202338384e-05, "13102_13115": 0.00012228620860668454, "13102_13116": 0.00015625459988631913, "13102_13117": 0.00012455076802532684, "13102_13118": 0.00043479540837932274, "13102_13119": 7.24659013965538e-05, "13102_13120": 0.00018569387232866908, "13102_13121": 0.00046423468082167275, "13102_13122": 0.000332890234540419, "13102_13123": 0.0006408703154757727, "13103_13101": 0.013055185048472895, "13103_13102": 0.009305074651201235, "13103_13104": 0.0033696644149397515, "13103_13105": 0.0005933145676842842, "13103_13106": 0.0005887854488469996, "13103_13107": 0.0007405109298960341, "13103_13108": 0.002094717462244133, "13103_13109": 0.012998571063006836, "13103_13110": 0.0010416973325754607, "13103_13111": 0.002590655974926798, "13103_13112": 0.0010552846890873146, "13103_13113": 0.01212671568682955, "13103_13114": 0.00017890019407274218, "13103_13115": 0.00018569387232866908, "13103_13116": 0.00024230785779472675, "13103_13117": 0.000251366095469296, "13103_13118": 0.0002241913824455883, "13103_13119": 0.0001449318027931076, "13103_13120": 0.00017210651581681525, "13103_13121": 0.0002468369766320114, "13103_13122": 0.00017437107523545755, "13103_13123": 0.0003827105417505497, "13104_13101": 0.010518878499593511, "13104_13102": 0.000636341196638488, "13104_13103": 0.003306256751217767, "13104_13105": 0.006814059290694699, "13104_13106": 0.00042800173012339584, "13104_13107": 0.00031250919977263825, "13104_13108": 0.000384975101169192, "13104_13109": 0.0003396839127963459, "13104_13110": 0.00028306992733028824, "13104_13111": 0.00017663563465409988, "13104_13112": 0.0010371682137381762, "13104_13113": 0.016236891031665333, "13104_13114": 0.012504897109742815, "13104_13115": 0.0017776791436342103, "13104_13116": 0.010029733665166773, "13104_13117": 0.0005865208894283572, "13104_13118": 0.0001517254810490345, "13104_13119": 0.0007948603559434494, "13104_13120": 0.0011368088281584377, "13104_13121": 0.0002196622636083037, "13104_13122": 9.284693616433454e-05, "13104_13123": 0.0002196622636083037, "13105_13101": 0.009282429057014813, "13105_13102": 0.0004098852547742574, "13105_13103": 0.0005208486662877304, "13105_13104": 0.006016934375332607, "13105_13106": 0.006646481893715168, "13105_13107": 0.000251366095469296, "13105_13108": 0.0002468369766320114, "13105_13109": 0.00010869885209483068, "13105_13110": 1.811647534913845e-05, "13105_13111": 0.00015625459988631913, "13105_13112": 0.00010416973325754608, "13105_13113": 0.00017663563465409988, "13105_13114": 0.00018116475349138448, "13105_13115": 0.0001517254810490345, "13105_13116": 0.00923034419038604, "13105_13117": 0.0028080536791164597, "13105_13118": 0.0014538471467683606, "13105_13119": 0.0006001082459402111, "13105_13120": 0.0002626888925625075, "13105_13121": 0.0006023728053588534, "13105_13122": 9.511149558297686e-05, "13105_13123": 0.0001494609216303922, "13106_13101": 0.00789651869280572, "13106_13102": 0.002590655974926798, "13106_13103": 0.0006046373647774957, "13106_13104": 0.00035780038814548436, "13106_13105": 0.0058901190478886385, "13106_13107": 0.00747304608151961, "13106_13108": 0.0005321714633809419, "13106_13109": 8.831781732704994e-05, "13106_13110": 2.4910153605065367e-05, "13106_13111": 8.378869848976533e-05, "13106_13112": 3.396839127963459e-05, "13106_13113": 0.00047555747791488425, "13106_13114": 5.8878544884699956e-05, "13106_13115": 4.9820307210130735e-05, "13106_13116": 0.000332890234540419, "13106_13117": 0.0016440701379343142, "13106_13118": 0.010129374279587034, "13106_13119": 6.793678255926918e-05, "13106_13120": 9.284693616433454e-05, "13106_13121": 0.0019973414072425137, "13106_13122": 0.0007563628458265302, "13106_13123": 0.000221926823026946, "13107_13101": 0.001745975311773218, "13107_13102": 0.0030435678586552594, "13107_13103": 0.0006431348748944149, "13107_13104": 0.00023777873895744212, "13107_13105": 0.00021739770418966137, "13107_13106": 0.0065785451111558995, "13107_13108": 0.012821935428352737, "13107_13109": 0.00012228620860668454, "13107_13110": 2.0381034767780753e-05, "13107_13111": 5.434942604741534e-05, "13107_13112": 4.529118837284612e-05, "13107_13113": 0.00016304827814224603, "13107_13114": 4.3026628954203814e-05, "13107_13115": 1.811647534913845e-05, "13107_13116": 7.24659013965538e-05, "13107_13117": 7.24659013965538e-05, "13107_13118": 0.0011186923528092993, "13107_13119": 2.264559418642306e-05, "13107_13120": 2.4910153605065367e-05, "13107_13121": 0.001324767259905749, "13107_13122": 0.004730664625543777, "13107_13123": 0.0036595280205259668, "13108_13101": 0.0028737259022570865, "13108_13102": 0.010718159728434035, "13108_13103": 0.00218982895782711, "13108_13104": 0.0003736523040759805, "13108_13105": 0.00024230785779472675, "13108_13106": 0.0006182247212893495, "13108_13107": 0.012366758985205633, "13108_13109": 0.0009737605500161916, "13108_13110": 8.152413907112301e-05, "13108_13111": 0.0007858021182688802, "13108_13112": 0.00020381034767780754, "13108_13113": 0.00036459406640141126, "13108_13114": 7.925957965248071e-05, "13108_13115": 5.8878544884699956e-05, "13108_13116": 0.00012907988686261144, "13108_13117": 9.058237674569224e-05, "13108_13118": 0.00012455076802532684, "13108_13119": 0.000110963411513473, "13108_13120": 0.00010190517383890377, "13108_13121": 0.0003306256751217767, "13108_13122": 0.0006295475183825611, "13108_13123": 0.012135773924504118, "13109_13101": 0.0005367005822182265, "13109_13102": 0.0005185841068690881, "13109_13103": 0.012905724126842502, "13109_13104": 0.00036006494756412666, "13109_13105": 0.00010190517383890377, "13109_13106": 8.152413907112301e-05, "13109_13107": 0.00013813812453718067, "13109_13108": 0.0009669668717602647, "13109_13110": 0.007008811400697937, "13109_13111": 0.01582021209863515, "13109_13112": 0.0005208486662877304, "13109_13113": 0.0017074778016562988, "13109_13114": 7.69950202338384e-05, "13109_13115": 9.737605500161916e-05, "13109_13116": 0.00016757739697953065, "13109_13117": 7.47304608151961e-05, "13109_13118": 4.0762069535561506e-05, "13109_13119": 0.000110963411513473, "13109_13120": 6.340766372198457e-05, "13109_13121": 0.0001132279709321153, "13109_13122": 4.529118837284612e-05, "13109_13123": 0.0001449318027931076, "13110_13101": 0.00020381034767780754, "13110_13102": 0.00013587356511853837, "13110_13103": 0.001125486031065226, "13110_13104": 0.0003351547939590613, "13110_13105": 3.84975101169192e-05, "13110_13106": 2.717471302370767e-05, "13110_13107": 2.264559418642306e-05, "13110_13108": 6.340766372198457e-05, "13110_13109": 0.006309062540337465, "13110_13111": 0.0026450054009742137, "13110_13112": 0.01285590381963237, "13110_13113": 0.00783764014792102, "13110_13114": 0.00012681532744396914,