{"13101_13102": 0.014754906322944546, "13101_13103": 0.012064728552164122, "13101_13104": 0.012081841642309035, "13101_13105": 0.008895384257326115, "13101_13106": 0.009610711425383504, "13101_13107": 0.0027757432215049934, "13101_13108": 0.004011308329967759, "13101_13109": 0.0014956840786654528, "13101_13110": 0.0005749998288690985, "13101_13111": 0.001444344808230712, "13101_13112": 0.0014614578983756254, "13101_13113": 0.00302217171959175, "13101_13114": 0.0009686009022021124, "13101_13115": 0.001023362790665836, "13101_13116": 0.0018755946798825356, "13101_13117": 0.0014751483704915564, "13101_13118": 0.0011910710740859899, "13101_13119": 0.001149999657738197, "13101_13120": 0.0006263390993038395, "13101_13121": 0.0018447911176216912, "13101_13122": 0.0010267854086948188, "13101_13123": 0.001707886396462382, "13102_13101": 0.01563794177442209, "13102_13103": 0.009063092540746267, "13102_13104": 0.0015196424048683319, "13102_13105": 0.0007324402582023042, "13102_13106": 0.0029639872130990436, "13102_13107": 0.003870980990779467, "13102_13108": 0.01191413335888888, "13102_13109": 0.0011294639495643007, "13102_13110": 0.0005133927043474094, "13102_13111": 0.0009549104300861815, "13102_13112": 0.0005715772108401159, "13102_13113": 0.0011842258380280245, "13102_13114": 0.0002635415882316702, "13102_13115": 0.00021220231779692922, "13102_13116": 0.0003764879831881002, "13102_13117": 0.00028065467837658383, "13102_13118": 0.0003936010733330139, "13102_13119": 0.00027380944231861833, "13102_13120": 0.0001745535194781192, "13102_13121": 0.0009275294858543197, "13102_13122": 0.0006845236057965459, "13102_13123": 0.0013895829197669881, "13103_13101": 0.012211901127410378, "13103_13102": 0.008946723527760854, "13103_13104": 0.0059382422802850355, "13103_13105": 0.000989136610376009, "13103_13106": 0.0016291661817957792, "13103_13107": 0.000999404464462957, "13103_13108": 0.0033849692306639196, "13103_13109": 0.012280353487990033, "13103_13110": 0.0026217254102007706, "13103_13111": 0.004339879660750101, "13103_13112": 0.002341070731824187, "13103_13113": 0.011825145290135331, "13103_13114": 0.0003936010733330139, "13103_13115": 0.0005236605584343576, "13103_13116": 0.0007666664384921314, "13103_13117": 0.0006502974255067186, "13103_13118": 0.0005613093567531677, "13103_13119": 0.00043124987165182394, "13103_13120": 0.00022247017188387741, "13103_13121": 0.0007529759663762004, "13103_13122": 0.0005236605584343576, "13103_13123": 0.0007153271680573905, "13104_13101": 0.010326038593440895, "13104_13102": 0.0014580352803466427, "13104_13103": 0.005657587601908451, "13104_13105": 0.006612498031994633, "13104_13106": 0.0012732139067815754, "13104_13107": 0.0007529759663762004, "13104_13108": 0.001252678198607679, "13104_13109": 0.000948065194028216, "13104_13110": 0.0009925592284049916, "13104_13111": 0.0005784224468980812, "13104_13112": 0.003049552663823612, "13104_13113": 0.016637346238885048, "13104_13114": 0.013868448253438019, "13104_13115": 0.004216665411706723, "13104_13116": 0.010726484902831875, "13104_13117": 0.0011808032199990416, "13104_13118": 0.0004860117601155476, "13104_13119": 0.001557291203187142, "13104_13120": 0.003046130045794629, "13104_13121": 0.0005133927043474094, "13104_13122": 0.0002874999144345493, "13104_13123": 0.0005270831764633404, "13105_13101": 0.007714581037327072, "13105_13102": 0.0008624997433036479, "13105_13103": 0.0010336306447527844, "13105_13104": 0.005958777988458932, "13105_13106": 0.006239432666835516, "13105_13107": 0.000581845064927064, "13105_13108": 0.0006468748074777359, "13105_13109": 0.00019508922765201558, "13105_13110": 0.00010267854086948189, "13105_13111": 0.00010952377692744735, "13105_13112": 0.000253273734144722, "13105_13113": 0.0004688986699706339, "13105_13114": 0.00028065467837658383, "13105_13115": 0.00012321424904337825, "13105_13116": 0.009607288807354522, "13105_13117": 0.003114582406374284, "13105_13118": 0.0017694935209840712, "13105_13119": 0.001444344808230712, "13105_13120": 0.0004894343781445303, "13105_13121": 0.0009343747219122851, "13105_13122": 0.0002464284980867565, "13105_13123": 0.00020193446370998103, "13106_13101": 0.007427081122892523, "13106_13102": 0.0029639872130990436, "13106_13103": 0.001581249529390021, "13106_13104": 0.0011534222757671798, "13106_13105": 0.0056199388035896415, "13106_13107": 0.008953568763818821, "13106_13108": 0.0014203864820278326, "13106_13109": 0.00048258914208656486, "13106_13110": 8.556545072456824e-05, "13106_13111": 0.0004072915454489448, "13106_13112": 0.00019508922765201558, "13106_13113": 0.0005921129190140122, "13106_13114": 0.00016086304736218828, "13106_13115": 0.00012321424904337825, "13106_13116": 0.001023362790665836, "13106_13117": 0.001796874465215933, "13106_13118": 0.009384818635470644, "13106_13119": 0.0003593748930431866, "13106_13120": 0.0001848213735650674, "13106_13121": 0.0035218739518232288, "13106_13122": 0.0017284221046362784, "13106_13123": 0.0007735116745500968, "13107_13101": 0.0026764872986644946, "13107_13102": 0.0031316954965191976, "13107_13103": 0.0010062497005209224, "13107_13104": 0.0007255950221443387, "13107_13105": 0.0006502974255067186, "13107_13106": 0.00772484889141402, "13107_13108": 0.011828567908164313, "13107_13109": 0.0003559522750142039, "13107_13110": 0.00011294639495643007, "13107_13111": 0.00033199394881132475, "13107_13112": 0.0002087796997679465, "13107_13113": 0.000455208197854703, "13107_13114": 7.529759663762005e-05, "13107_13115": 0.00016086304736218828, "13107_13116": 0.00023616064399980833, "13107_13117": 0.0003046130045794629, "13107_13118": 0.0013895829197669881, "13107_13119": 0.000126636867072361, "13107_13120": 7.187497860863732e-05, "13107_13121": 0.0021528267402301368, "13107_13122": 0.006229164812748568, "13107_13123": 0.00432618918863417, "13108_13101": 0.0038675583727504842, "13108_13102": 0.010339729065556826, "13108_13103": 0.003456844209272557, "13108_13104": 0.0012937496149554718, "13108_13105": 0.0006297617173328222, "13108_13106": 0.001440922190201729, "13108_13107": 0.011414431126657403, "13108_13109": 0.0016188983277088311, "13108_13110": 0.0002566963521737047, "13108_13111": 0.001632588799824762, "13108_13112": 0.00041413678150691025, "13108_13113": 0.0007940473827239932, "13108_13114": 0.00022589278991286014, "13108_13115": 0.00016086304736218828, "13108_13116": 0.00034226180289827294, "13108_13117": 0.0002635415882316702, "13108_13118": 0.00022931540794184289, "13108_13119": 0.0001882439915940501, "13108_13120": 0.00010267854086948189, "13108_13121": 0.0007324402582023042, "13108_13122": 0.0012047615462019209, "13108_13123": 0.015631096538364125, "13109_13101": 0.0013553567394771608, "13109_13102": 0.0012218746363468343, "13109_13103": 0.011325443057903851, "13109_13104": 0.001201338928172938, "13109_13105": 0.00020535708173896378, "13109_13106": 0.0004688986699706339, "13109_13107": 0.00031830347669539386, "13109_13108": 0.0013758924476510572, "13109_13110": 0.006694640864690219, "13109_13111": 0.017599101905029196, "13109_13112": 0.00156755905727409, "13109_13113": 0.002792856311649907, "13109_13114": 0.00021562493582591197, "13109_13115": 0.00024985111611573925, "13109_13116": 0.00042098201756487574, "13109_13117": 0.0002327380259708256, "13109_13118": 0.00015744042933320555, "13109_13119": 0.00023616064399980833, "13109_13120": 0.0001163690129854128, "13109_13121": 0.00014717257524625736, "13109_13122": 0.0001505951932752401, "13109_13123": 0.0003696427471301348, "13110_13101": 0.000568154592811133, "13110_13102": 0.00040386892741996205, "13110_13103": 0.0024369040366357033, "13110_13104": 0.0008008926187819587, "13110_13105": 9.583330481151643e-05, "13110_13106": 0.00010610115889846461, "13110_13107": 6.160712452168912e-05, "13110_13108": 0.0002566963521737047, "13110_13109": 0.006578271851704806, "13110_13111": 0.0035355644239391595, "13110_13112": 0.0148233586835242, "13110_13113": 0.00831353919239905, "13110_13114": 0.0002840772964055665,