{"13101_13102": 0.014680982601344957, "13101_13103": 0.013969391488663748, "13101_13104": 0.011647888567859801, "13101_13105": 0.008884795417555104, "13101_13106": 0.008041988922393672, "13101_13107": 0.0025990739222044182, "13101_13108": 0.005213288080848862, "13101_13109": 0.0019909410918633845, "13101_13110": 0.0006686937761011367, "13101_13111": 0.00179411801814305, "13101_13112": 0.002601597294944423, "13101_13113": 0.003451973908325868, "13101_13114": 0.0013474810431622908, "13101_13115": 0.0017991647636230587, "13101_13116": 0.0022760822114838695, "13101_13117": 0.0023795404938240453, "13101_13118": 0.0017133700904629126, "13101_13119": 0.001620005299082754, "13101_13120": 0.0012339292698620977, "13101_13121": 0.003144122434045345, "13101_13122": 0.0014736496801625051, "13101_13123": 0.002500662385344251, "13102_13101": 0.016043603880947273, "13102_13103": 0.009697321439836485, "13102_13104": 0.0017285103269029385, "13102_13105": 0.0010320594506617545, "13102_13106": 0.0032980481711856065, "13102_13107": 0.003984405556466774, "13102_13108": 0.012485648317541226, "13102_13109": 0.0015695378442826683, "13102_13110": 0.0005248615299208923, "13102_13111": 0.0013348641794622693, "13102_13112": 0.0008579467316014585, "13102_13113": 0.001584678080722694, "13102_13114": 0.0004592538386807807, "13102_13115": 0.000383552656480652, "13102_13116": 0.0006914041307611754, "13102_13117": 0.0006560769124011153, "13102_13118": 0.0006661704033611325, "13102_13119": 0.0003734591655206349, "13102_13120": 0.00031542159250053624, "13102_13121": 0.0018420621002031316, "13102_13122": 0.0011506579694419562, "13102_13123": 0.002107016237903582, "13103_13101": 0.013272940612422564, "13103_13102": 0.009714985049016515, "13103_13104": 0.0049079599793083436, "13103_13105": 0.0012944902156222006, "13103_13106": 0.0021549603199636632, "13103_13107": 0.001453462698242471, "13103_13108": 0.0045698280321477686, "13103_13109": 0.012702658373181595, "13103_13110": 0.002180194047363706, "13103_13111": 0.005379830681689146, "13103_13112": 0.0027807567594847274, "13103_13113": 0.011862375250760166, "13103_13114": 0.0007040209944611968, "13103_13115": 0.0007090677399412054, "13103_13116": 0.0011481345967019518, "13103_13117": 0.001367668025082325, "13103_13118": 0.001019442586961733, "13103_13119": 0.0006030860848610253, "13103_13120": 0.0004668239569007936, "13103_13121": 0.0012339292698620977, "13103_13122": 0.0007292547218612398, "13103_13123": 0.001062339923541806, "13104_13101": 0.009886574395336807, "13104_13102": 0.0020161748192634274, "13104_13103": 0.0046404824688678886, "13104_13105": 0.006066188066970312, "13104_13106": 0.0012162656606820677, "13104_13107": 0.0008680402225614757, "13104_13108": 0.0017865478999230372, "13104_13109": 0.001445892580022458, "13104_13110": 0.0008226195132413984, "13104_13111": 0.000635889930481081, "13104_13112": 0.0027277659319446374, "13104_13113": 0.01244779772644116, "13104_13114": 0.010166668769477282, "13104_13115": 0.0038279564465865073, "13104_13116": 0.008415448087914307, "13104_13117": 0.0015998183171627197, "13104_13118": 0.0005273849026608965, "13104_13119": 0.0017663609180030028, "13104_13120": 0.00344692716284586, "13104_13121": 0.0007595351947412912, "13104_13122": 0.0002927112378404976, "13104_13123": 0.0007040209944611968, "13105_13101": 0.008125260222813813, "13105_13102": 0.0011456112239619475, "13105_13103": 0.0014181354798824108, "13105_13104": 0.005122446662208708, "13105_13106": 0.004860015897248262, "13105_13107": 0.0005702822392409695, "13105_13108": 0.0009386946592815958, "13105_13109": 0.0002649541377004504, "13105_13110": 8.831804590015014e-05, "13105_13111": 0.00011859851878020162, "13105_13112": 0.0002649541377004504, "13105_13113": 0.0005551420028009437, "13105_13114": 0.0002952346105805019, "13105_13115": 0.00028766449236048905, "13105_13116": 0.00764077265673299, "13105_13117": 0.002864028059904869, "13105_13118": 0.001481219798382518, "13105_13119": 0.0018647724548631701, "13105_13120": 0.0009159843046215571, "13105_13121": 0.0012944902156222006, "13105_13122": 0.00032551508346055337, "13105_13123": 0.00036336567456061775, "13106_13101": 0.006883760834731702, "13106_13102": 0.0033207585258456453, "13106_13103": 0.002175147301883698, "13106_13104": 0.001218789033422072, "13106_13105": 0.00426449993060725, "13106_13107": 0.006485067941811025, "13106_13108": 0.0016023416899027239, "13106_13109": 0.0007115911126812097, "13106_13110": 8.327130042014156e-05, "13106_13111": 0.0004844875660808236, "13106_13112": 0.00017663609180030028, "13106_13113": 0.0006560769124011153, "13106_13114": 0.0002447671557804161, "13106_13115": 9.84115368601673e-05, "13106_13116": 0.000966451759421643, "13106_13117": 0.001915239909663256, "13106_13118": 0.007673576502353045, "13106_13119": 0.0004971044297808451, "13106_13120": 0.00020691656468035176, "13106_13121": 0.003512534854085971, "13106_13122": 0.0016780428721028526, "13106_13123": 0.0007696286857013084, "13107_13101": 0.0027580464048246886, "13107_13102": 0.0032551508346055336, "13107_13103": 0.001559444353322651, "13107_13104": 0.0008200961405013941, "13107_13105": 0.0005828991029409909, "13107_13106": 0.005952636293670119, "13107_13108": 0.010509847462117868, "13107_13109": 0.0004895343115608322, "13107_13110": 5.803757302009866e-05, "13107_13111": 0.0003078514742805234, "13107_13112": 0.00014383224618024453, "13107_13113": 0.00048196419334081936, "13107_13114": 0.00013626212796023163, "13107_13115": 0.00013373875522022736, "13107_13116": 0.00022710354660038608, "13107_13117": 0.0003457020653805877, "13107_13118": 0.001080003532721836, "13107_13119": 0.00018168283728030887, "13107_13120": 3.532721836006006e-05, "13107_13121": 0.0023694470028640282, "13107_13122": 0.004819641933408193, "13107_13123": 0.004135807920867031, "13108_13101": 0.005473195473069304, "13108_13102": 0.011130597156158922, "13108_13103": 0.004610201995987838, "13108_13104": 0.001854678963903153, "13108_13105": 0.0010244893324417416, "13108_13106": 0.0017209402086829256, "13108_13107": 0.01061078237171804, "13108_13109": 0.002197857656543736, "13108_13110": 0.00028261774688048046, "13108_13111": 0.0021726239291436937, "13108_13112": 0.0005677588665009652, "13108_13113": 0.0012440227608221147, "13108_13114": 0.00031542159250053624, "13108_13115": 0.00028514111962048473, "13108_13116": 0.0007115911126812097, "13108_13117": 0.00037598253826063915, "13108_13118": 0.0004592538386807807, "13108_13119": 0.0003785059110006435, "13108_13120": 0.00011607514604019733, "13108_13121": 0.0011254242420419133, "13108_13122": 0.001496360034822544, "13108_13123": 0.013911353915643649, "13109_13101": 0.0020767357650235303, "13109_13102": 0.0016099118081227368, "13109_13103": 0.012677424645781551, "13109_13104": 0.0013853316342623552, "13109_13105": 0.00028261774688048046, "13109_13106": 0.0007090677399412054, "13109_13107": 0.0004415902295007507, "13109_13108": 0.002149913574483655, "13109_13110": 0.005531233046089403, "13109_13111": 0.0174718328517897, "13109_13112": 0.00175879079978299, "13109_13113": 0.0027378594229046545, "13109_13114": 0.0003608423018206134, "13109_13115": 0.00033560857442057056, "13109_13116": 0.0007014976217211926, "13109_13117": 0.0003885994019606606, "13109_13118": 0.00027252425592046327, "13109_13119": 0.00032803845620055764, "13109_13120": 0.00013373875522022736, "13109_13121": 0.00016401922810027882, "13109_13122": 0.00016149585536027455, "13109_13123": 0.000426449993060725, "13110_13101": 0.0006686937761011367, "13110_13102": 0.0005904692211610038, "13110_13103": 0.0021473902017436508, "13110_13104": 0.0007948624131013512, "13110_13105": 0.00011102840056018875, "13110_13106": 7.57011822001287e-05, "13110_13107": 4.79440820600815e-05, "13110_13108": 0.00025486064674043327, "13110_13109": 0.0051199232894687035, "13110_13111": 0.002707578950024603, "13110_13112": 0.010224706342497381, "13110_13113": 0.0060081504939502135, "13110_13114": 0.00025990739222044187, "13110_13115": 0.0004214032475807164,