{"13101_13102": 0.029870882955442817, "13101_13103": 0.028023439799287248, "13101_13104": 0.025526186195461816, "13101_13105": 0.017317594127811597, "13101_13106": 0.015985919802317755, "13101_13107": 0.004053301940398104, "13101_13108": 0.0072324194220475145, "13101_13109": 0.0025904999460919583, "13101_13110": 0.001031537661323457, "13101_13111": 0.0021359240275426383, "13101_13112": 0.0029197760922206324, "13101_13113": 0.005131462772854824, "13101_13114": 0.0017337991765182398, "13101_13115": 0.0022146006288300208, "13101_13116": 0.003330642787832518, "13101_13117": 0.0028148739571707895, "13101_13118": 0.0020776450636260588, "13101_13119": 0.0017541968138890427, "13101_13120": 0.0015618762329643304, "13101_13121": 0.003642435244786218, "13101_13122": 0.001713401539147437, "13101_13123": 0.0027973902679958155, "13102_13101": 0.03427094473114457, "13102_13103": 0.018832847189642662, "13102_13104": 0.0025118233448045762, "13102_13105": 0.0014511462015228294, "13102_13106": 0.005361664680325313, "13102_13107": 0.007678253496009348, "13102_13108": 0.021152349953522526, "13102_13109": 0.00215923561310927, "13102_13110": 0.0006235849139074005, "13102_13111": 0.0015181670100268957, "13102_13112": 0.0010198818685401411, "13102_13113": 0.001841615259763912, "13102_13114": 0.0005536501572075052, "13102_13115": 0.0004720596077242939, "13102_13116": 0.0007663683755030203, "13102_13117": 0.0006556383440615192, "13102_13118": 0.000801335753852968, "13102_13119": 0.00039629695463274056, "13102_13120": 0.0004662317113326359, "13102_13121": 0.001824131570588938, "13102_13122": 0.0011684932265274188, "13102_13123": 0.002287449333725745, "13103_13101": 0.026120631627410927, "13103_13102": 0.01810144619248959, "13103_13104": 0.010723329360650626, "13103_13105": 0.0018270455187847671, "13103_13106": 0.002395265416971417, "13103_13107": 0.0017600247102807006, "13103_13108": 0.005507362090116762, "13103_13109": 0.02398762154806412, "13103_13110": 0.004082441422356393, "13103_13111": 0.006789499296281511, "13103_13112": 0.0036278655038070734, "13103_13113": 0.023792387018943578, "13103_13114": 0.0008304752358112578, "13103_13115": 0.0010956445216316944, "13103_13116": 0.0013957811858020788, "13103_13117": 0.0014074369785853948, "13103_13118": 0.0009412052672527587, "13103_13119": 0.0007663683755030203, "13103_13120": 0.0004895432968992677, "13103_13121": 0.0013986951339979078, "13103_13122": 0.0009645168528193905, "13103_13123": 0.0012821372061647487, "13104_13101": 0.018937749324692506, "13104_13102": 0.003164547740670266, "13104_13103": 0.009071120733615597, "13104_13105": 0.010653394603950731, "13104_13106": 0.0016288970414683967, "13104_13107": 0.0010169679203443122, "13104_13108": 0.002310760919292377, "13104_13109": 0.0017891641922389903, "13104_13110": 0.0012559116724022881, "13104_13111": 0.0007809381164821652, "13104_13112": 0.003989195080089866, "13104_13113": 0.025526186195461816, "13104_13114": 0.02040055131899865, "13104_13115": 0.00562683396614575, "13104_13116": 0.015534257831964264, "13104_13117": 0.0018853244827013466, "13104_13118": 0.0007051754633906118, "13104_13119": 0.002182547198675902, "13104_13120": 0.004979937466671717, "13104_13121": 0.000912065785294469, "13104_13122": 0.00042543643659103027, "13104_13123": 0.0009033239407069821, "13105_13101": 0.013651847297458745, "13105_13102": 0.0015239949064185538, "13105_13103": 0.0019202918610512943, "13105_13104": 0.007838520646779942, "13105_13106": 0.009071120733615597, "13105_13107": 0.0007197452043697567, "13105_13108": 0.0010140539721484832, "13105_13109": 0.0002739111304079236, "13105_13110": 0.00013112766881230386, "13105_13111": 0.00020397637370802823, "13105_13112": 0.0002943087677787264, "13105_13113": 0.0006672941368448352, "13105_13114": 0.0003846411618494246, "13105_13115": 0.00018940663272888335, "13105_13116": 0.01500391926032339, "13105_13117": 0.004671058957913846, "13105_13118": 0.0024156630543422197, "13105_13119": 0.002179633250480073, "13105_13120": 0.001034451609519286, "13105_13121": 0.0015997575595101071, "13105_13122": 0.00041960854019937235, "13105_13123": 0.0003555016798911349, "13106_13101": 0.011376053756516317, "13106_13102": 0.004557414978276516, "13106_13103": 0.0024652001736713124, "13106_13104": 0.0014394904087395135, "13106_13105": 0.007381030780034792, "13106_13107": 0.010679620137713192, "13106_13108": 0.0017687665548681876, "13106_13109": 0.0007372288935447305, "13106_13110": 0.00011947187602898795, "13106_13111": 0.0006410686030823744, "13106_13112": 0.00016900899535808052, "13106_13113": 0.0008217333912237708, "13106_13114": 0.00016609504716225154, "13106_13115": 0.00015443925437893564, "13106_13116": 0.00116557927833159, "13106_13117": 0.0025322209821753787, "13106_13118": 0.013631449660087943, "13106_13119": 0.0004021248510243985, "13106_13120": 0.0002505995448412918, "13106_13121": 0.004388405982918436, "13106_13122": 0.0021534077167176123, "13106_13123": 0.0008974960443153242, "13107_13101": 0.003960055598131576, "13107_13102": 0.0053179554573878785, "13107_13103": 0.0018998942236804915, "13107_13104": 0.0009499471118402458, "13107_13105": 0.0007343149453489016, "13107_13106": 0.008453363716099855, "13107_13108": 0.014791201042027875, "13107_13109": 0.0005449083126200183, "13107_13110": 8.159054948321129e-05, "13107_13111": 0.0003671574726744508, "13107_13112": 0.00021563216649134412, "13107_13113": 0.0006002733283407688, "13107_13114": 0.00013404161700813282, "13107_13115": 9.907423865818514e-05, "13107_13116": 0.000230201907470489, "13107_13117": 0.0003788132654577667, "13107_13118": 0.0014686298906978032, "13107_13119": 0.00011364397963733, "13107_13120": 4.662317113326359e-05, "13107_13121": 0.0025089093966087473, "13107_13122": 0.00920807629881956, "13107_13123": 0.005819154547070462, "13108_13101": 0.006874003793960551, "13108_13102": 0.017093220116732765, "13108_13103": 0.005527759727487565, "13108_13104": 0.0021242682347593226, "13108_13105": 0.0011073003144150104, "13108_13106": 0.0017425410211057268, "13108_13107": 0.014528945704403266, "13108_13109": 0.002625467324441906, "13108_13110": 0.0003729853690661087, "13108_13111": 0.002089300856409375, "13108_13112": 0.0005915314837532819, "13108_13113": 0.0014190927713687107, "13108_13114": 0.0003933830064369116, "13108_13115": 0.00034675983530364795, "13108_13116": 0.0007168312561739277, "13108_13117": 0.0004778875041159518, "13108_13118": 0.0004720596077242939, "13108_13119": 0.0003846411618494246, "13108_13120": 0.00024477164844963385, "13108_13121": 0.001046107402302602, "13108_13122": 0.0015239949064185538, "13108_13123": 0.022073157583404484, "13109_13101": 0.002637123117225222, "13109_13102": 0.0022204285252216786, "13109_13103": 0.02060161374451085, "13109_13104": 0.0018270455187847671, "13109_13105": 0.00032927614612867414, "13109_13106": 0.0006964336188031249, "13109_13107": 0.00043126433298268824, "13109_13108": 0.0025701023087211557, "13109_13110": 0.008744758535682753, "13109_13111": 0.02577678574030311, "13109_13112": 0.0021359240275426383, "13109_13113": 0.004085355370552222, "13109_13114": 0.00034675983530364795, "13109_13115": 0.00046331776313680693, "13109_13116": 0.0006702080850406641, "13109_13117": 0.0004662317113326359, "13109_13118": 0.00021854611468717308, "13109_13119": 0.00031470640514952926, "13109_13120": 0.00024768559664546284, "13109_13121": 0.0002709971822120946, "13109_13122": 0.00020397637370802823, "13109_13123": 0.0003933830064369116, "13110_13101": 0.0009820005419943643, "13110_13102": 0.0007051754633906118, "13110_13103": 0.0039221742715857995, "13110_13104": 0.001130611899981642, "13110_13105": 0.0001398695133997908, "13110_13106": 9.324634226652718e-05, "13110_13107": 7.284870489572437e-05, "13110_13108": 0.0002855669231912395, "13110_13109": 0.007730704563534269, "13110_13111": 0.004248536469518645, "13110_13112": 0.01934570207210856, "13110_13113": 0.0112536679322915, "13110_13114": 0.0002768250786037526, "13110_13115": 0.0005157688306617285,