{"13101_13102": 0.027830760110317806, "13101_13103": 0.02451542645049875, "13101_13104": 0.022704719437069875, "13101_13105": 0.016135268190839498, "13101_13106": 0.015287908858932392, "13101_13107": 0.003795396551279738, "13101_13108": 0.005844524061138748, "13101_13109": 0.002242441425883445, "13101_13110": 0.0008119184473026265, "13101_13111": 0.001717271954017063, "13101_13112": 0.002803051782354306, "13101_13113": 0.004352785009150192, "13101_13114": 0.0014369667757816325, "13101_13115": 0.00179137562182643, "13101_13116": 0.0027611671005490115, "13101_13117": 0.0024067582545042143, "13101_13118": 0.0017591566358223574, "13101_13119": 0.0015755084155991443, "13101_13120": 0.0012500966569580123, "13101_13121": 0.002703172925741681, "13101_13122": 0.001585174111400366, "13101_13123": 0.0023165450936928115, "13102_13101": 0.031136428074335646, "13102_13103": 0.016786091708121762, "13102_13104": 0.002351985978297291, "13102_13105": 0.0011469959017449804, "13102_13106": 0.00485862308941413, "13102_13107": 0.006910972497873547, "13102_13108": 0.0196922442456891, "13102_13109": 0.0016850529680129908, "13102_13110": 0.0005896074438745263, "13102_13111": 0.0012887594401628992, "13102_13112": 0.0009150192025156584, "13102_13113": 0.0015948398072015877, "13102_13114": 0.0003962935278500915, "13102_13115": 0.0003286336572415393, "13102_13116": 0.0007088176920895946, "13102_13117": 0.0005477227620692322, "13102_13118": 0.0006540454158826713, "13102_13119": 0.0004510658040570147, "13102_13120": 0.00037374023764724076, "13102_13121": 0.0016850529680129908, "13102_13122": 0.0010438951465319484, "13102_13123": 0.001897698275639869, "13103_13101": 0.022994690311106528, "13103_13102": 0.016686212851509136, "13103_13104": 0.008927881021728484, "13103_13105": 0.001469185761785705, "13103_13106": 0.00210712168466634, "13103_13107": 0.0015626208211975152, "13103_13108": 0.004842513596412094, "13103_13109": 0.02207000541278965, "13103_13110": 0.0035763074464520454, "13103_13111": 0.00609905405057092, "13103_13112": 0.003109132149392994, "13103_13113": 0.02081346495863082, "13103_13114": 0.0007281490836920381, "13103_13115": 0.0008666907235095497, "13103_13116": 0.00105356084233317, "13103_13117": 0.0012790937443616774, "13103_13118": 0.0007764775626981468, "13103_13119": 0.0006572673144830786, "13103_13120": 0.00038984973064927703, "13103_13121": 0.001246874758357605, "13103_13122": 0.0007184833878908163, "13103_13123": 0.000985900971724618, "13104_13101": 0.017018068407351084, "13104_13102": 0.002790164187952677, "13104_13103": 0.007864654483594092, "13104_13105": 0.010226306157692605, "13104_13106": 0.0014627419645848905, "13104_13107": 0.0010245637549295048, "13104_13108": 0.0020072428280537157, "13104_13109": 0.0015014047477897776, "13104_13110": 0.0009987885661262468, "13104_13111": 0.0005863855452741192, "13104_13112": 0.003521535170245122, "13104_13113": 0.02268860994406784, "13104_13114": 0.01904786452560765, "13104_13115": 0.005093821687243859, "13104_13116": 0.014604866355646055, "13104_13117": 0.001691496765213805, "13104_13118": 0.0005477227620692322, "13104_13119": 0.0021167873804675617, "13104_13120": 0.004298012732943269, "13104_13121": 0.0007861432584993685, "13104_13122": 0.0003125241642395031, "13104_13123": 0.0007700337654973322, "13105_13101": 0.012256102275949171, "13105_13102": 0.001469185761785705, "13105_13103": 0.0014981828491893703, "13105_13104": 0.007854988787792871, "13105_13106": 0.008776451787509344, "13105_13107": 0.0006314921256798206, "13105_13108": 0.0008119184473026265, "13105_13109": 0.00026419568523339433, "13105_13110": 9.665695801221744e-05, "13105_13111": 0.00015142923421914065, "13105_13112": 0.0002609737866329871, "13105_13113": 0.0005992731396757482, "13105_13114": 0.0003125241642395031, "13105_13115": 0.00015142923421914065, "13105_13116": 0.014678970023455421, "13105_13117": 0.004555764620975848, "13105_13118": 0.002297213702090368, "13105_13119": 0.0019009201742402762, "13105_13120": 0.000921462999716473, "13105_13121": 0.0012178776709539398, "13105_13122": 0.00035118694744439005, "13105_13123": 0.0003221898600407248, "13106_13101": 0.011038224604995232, "13106_13102": 0.0044623295615640384, "13106_13103": 0.002300435600690775, "13106_13104": 0.0013467536149702297, "13106_13105": 0.007171946284506534, "13106_13107": 0.01077080702116143, "13106_13108": 0.0015046266463901849, "13106_13109": 0.0005606103564708612, "13106_13110": 0.00011598834961466093, "13106_13111": 0.0005026161816635307, "13106_13112": 0.00016431682862076965, "13106_13113": 0.0006733768074851149, "13106_13114": 0.0001610949300203624, "13106_13115": 0.00011598834961466093, "13106_13116": 0.0010664484367347992, "13106_13117": 0.00249374951671521, "13106_13118": 0.013000360852643245, "13106_13119": 0.00035118694744439005, "13106_13120": 0.0001546511328195479, "13106_13121": 0.004159471093125757, "13106_13122": 0.0020330180168569734, "13106_13123": 0.0008086965487022192, "13107_13101": 0.0036053045338557107, "13107_13102": 0.004832847900610872, "13107_13103": 0.0015916179086011804, "13107_13104": 0.0008989097095136222, "13107_13105": 0.0006701549088847076, "13107_13106": 0.00833505167925355, "13107_13108": 0.014646751037451349, "13107_13109": 0.0004220687166533495, "13107_13110": 7.732556640977395e-05, "13107_13111": 0.0003544088460447973, "13107_13112": 0.00021264530762687837, "13107_13113": 0.0004703971956594582, "13107_13114": 9.343505941181019e-05, "13107_13115": 0.00013209784261669717, "13107_13116": 0.0002480861922313581, "13107_13117": 0.00035118694744439005, "13107_13118": 0.0013467536149702297, "13107_13119": 0.0001417635384179189, "13107_13120": 6.765987060855221e-05, "13107_13121": 0.002377761167100549, "13107_13122": 0.008470371420470656, "13107_13123": 0.005986287599556666, "13108_13101": 0.006105497847771735, "13108_13102": 0.01525568987292832, "13108_13103": 0.005119596876047117, "13108_13104": 0.002000799030852901, "13108_13105": 0.000908575405314844, "13108_13106": 0.00166249967781014, "13108_13107": 0.014099028275382118, "13108_13109": 0.0023197669922932185, "13108_13110": 0.0002287548006289146, "13108_13111": 0.0019556924504471997, "13108_13112": 0.0005863855452741192, "13108_13113": 0.0012694280485604557, "13108_13114": 0.0003415212516431683, "13108_13115": 0.00023197669922932185, "13108_13116": 0.0006089388354769699, "13108_13117": 0.00038984973064927703, "13108_13118": 0.000441400108255793, "13108_13119": 0.0003415212516431683, "13108_13120": 0.0002287548006289146, "13108_13121": 0.00083124983890507, "13108_13122": 0.0013918601953759311, "13108_13123": 0.02116465190607521, "13109_13101": 0.0022682166146867026, "13109_13102": 0.001894476377039462, "13109_13103": 0.01851947315514086, "13109_13104": 0.0015142923421914065, "13109_13105": 0.0002867489754362451, "13109_13106": 0.0005799417480733046, "13109_13107": 0.000441400108255793, "13109_13108": 0.0022649947160862955, "13109_13110": 0.00793875815140346, "13109_13111": 0.024579864422506894, "13109_13112": 0.001894476377039462, "13109_13113": 0.0037470680722736295, "13109_13114": 0.0002964146712374668, "13109_13115": 0.00037051833904683354, "13109_13116": 0.0006476016186818569, "13109_13117": 0.00035118694744439005, "13109_13118": 0.00023197669922932185, "13109_13119": 0.00034474315024357556, "13109_13120": 0.0002416423950305436, "13109_13121": 0.00022553290202850736, "13109_13122": 0.00017076062582158414, "13109_13123": 0.0003479650488439828, "13110_13101": 0.000818362244503441, "13110_13102": 0.0005960512410753409, "13110_13103": 0.0031864577158027684, "13110_13104": 0.0009569038843209527, "13110_13105": 7.088176920895946e-05, "13110_13106": 7.088176920895946e-05, "13110_13107": 6.121607340773771e-05, "13110_13108": 0.0002770832796350233, "13110_13109": 0.007101064515297574, "13110_13111": 0.0039017192050931774, "13110_13112": 0.01842925999432946, "13110_13113": 0.010377735391911745, "13110_13114": 0.0003093022656390958, "13110_13115": 0.000492950485862309,