{"13101_13102": 0.011706928109312988, "13101_13103": 0.00900931221150137, "13101_13104": 0.00836468038947153, "13101_13105": 0.005923363890780212, "13101_13106": 0.006938205955983814, "13101_13107": 0.0025552273427447854, "13101_13108": 0.004072312674911396, "13101_13109": 0.001519674214986007, "13101_13110": 0.0006420429392104425, "13101_13111": 0.001284085878420885, "13101_13112": 0.0017034848951631902, "13101_13113": 0.003044526195610808, "13101_13114": 0.0010303753621199844, "13101_13115": 0.0011986527453807859, "13101_13116": 0.0017319626061765567, "13101_13117": 0.0015869851682903276, "13101_13118": 0.0012944414096984728, "13101_13119": 0.0011132196123406865, "13101_13120": 0.0007455982519863204, "13101_13121": 0.002107350614989114, "13101_13122": 0.0011261640264376713, "13101_13123": 0.001998617536574442, "13102_13101": 0.012315315571871271, "13102_13103": 0.007569893363916669, "13102_13104": 0.0016025184652067094, "13102_13105": 0.0008465646819428012, "13102_13106": 0.0028451822185172433, "13102_13107": 0.0032645812352595483, "13102_13108": 0.010609241793888682, "13102_13109": 0.0012607859330463125, "13102_13110": 0.0003883324229095418, "13102_13111": 0.00105108642467516, "13102_13112": 0.0007274760722505417, "13102_13113": 0.0013824634255579689, "13102_13114": 0.0003106659383276335, "13102_13115": 0.0003106659383276335, "13102_13116": 0.0005669653374479311, "13102_13117": 0.00039868795418712965, "13102_13118": 0.0005591986889897403, "13102_13119": 0.00030289928986944266, "13102_13120": 0.0002666549303978854, "13102_13121": 0.0012012416282001829, "13102_13122": 0.0008077314396518471, "13102_13123": 0.0016128739964842971, "13103_13101": 0.008879868070531524, "13103_13102": 0.007259227425589035, "13103_13104": 0.004569378176235609, "13103_13105": 0.0011287529092570683, "13103_13106": 0.0018173957392166558, "13103_13107": 0.0010769752528691295, "13103_13108": 0.0038910908775536095, "13103_13109": 0.009889532370096332, "13103_13110": 0.0023403500687348387, "13103_13111": 0.004201756815881243, "13103_13112": 0.0023507056000124267, "13103_13113": 0.010430608879350293, "13103_13114": 0.000572143103086725, "13103_13115": 0.000621331876655267, "13103_13116": 0.0008646868616785799, "13103_13117": 0.000763720431722099, "13103_13118": 0.0006265096422940608, "13103_13119": 0.0004711766731302441, "13103_13120": 0.00034173253216039683, "13103_13121": 0.0009475311118992821, "13103_13122": 0.0004219878995617021, "13103_13123": 0.0008362091506652135, "13104_13101": 0.007699337504886516, "13104_13102": 0.0015326186290829918, "13104_13103": 0.004282012183282548, "13104_13105": 0.0048386219894528916, "13104_13106": 0.001286674761240282, "13104_13107": 0.0007248871894311448, "13104_13108": 0.001434241081945908, "13104_13109": 0.00114428620617345, "13104_13110": 0.0009397644634410912, "13104_13111": 0.0005074210326018013, "13104_13112": 0.002868482163891816, "13104_13113": 0.013431124067031354, "13104_13114": 0.010725741520761545, "13104_13115": 0.004165512456409686, "13104_13116": 0.009112867524277249, "13104_13117": 0.0013410413004476178, "13104_13118": 0.0005669653374479311, "13104_13119": 0.0016983071295243964, "13104_13120": 0.003052292844068999, "13104_13121": 0.0006032096969194883, "13104_13122": 0.00027442157885607625, "13104_13123": 0.0006057985797388853, "13105_13101": 0.005441831686372379, "13105_13102": 0.000900931221150137, "13105_13103": 0.0010614419559527477, "13105_13104": 0.004346734253767472, "13105_13106": 0.004294956597379533, "13105_13107": 0.00061874299383587, "13105_13108": 0.0008465646819428012, "13105_13109": 0.0002718326960366793, "13105_13110": 0.00011132196123406866, "13105_13111": 0.00016309961762200756, "13105_13112": 0.00023041057092632817, "13105_13113": 0.0005384876264345647, "13105_13114": 0.0003572658290767785, "13105_13115": 0.0002821882273142671, "13105_13116": 0.006935617073164417, "13105_13117": 0.002436138733052526, "13105_13118": 0.0014627187929592742, "13105_13119": 0.001478252089875656, "13105_13120": 0.0006860539471401905, "13105_13121": 0.0012167749251165644, "13105_13122": 0.00037797689163195406, "13105_13123": 0.00024594386784270985, "13106_13101": 0.006011385906639708, "13106_13102": 0.0027985823277680982, "13106_13103": 0.0016542961215946482, "13106_13104": 0.0012012416282001829, "13106_13105": 0.004219878995617022, "13106_13107": 0.006816528463472158, "13106_13108": 0.0015326186290829918, "13106_13109": 0.0005436653920733586, "13106_13110": 9.319978149829004e-05, "13106_13111": 0.0004892988528660227, "13106_13112": 0.00021228839119054956, "13106_13113": 0.0008750423929561676, "13106_13114": 0.00022005503964874038, "13106_13115": 0.00013462190660864118, "13106_13116": 0.0010562641903139537, "13106_13117": 0.001711251543621381, "13106_13118": 0.007261816308408432, "13106_13119": 0.0004245767823810991, "13106_13120": 0.00016568850044140453, "13106_13121": 0.0035519472282126096, "13106_13122": 0.0015818074026515338, "13106_13123": 0.0007559537832639081, "13107_13101": 0.002273039115430518, "13107_13102": 0.0028244711559620678, "13107_13103": 0.001007075416745412, "13107_13104": 0.0008206758537488318, "13107_13105": 0.0005876764000031067, "13107_13106": 0.006293574133953975, "13107_13108": 0.010982040919881843, "13107_13109": 0.0004090434854647174, "13107_13110": 9.837754713708394e-05, "13107_13111": 0.0002718326960366793, "13107_13112": 0.00020193285991296176, "13107_13113": 0.0004996543841436105, "13107_13114": 0.00010096642995648088, "13107_13115": 0.00010614419559527478, "13107_13116": 0.00026924381321728237, "13107_13117": 0.00032619923524401513, "13107_13118": 0.0011235751436182743, "13107_13119": 0.00012944414096984728, "13107_13120": 0.00012167749251165644, "13107_13121": 0.0023740055453869992, "13107_13122": 0.004970655013242136, "13107_13123": 0.00414480139385451, "13108_13101": 0.004243178940991594, "13108_13102": 0.009710899455557942, "13108_13103": 0.004054190495175617, "13108_13104": 0.0013928189568355568, "13108_13105": 0.000856920213220389, "13108_13106": 0.0016491183559558544, "13108_13107": 0.010658430567457225, "13108_13109": 0.0016206406449424879, "13108_13110": 0.0002899548757724579, "13108_13111": 0.001801862442300274, "13108_13112": 0.0005281320951569769, "13108_13113": 0.0010847419013273202, "13108_13114": 0.00024594386784270985, "13108_13115": 0.00024594386784270985, "13108_13116": 0.0006032096969194883, "13108_13117": 0.0002770104616754732, "13108_13118": 0.00042716566520049605, "13108_13119": 0.00032878811806341207, "13108_13120": 0.00016051073480261062, "13108_13121": 0.0010717974872303355, "13108_13122": 0.0014549521445010834, "13108_13123": 0.013969611693465918, "13109_13101": 0.0014989631524308315, "13109_13102": 0.0012193638079359614, "13109_13103": 0.009848110244985981, "13109_13104": 0.0012038305110195797, "13109_13105": 0.0002614771647590915, "13109_13106": 0.000621331876655267, "13109_13107": 0.00031584370396642737, "13109_13108": 0.0016051073480261063, "13109_13110": 0.005824986343643128, "13109_13111": 0.015276997517261377, "13109_13112": 0.0017060737779825872, "13109_13113": 0.002583705053758152, "13109_13114": 0.0002951326414112518, "13109_13115": 0.00030807705550823654, "13109_13116": 0.0005462542748927555, "13109_13117": 0.00026924381321728237, "13109_13118": 0.00017345514889959536, "13109_13119": 0.00025112163348150373, "13109_13120": 0.000142388555066832, "13109_13121": 0.00021228839119054956, "13109_13122": 0.0001527440863444198, "13109_13123": 0.00034432141497979377, "13110_13101": 0.0004892988528660227, "13110_13102": 0.0004090434854647174, "13110_13103": 0.0020814617867951444, "13110_13104": 0.0008931645726919463, "13110_13105": 8.543313304009921e-05, "13110_13106": 7.507760176251143e-05, "13110_13107": 6.989983612371753e-05, "13110_13108": 0.00025112163348150373, "13110_13109": 0.005749908741880617, "13110_13111": 0.003096303851998747, "13110_13112": 0.01184155001592163, "13110_13113": 0.0065446957674354786, "13110_13114": 0.0002718326960366793,