{"13101_13102": 0.03530137636449929, "13101_13103": 0.03543236829615567, "13101_13104": 0.025070716658756525, "13101_13105": 0.01578547698149027, "13101_13106": 0.015717133364973896, "13101_13107": 0.005332700522069292, "13101_13108": 0.01045657332700522, "13101_13109": 0.004844803037494068, "13101_13110": 0.0015073564309444707, "13101_13111": 0.0039069767441860465, "13101_13112": 0.005520645467489321, "13101_13113": 0.008820123398196487, "13101_13114": 0.002735643094447081, "13101_13115": 0.0037304224015187472, "13101_13116": 0.005243474133839582, "13101_13117": 0.004926435690555292, "13101_13118": 0.0033412434741338396, "13101_13119": 0.002857142857142857, "13101_13120": 0.002346464167062174, "13101_13121": 0.005682012339819649, "13101_13122": 0.0026654010441385855, "13101_13123": 0.0046397721879449455, "13102_13101": 0.03896535358329378, "13102_13103": 0.024675842429995255, "13102_13104": 0.004074038917892739, "13102_13105": 0.0019591836734693877, "13102_13106": 0.006223065970574276, "13102_13107": 0.007271001423825344, "13102_13108": 0.02122828666350261, "13102_13109": 0.003308970099667774, "13102_13110": 0.0012036070242050308, "13102_13111": 0.002693877551020408, "13102_13112": 0.0018528713811105837, "13102_13113": 0.0038386331276696727, "13102_13114": 0.0009283341243474134, "13102_13115": 0.0008315140009492169, "13102_13116": 0.0014750830564784054, "13102_13117": 0.0012567631703844328, "13102_13118": 0.0013497864261983864, "13102_13119": 0.0006701471286188894, "13102_13120": 0.0005942097769340294, "13102_13121": 0.0031608922638822973, "13102_13122": 0.002084480303749407, "13102_13123": 0.003487422876127195, "13103_13101": 0.03323018509729473, "13103_13102": 0.02417845277645942, "13103_13104": 0.011411485524442336, "13103_13105": 0.0026540104413858567, "13103_13106": 0.004468913146654011, "13103_13107": 0.0030754627432368294, "13103_13108": 0.00844233507356431, "13103_13109": 0.02594969150450878, "13103_13110": 0.004514475557664927, "13103_13111": 0.011248220218319886, "13103_13112": 0.0054295206454674895, "13103_13113": 0.024992880873279544, "13103_13114": 0.0013763644992880874, "13103_13115": 0.0015358329378262934, "13103_13116": 0.0022762221167536784, "13103_13117": 0.002857142857142857, "13103_13118": 0.0018680588514475558, "13103_13119": 0.0011941148552444233, "13103_13120": 0.0009283341243474134, "13103_13121": 0.002204081632653061, "13103_13122": 0.0013972472710014239, "13103_13123": 0.0018604651162790699, "13104_13101": 0.02098718557190318, "13104_13102": 0.00430374940673944, "13104_13103": 0.011041290934978642, "13104_13105": 0.008918841955386806, "13104_13106": 0.0023084954912197435, "13104_13107": 0.0013934504034171808, "13104_13108": 0.0031551969625059325, "13104_13109": 0.0030564784053156145, "13104_13110": 0.0016269577598481252, "13104_13111": 0.0010270526815377313, "13104_13112": 0.005051732320835311, "13104_13113": 0.027536782154722356, "13104_13114": 0.017423825344091124, "13104_13115": 0.007060275272899858, "13104_13116": 0.013909824394874228, "13104_13117": 0.0027603227337446605, "13104_13118": 0.0009530137636449929, "13104_13119": 0.0027906976744186047, "13104_13120": 0.0059193165638348364, "13104_13121": 0.0011067869008068343, "13104_13122": 0.0004803037494067394, "13104_13123": 0.0011789273849074514, "13105_13101": 0.014868533459895587, "13105_13102": 0.0023673469387755102, "13105_13103": 0.002775510204081633, "13105_13104": 0.007707641196013289, "13105_13106": 0.007029900332225914, "13105_13107": 0.0008163265306122449, "13105_13108": 0.0015719031798766018, "13105_13109": 0.000497389653535833, "13105_13110": 0.00017465590887517799, "13105_13111": 0.00026578073089701, "13105_13112": 0.0005049833887043189, "13105_13113": 0.0011086853345989558, "13105_13114": 0.000516373991457048, "13105_13115": 0.00030374940673943995, "13105_13116": 0.011168485999050784, "13105_13117": 0.0038955861414333177, "13105_13118": 0.0018357854769814903, "13105_13119": 0.0027280493592785953, "13105_13120": 0.0014219269102990033, "13105_13121": 0.0015908875177978168, "13105_13122": 0.0005733270052206929, "13105_13123": 0.000497389653535833, "13106_13101": 0.013118177503559564, "13106_13102": 0.006325581395348837, "13106_13103": 0.004370194589463692, "13106_13104": 0.002299003322259136, "13106_13105": 0.00639202657807309, "13106_13107": 0.008844803037494067, "13106_13108": 0.0023749406739439964, "13106_13109": 0.0012529663028001898, "13106_13110": 0.000136687233032748, "13106_13111": 0.0009814902705268154, "13106_13112": 0.00021831988609397247, "13106_13113": 0.0014067394399620314, "13106_13114": 0.00029615567157095394, "13106_13115": 0.00021072615092548647, "13106_13116": 0.0017636449928808732, "13106_13117": 0.0030906502135738018, "13106_13118": 0.010502135738016137, "13106_13119": 0.000679639297579497, "13106_13120": 0.00036260085429520644, "13106_13121": 0.005522543901281443, "13106_13122": 0.002739439962031324, "13106_13123": 0.001082107261509255, "13107_13101": 0.0054921689606074985, "13107_13102": 0.005828191741813004, "13107_13103": 0.0031381110583768392, "13107_13104": 0.0012814428096820122, "13107_13105": 0.0008599905078310394, "13107_13106": 0.007977218794494543, "13107_13108": 0.014205980066445183, "13107_13109": 0.0008979591836734694, "13107_13110": 0.00011580446131941148, "13107_13111": 0.00053156146179402, "13107_13112": 0.00028856193640246794, "13107_13113": 0.0010612244897959184, "13107_13114": 0.00016326530612244898, "13107_13115": 0.00015946843853820598, "13107_13116": 0.0003815851922164215, "13107_13117": 0.000615092548647366, "13107_13118": 0.0012814428096820122, "13107_13119": 0.00015946843853820598, "13107_13120": 8.732795443758899e-05, "13107_13121": 0.002914095870906502, "13107_13122": 0.006716658756525866, "13107_13123": 0.0053270052206929284, "13108_13101": 0.011054579971523494, "13108_13102": 0.019701945894636926, "13108_13103": 0.008814428096820124, "13108_13104": 0.0032349311817750355, "13108_13105": 0.0016763170384432842, "13108_13106": 0.0024129093497864264, "13108_13107": 0.013906027527289986, "13108_13109": 0.003339345040341718, "13108_13110": 0.00045182724252491695, "13108_13111": 0.00293687707641196, "13108_13112": 0.001006169909824395, "13108_13113": 0.0024945420028476507, "13108_13114": 0.0005486473659231134, "13108_13115": 0.0004935927859515899, "13108_13116": 0.0012586616041765544, "13108_13117": 0.0005695301376364499, "13108_13118": 0.0006663502610346464, "13108_13119": 0.00048599905078310394, "13108_13120": 0.00034361651637399146, "13108_13121": 0.001526340768865686, "13108_13122": 0.0018205980066445184, "13108_13123": 0.017752254390128144, "13109_13101": 0.004784053156146179, "13109_13102": 0.0035880398671096344, "13109_13103": 0.025158044613194114, "13109_13104": 0.0031020408163265306, "13109_13105": 0.00043663977218794494, "13109_13106": 0.0013232083531086853, "13109_13107": 0.0008599905078310394, "13109_13108": 0.0032406264831514, "13109_13110": 0.008205030849549122, "13109_13111": 0.0256421452301851, "13109_13112": 0.0029767441860465114, "13109_13113": 0.006042714760322734, "13109_13114": 0.0006701471286188894, "13109_13115": 0.0006834361651637399, "13109_13116": 0.0013744660654959658, "13109_13117": 0.0007992406264831514, "13109_13118": 0.00038348362600854296, "13109_13119": 0.0005448504983388704, "13109_13120": 0.000356905552918842, "13109_13121": 0.00034741338395823443, "13109_13122": 0.00026957759848125296, "13109_13123": 0.0005638348362600854, "13110_13101": 0.0016573327005220692, "13110_13102": 0.0012586616041765544, "13110_13103": 0.004398671096345515, "13110_13104": 0.0014940673943996203, "13110_13105": 0.00019174181300427148, "13110_13106": 0.00015946843853820598, "13110_13107": 8.92263882297105e-05, "13110_13108": 0.00041196013289036544, "13110_13109": 0.008115804461319412, "13110_13111": 0.0038652112007593734, "13110_13112": 0.015289985761746559, "13110_13113": 0.010819174181300427, "13110_13114": 0.00041575700047460847, "13110_13115": 0.0008068343616516374,