{"13101_13102": 0.03366453262978696, "13101_13103": 0.029918874325801675, "13101_13104": 0.023294888396729156, "13101_13105": 0.014988684360212516, "13101_13106": 0.01563817384534082, "13101_13107": 0.004937733725447482, "13101_13108": 0.009463989640441007, "13101_13109": 0.004195460028157991, "13101_13110": 0.0013352858358848991, "13101_13111": 0.0034693227155921853, "13101_13112": 0.004933699629266561, "13101_13113": 0.007356174385909709, "13101_13114": 0.002468866862723741, "13101_13115": 0.0032696349546365885, "13101_13116": 0.004998245168161299, "13101_13117": 0.004421369414289575, "13101_13118": 0.0029428731639819755, "13101_13119": 0.0026846910084030225, "13101_13120": 0.0019040933973947806, "13101_13121": 0.0052604614199211735, "13101_13122": 0.0026806569122221013, "13101_13123": 0.004203528220519834, "13102_13101": 0.03658320121668341, "13102_13103": 0.021884971781497214, "13102_13104": 0.0036145501781053462, "13102_13105": 0.001736678405886553, "13102_13106": 0.006307309378870211, "13102_13107": 0.006577593822991928, "13102_13108": 0.02028343559767152, "13102_13109": 0.0028581571441826316, "13102_13110": 0.0011658537962862111, "13102_13111": 0.0024244918047336083, "13102_13112": 0.0016781840112631966, "13102_13113": 0.003071964241771452, "13102_13114": 0.0009903706124161412, "13102_13115": 0.0007563930339227147, "13102_13116": 0.0014179848075937826, "13102_13117": 0.0012203140947286465, "13102_13118": 0.0012868766817138455, "13102_13119": 0.0006474724370378438, "13102_13120": 0.0004598869646250106, "13102_13121": 0.0029731288853388845, "13102_13122": 0.0018234114737763578, "13102_13123": 0.00338057259961192, "13103_13101": 0.028958759434742444, "13103_13102": 0.02183656262732616, "13103_13104": 0.010547144465018334, "13103_13105": 0.0021784119376974187, "13103_13106": 0.004223698701424439, "13103_13107": 0.002856140096092171, "13103_13108": 0.00760628834912682, "13103_13109": 0.023678127533916665, "13103_13110": 0.004247903278509966, "13103_13111": 0.010311149838434447, "13103_13112": 0.004921597340723798, "13103_13113": 0.019589571054553084, "13103_13114": 0.0013352858358848991, "13103_13115": 0.001500683779302666, "13103_13116": 0.0020896618217171536, "13103_13117": 0.0024547475260905172, "13103_13118": 0.0017649170791530012, "13103_13119": 0.0009621319391496932, "13103_13120": 0.0007866487552796234, "13103_13121": 0.0020694913408125476, "13103_13122": 0.0013776438457845713, "13103_13123": 0.0018193773775954365, "13104_13101": 0.019418121966863933, "13104_13102": 0.0040098916038356185, "13104_13103": 0.009716120651748579, "13104_13105": 0.008493789508929471, "13104_13106": 0.0021320198316168255, "13104_13107": 0.0013352858358848991, "13104_13108": 0.0026806569122221013, "13104_13109": 0.002737134258754997, "13104_13110": 0.0014784962503075999, "13104_13111": 0.0010004558528684442, "13104_13112": 0.0048288131285626115, "13104_13113": 0.025662902854929868, "13104_13114": 0.01662047626539512, "13104_13115": 0.006577593822991928, "13104_13116": 0.01316728993452662, "13104_13117": 0.0026080431809655208, "13104_13118": 0.0009177568811595606, "13104_13119": 0.002666537575588877, "13104_13120": 0.005401654786253414, "13104_13121": 0.0009722171796019961, "13104_13122": 0.0003953414257302723, "13104_13123": 0.0009722171796019961, "13105_13101": 0.013800643034931238, "13105_13102": 0.0021582414567928128, "13105_13103": 0.0025253442092566373, "13105_13104": 0.007392481251537999, "13105_13106": 0.006999156873898188, "13105_13107": 0.0007644612262845571, "13105_13108": 0.0013978143266891768, "13105_13109": 0.0004054266661825751, "13105_13110": 0.00013110812587993723, "13105_13111": 0.00019565366477467555, "13105_13112": 0.0003993755219111934, "13105_13113": 0.000873381823169428, "13105_13114": 0.0005224154554292884, "13105_13115": 0.00023397757849342643, "13105_13116": 0.010627826388636758, "13105_13117": 0.0036468229475527156, "13105_13118": 0.0019000593012138596, "13105_13119": 0.0026322477580510476, "13105_13120": 0.0013473881244276625, "13105_13121": 0.0016519623860872092, "13105_13122": 0.0005203984073388277, "13105_13123": 0.0004457676279917866, "13106_13101": 0.012739675739348977, "13106_13102": 0.006329496907865277, "13106_13103": 0.004344721586852074, "13106_13104": 0.0020452867637270208, "13106_13105": 0.006123758002638299, "13106_13107": 0.008967795810187706, "13106_13108": 0.002390201987195779, "13106_13109": 0.0012203140947286465, "13106_13110": 0.00010488650070394979, "13106_13111": 0.0008511942941743617, "13106_13112": 0.00023196053040296587, "13106_13113": 0.0008572454384457434, "13106_13114": 0.00025011396321711105, "13106_13115": 0.000207755953317439, "13106_13116": 0.0018375308104095819, "13106_13117": 0.00327366905081751, "13106_13118": 0.010464445493309452, "13106_13119": 0.0006172167156809353, "13106_13120": 0.0003247447425641522, "13106_13121": 0.005468217373238613, "13106_13122": 0.002529378305437558, "13106_13123": 0.0011396321711102237, "13107_13101": 0.0048691540903718225, "13107_13102": 0.005482336709871837, "13107_13103": 0.002948924308253357, "13107_13104": 0.0012626721046283187, "13107_13105": 0.0008189215247269926, "13107_13106": 0.007765635148273205, "13107_13108": 0.013778455505936173, "13107_13109": 0.0007725294186463993, "13107_13110": 9.278421216118635e-05, "13107_13111": 0.0004235800989967203, "13107_13112": 0.00024809691512665046, "13107_13113": 0.000873381823169428, "13107_13114": 0.00015329565487500352, "13107_13115": 0.0001553127029654641, "13107_13116": 0.00030860835784046764, "13107_13117": 0.0005062790707056038, "13107_13118": 0.0012384675275427916, "13107_13119": 0.00016741499150822755, "13107_13120": 6.454553889473832e-05, "13107_13121": 0.0029953164143339504, "13107_13122": 0.00658566201535377, "13107_13123": 0.00507085889941788, "13108_13101": 0.01010137683702655, "13108_13102": 0.01824218293012542, "13108_13103": 0.008072226458023211, "13108_13104": 0.0028964810579013823, "13108_13105": 0.0014522746251316124, "13108_13106": 0.0024708839108142015, "13108_13107": 0.013711892918950974, "13108_13109": 0.00309818586694744, "13108_13110": 0.0004215630509062597, "13108_13111": 0.0026806569122221013, "13108_13112": 0.0007442907453799513, "13108_13113": 0.0019666218881990586, "13108_13114": 0.0005688075615098815, "13108_13115": 0.0003953414257302723, "13108_13116": 0.0009762512757829173, "13108_13117": 0.0005123302149769855, "13108_13118": 0.0006273019561332382, "13108_13119": 0.00046997220507731345, "13108_13120": 0.0003469322715592185, "13108_13121": 0.0014563087213125335, "13108_13122": 0.0019323320706612288, "13108_13123": 0.01715499400936717, "13109_13101": 0.004193442980067531, "13109_13102": 0.0030094357509671747, "13109_13103": 0.02279264342220447, "13109_13104": 0.002714946729759931, "13109_13105": 0.00045786991653455004, "13109_13106": 0.001250569816085555, "13109_13107": 0.0007725294186463993, "13109_13108": 0.0029448902120724364, "13109_13110": 0.008050038929028145, "13109_13111": 0.02423281575879332, "13109_13112": 0.0027552876915691426, "13109_13113": 0.005429893459519862, "13109_13114": 0.0005506541286957364, "13109_13115": 0.0006333531004046199, "13109_13116": 0.0012767914412615425, "13109_13117": 0.0006454553889473833, "13109_13118": 0.00034289817537829734, "13109_13119": 0.0005284665997006701, "13109_13120": 0.00023397757849342643, "13109_13121": 0.0003348299830164551, "13109_13122": 0.00027028444412171675, "13109_13123": 0.0005506541286957364, "13110_13101": 0.0014663939617648365, "13110_13102": 0.0010690354879441036, "13110_13103": 0.004149067922077398, "13110_13104": 0.0015127860678454295, "13110_13105": 0.00013715927015131894, "13110_13106": 0.00011295469306579207, "13110_13107": 6.857963507565947e-05, "13110_13108": 0.0003953414257302723, "13110_13109": 0.007517538233146555, "13110_13111": 0.0037779310734326528, "13110_13112": 0.014409791558250331, "13110_13113": 0.010442257964314385, "13110_13114": 0.00035903456010198193, "13110_13115": 0.0007079838797516611,