{"13101_13102": 0.02669555479818881, "13101_13103": 0.023012318029115342, "13101_13104": 0.017773504065436485, "13101_13105": 0.015253907200934808, "13101_13106": 0.014280149958615318, "13101_13107": 0.0035736890793125276, "13101_13108": 0.005061103266955548, "13101_13109": 0.0010175763182238668, "13101_13110": 0.0005185257315351283, "13101_13111": 0.0006134670626612785, "13101_13112": 0.0009348069526267102, "13101_13113": 0.0036296801207458982, "13101_13114": 0.0008374312283947611, "13101_13115": 0.0007424898972686109, "13101_13116": 0.0013729977116704805, "13101_13117": 0.0016310433808851452, "13101_13118": 0.0020254150640245387, "13101_13119": 0.0006938020351526364, "13101_13120": 0.00038706850382199716, "13101_13121": 0.002154437898631871, "13101_13122": 0.000635376600613467, "13101_13123": 0.0013364818150834996, "13102_13101": 0.03009640196698963, "13102_13103": 0.014769462972880862, "13102_13104": 0.0009542820974731, "13102_13105": 0.0006694581040946492, "13102_13106": 0.004654559618287161, "13102_13107": 0.00559180096401967, "13102_13108": 0.01632017138127465, "13102_13109": 0.0008252592628657675, "13102_13110": 0.00028482399337845075, "13102_13111": 0.0005258289108525245, "13102_13112": 0.000379765324504601, "13102_13113": 0.0012512780563805443, "13102_13114": 0.00014849797945372219, "13102_13115": 0.00023613613126247627, "13102_13116": 0.00029456156580164565, "13102_13117": 0.00016310433808851453, "13102_13118": 0.0006548517454598568, "13102_13119": 0.00011441647597254005, "13102_13120": 0.00015580115877111836, "13102_13121": 0.0007449242903744096, "13102_13122": 0.00044305954525536786, "13102_13123": 0.0012464092701689469, "13103_13101": 0.02114757291007352, "13103_13102": 0.01437022250352987, "13103_13104": 0.0053727055844977846, "13103_13105": 0.0011027800769268222, "13103_13106": 0.0011539023321485954, "13103_13107": 0.0012756219874385316, "13103_13108": 0.0031574078582209454, "13103_13109": 0.018248210721067238, "13103_13110": 0.0019645552363795706, "13103_13111": 0.0037489653829300357, "13103_13112": 0.0016724280636837236, "13103_13113": 0.018735089342226983, "13103_13114": 0.0003383806417060227, "13103_13115": 0.00030673353133063927, "13103_13116": 0.00047227226252495255, "13103_13117": 0.0005672135936511028, "13103_13118": 0.0003116023175422367, "13103_13119": 0.00027508642095525586, "13103_13120": 0.00019718584156969666, "13103_13121": 0.0005063537660061347, "13103_13122": 0.00026291445542626224, "13103_13123": 0.000574516772968499, "13104_13101": 0.014014801110083257, "13104_13102": 0.0011173864355616145, "13104_13103": 0.004338088514533327, "13104_13105": 0.008442475290909976, "13104_13106": 0.00070597400068163, "13104_13107": 0.0003724621451872048, "13104_13108": 0.0006743268903062466, "13104_13109": 0.0006110326695554798, "13104_13110": 0.0005306976970641219, "13104_13111": 0.00021422659331028773, "13104_13112": 0.0018330980086664395, "13104_13113": 0.02238424460781927, "13104_13114": 0.01404888261356444, "13104_13115": 0.002950484444228054, "13104_13116": 0.011458688348994595, "13104_13117": 0.0011733774769949851, "13104_13118": 0.00024343931057987245, "13104_13119": 0.0013486537806124933, "13104_13120": 0.0019036954087346025, "13104_13121": 0.0002896927795900482, "13104_13122": 5.355664832757193e-05, "13104_13123": 0.00025317688300306734, "13105_13101": 0.011573104824967135, "13105_13102": 0.0007400555041628122, "13105_13103": 0.00106869857344564, "13105_13104": 0.006154145771459175, "13105_13106": 0.006694581040946492, "13105_13107": 0.0003213398899654316, "13105_13108": 0.00029699595890744437, "13105_13109": 0.00015823555187691708, "13105_13110": 3.6515896586980866e-05, "13105_13111": 0.00015336676566531963, "13105_13112": 9.494133112615025e-05, "13105_13113": 0.00033594624860022396, "13105_13114": 0.0002580456692146648, "13105_13115": 0.0001801450898291056, "13105_13116": 0.010431374458347534, "13105_13117": 0.003853644286479381, "13105_13118": 0.0017795413603388676, "13105_13119": 0.0009737572423194898, "13105_13120": 0.0003408150348118214, "13105_13121": 0.001015141925118068, "13105_13122": 0.0001898826622523005, "13105_13123": 0.00017771069672330687, "13106_13101": 0.010275573299576415, "13106_13102": 0.0035396075758313454, "13106_13103": 0.0011198208286674132, "13106_13104": 0.0005818199522858951, "13106_13105": 0.00524855153610205, "13106_13107": 0.008313452456302644, "13106_13108": 0.0010200107113296655, "13106_13109": 0.00017527630361750815, "13106_13110": 3.895028969277959e-05, "13106_13111": 0.00010224451044354642, "13106_13112": 3.408150348118214e-05, "13106_13113": 0.0006645893178830517, "13106_13114": 9.250693802035152e-05, "13106_13115": 7.059740006816301e-05, "13106_13116": 0.0006913676420468377, "13106_13117": 0.002497687326549491, "13106_13118": 0.011974779687423925, "13106_13119": 5.355664832757193e-05, "13106_13120": 6.572861385656556e-05, "13106_13121": 0.003179317396173134, "13106_13122": 0.0010321826768586592, "13106_13123": 0.00034568382102341885, "13107_13101": 0.002641316519791616, "13107_13102": 0.003515263644773358, "13107_13103": 0.001078436145868835, "13107_13104": 0.0003602901796582112, "13107_13105": 0.00037733093139880226, "13107_13106": 0.006285602999172306, "13107_13108": 0.01236428258435172, "13107_13109": 0.0002994303520132431, "13107_13110": 2.4343931057987243e-05, "13107_13111": 0.00010224451044354642, "13107_13112": 9.494133112615025e-05, "13107_13113": 0.00019718584156969666, "13107_13114": 5.355664832757193e-05, "13107_13115": 6.085982764496811e-05, "13107_13116": 6.085982764496811e-05, "13107_13117": 9.737572423194897e-05, "13107_13118": 0.0008009153318077803, "13107_13119": 3.895028969277959e-05, "13107_13120": 2.190953795218852e-05, "13107_13121": 0.001589658698086567, "13107_13122": 0.005387311943132577, "13107_13123": 0.003965626369346122, "13108_13101": 0.005202298067091874, "13108_13102": 0.012714835191586737, "13108_13103": 0.0034714445688689807, "13108_13104": 0.0006767612834120454, "13108_13105": 0.00031647110375383416, "13108_13106": 0.001112517649350017, "13108_13107": 0.011595014362919324, "13108_13109": 0.0013559569599298894, "13108_13110": 0.00014362919324212474, "13108_13111": 0.0010273138906470617, "13108_13112": 0.0002702176347436584, "13108_13113": 0.0005866887384974926, "13108_13114": 0.00012658844150153367, "13108_13115": 7.546618627976046e-05, "13108_13116": 0.00018501387604070305, "13108_13117": 0.00014606358634792346, "13108_13118": 0.00018501387604070305, "13108_13119": 0.00011685086907833878, "13108_13120": 0.00013389162081892984, "13108_13121": 0.0006159014557670773, "13108_13122": 0.0007449242903744096, "13108_13123": 0.013905253420322315, "13109_13101": 0.0010224451044354643, "13109_13102": 0.0008690783387701447, "13109_13103": 0.015748089001411947, "13109_13104": 0.000662154924777253, "13109_13105": 0.00019475144846389794, "13109_13106": 0.0001606699449827158, "13109_13107": 0.00022396416573348266, "13109_13108": 0.0011417303666196017, "13109_13110": 0.006860119772140805, "13109_13111": 0.016210623691513704, "13109_13112": 0.0009153318077803204, "13109_13113": 0.0027046107405423827, "13109_13114": 8.276936559715663e-05, "13109_13115": 0.00010224451044354642, "13109_13116": 0.00024100491747407372, "13109_13117": 0.00014849797945372219, "13109_13118": 7.303179317396173e-05, "13109_13119": 0.00016553873119431325, "13109_13120": 6.572861385656556e-05, "13109_13121": 0.00013389162081892984, "13109_13122": 6.085982764496811e-05, "13109_13123": 0.0001606699449827158, "13110_13101": 0.0004990505866887385, "13110_13102": 0.00027508642095525586, "13110_13103": 0.0018428355810896344, "13110_13104": 0.0005136569453235309, "13110_13105": 6.816300696236428e-05, "13110_13106": 3.164711037538342e-05, "13110_13107": 4.381907590437704e-05, "13110_13108": 0.0001704075174059107, "13110_13109": 0.005898534495350309, "13110_13111": 0.0025293344369248746, "13110_13112": 0.012456789522372072, "13110_13113": 0.0082063391596475, "13110_13114": 0.00011685086907833878,