{"13101_13102": 0.029633904599402804, "13101_13103": 0.026114721601886933, "13101_13104": 0.023420445135874338, "13101_13105": 0.016460492309236446, "13101_13106": 0.015820640855142648, "13101_13107": 0.003933204526635385, "13101_13108": 0.006486337289539056, "13101_13109": 0.0024213986400020075, "13101_13110": 0.000809223897824505, "13101_13111": 0.0018881890949238452, "13101_13112": 0.0029263794444583844, "13101_13113": 0.004889845181040323, "13101_13114": 0.0016090382154417483, "13101_13115": 0.0019979675306752314, "13101_13116": 0.003014202193059494, "13101_13117": 0.0026974129927483503, "13101_13118": 0.00210147291295511, "13101_13119": 0.001772137605700951, "13101_13120": 0.0012546106943015583, "13101_13121": 0.0030204752465310012, "13101_13122": 0.001558853787669686, "13101_13123": 0.002709959099691366, "13102_13101": 0.033184452864276216, "13102_13103": 0.017937796401776528, "13102_13104": 0.0025625423431109326, "13102_13105": 0.0013267508092238978, "13102_13106": 0.005024715830677741, "13102_13107": 0.006919177979073094, "13102_13108": 0.020456427370586908, "13102_13109": 0.0018411411938875368, "13102_13110": 0.000630441873886533, "13102_13111": 0.0013361603894311595, "13102_13112": 0.00102250771585577, "13102_13113": 0.0019634657365819384, "13102_13114": 0.00043911374300554536, "13102_13115": 0.0004014754221764986, "13102_13116": 0.0008186334780317668, "13102_13117": 0.000570847865907209, "13102_13118": 0.0008813640127468446, "13102_13119": 0.0003701101548189597, "13102_13120": 0.000360700574611698, "13102_13121": 0.0016404034827992874, "13102_13122": 0.0010946478307781095, "13102_13123": 0.0022677088299500664, "13103_13101": 0.024599779188517804, "13103_13102": 0.01766491857576594, "13103_13104": 0.009807919102702432, "13103_13105": 0.0016309939025920257, "13103_13106": 0.0023774872657014528, "13103_13107": 0.0016592226432138107, "13103_13108": 0.005328958924045868, "13103_13109": 0.02268022482623642, "13103_13110": 0.0038265626176197526, "13103_13111": 0.005959400797932402, "13103_13112": 0.0033466740270494066, "13103_13113": 0.022313251198153212, "13103_13114": 0.0007119915690161343, "13103_13115": 0.0008154969512960129, "13103_13116": 0.0012452011140942965, "13103_13117": 0.0013298873359596517, "13103_13118": 0.00078099515720272, "13103_13119": 0.0006523975610368103, "13103_13120": 0.00040774847564800643, "13103_13121": 0.0012734298547160815, "13103_13122": 0.0009660502346121999, "13103_13123": 0.0011918801595864803, "13104_13101": 0.018458459839911675, "13104_13102": 0.0027758261611421976, "13104_13103": 0.008434120392442224, "13104_13105": 0.010102752615863297, "13104_13106": 0.001555717260933932, "13104_13107": 0.0009848693950267231, "13104_13108": 0.001834868140416029, "13104_13109": 0.001681178330364088, "13104_13110": 0.0011354226783429101, "13104_13111": 0.0006680801947155797, "13104_13112": 0.00366346322736055, "13104_13113": 0.023934835520537975, "13104_13114": 0.019697387900534463, "13104_13115": 0.005391689458760947, "13104_13116": 0.015688906732240986, "13104_13117": 0.0016937244373071037, "13104_13118": 0.0005520287054926856, "13104_13119": 0.0024464908538880384, "13104_13120": 0.00455737334705041, "13104_13121": 0.0006837628283943492, "13104_13122": 0.00033560836072566683, "13104_13123": 0.0008280430582390284, "13105_13101": 0.013242415878352946, "13105_13102": 0.001555717260933932, "13105_13103": 0.0016153112689132562, "13105_13104": 0.008013825809851204, "13105_13106": 0.008506260507364565, "13105_13107": 0.0006398514540937947, "13105_13108": 0.0009378214939904148, "13105_13109": 0.00023210297844578827, "13105_13110": 0.00011918801595864803, "13105_13111": 0.0002007377110882493, "13105_13112": 0.00025405866559606555, "13105_13113": 0.0005896670263217323, "13105_13114": 0.00039833889544074475, "13105_13115": 0.00017564549720221816, "13105_13116": 0.01520901814167064, "13105_13117": 0.004761247584874413, "13105_13118": 0.00239944295285173, "13105_13119": 0.0020042405841467392, "13105_13120": 0.0010664190901563246, "13105_13121": 0.0012514741675658044, "13105_13122": 0.000329335307254159, "13105_13123": 0.0003638371013474519, "13106_13101": 0.011780794419491631, "13106_13102": 0.00462951346197275, "13106_13103": 0.002440217800416531, "13106_13104": 0.0013675256567886984, "13106_13105": 0.00734260908839987, "13106_13107": 0.01045090708353198, "13106_13108": 0.0016999974907786113, "13106_13109": 0.0006743532481870876, "13106_13110": 8.468622186535518e-05, "13106_13111": 0.0005237999648709005, "13106_13112": 0.0001348706496374175, "13106_13113": 0.0007057185155446266, "13106_13114": 0.00015996286352344867, "13106_13115": 0.00015996286352344867, "13106_13116": 0.0012514741675658044, "13106_13117": 0.002493538754924347, "13106_13118": 0.013063633854414974, "13106_13119": 0.00036697362808320576, "13106_13120": 0.0002164203447670188, "13106_13121": 0.004344089529019145, "13106_13122": 0.0020230597445612627, "13106_13123": 0.0006931724086016109, "13107_13101": 0.003603869219381226, "13107_13102": 0.004974531402905678, "13107_13103": 0.0016686322234210724, "13107_13104": 0.0009064562266328758, "13107_13105": 0.0007151280957518882, "13107_13106": 0.008525079667779089, "13107_13108": 0.014584849321255615, "13107_13109": 0.00046420595689157653, "13107_13110": 7.21401149223396e-05, "13107_13111": 0.00033560836072566683, "13107_13112": 0.00020387423782400321, "13107_13113": 0.0005520287054926856, "13107_13114": 0.00012546106943015582, "13107_13115": 0.00012546106943015582, "13107_13116": 0.00025405866559606555, "13107_13117": 0.00033874488746142074, "13107_13118": 0.0014020274508819914, "13107_13119": 0.00010036885554412465, "13107_13120": 4.0774847564800644e-05, "13107_13121": 0.0023335758914008985, "13107_13122": 0.00851880661430758, "13107_13123": 0.005639475070885505, "13108_13101": 0.0063577396933731465, "13108_13102": 0.016695731814417986, "13108_13103": 0.005278774496273806, "13108_13104": 0.0018662334077735679, "13108_13105": 0.0010883747773066017, "13108_13106": 0.001769001078965197, "13108_13107": 0.014387248136903119, "13108_13109": 0.0025029483351316087, "13108_13110": 0.0002791508794820967, "13108_13111": 0.001954056156374677, "13108_13112": 0.0005739843926429629, "13108_13113": 0.0013737987102602062, "13108_13114": 0.000329335307254159, "13108_13115": 0.0002822874062178506, "13108_13116": 0.0006774897749228415, "13108_13117": 0.00039206584196923693, "13108_13118": 0.0003732466815547136, "13108_13119": 0.0002791508794820967, "13108_13120": 0.0002164203447670188, "13108_13121": 0.0010068250821770005, "13108_13122": 0.0014145735578250068, "13108_13123": 0.020898677640328205, "13109_13101": 0.002135974707048403, "13109_13102": 0.0019634657365819384, "13109_13103": 0.019722480114420494, "13109_13104": 0.0015086693598976237, "13109_13105": 0.00032619878051840515, "13109_13106": 0.0006429879808295486, "13109_13107": 0.00040774847564800643, "13109_13108": 0.0022551627230070507, "13109_13110": 0.008383935964670164, "13109_13111": 0.024643690562818357, "13109_13112": 0.0019289639424886458, "13109_13113": 0.004046119489122525, "13109_13114": 0.00033560836072566683, "13109_13115": 0.0003763832082904675, "13109_13116": 0.0007559029433166888, "13109_13117": 0.00038265626176197526, "13109_13118": 0.000210147291295511, "13109_13119": 0.000301106566632374, "13109_13120": 0.00019760118435249542, "13109_13121": 0.00025092213886031164, "13109_13122": 0.00020387423782400321, "13109_13123": 0.00039520236870499084, "13110_13101": 0.000840589165182044, "13110_13102": 0.0006210322936792713, "13110_13103": 0.003509773417308609, "13110_13104": 0.0011040574109853713, "13110_13105": 0.00012232454269440194, "13110_13106": 8.154969512960129e-05, "13110_13107": 6.273053471507791e-05, "13110_13108": 0.0001944646576167415, "13110_13109": 0.007468070157830025, "13110_13111": 0.004215491932853236, "13110_13112": 0.018957167590896544, "13110_13113": 0.011156625599076606, "13110_13114": 0.00023523950518154218, "13110_13115": 0.0004359772162697915,