{"13101_13102": 0.03012979479370604, "13101_13103": 0.0283953302878689, "13101_13104": 0.02527445435428903, "13101_13105": 0.01735334638532376, "13101_13106": 0.016187368573707492, "13101_13107": 0.004196940033355087, "13101_13108": 0.006737727503444276, "13101_13109": 0.0026887100282793125, "13101_13110": 0.0009629468493945327, "13101_13111": 0.002015807410630121, "13101_13112": 0.0031469799144369518, "13101_13113": 0.00528750634471757, "13101_13114": 0.001641650351678631, "13101_13115": 0.0022304401421216736, "13101_13116": 0.00334130954970633, "13101_13117": 0.0028859401058661444, "13101_13118": 0.0020680153723442824, "13101_13119": 0.001966499891233413, "13101_13120": 0.0013980131970125443, "13101_13121": 0.0035501413965629757, "13101_13122": 0.0016474512363135378, "13101_13123": 0.0029323471829453994, "13102_13101": 0.03475890073236169, "13102_13103": 0.018667246755130158, "13102_13104": 0.0026452033935175116, "13102_13105": 0.0013632078892031035, "13102_13106": 0.005310709883257197, "13102_13107": 0.0073265172938873175, "13102_13108": 0.021376259879631643, "13102_13109": 0.0020042056413603075, "13102_13110": 0.0006438981944746574, "13102_13111": 0.0015198317743455878, "13102_13112": 0.001084765426727576, "13102_13113": 0.001888187948662171, "13102_13114": 0.0004988760786019868, "13102_13115": 0.00038575882822130376, "13102_13116": 0.0008556304836487565, "13102_13117": 0.000591690232760496, "13102_13118": 0.0008237256181567689, "13102_13119": 0.00042056413603074467, "13102_13120": 0.00042926546298310494, "13102_13121": 0.0018069755637734755, "13102_13122": 0.0011659778116162715, "13102_13123": 0.00222753969980422, "13103_13101": 0.026518744108476544, "13103_13102": 0.01861793923573345, "13103_13104": 0.01031977376549924, "13103_13105": 0.0016996591980276991, "13103_13106": 0.002552389239359002, "13103_13107": 0.0016039446015517365, "13103_13108": 0.00517728953665434, "13103_13109": 0.024444927851497354, "13103_13110": 0.0041563338409107385, "13103_13111": 0.006787035022840983, "13103_13112": 0.00357914581973751, "13103_13113": 0.02301210934667537, "13103_13114": 0.0008150242912044087, "13103_13115": 0.0009803495032992531, "13103_13116": 0.0013022986005365817, "13103_13117": 0.0013284025813936626, "13103_13118": 0.0009281415415850917, "13103_13119": 0.0008324269451091291, "13103_13120": 0.00044086723225291856, "13103_13121": 0.0013835109854252773, "13103_13122": 0.0009223406569501849, "13103_13123": 0.0011601769269813647, "13104_13101": 0.018887680371256616, "13104_13102": 0.003184685664563846, "13104_13103": 0.008959466318613588, "13104_13105": 0.010978174171561163, "13104_13106": 0.001612645928504097, "13104_13107": 0.0009687477340294395, "13104_13108": 0.00221883837285186, "13104_13109": 0.00172576317888478, "13104_13110": 0.0011166702922195634, "13104_13111": 0.0007483141179029802, "13104_13112": 0.0036893626278007396, "13104_13113": 0.02500471321876586, "13104_13114": 0.020340801972300777, "13104_13115": 0.0056239576535421654, "13104_13116": 0.015131607570154448, "13104_13117": 0.0017982742368211151, "13104_13118": 0.000690305271553912, "13104_13119": 0.0023087520846929157, "13104_13120": 0.004600101515481111, "13104_13121": 0.0007570154448553405, "13104_13122": 0.00037705750126894354, "13104_13123": 0.0008672322529185701, "13105_13101": 0.013376839968095135, "13105_13102": 0.0014531216010441592, "13105_13103": 0.0018562830831701834, "13105_13104": 0.008132840258139366, "13105_13106": 0.009026176491915018, "13105_13107": 0.0007367123486331665, "13105_13108": 0.0008527300413313031, "13105_13109": 0.00020593140453919223, "13105_13110": 0.00010151548111086941, "13105_13111": 0.00020303096222173882, "13105_13112": 0.0003248495395547821, "13105_13113": 0.0006496990791095642, "13105_13114": 0.00036255528968167646, "13105_13115": 0.00017112609672975129, "13105_13116": 0.01470814299180625, "13105_13117": 0.005072873613226017, "13105_13118": 0.002352258719454717, "13105_13119": 0.002137625987963164, "13105_13120": 0.0009774490609817997, "13105_13121": 0.0013864114277427307, "13105_13122": 0.00042056413603074467, "13105_13123": 0.0003277499818722355, "13106_13101": 0.011407439634544268, "13106_13102": 0.004655209919512726, "13106_13103": 0.002668406932057139, "13106_13104": 0.0016010441592342831, "13106_13105": 0.007271408889855703, "13106_13107": 0.010879559132767747, "13106_13108": 0.0015894423899644695, "13106_13109": 0.0006613008483793779, "13106_13110": 9.861503879341599e-05, "13106_13111": 0.0005597853672685085, "13106_13112": 0.00018852875063447177, "13106_13113": 0.0008411282720614893, "13106_13114": 0.00018562830831701834, "13106_13115": 0.00010731636574577624, "13106_13116": 0.001177579580886085, "13106_13117": 0.00259299543180335, "13106_13118": 0.013814806758030599, "13106_13119": 0.00038575882822130376, "13106_13120": 0.0002523384816184468, "13106_13121": 0.0045507939960844025, "13106_13122": 0.002169530853455152, "13106_13123": 0.0008585309259662099, "13107_13101": 0.0038633891668479444, "13107_13102": 0.005174389094336886, "13107_13103": 0.0018910883909796243, "13107_13104": 0.0009716481763468929, "13107_13105": 0.0006584004060619245, "13107_13106": 0.00852730041331303, "13107_13108": 0.015114204916249728, "13107_13109": 0.0005887897904430426, "13107_13110": 7.251105793633529e-05, "13107_13111": 0.000345152635776956, "13107_13112": 0.00019432963526937858, "13107_13113": 0.0005452831556812414, "13107_13114": 9.861503879341599e-05, "13107_13115": 0.00014212167355521718, "13107_13116": 0.0002697411355231673, "13107_13117": 0.00043506634761801175, "13107_13118": 0.001429918062504532, "13107_13119": 0.000147922558190124, "13107_13120": 5.510840403161482e-05, "13107_13121": 0.0024885795083750273, "13107_13122": 0.009046479588137191, "13107_13123": 0.005545645710970923, "13108_13101": 0.006833442099920238, "13108_13102": 0.017132912769197303, "13108_13103": 0.005606554999637445, "13108_13104": 0.002160829526502792, "13108_13105": 0.0010064534841563338, "13108_13106": 0.0016648538902182583, "13108_13107": 0.014447103183235444, "13108_13109": 0.002436371546660866, "13108_13110": 0.0002929446740627946, "13108_13111": 0.002105721122471177, "13108_13112": 0.0005336813864114277, "13108_13113": 0.001247190196504967, "13108_13114": 0.00039155971285621057, "13108_13115": 0.00030454644333260825, "13108_13116": 0.0007077079254586325, "13108_13117": 0.00035385396272931625, "13108_13118": 0.00048147342469726634, "13108_13119": 0.00035385396272931625, "13108_13120": 0.0002233340584439127, "13108_13121": 0.001064462330505402, "13108_13122": 0.0015691392937422957, "13108_13123": 0.021889638169820896, "13109_13101": 0.002563991008628816, "13109_13102": 0.002105721122471177, "13109_13103": 0.02136465811036183, "13109_13104": 0.0017605684866942208, "13109_13105": 0.00031034732796751506, "13109_13106": 0.0006235950982524835, "13109_13107": 0.00042056413603074467, "13109_13108": 0.002389964469581611, "13109_13110": 0.008550503951852657, "13109_13111": 0.025869045029366978, "13109_13112": 0.002137625987963164, "13109_13113": 0.0040055108404031614, "13109_13114": 0.000345152635776956, "13109_13115": 0.00048727430933217315, "13109_13116": 0.0007512145602204336, "13109_13117": 0.00036545573199912987, "13109_13118": 0.0001740265390472047, "13109_13119": 0.00031324777028496846, "13109_13120": 0.0002001305199042854, "13109_13121": 0.00031324777028496846, "13109_13122": 0.00015372344282503083, "13109_13123": 0.00036545573199912987, "13110_13101": 0.0010673627728228555, "13110_13102": 0.0006467986367921108, "13110_13103": 0.003544340511928069, "13110_13104": 0.001015154811108694, "13110_13105": 0.00016242476977739104, "13110_13106": 9.281415415850917e-05, "13110_13107": 8.701326952360235e-05, "13110_13108": 0.00024073671234863317, "13110_13109": 0.007546950910013777, "13110_13111": 0.004095424552244218, "13110_13112": 0.019290841853382642, "13110_13113": 0.011329127691973025, "13110_13114": 0.00033935175114204917, "13110_13115": 0.00046117032847509245,