{"13101_13102": 0.027087802064634865, "13101_13103": 0.024346620181060572, "13101_13104": 0.022755697834919937, "13101_13105": 0.01657345784217791, "13101_13106": 0.015189906229546442, "13101_13107": 0.0037391535385871573, "13101_13108": 0.005884144563322598, "13101_13109": 0.002384763435355414, "13101_13110": 0.0007711599152372127, "13101_13111": 0.0017432102285614304, "13101_13112": 0.0026212956782643067, "13101_13113": 0.004520033956957612, "13101_13114": 0.0014904771470971338, "13101_13115": 0.0018857776078489822, "13101_13116": 0.002728221212729971, "13101_13117": 0.002608335007419984, "13101_13118": 0.001937620291226274, "13101_13119": 0.001535839495052264, "13101_13120": 0.0011502595374336575, "13101_13121": 0.002951792784794541, "13101_13122": 0.0014451147991420036, "13101_13123": 0.002595374336575661, "13102_13101": 0.03041221413620369, "13102_13103": 0.016440610966023603, "13102_13104": 0.002281078068600831, "13102_13105": 0.0011275783634560924, "13102_13106": 0.005048181293863771, "13102_13107": 0.006784911187003039, "13102_13108": 0.019418325092506787, "13102_13109": 0.001782092241094399, "13102_13110": 0.0005897105234166921, "13102_13111": 0.0013155080906987746, "13102_13112": 0.0008780854497028766, "13102_13113": 0.0016330445263846856, "13102_13114": 0.0003953004607518485, "13102_13115": 0.0004568636472623823, "13102_13116": 0.0007452385735485669, "13102_13117": 0.0005281473369061582, "13102_13118": 0.0006998762255934367, "13102_13119": 0.00034669794508563766, "13102_13120": 0.00037585945448536415, "13102_13121": 0.0015261189919190217, "13102_13122": 0.0010530545061012359, "13102_13123": 0.002063986831958422, "13103_13101": 0.022976029239273426, "13103_13102": 0.01572777406958584, "13103_13104": 0.009185875460913857, "13103_13105": 0.0014256737928755193, "13103_13106": 0.00200890398087005, "13103_13107": 0.0013738311094982276, "13103_13108": 0.004750085864444344, "13103_13109": 0.021897053391483543, "13103_13110": 0.00352854263736691, "13103_13111": 0.005663813158969108, "13103_13112": 0.0031688840214369497, "13103_13113": 0.021200417333601188, "13103_13114": 0.0007160770641488404, "13103_13115": 0.000920207629946926, "13103_13116": 0.0011178578603228504, "13103_13117": 0.0012312637302106758, "13103_13118": 0.0007841205860815355, "13103_13119": 0.0007484787412596476, "13103_13120": 0.00043742264099589794, "13103_13121": 0.0012571850718993214, "13103_13122": 0.0008327231017477465, "13103_13123": 0.0010206528289904285, "13104_13101": 0.01727981440319351, "13104_13102": 0.002747662218996455, "13104_13103": 0.007497748083440799, "13104_13105": 0.010067201078327814, "13104_13106": 0.0016265641909625243, "13104_13107": 0.0008359632694588272, "13104_13108": 0.0019570612974927582, "13104_13109": 0.0014094729543201157, "13104_13110": 0.0010530545061012359, "13104_13111": 0.0006350728713718222, "13104_13112": 0.0032304472079474835, "13104_13113": 0.023024631754939635, "13104_13114": 0.0193826832476849, "13104_13115": 0.004938015591687025, "13104_13116": 0.014460868494553279, "13104_13117": 0.0017626512348279148, "13104_13118": 0.0005767498525723691, "13104_13119": 0.0021223098507578753, "13104_13120": 0.0041992573535606205, "13104_13121": 0.0008165222631923428, "13104_13122": 0.0003628987836410413, "13104_13123": 0.0007452385735485669, "13105_13101": 0.012869946148412642, "13105_13102": 0.001309027755276613, "13105_13103": 0.0014580754699863264, "13105_13104": 0.008074497936013168, "13105_13106": 0.008330471185188546, "13105_13107": 0.000602671194261015, "13105_13108": 0.0008651247788585537, "13105_13109": 0.00026893392001970024, "13105_13110": 0.00011016570217674467, "13105_13111": 0.00017496905639835918, "13105_13112": 0.00027217408773078095, "13105_13113": 0.0006091515296831764, "13105_13114": 0.00038882012532968707, "13105_13115": 0.0002397724106199737, "13105_13116": 0.014843208284460804, "13105_13117": 0.004753326032155425, "13105_13118": 0.0022486763914900234, "13105_13119": 0.0018987382786933053, "13105_13120": 0.000920207629946926, "13105_13121": 0.0012604252396104022, "13105_13122": 0.0003175364356859111, "13105_13123": 0.00030781593255266895, "13106_13101": 0.01085132166440935, "13106_13102": 0.004270541043204396, "13106_13103": 0.0023523617582446067, "13106_13104": 0.001406232786609035, "13106_13105": 0.007222333827998937, "13106_13107": 0.01072171495596612, "13106_13108": 0.0015520403336076675, "13106_13109": 0.0006318327036607415, "13106_13110": 0.00011016570217674467, "13106_13111": 0.0004633439826845438, "13106_13112": 0.00020737073350916643, "13106_13113": 0.0006998762255934367, "13106_13114": 0.000165248553265117, "13106_13115": 0.00016200838555403629, "13106_13116": 0.0009785306487463791, "13106_13117": 0.0022940387394451535, "13106_13118": 0.013278207280008813, "13106_13119": 0.00038882012532968707, "13106_13120": 0.00019441006266484353, "13106_13121": 0.004260820540071154, "13106_13122": 0.0020704671673805837, "13106_13123": 0.0008068017600591006, "13107_13101": 0.0035350229727890716, "13107_13102": 0.0047014833487781325, "13107_13103": 0.001581201843007394, "13107_13104": 0.0009169674622358453, "13107_13105": 0.0007063565610155981, "13107_13106": 0.008492479570742582, "13107_13108": 0.014010485182713058, "13107_13109": 0.000495745659795351, "13107_13110": 4.536234795513016e-05, "13107_13111": 0.00030781593255266895, "13107_13112": 0.00020737073350916643, "13107_13113": 0.0005216670014839968, "13107_13114": 0.00012636654073214828, "13107_13115": 0.00012636654073214828, "13107_13116": 0.00024949291375321586, "13107_13117": 0.0003013355971305075, "13107_13118": 0.0013705909417871468, "13107_13119": 9.072469591026032e-05, "13107_13120": 6.804352193269524e-05, "13107_13121": 0.0022259952175124583, "13107_13122": 0.00852812141556447, "13107_13123": 0.005689734500657754, "13108_13101": 0.006211401502141751, "13108_13102": 0.015951345641650412, "13108_13103": 0.004892653243731895, "13108_13104": 0.0018987382786933053, "13108_13105": 0.0009137272945247646, "13108_13106": 0.001594162513851717, "13108_13107": 0.013741551262693358, "13108_13109": 0.002290798571734073, "13108_13110": 0.00029485526170834603, "13108_13111": 0.0017723717379611568, "13108_13112": 0.0004795448212399474, "13108_13113": 0.001075735680078801, "13108_13114": 0.0003207766033969918, "13108_13115": 0.00026893392001970024, "13108_13116": 0.000602671194261015, "13108_13117": 0.0003628987836410413, "13108_13118": 0.00045038331184022086, "13108_13119": 0.00037261928677428344, "13108_13120": 0.00021385106893132789, "13108_13121": 0.000897526455969361, "13108_13122": 0.0014580754699863264, "13108_13123": 0.02094120391671473, "13109_13101": 0.0020996286767803103, "13109_13102": 0.0019019784464043858, "13109_13103": 0.018481916624004457, "13109_13104": 0.0013997524511868734, "13109_13105": 0.00029485526170834603, "13109_13106": 0.0005605490140169656, "13109_13107": 0.00045038331184022086, "13109_13108": 0.002206554211245974, "13109_13110": 0.008158742296501266, "13109_13111": 0.025108059593164544, "13109_13112": 0.0018209742536273677, "13109_13113": 0.003635468171832574, "13109_13114": 0.00031105610026374965, "13109_13115": 0.00039854062846292923, "13109_13116": 0.000660994213060468, "13109_13117": 0.00039206029304076777, "13109_13118": 0.00022033140435348935, "13109_13119": 0.0003013355971305075, "13109_13120": 0.00018144939182052064, "13109_13121": 0.00021709123664240862, "13109_13122": 0.00018144939182052064, "13109_13123": 0.00029809542941942673, "13110_13101": 0.0008456837725920694, "13110_13102": 0.0006188720328164185, "13110_13103": 0.0031105610026374965, "13110_13104": 0.000955849474768814, "13110_13105": 0.00013284687615430974, "13110_13106": 6.48033542216145e-05, "13110_13107": 7.452385735485668e-05, "13110_13108": 0.00026893392001970024, "13110_13109": 0.007287137182220552, "13110_13111": 0.0038428389053417403, "13110_13112": 0.018222703207118, "13110_13113": 0.010744396129943686, "13110_13114": 0.0002430125783310544, "13110_13115": 0.0004827849889510281,