{"13101_13102": 0.03139702917058745, "13101_13103": 0.02814838463951248, "13101_13104": 0.024678496213648787, "13101_13105": 0.016918156562261952, "13101_13106": 0.016475668772684502, "13101_13107": 0.0040412017744320475, "13101_13108": 0.00669612851189676, "13101_13109": 0.0024784917327597797, "13101_13110": 0.000929784469238697, "13101_13111": 0.00212842227898015, "13101_13112": 0.003004996191244343, "13101_13113": 0.005349061253752745, "13101_13114": 0.001713940045705068, "13101_13115": 0.0020780122776358828, "13101_13116": 0.0033494645337634986, "13101_13117": 0.003018998969395528, "13101_13118": 0.002159228390912757, "13101_13119": 0.0017587489357888605, "13101_13120": 0.0015179011515884752, "13101_13121": 0.0033158578662006544, "13101_13122": 0.001789555047721468, "13101_13123": 0.002878971187883676, "13102_13101": 0.03541302594434736, "13102_13103": 0.019183806067123717, "13102_13104": 0.0025317022897342833, "13102_13105": 0.0014086794820092306, "13102_13106": 0.0054134740332481964, "13102_13107": 0.007463480754581709, "13102_13108": 0.020998566115517318, "13102_13109": 0.0019519872742752161, "13102_13110": 0.0006609311287359412, "13102_13111": 0.0014646905946139714, "13102_13112": 0.000935385580499171, "13102_13113": 0.002030402831921853, "13102_13114": 0.0004676927902495855, "13102_13115": 0.00042568445579602995, "13102_13116": 0.0007897566877268451, "13102_13117": 0.0006217233499126227, "13102_13118": 0.0007897566877268451, "13102_13119": 0.000431285567056504, "13102_13120": 0.0003472688981493928, "13102_13121": 0.00173074337948649, "13102_13122": 0.0011762333646995564, "13102_13123": 0.0023944750638526685, "13103_13101": 0.027201796836492362, "13103_13102": 0.019040977729981628, "13103_13104": 0.010356454720616571, "13103_13105": 0.0016887350450329344, "13103_13106": 0.0025457050678854686, "13103_13107": 0.0015543083747815566, "13103_13108": 0.005461083478962226, "13103_13109": 0.024227606757180626, "13103_13110": 0.004167226777792714, "13103_13111": 0.006934175740466909, "13103_13112": 0.003587511762333647, "13103_13113": 0.023208204507774343, "13103_13114": 0.0007533494645337635, "13103_13115": 0.0009801944705829636, "13103_13116": 0.0012434466998252453, "13103_13117": 0.0013470672581440157, "13103_13118": 0.0010418066944481786, "13103_13119": 0.0008065600215082673, "13103_13120": 0.0005405072366357485, "13103_13121": 0.0014086794820092306, "13103_13122": 0.0009213828023479858, "13103_13123": 0.0012798539230183268, "13104_13101": 0.018909351615360486, "13104_13102": 0.0032766500873773357, "13104_13103": 0.008897365237263073, "13104_13105": 0.01030884527490254, "13104_13106": 0.0016327239324281937, "13104_13107": 0.00107821391764126, "13104_13108": 0.0020556078325939865, "13104_13109": 0.0017419456020074382, "13104_13110": 0.0010894161401622082, "13104_13111": 0.0007589505757942376, "13104_13112": 0.0037807501008200028, "13104_13113": 0.02490254066406775, "13104_13114": 0.019760720526952547, "13104_13115": 0.005598310704843841, "13104_13116": 0.01536104763185016, "13104_13117": 0.001993995608728772, "13104_13118": 0.0006917372406685487, "13104_13119": 0.002358067840659587, "13104_13120": 0.004685329569386566, "13104_13121": 0.000865371689743245, "13104_13122": 0.00038647667697271136, "13104_13123": 0.0008009589102477932, "13105_13101": 0.013504279249003001, "13105_13102": 0.0016663305999910381, "13105_13103": 0.0017867544920912308, "13105_13104": 0.008076802437603621, "13105_13106": 0.008774140789532644, "13105_13107": 0.0006469283505847561, "13105_13108": 0.0008765739122641932, "13105_13109": 0.000358471120670341, "13105_13110": 0.00012042389210019268, "13105_13111": 0.00014002778151185196, "13105_13112": 0.00029125778554465207, "13105_13113": 0.0006749339068871264, "13105_13114": 0.00035567056504010394, "13105_13115": 0.00019043778285611864, "13105_13116": 0.014952166509835552, "13105_13117": 0.004562105121656137, "13105_13118": 0.002372070618810772, "13105_13119": 0.002075211722005646, "13105_13120": 0.000932585024868934, "13105_13121": 0.0014534883720930232, "13105_13122": 0.0004368866783169781, "13105_13123": 0.0003248644531074965, "13106_13101": 0.011930366984809787, "13106_13102": 0.004556504010395663, "13106_13103": 0.0026773311825066095, "13106_13104": 0.0015487072635210826, "13106_13105": 0.007432674642649102, "13106_13107": 0.010796141954563786, "13106_13108": 0.0016243222655374827, "13106_13109": 0.0007981583546175561, "13106_13110": 0.00010922166957924452, "13106_13111": 0.0005461083478962226, "13106_13112": 0.00021284222789801497, "13106_13113": 0.0007477483532732894, "13106_13114": 0.00019323833848635568, "13106_13115": 0.00016243222655374826, "13106_13116": 0.0012546489223461935, "13106_13117": 0.0026493256262042388, "13106_13118": 0.013235425908500246, "13106_13119": 0.0004004794551238966, "13106_13120": 0.00018483667159564457, "13106_13121": 0.0043828695613209664, "13106_13122": 0.0021032172783080165, "13106_13123": 0.0008737733566339562, "13107_13101": 0.003873168436617825, "13107_13102": 0.005427476811399381, "13107_13103": 0.0018427656046959716, "13107_13104": 0.0009773939149527267, "13107_13105": 0.0007561500201640005, "13107_13106": 0.008592104673567236, "13107_13108": 0.0149633687323565, "13107_13109": 0.0005461083478962226, "13107_13110": 8.68172245373482e-05, "13107_13111": 0.0003808755657122373, "13107_13112": 0.00020444056100730386, "13107_13113": 0.0005265044584845634, "13107_13114": 0.00010362055831877045, "13107_13115": 0.00011202222520948156, "13107_13116": 0.00024644889546085946, "13107_13117": 0.0003304655643679706, "13107_13118": 0.001442286149572075, "13107_13119": 0.00010642111394900749, "13107_13120": 6.161222386521486e-05, "13107_13121": 0.0025485056235157056, "13107_13122": 0.008603306896088184, "13107_13123": 0.005696330151902137, "13108_13101": 0.00692297351794596, "13108_13102": 0.017282228794192767, "13108_13103": 0.005489089035264597, "13108_13104": 0.0021032172783080165, "13108_13105": 0.0009605905811713044, "13108_13106": 0.0017615494914190975, "13108_13107": 0.014560088721602365, "13108_13109": 0.0024840928440202537, "13108_13110": 0.0002632522292422817, "13108_13111": 0.001996796164359009, "13108_13112": 0.0005685127929381189, "13108_13113": 0.0012462472554554823, "13108_13114": 0.0003668727875610521, "13108_13115": 0.0003360666756284447, "13108_13116": 0.000722543352601156, "13108_13117": 0.0003444683425191558, "13108_13118": 0.0004452883452076892, "13108_13119": 0.0003024600080656002, "13108_13120": 0.00019323833848635568, "13108_13121": 0.0009885961374736748, "13108_13122": 0.001506698929067527, "13108_13123": 0.021048976116861587, "13109_13101": 0.0026829322937670834, "13109_13102": 0.001940785051754268, "13109_13103": 0.021306627234843393, "13109_13104": 0.0018987767173007126, "13109_13105": 0.00029125778554465207, "13109_13106": 0.000719742796970919, "13109_13107": 0.00047889501277053367, "13109_13108": 0.0024056772863736164, "13109_13110": 0.008869359680960703, "13109_13111": 0.02547105345700587, "13109_13112": 0.002162028946542994, "13109_13113": 0.004242841779809114, "13109_13114": 0.00038647667697271136, "13109_13115": 0.00036967334319128913, "13109_13116": 0.0008513689115920599, "13109_13117": 0.00042008334453555587, "13109_13118": 0.000215642783528252, "13109_13119": 0.0003668727875610521, "13109_13120": 0.00017643500470493345, "13109_13121": 0.00026045167361204465, "13109_13122": 0.0002296455616794372, "13109_13123": 0.000428485011426267, "13110_13101": 0.0009465878030201192, "13110_13102": 0.000722543352601156, "13110_13103": 0.0037527445445176325, "13110_13104": 0.0011790339203297934, "13110_13105": 0.00012042389210019268, "13110_13106": 9.521889142805932e-05, "13110_13107": 5.321055697450374e-05, "13110_13108": 0.00024644889546085946, "13110_13109": 0.007844356320293946, "13110_13111": 0.004231639557288166, "13110_13112": 0.019102589953846845, "13110_13113": 0.011496280862123046, "13110_13114": 0.000285656674284178, "13110_13115": 0.0004956983465519559,