{"13101_13102": 0.029147237540052617, "13101_13103": 0.027415999477790488, "13101_13104": 0.02461196143596264, "13101_13105": 0.01671070444360563, "13101_13106": 0.015958609219836016, "13101_13107": 0.003944952305810432, "13101_13108": 0.006507752256995195, "13101_13109": 0.002392514240142586, "13101_13110": 0.0009308952203639006, "13101_13111": 0.0021172190072910667, "13101_13112": 0.0031020380361516564, "13101_13113": 0.005134114187921634, "13101_13114": 0.0016432571115570073, "13101_13115": 0.002040590437322087, "13101_13116": 0.0030935237505995477, "13101_13117": 0.002792685661091702, "13101_13118": 0.002120057102475103, "13101_13119": 0.0018731428214639463, "13101_13120": 0.0015155428282753747, "13101_13121": 0.003377333269003176, "13101_13122": 0.001640419016372971, "13101_13123": 0.0027415999477790488, "13102_13101": 0.033668323168222415, "13102_13103": 0.01814678060672799, "13102_13104": 0.002483333286031747, "13102_13105": 0.0014190475920181412, "13102_13106": 0.0052249332338107956, "13102_13107": 0.007362018907390116, "13102_13108": 0.020888380554507036, "13102_13109": 0.0018759809166479825, "13102_13110": 0.0006300571308560547, "13102_13111": 0.0014672952101467578, "13102_13112": 0.0009394095059160094, "13102_13113": 0.002032076151769978, "13102_13114": 0.0004597714198138777, "13102_13115": 0.00042287618242140603, "13102_13116": 0.0009195428396277554, "13102_13117": 0.0006187047501199095, "13102_13118": 0.0008996761733395015, "13102_13119": 0.0004030095161331521, "13102_13120": 0.00034624761245242644, "13102_13121": 0.001657447587477189, "13102_13122": 0.0011749714061910208, "13102_13123": 0.0022449332905726993, "13103_13101": 0.025403789992308762, "13103_13102": 0.017922571087189122, "13103_13104": 0.010219980757714651, "13103_13105": 0.0014701333053307943, "13103_13106": 0.0026280761404175973, "13103_13107": 0.0017056952056058055, "13103_13108": 0.005466171324453879, "13103_13109": 0.023377390030906855, "13103_13110": 0.003998876114307121, "13103_13111": 0.0065276189232834495, "13103_13112": 0.0035050475522848084, "13103_13113": 0.022926132896645086, "13103_13114": 0.0007804761756099776, "13103_13115": 0.0009365714107319731, "13103_13116": 0.0013197142605768713, "13103_13117": 0.0013991809257298871, "13103_13118": 0.0009649523625723359, "13103_13119": 0.0006981714152729255, "13103_13120": 0.00042287618242140603, "13103_13121": 0.0013026856894726535, "13103_13122": 0.0009734666481244448, "13103_13123": 0.001288495213552472, "13104_13101": 0.01787999965942858, "13104_13102": 0.003079333274679366, "13104_13103": 0.008576723646157644, "13104_13105": 0.010540685513510752, "13104_13106": 0.0017198856815259871, "13104_13107": 0.0008968380781554651, "13104_13108": 0.00219100948207601, "13104_13109": 0.0016006856837964632, "13104_13110": 0.0011238856928783678, "13104_13111": 0.0006584380826964174, "13104_13112": 0.003689523739247167, "13104_13113": 0.02427706620424636, "13104_13114": 0.019866666288253974, "13104_13115": 0.0056506475114162374, "13104_13116": 0.015723047319561003, "13104_13117": 0.001799352346679003, "13104_13118": 0.0006783047489846715, "13104_13119": 0.0021370856735793203, "13104_13120": 0.004785028480285172, "13104_13121": 0.0007918285563461228, "13104_13122": 0.00034908570763646273, "13104_13123": 0.000814533317818413, "13105_13101": 0.012521675951968077, "13105_13102": 0.00154959997048381, "13105_13103": 0.001640419016372971, "13105_13104": 0.007972209371957917, "13105_13106": 0.008718628405359459, "13105_13107": 0.0006272190356720183, "13105_13108": 0.0008599428407629936, "13105_13109": 0.00034624761245242644, "13105_13110": 0.00010217142662530616, "13105_13111": 0.00016460952067410436, "13105_13112": 0.000261104756931338, "13105_13113": 0.0006045142741997281, "13105_13114": 0.0003377333269003176, "13105_13115": 0.00020434285325061233, "13105_13116": 0.015149752092385674, "13105_13117": 0.004765161813996918, "13105_13118": 0.002383999954590477, "13105_13119": 0.0020263999614019055, "13105_13120": 0.0010273904566211341, "13105_13121": 0.0013707999738895244, "13105_13122": 0.00042287618242140603, "13105_13123": 0.00037179046910875297, "13106_13101": 0.011199123596207169, "13106_13102": 0.0045948761029547406, "13106_13103": 0.002454952334191384, "13106_13104": 0.0014133714016500685, "13106_13105": 0.007211599862636193, "13106_13107": 0.010705295034184856, "13106_13108": 0.0016319047308208624, "13106_13109": 0.0006527618923283449, "13106_13110": 5.676190368072564e-05, "13106_13111": 0.00045409522944580514, "13106_13112": 0.00019299047251446718, "13106_13113": 0.0007180380815611794, "13106_13114": 0.00022420951953886628, "13106_13115": 0.00015041904475392295, "13106_13116": 0.0011380761687985492, "13106_13117": 0.0025798285222889804, "13106_13118": 0.013052399751382861, "13106_13119": 0.00039165713539700693, "13106_13120": 0.00023556190027501143, "13106_13121": 0.004390533249704128, "13106_13122": 0.0022875047183332432, "13106_13123": 0.0008968380781554651, "13107_13101": 0.0038058856417926543, "13107_13102": 0.00529020942304363, "13107_13103": 0.0018617904407278011, "13107_13104": 0.0009138666492596828, "13107_13105": 0.000703847605640998, "13107_13106": 0.008051676037110933, "13107_13108": 0.01451118067597751, "13107_13109": 0.0005080190379424945, "13107_13110": 6.811428441687077e-05, "13107_13111": 0.00035759999318857154, "13107_13112": 0.00021001904361868487, "13107_13113": 0.0005761333223593653, "13107_13114": 0.00011068571217741501, "13107_13115": 9.649523625723359e-05, "13107_13116": 0.00023272380509097514, "13107_13117": 0.0003604380883726078, "13107_13118": 0.0013225523557609076, "13107_13119": 0.00013906666401777783, "13107_13120": 4.5409522944580514e-05, "13107_13121": 0.002341428526829933, "13107_13122": 0.009073390303363994, "13107_13123": 0.005568342751079185, "13108_13101": 0.006780209394662678, "13108_13102": 0.01642973302038604, "13108_13103": 0.005417923706325263, "13108_13104": 0.0021257332928431754, "13108_13105": 0.0009819809336765537, "13108_13106": 0.001700019015237733, "13108_13107": 0.01414506639723683, "13108_13109": 0.002284666623149207, "13108_13110": 0.00024407618582712026, "13108_13111": 0.002012209485481724, "13108_13112": 0.0006101904645678007, "13108_13113": 0.0012629523568961456, "13108_13114": 0.0003973333257650795, "13108_13115": 0.00034057142208435387, "13108_13116": 0.0006783047489846715, "13108_13117": 0.00040584761131718836, "13108_13118": 0.00047396189573405915, "13108_13119": 0.0002894857087717008, "13108_13120": 0.00028380951840362823, "13108_13121": 0.000945085696284082, "13108_13122": 0.0015467618752997739, "13108_13123": 0.021089885312573612, "13109_13101": 0.0024294094775350575, "13109_13102": 0.0019923428191934702, "13109_13103": 0.0199858662859835, "13109_13104": 0.0017227237767100233, "13109_13105": 0.00031502856542802734, "13109_13106": 0.0007010095104569617, "13109_13107": 0.0004285523727894786, "13109_13108": 0.0023698094786702957, "13109_13110": 0.008378056983275105, "13109_13111": 0.025426494753781052, "13109_13112": 0.0020604571036103407, "13109_13113": 0.004072666589092065, "13109_13114": 0.00034624761245242644, "13109_13115": 0.00042003808723736975, "13109_13116": 0.0007379047478494334, "13109_13117": 0.00038030475466086183, "13109_13118": 0.00021569523398675745, "13109_13119": 0.000351923802820499, "13109_13120": 0.00024407618582712026, "13109_13121": 0.00022137142435483002, "13109_13122": 0.00017312380622621322, "13109_13123": 0.0004569333246298414, "13110_13101": 0.0010841523603018599, "13110_13102": 0.000723714271929252, "13110_13103": 0.003590190407805897, "13110_13104": 0.0010529333132774607, "13110_13105": 0.00012203809291356013, "13110_13106": 8.230476033705218e-05, "13110_13107": 7.94666651530159e-05, "13110_13108": 0.00022420951953886628, "13110_13109": 0.007611771283585309, "13110_13111": 0.00406131420835592, "13110_13112": 0.01850438059991656, "13110_13113": 0.010620152178663769, "13110_13114": 0.0002667809472994105, "13110_13115": 0.0004966666572063493,