{"13101_13102": 0.012821097777980564, "13101_13103": 0.010143162490655305, "13101_13104": 0.009799207499622702, "13101_13105": 0.007121272212297444, "13101_13106": 0.007749516532652911, "13101_13107": 0.002491918812583137, "13101_13108": 0.003495705827229302, "13101_13109": 0.0011371573172914598, "13101_13110": 0.0004632863144520762, "13101_13111": 0.0010704721659688123, "13101_13112": 0.0012915860887754852, "13101_13113": 0.002523506515841233, "13101_13114": 0.0007405561541620309, "13101_13115": 0.0009511408425493382, "13101_13116": 0.001607463121356446, "13101_13117": 0.001316154302420671, "13101_13118": 0.0011792742549689213, "13101_13119": 0.0009300823737106075, "13101_13120": 0.0005931468722909157, "13101_13121": 0.0016565995486468178, "13101_13122": 0.0007370464093555758, "13101_13123": 0.0015688559284854399, "13102_13101": 0.014102154632336683, "13102_13103": 0.008121549482137154, "13102_13104": 0.0013231737920335813, "13102_13105": 0.0007300269197426655, "13102_13106": 0.002512977281421868, "13102_13107": 0.0035097448064551227, "13102_13108": 0.010473078502462086, "13102_13109": 0.0010845111451946328, "13102_13110": 0.0002772698397099547, "13102_13111": 0.0008528679879685948, "13102_13112": 0.0005124227417424479, "13102_13113": 0.0010704721659688123, "13102_13114": 0.0003088575429680508, "13102_13115": 0.00021058468838730735, "13102_13116": 0.000400110907935884, "13102_13117": 0.0002807795845164098, "13102_13118": 0.00039309141832297374, "13102_13119": 0.0002491918812583137, "13102_13120": 0.00014740928187111516, "13102_13121": 0.0009651798217751587, "13102_13122": 0.0005685786586457299, "13102_13123": 0.0011898034893882865, "13103_13101": 0.009820265968461432, "13103_13102": 0.007559990313104334, "13103_13104": 0.004660941102972403, "13103_13105": 0.0008142607950975885, "13103_13106": 0.0012986055783883953, "13103_13107": 0.0008844556912266909, "13103_13108": 0.003235984711551623, "13103_13109": 0.010922325837688342, "13103_13110": 0.002323451061873291, "13103_13111": 0.0035974884266165006, "13103_13112": 0.0019338693883567725, "13103_13113": 0.011034637671494906, "13103_13114": 0.00042818886638752496, "13103_13115": 0.0004808350384843518, "13103_13116": 0.0006422832995812874, "13103_13117": 0.0005405007001940889, "13103_13118": 0.0005264617209682684, "13103_13119": 0.00039309141832297374, "13103_13120": 0.0002667406052905893, "13103_13121": 0.0006457930443877426, "13103_13122": 0.0004211693767746147, "13103_13123": 0.0005369909553876338, "13104_13101": 0.00858483579658923, "13104_13102": 0.0015407779700337988, "13104_13103": 0.004341554325584987, "13104_13105": 0.005390968022715068, "13104_13106": 0.0010634526763559022, "13104_13107": 0.0006844002372587489, "13104_13108": 0.0011933132341947416, "13104_13109": 0.0008949849256460563, "13104_13110": 0.0007019489612910245, "13104_13111": 0.00039660116312942886, "13104_13112": 0.002312921827453926, "13104_13113": 0.014260093148627164, "13104_13114": 0.011533021434011533, "13104_13115": 0.003748407453294071, "13104_13116": 0.009897480354203446, "13104_13117": 0.0011125891036462738, "13104_13118": 0.00041064014235524937, "13104_13119": 0.0014705830739046963, "13104_13120": 0.0028744809964867456, "13104_13121": 0.0005124227417424479, "13104_13122": 0.00023515290203249322, "13104_13123": 0.0004632863144520762, "13105_13101": 0.0060086831086511696, "13105_13102": 0.0007510853885813962, "13105_13103": 0.0008107510502911333, "13105_13104": 0.004397710242488269, "13105_13106": 0.0051312469070373895, "13105_13107": 0.0004948740177101723, "13105_13108": 0.0006457930443877426, "13105_13109": 0.00016495800590339077, "13105_13110": 3.860719287100635e-05, "13105_13111": 0.00011582157861301904, "13105_13112": 0.00020707494358085222, "13105_13113": 0.000400110907935884, "13105_13114": 0.0003334257566132367, "13105_13115": 0.0001403897922582049, "13105_13116": 0.008177705399040437, "13105_13117": 0.0027340912042285405, "13105_13118": 0.001488131797936972, "13105_13119": 0.001200332723807652, "13105_13120": 0.0004457375904198006, "13105_13121": 0.0009335921185170626, "13105_13122": 0.00021409443319376248, "13105_13123": 0.00022813341241958296, "13106_13101": 0.006208738562619112, "13106_13102": 0.0024673505989379514, "13106_13103": 0.0012740373647432096, "13106_13104": 0.0007896925814524025, "13106_13105": 0.0046574313581659475, "13106_13107": 0.006668515132264733, "13106_13108": 0.001175764510162466, "13106_13109": 0.0003123672877745059, "13106_13110": 9.125336496783319e-05, "13106_13111": 0.00030534779816159566, "13106_13112": 0.0001088020890001088, "13106_13113": 0.000600166361903826, "13106_13114": 0.00015091902667757026, "13106_13115": 9.827285458074343e-05, "13106_13116": 0.000800221815871768, "13106_13117": 0.00143197588103369, "13106_13118": 0.00790043555933048, "13106_13119": 0.00023866264683894834, "13106_13120": 0.0001544287714840254, "13106_13121": 0.0031938677738741618, "13106_13122": 0.0012775471095496647, "13106_13123": 0.0005615591690328196, "13107_13101": 0.0021865710144215412, "13107_13102": 0.002716542480196265, "13107_13103": 0.0008633972223879602, "13107_13104": 0.0006036761067102811, "13107_13105": 0.0005264617209682684, "13107_13106": 0.005724393779328305, "13107_13108": 0.010683663190849393, "13107_13109": 0.00030183805335514053, "13107_13110": 4.211693767746147e-05, "13107_13111": 0.00021409443319376248, "13107_13112": 0.00015793851629048052, "13107_13113": 0.0003579939702584225, "13107_13114": 7.019489612910245e-05, "13107_13115": 6.668515132264733e-05, "13107_13116": 0.00024217239164540347, "13107_13117": 0.00020356519877439712, "13107_13118": 0.0010669624211623572, "13107_13119": 0.00011231183380656393, "13107_13120": 3.860719287100635e-05, "13107_13121": 0.0018847329610664008, "13107_13122": 0.005043503286876011, "13107_13123": 0.0039519726520684684, "13108_13101": 0.0035097448064551227, "13108_13102": 0.009525447404719204, "13108_13103": 0.0030534779816159567, "13108_13104": 0.001259998385517389, "13108_13105": 0.0005580494242263645, "13108_13106": 0.0012108619582270174, "13108_13107": 0.010108065042590753, "13108_13109": 0.0014179369018078695, "13108_13110": 0.00017899698512921126, "13108_13111": 0.0013512517504852223, "13108_13112": 0.00036501345987133277, "13108_13113": 0.0008072413054846782, "13108_13114": 0.00016495800590339077, "13108_13115": 0.00020356519877439712, "13108_13116": 0.0003895816735165186, "13108_13117": 0.0001860164747421215, "13108_13118": 0.0002772698397099547, "13108_13119": 0.00020707494358085222, "13108_13120": 0.00011582157861301904, "13108_13121": 0.0006317540651619221, "13108_13122": 0.0010950403796139983, "13108_13123": 0.01361430010423942, "13109_13101": 0.0011933132341947416, "13109_13102": 0.0009757090561945241, "13109_13103": 0.010069457849719746, "13109_13104": 0.0009581603321622484, "13109_13105": 0.00015793851629048052, "13109_13106": 0.0003228965221938713, "13109_13107": 0.0002983283085486854, "13109_13108": 0.001316154302420671, "13109_13110": 0.005566455263037825, "13109_13111": 0.014849730276111623, "13109_13112": 0.0013863491985497735, "13109_13113": 0.0024182141716475795, "13109_13114": 0.00025270162606476885, "13109_13115": 0.00021409443319376248, "13109_13116": 0.00045977656964562105, "13109_13117": 0.00019654570916148687, "13109_13118": 9.827285458074343e-05, "13109_13119": 0.00019303596435503174, "13109_13120": 7.370464093555758e-05, "13109_13121": 0.00016495800590339077, "13109_13122": 9.125336496783319e-05, "13109_13123": 0.0003264062670003264, "13110_13101": 0.00045977656964562105, "13110_13102": 0.000372032949484243, "13110_13103": 0.002193590504034452, "13110_13104": 0.000887965436033146, "13110_13105": 6.668515132264733e-05, "13110_13106": 6.668515132264733e-05, "13110_13107": 4.211693767746147e-05, "13110_13108": 0.00020707494358085222, "13110_13109": 0.005422555725973164, "13110_13111": 0.0029657343614545788, "13110_13112": 0.01203842468614107, "13110_13113": 0.007265171749362104, "13110_13114": 0.00021058468838730735,