{"13101_13102": 0.009289365478594155, "13101_13103": 0.0076035607296628, "13101_13104": 0.007425291721729829, "13101_13105": 0.005227932428295167, "13101_13106": 0.005886752675003972, "13101_13107": 0.001895077062591799, "13101_13108": 0.0027709204493929166, "13101_13109": 0.0008952204528807884, "13101_13110": 0.00038366590837748076, "13101_13111": 0.00072857768459562, "13101_13112": 0.0011354960722687057, "13101_13113": 0.001895077062591799, "13101_13114": 0.0005348070237989126, "13101_13115": 0.0006859481392203444, "13101_13116": 0.001088991113677496, "13101_13117": 0.0009339745850401299, "13101_13118": 0.0008603417339373811, "13101_13119": 0.0006588202467088054, "13101_13120": 0.0003720396687296783, "13101_13121": 0.0010502369815181545, "13101_13122": 0.0005425578502307809, "13101_13123": 0.0012633847083945325, "13102_13101": 0.009820297089177133, "13102_13103": 0.0059410084600270505, "13102_13104": 0.000937849998256064, "13102_13105": 0.0005231807841511101, "13102_13106": 0.0015772931788851985, "13102_13107": 0.0024880152846297235, "13102_13108": 0.008180997298836989, "13102_13109": 0.0008022105356983688, "13102_13110": 0.0001898952475807733, "13102_13111": 0.0006278169409813321, "13102_13112": 0.00037591508194561245, "13102_13113": 0.0007169514449478176, "13102_13114": 0.00013951487577362938, "13102_13115": 0.0001511411154214318, "13102_13116": 0.00021702314009231234, "13102_13117": 0.00019377066079670746, "13102_13118": 0.0002945314044109953, "13102_13119": 0.00014726570220549765, "13102_13120": 0.00012013780969395861, "13102_13121": 0.0005541840898785833, "13102_13122": 0.0003797904951615466, "13102_13123": 0.0009068466925285909, "13103_13101": 0.006917612590442456, "13103_13102": 0.005255060320806706, "13103_13104": 0.003414239043237985, "13103_13105": 0.0005076791312873735, "13103_13106": 0.001015358262574747, "13103_13107": 0.0006123152881175955, "13103_13108": 0.002627530160403353, "13103_13109": 0.008289508868883145, "13103_13110": 0.0015230373938621205, "13103_13111": 0.002569398962164341, "13103_13112": 0.0015385390467258571, "13103_13113": 0.008684801016908428, "13103_13114": 0.0002945314044109953, "13103_13115": 0.0003720396687296783, "13103_13116": 0.000519305370935176, "13103_13117": 0.00044567251983242714, "13103_13118": 0.0003216592969225344, "13103_13119": 0.0002519018590357197, "13103_13120": 0.00016664276828516842, "13103_13121": 0.0004766758255599003, "13103_13122": 0.0003177838837066002, "13103_13123": 0.0005580595030945175, "13104_13101": 0.006092149575448482, "13104_13102": 0.0009533516511198006, "13104_13103": 0.003170088010634134, "13104_13105": 0.004026554331355581, "13104_13106": 0.0008719679735851835, "13104_13107": 0.0005348070237989126, "13104_13108": 0.0009300991718241958, "13104_13109": 0.0006975743788681468, "13104_13110": 0.0005658103295263857, "13104_13111": 0.0003797904951615466, "13104_13112": 0.0018679491700802598, "13104_13113": 0.011300704937663978, "13104_13114": 0.009979189031030433, "13104_13115": 0.003049950200940175, "13104_13116": 0.008235253083860066, "13104_13117": 0.0009029712793126567, "13104_13118": 0.00033328553657033683, "13104_13119": 0.001088991113677496, "13104_13120": 0.002236113425594004, "13104_13121": 0.0003952921480252832, "13104_13122": 0.00017051818150110257, "13104_13123": 0.0004262954537527564, "13105_13101": 0.0043985940000852595, "13105_13102": 0.0006161907013335297, "13105_13103": 0.00048055123877583446, "13105_13104": 0.0037165212740808487, "13105_13106": 0.003906416521661622, "13105_13107": 0.00031390847049066607, "13105_13108": 0.000468924999128032, "13105_13109": 9.300991718241958e-05, "13105_13110": 6.200661145494638e-05, "13105_13111": 8.913450396648542e-05, "13105_13112": 0.00012788863612582692, "13105_13113": 0.00036041342908187584, "13105_13114": 0.0002131477268763782, "13105_13115": 8.138367753461713e-05, "13105_13116": 0.006274293996597387, "13105_13117": 0.0021431035084115845, "13105_13118": 0.001170374791212113, "13105_13119": 0.0008913450396648543, "13105_13120": 0.0003565380158659417, "13105_13121": 0.0006278169409813321, "13105_13122": 0.0001743935947170367, "13105_13123": 0.00020927231366044404, "13106_13101": 0.0050845421393056036, "13106_13102": 0.0017013064017950914, "13106_13103": 0.0009029712793126567, "13106_13104": 0.0007944597092665005, "13106_13105": 0.003821157430911071, "13106_13107": 0.005700732840639133, "13106_13108": 0.0010037320229269446, "13106_13109": 0.000337160949786271, "13106_13110": 3.4878718943407344e-05, "13106_13111": 0.0002751543383313246, "13106_13112": 7.363285110274883e-05, "13106_13113": 0.0004572987594802296, "13106_13114": 6.975743788681469e-05, "13106_13115": 8.913450396648542e-05, "13106_13116": 0.0006665710731406737, "13106_13117": 0.0011897518572917837, "13106_13118": 0.0060688970961528775, "13106_13119": 0.00020152148722857576, "13106_13120": 9.300991718241958e-05, "13106_13121": 0.0023872545410154357, "13106_13122": 0.0010657386343818909, "13106_13123": 0.0004572987594802296, "13107_13101": 0.001530788220293989, "13107_13102": 0.001895077062591799, "13107_13103": 0.0005774365691741882, "13107_13104": 0.00043792169340055884, "13107_13105": 0.0004069183876730856, "13107_13106": 0.005057414246794064, "13107_13108": 0.008708053496204033, "13107_13109": 0.00020539690044450989, "13107_13110": 2.7127892511539043e-05, "13107_13111": 0.00013176404934176107, "13107_13112": 0.00013951487577362938, "13107_13113": 0.0003022822308428636, "13107_13114": 8.525909075055128e-05, "13107_13115": 0.00012013780969395861, "13107_13116": 0.00027127892511539045, "13107_13117": 0.00017051818150110257, "13107_13118": 0.0010812402872456275, "13107_13119": 0.00011238698326209032, "13107_13120": 4.650495859120979e-05, "13107_13121": 0.0016082964846126718, "13107_13122": 0.004208698752504486, "13107_13123": 0.0031080813991791875, "13108_13101": 0.002728290904017641, "13108_13102": 0.007646190275038076, "13108_13103": 0.0026895367718582992, "13108_13104": 0.000937849998256064, "13108_13105": 0.0004495479330483613, "13108_13106": 0.0009998566097110103, "13108_13107": 0.008494905769327654, "13108_13109": 0.0011897518572917837, "13108_13110": 0.00013951487577362938, "13108_13111": 0.0010347353286544179, "13108_13112": 0.00036041342908187584, "13108_13113": 0.0005851873956060565, "13108_13114": 0.00017826900793297085, "13108_13115": 0.000182144421148905, "13108_13116": 0.00036041342908187584, "13108_13117": 0.0002131477268763782, "13108_13118": 0.0002131477268763782, "13108_13119": 0.0001743935947170367, "13108_13120": 0.00014726570220549765, "13108_13121": 0.000546433263446715, "13108_13122": 0.0008603417339373811, "13108_13123": 0.011944023531509047, "13109_13101": 0.0009184729321763933, "13109_13102": 0.0007440793374593566, "13109_13103": 0.007545429531423788, "13109_13104": 0.0007983351224824347, "13109_13105": 0.00010851157004615617, "13109_13106": 0.0002945314044109953, "13109_13107": 0.00012401322290989277, "13109_13108": 0.0010579878079500227, "13109_13110": 0.004700876230928123, "13109_13111": 0.012095164646930478, "13109_13112": 0.001038610741870352, "13109_13113": 0.0018795754097280623, "13109_13114": 0.0001588919418533001, "13109_13115": 0.00020152148722857576, "13109_13116": 0.0003100330572747319, "13109_13117": 0.0001433902889895635, "13109_13118": 0.00010076074361428788, "13109_13119": 0.00018601983436483915, "13109_13120": 0.00011626239647802448, "13109_13121": 0.00013176404934176107, "13109_13122": 0.00011626239647802448, "13109_13123": 0.000182144421148905, "13110_13101": 0.00031390847049066607, "13110_13102": 0.00020927231366044404, "13110_13103": 0.0016276735506923425, "13110_13104": 0.0005696857427423199, "13110_13105": 3.100330572747319e-05, "13110_13106": 5.038037180714394e-05, "13110_13107": 4.650495859120979e-05, "13110_13108": 0.00017051818150110257, "13110_13109": 0.004495479330483613, "13110_13111": 0.0025190185903571968, "13110_13112": 0.010820153698888144, "13110_13113": 0.005820870650333092,