{"13101_13102": 0.015643461411219813, "13101_13103": 0.012048233443384442, "13101_13104": 0.011487850492529353, "13101_13105": 0.008557655303720808, "13101_13106": 0.00904039483367429, "13101_13107": 0.0027073923288300147, "13101_13108": 0.004283891353223553, "13101_13109": 0.001357071965323773, "13101_13110": 0.0004962427335885439, "13101_13111": 0.0012017851235205552, "13101_13112": 0.001424587983499085, "13101_13113": 0.0029403225915348415, "13101_13114": 0.0009587274580894318, "13101_13115": 0.0010971352953488215, "13101_13116": 0.0017824228798282392, "13101_13117": 0.0015056072053094597, "13101_13118": 0.0011747787162504305, "13101_13119": 0.0009958612680858534, "13101_13120": 0.0006447779735742305, "13101_13121": 0.0018296840925509576, "13101_13122": 0.0010566256844436342, "13101_13123": 0.0017115310607441615, "13102_13101": 0.016875628742919258, "13102_13103": 0.009691924409066051, "13102_13104": 0.0015326136125795844, "13102_13105": 0.0008169438199212764, "13102_13106": 0.0028221695597280454, "13102_13107": 0.003885546845989211, "13102_13108": 0.012240654095184083, "13102_13109": 0.0010431224808085718, "13102_13110": 0.0003510832945116229, "13102_13111": 0.0009452242544543693, "13102_13112": 0.0005671345526726216, "13102_13113": 0.0013199381553273513, "13102_13114": 0.00023968186452235794, "13102_13115": 0.00025656086906618596, "13102_13116": 0.0004624847245008878, "13102_13117": 0.00033082848905902925, "13102_13118": 0.0004388541181395286, "13102_13119": 0.00033082848905902925, "13102_13120": 0.00016203844362074903, "13102_13121": 0.0010532498835348686, "13102_13122": 0.0006312747699391681, "13102_13123": 0.0014988556034919284, "13103_13101": 0.012186641280643833, "13103_13102": 0.00930033150364924, "13103_13104": 0.0057219825403577, "13103_13105": 0.0009958612680858534, "13103_13106": 0.0015157346080357564, "13103_13107": 0.000965479059906963, "13103_13108": 0.003645864981466853, "13103_13109": 0.012797661245130407, "13103_13110": 0.0027614051433702646, "13103_13111": 0.003929432257803163, "13103_13112": 0.00242720085340247, "13103_13113": 0.012777406439677813, "13103_13114": 0.0005367523444937311, "13103_13115": 0.0005603829508550904, "13103_13116": 0.0008810840371878228, "13103_13117": 0.0006717843808443553, "13103_13118": 0.0004793637290447159, "13103_13119": 0.0004084719099606382, "13103_13120": 0.00025993666997495155, "13103_13121": 0.0007325487972021362, "13103_13122": 0.00047598792813595024, "13103_13123": 0.0007494278017459642, "13104_13101": 0.00954676496998913, "13104_13102": 0.0015697474225760061, "13104_13103": 0.005296631625853233, "13104_13105": 0.005951537002153761, "13104_13106": 0.0011140142998926495, "13104_13107": 0.0007122939917495425, "13104_13108": 0.001289555947148461, "13104_13109": 0.0009215936480930101, "13104_13110": 0.0008000648153774482, "13104_13111": 0.0004388541181395286, "13104_13112": 0.002683761722468656, "13104_13113": 0.016116073538446997, "13104_13114": 0.013969064160472071, "13104_13115": 0.0041151013077852724, "13104_13116": 0.010681034075334373, "13104_13117": 0.001178154517159196, "13104_13118": 0.0004253509145044662, "13104_13119": 0.0015562442189409437, "13104_13120": 0.0029133161842647168, "13104_13121": 0.0006076441635778088, "13104_13122": 0.00031394948451520123, "13104_13123": 0.0005840135572164496, "13105_13101": 0.0069170160620607235, "13105_13102": 0.0008507018290089324, "13105_13103": 0.001016116073538447, "13105_13104": 0.005185230195863969, "13105_13106": 0.005968416006697589, "13105_13107": 0.0005097459372236063, "13105_13108": 0.0005705103535813871, "13105_13109": 0.00016203844362074903, "13105_13110": 9.114662453667133e-05, "13105_13111": 7.08918190840777e-05, "13105_13112": 0.00020929965634346748, "13105_13113": 0.00045573312268335663, "13105_13114": 0.0002869430772450764, "13105_13115": 0.00012828043453309298, "13105_13116": 0.00913154145821096, "13105_13117": 0.0029572015960786695, "13105_13118": 0.0017857986807370049, "13105_13119": 0.001340192960779945, "13105_13120": 0.0005738861544901528, "13105_13121": 0.0010059886708121502, "13105_13122": 0.00025993666997495155, "13105_13123": 0.0002835672763363108, "13106_13101": 0.007183704333853206, "13106_13102": 0.002697264926103718, "13106_13103": 0.0013975815762289603, "13106_13104": 0.0011038868971663528, "13106_13105": 0.005661218123999919, "13106_13107": 0.007629310053810266, "13106_13108": 0.0013300655580536483, "13106_13109": 0.0003882171045080445, "13106_13110": 9.452242544543692e-05, "13106_13111": 0.0003375800908765605, "13106_13112": 0.00015528684180321782, "13106_13113": 0.0005570071499463248, "13106_13114": 0.0001350320363506242, "13106_13115": 8.439502271914012e-05, "13106_13116": 0.0009688548608157285, "13106_13117": 0.001630511838933787, "13106_13118": 0.008750075955520447, "13106_13119": 0.0003004462808801388, "13106_13120": 0.00016541424452951462, "13106_13121": 0.0031293674424257155, "13106_13122": 0.0014954798025831628, "13106_13123": 0.0006954149872057145, "13107_13101": 0.002460958862490126, "13107_13102": 0.0033420428996779484, "13107_13103": 0.0009519758562719005, "13107_13104": 0.0006245231681216368, "13107_13105": 0.0006110199644865745, "13107_13106": 0.006694213202082194, "13107_13108": 0.01172753235705171, "13107_13109": 0.00031057368360643564, "13107_13110": 8.777082362790573e-05, "13107_13111": 0.00023630606361359232, "13107_13112": 0.00019242065179963947, "13107_13113": 0.0004321025163219974, "13107_13114": 8.101922181037452e-05, "13107_13115": 0.00011140142998926495, "13107_13116": 0.00025318506815742036, "13107_13117": 0.0002498092672486547, "13107_13118": 0.0012422947344257426, "13107_13119": 0.00010464982817173374, "13107_13120": 5.063701363148407e-05, "13107_13121": 0.0019782193325366443, "13107_13122": 0.005981919210332651, "13107_13123": 0.004486439407749489, "13108_13101": 0.004067840095062554, "13108_13102": 0.011035493170754761, "13108_13103": 0.003780897017817477, "13108_13104": 0.001357071965323773, "13108_13105": 0.0005738861544901528, "13108_13106": 0.0013266897571448826, "13108_13107": 0.01156549391343096, "13108_13109": 0.0013975815762289603, "13108_13110": 0.00019917225361717068, "13108_13111": 0.0015326136125795844, "13108_13112": 0.0004219751135957006, "13108_13113": 0.0008777082362790572, "13108_13114": 0.0002126754572522331, "13108_13115": 0.00025318506815742036, "13108_13116": 0.0003915929054168101, "13108_13117": 0.00018904485089087385, "13108_13118": 0.0002801914754275452, "13108_13119": 0.0002160512581609987, "13108_13120": 0.0001350320363506242, "13108_13121": 0.0006211473672128713, "13108_13122": 0.0011882819198854929, "13108_13123": 0.015572569592135734, "13109_13101": 0.0013300655580536483, "13109_13102": 0.001238918933516977, "13109_13103": 0.01152160850161701, "13109_13104": 0.0010059886708121502, "13109_13105": 0.00020929965634346748, "13109_13106": 0.0003915929054168101, "13109_13107": 0.00025656086906618596, "13109_13108": 0.0015056072053094597, "13109_13110": 0.006501792550282555, "13109_13111": 0.016865501340192962, "13109_13112": 0.001519110408944522, "13109_13113": 0.002633124708837172, "13109_13114": 0.00020254805452593627, "13109_13115": 0.00027681567451877956, "13109_13116": 0.0004287267154132318, "13109_13117": 0.0002160512581609987, "13109_13118": 0.00011477723089803056, "13109_13119": 0.0002700640727012484, "13109_13120": 0.00017891744816457705, "13109_13121": 0.00017216584634704583, "13109_13122": 0.00011477723089803056, "13109_13123": 0.00025656086906618596, "13110_13101": 0.00046923632631841905, "13110_13102": 0.0003679622990554509, "13110_13103": 0.0021807673870625805, "13110_13104": 0.000759555204472261, "13110_13105": 9.114662453667133e-05, "13110_13106": 7.764342090160891e-05, "13110_13107": 7.42676199928433e-05, "13110_13108": 0.00022617866088729552, "13110_13109": 0.005968416006697589, "13110_13111": 0.003541215153295119, "13110_13112": 0.01429314104771357, "13110_13113": 0.00782510650651867, "13110_13114": 0.0003207010863327324,