{"13101_13102": 0.028955679953389237, "13101_13103": 0.0254640642323161, "13101_13104": 0.020427838195258025, "13101_13105": 0.013371253481660635, "13101_13106": 0.013679337221755322, "13101_13107": 0.004420058556868695, "13101_13108": 0.008605386645093818, "13101_13109": 0.003720058766449471, "13101_13110": 0.0010940116484995065, "13101_13111": 0.0030745499776796475, "13101_13112": 0.004526944752411751, "13101_13113": 0.0064467046566752525, "13101_13114": 0.0022718556072288602, "13101_13115": 0.0029467057045791303, "13101_13116": 0.004252393936409001, "13101_13117": 0.004168561626179154, "13101_13118": 0.002691017158378096, "13101_13119": 0.0025505980387431023, "13101_13120": 0.0020350293308295415, "13101_13121": 0.004799399760658754, "13101_13122": 0.0023808376105276616, "13101_13123": 0.0038395198085270036, "13102_13101": 0.03154190672398002, "13102_13103": 0.019008976344617862, "13102_13104": 0.003219160712826134, "13102_13105": 0.0015949097021228436, "13102_13106": 0.005765567136057743, "13102_13107": 0.006413171732583314, "13102_13108": 0.01955179055335612, "13102_13109": 0.002697304581645335, "13102_13110": 0.0008823350651691422, "13102_13111": 0.0021167658333036427, "13102_13112": 0.0016179635874360517, "13102_13113": 0.0024143705346196, "13102_13114": 0.0008928141039478731, "13102_13115": 0.0005868261716089307, "13102_13116": 0.0013077840395856169, "13102_13117": 0.0011610774966833843, "13102_13118": 0.0010688619554305523, "13102_13119": 0.0005742513250744536, "13102_13120": 0.0005491016320054994, "13102_13121": 0.0027035920049125733, "13102_13122": 0.0017458078605365687, "13102_13123": 0.003160478095665241, "13103_13101": 0.02500089071829619, "13103_13102": 0.018694605181255933, "13103_13104": 0.009225745740794688, "13103_13105": 0.001936526366309471, "13103_13106": 0.0036991006888920093, "13103_13107": 0.002642813579995934, "13103_13108": 0.007104788291979553, "13103_13109": 0.021031430828912925, "13103_13110": 0.0038856275791534192, "13103_13111": 0.009125146968518872, "13103_13112": 0.004556286060992197, "13103_13113": 0.017349096602066887, "13103_13114": 0.0012491014224247237, "13103_13115": 0.0013161672706086015, "13103_13116": 0.001955388636111187, "13103_13117": 0.002481436382803478, "13103_13118": 0.00171227493644463, "13103_13119": 0.0009305386435513043, "13103_13120": 0.0008152692169852644, "13103_13121": 0.001978442521424395, "13103_13122": 0.0012742511154936779, "13103_13123": 0.0017646701303382843, "13104_13101": 0.01729041398490599, "13104_13102": 0.003644609687242609, "13104_13103": 0.008538320796909941, "13104_13105": 0.007823650352200494, "13104_13106": 0.001953292828355441, "13104_13107": 0.0012868259620281552, "13104_13108": 0.0024856279983149704, "13104_13109": 0.0024164663423753467, "13104_13110": 0.0013497001947005405, "13104_13111": 0.0009053889504823502, "13104_13112": 0.004216765204561316, "13104_13113": 0.022932328463374712, "13104_13114": 0.01571227074482912, "13104_13115": 0.00591017787120423, "13104_13116": 0.012132631098014641, "13104_13117": 0.0024164663423753467, "13104_13118": 0.0008823350651691422, "13104_13119": 0.0026008974248810106, "13104_13120": 0.005029938613790834, "13104_13121": 0.0009452092978415276, "13104_13122": 0.00041706574339349, "13104_13123": 0.0009976044917351821, "13105_13101": 0.012130535290258895, "13105_13102": 0.00197005929040141, "13105_13103": 0.002223652028846698, "13105_13104": 0.006828141668221058, "13105_13106": 0.00641526754033906, "13105_13107": 0.0008194608324967567, "13105_13108": 0.001320358886120094, "13105_13109": 0.00034580827969811983, "13105_13110": 0.0001320358886120094, "13105_13111": 0.00018443108250566393, "13105_13112": 0.0003520957029653584, "13105_13113": 0.0008299398712754877, "13105_13114": 0.0004296405899279671, "13105_13115": 0.00029341308580446533, "13105_13116": 0.009797901258113396, "13105_13117": 0.0033784421022628438, "13105_13118": 0.0017856282078957462, "13105_13119": 0.0024940112293379553, "13105_13120": 0.0013497001947005405, "13105_13121": 0.0015949097021228436, "13105_13122": 0.0005239519389365452, "13105_13123": 0.0004505986674854289, "13106_13101": 0.01118951760792886, "13106_13102": 0.005654489325003196, "13106_13103": 0.0037955078456563336, "13106_13104": 0.0018547898638353701, "13106_13105": 0.005342213969397015, "13106_13107": 0.008519458527108226, "13106_13108": 0.0020999993712576734, "13106_13109": 0.0009871254529564511, "13106_13110": 0.00010479038778730905, "13106_13111": 0.0008068859859622796, "13106_13112": 0.0001865268902614101, "13106_13113": 0.0007817362928933255, "13106_13114": 0.00025988016171252644, "13106_13115": 0.0001865268902614101, "13106_13116": 0.0015341312772062044, "13106_13117": 0.0029362266658003993, "13106_13118": 0.009525446249866393, "13106_13119": 0.0006371255577468389, "13106_13120": 0.00034371247194237367, "13106_13121": 0.00497754341989718, "13106_13122": 0.0023221549933667685, "13106_13123": 0.0010122751460254053, "13107_13101": 0.0043886214405325025, "13107_13102": 0.005063471537882773, "13107_13103": 0.00268892135062235, "13107_13104": 0.0012071852673098, "13107_13105": 0.0007964069471835488, "13107_13106": 0.007461075610456404, "13107_13108": 0.013031732625229752, "13107_13109": 0.0006958081749077321, "13107_13110": 0.00010898200329880141, "13107_13111": 0.0004526944752411751, "13107_13112": 0.0002514969306895417, "13107_13113": 0.0006790417128617626, "13107_13114": 0.00021167658333036426, "13107_13115": 0.00014880235065797885, "13107_13116": 0.00036676635725558165, "13107_13117": 0.0004883232070888602, "13107_13118": 0.0011757481509736074, "13107_13119": 0.0001655688127039483, "13107_13120": 5.0299386137908344e-05, "13107_13121": 0.002678442311843619, "13107_13122": 0.006408980117071821, "13107_13123": 0.005034130229302327, "13108_13101": 0.00892814103947873, "13108_13102": 0.017640413880115606, "13108_13103": 0.007440117532898942, "13108_13104": 0.0026113764636597416, "13108_13105": 0.0013895205420597178, "13108_13106": 0.002257184952938637, "13108_13107": 0.01273203211615805, "13108_13109": 0.002911076972731445, "13108_13110": 0.0003416166641866275, "13108_13111": 0.0026134722714154877, "13108_13112": 0.0008802392574133959, "13108_13113": 0.0019008976344617862, "13108_13114": 0.0005595806707842303, "13108_13115": 0.000370957972767074, "13108_13116": 0.0010164667615368977, "13108_13117": 0.0005637722862957226, "13108_13118": 0.0006685626740830317, "13108_13119": 0.0004044908968590129, "13108_13120": 0.0002724550082470035, "13108_13121": 0.0014020953885941951, "13108_13122": 0.001714370744200376, "13108_13123": 0.01651706092303565, "13109_13101": 0.003544010914966792, "13109_13102": 0.00284820274005906, "13109_13103": 0.0204131675409678, "13109_13104": 0.0023200591856110224, "13109_13105": 0.000370957972767074, "13109_13106": 0.0010416164546058519, "13109_13107": 0.0007523949843128789, "13109_13108": 0.002871256625372268, "13109_13110": 0.0073520936071576025, "13109_13111": 0.02229729871338362, "13109_13112": 0.002653292618774665, "13109_13113": 0.004853890762308155, "13109_13114": 0.0005574848630284841, "13109_13115": 0.0005616764785399765, "13109_13116": 0.0011401194191259223, "13109_13117": 0.0006559878275485547, "13109_13118": 0.0002766466237584959, "13109_13119": 0.0004422154364624442, "13109_13120": 0.00024520950742230315, "13109_13121": 0.0003311376254078966, "13109_13122": 0.00023682627639931843, "13109_13123": 0.0005574848630284841, "13110_13101": 0.0013077840395856169, "13110_13102": 0.0009473051055972737, "13110_13103": 0.003686525842357532, "13110_13104": 0.0013476043869447944, "13110_13105": 0.00010898200329880141, "13110_13106": 9.011973349708578e-05, "13110_13107": 9.431134900857814e-05, "13110_13108": 0.00029341308580446533, "13110_13109": 0.00703562663603993, "13110_13111": 0.003579639646814477, "13110_13112": 0.013515864216807122, "13110_13113": 0.009401793592277368, "13110_13114": 0.00039610766583602817, "13110_13115": 0.000614071672433631, "13110_13116": 0.00046946093728714454,