{"13101_13102": 0.032233799298458446, "13101_13103": 0.029795563288386256, "13101_13104": 0.022750218483504996, "13101_13105": 0.014753123615772315, "13101_13106": 0.015056406654668364, "13101_13107": 0.004770722013160888, "13101_13108": 0.009270085517835836, "13101_13109": 0.004110283290301726, "13101_13110": 0.001296934047910739, "13101_13111": 0.0033879907897729766, "13101_13112": 0.0048425522065836364, "13101_13113": 0.0074084863382962675, "13101_13114": 0.002444221859524085, "13101_13115": 0.003040811521563025, "13101_13116": 0.004756755031106464, "13101_13117": 0.0043138021716661815, "13101_13118": 0.002976962460742804, "13101_13119": 0.0028592407548555217, "13101_13120": 0.0021169954228204522, "13101_13121": 0.005165788076986005, "13101_13122": 0.0025619435654113676, "13101_13123": 0.003996552150715708, "13102_13101": 0.03531651176618474, "13102_13103": 0.021167958945053893, "13102_13104": 0.0036034813700412224, "13102_13105": 0.0017139482263928074, "13102_13106": 0.0058721183123097, "13102_13107": 0.00677199101324469, "13102_13108": 0.020052595663850658, "13102_13109": 0.00284726905595173, "13102_13110": 0.001045528370931119, "13102_13111": 0.0023324860030886985, "13102_13112": 0.0015902406710536293, "13102_13113": 0.003310174746898332, "13102_13114": 0.001041537804629855, "13102_13115": 0.0007582075972401243, "13102_13116": 0.001400688771743598, "13102_13117": 0.0011452925284627141, "13102_13118": 0.0012430614028436776, "13102_13119": 0.0005706509810807251, "13102_13120": 0.0006225283429971547, "13102_13121": 0.0028971511347175277, "13102_13122": 0.0017498633231041818, "13102_13123": 0.0032423351197768476, "13103_13101": 0.02787610089747836, "13103_13102": 0.020611274946027592, "13103_13104": 0.01003826953082912, "13103_13105": 0.0022885897737747966, "13103_13106": 0.004086339892494144, "13103_13107": 0.00263776432513538, "13103_13108": 0.007384542940488684, "13103_13109": 0.023396690224309732, "13103_13110": 0.0041900946163270026, "13103_13111": 0.009707052527824224, "13103_13112": 0.004662976723026764, "13103_13113": 0.022646463759672136, "13103_13114": 0.001340830277224641, "13103_13115": 0.0012789764995550519, "13103_13116": 0.0019214576740585257, "13103_13117": 0.0024561935584278766, "13103_13118": 0.001660075581325746, "13103_13119": 0.001023580256274168, "13103_13120": 0.0008659528873742472, "13103_13121": 0.002021221831590121, "13103_13122": 0.0012829670658563157, "13103_13123": 0.0017718114377611328, "13104_13101": 0.019068921070589127, "13104_13102": 0.004016504982222027, "13104_13103": 0.009327948729204161, "13104_13105": 0.008434061877721067, "13104_13106": 0.0022227454298039437, "13104_13107": 0.0012490472522955732, "13104_13108": 0.002849264339102362, "13104_13109": 0.002709594518558129, "13104_13110": 0.0014645378325638192, "13104_13111": 0.0010255755394247997, "13104_13112": 0.004734806916449514, "13104_13113": 0.024581888415785083, "13104_13114": 0.016269538810252563, "13104_13115": 0.006335024003256302, "13104_13116": 0.012871571604726427, "13104_13117": 0.002635769041984748, "13104_13118": 0.0009637217617552107, "13104_13119": 0.0028033728266378282, "13104_13120": 0.005305457897530239, "13104_13121": 0.0011832029083247203, "13104_13122": 0.000446943425741547, "13104_13123": 0.001065481202437438, "13105_13101": 0.013508066929778005, "13105_13102": 0.002144929386929299, "13105_13103": 0.002510066203494938, "13105_13104": 0.0072708118009026665, "13105_13106": 0.007001448575567359, "13105_13107": 0.0007602028803907563, "13105_13108": 0.001380735940237279, "13105_13109": 0.00043098116053649175, "13105_13110": 0.00015363680259865677, "13105_13111": 0.00021948114656950967, "13105_13112": 0.0003232358704023688, "13105_13113": 0.0009238160987425725, "13105_13114": 0.0005307453180680871, "13105_13115": 0.00033121700300489643, "13105_13116": 0.011119712998471613, "13105_13117": 0.0036493728825057565, "13105_13118": 0.001889533143648415, "13105_13119": 0.0026257926262315883, "13105_13120": 0.0013448208435259048, "13105_13121": 0.0016520944487232183, "13105_13122": 0.000488844371904817, "13105_13123": 0.00045891512464533844, "13106_13101": 0.01246652912514815, "13106_13102": 0.005828222082995798, "13106_13103": 0.004112278573452359, "13106_13104": 0.001977325602276219, "13106_13105": 0.006193358899561437, "13106_13107": 0.008595679812922252, "13106_13108": 0.0021628869352849863, "13106_13109": 0.0011832029083247203, "13106_13110": 0.00012370755533917818, "13106_13111": 0.0008539811884704558, "13106_13112": 0.00018157076670750346, "13106_13113": 0.0012370755533917819, "13106_13114": 0.0002733537916365711, "13106_13115": 0.00020551416451508633, "13106_13116": 0.0017199340758447031, "13106_13117": 0.0031226181307389333, "13106_13118": 0.01049917993862509, "13106_13119": 0.0006025755114908356, "13106_13120": 0.0003012877557454178, "13106_13121": 0.005193722041094852, "13106_13122": 0.0025020850708924102, "13106_13123": 0.0011313255464082909, "13107_13101": 0.004808632393022894, "13107_13102": 0.005461089983279527, "13107_13103": 0.002789405844583405, "13107_13104": 0.001316886879417058, "13107_13105": 0.0008021038265540263, "13107_13106": 0.007508250495827863, "13107_13108": 0.01365970844922603, "13107_13109": 0.000849990622169192, "13107_13110": 8.579717547717197e-05, "13107_13111": 0.0004569198414947065, "13107_13112": 0.00026138209273277973, "13107_13113": 0.0008579717547717196, "13107_13114": 0.00018157076670750346, "13107_13115": 0.0001596226520505525, "13107_13116": 0.0002873207736909945, "13107_13117": 0.0005387264506706147, "13107_13118": 0.001231089703939886, "13107_13119": 0.00019154718246066298, "13107_13120": 6.983491027211671e-05, "13107_13121": 0.002871212453759313, "13107_13122": 0.006514599486813173, "13107_13123": 0.005413203187664362, "13108_13101": 0.00977688743809634, "13108_13102": 0.017925623825277046, "13108_13103": 0.007733717491849268, "13108_13104": 0.0028313067907466748, "13108_13105": 0.0013328491446221134, "13108_13106": 0.0023703963829507044, "13108_13107": 0.013539991460188115, "13108_13109": 0.0030906936003288225, "13108_13110": 0.00040105191327701313, "13108_13111": 0.0026257926262315883, "13108_13112": 0.0006943585364199034, "13108_13113": 0.002170868067887514, "13108_13114": 0.0005127877697123998, "13108_13115": 0.00037910379862006216, "13108_13116": 0.0010774529013412293, "13108_13117": 0.0005886085294364124, "13108_13118": 0.0006604387228591609, "13108_13119": 0.0004190094616327003, "13108_13120": 0.00033121700300489643, "13108_13121": 0.0014086699043461257, "13108_13122": 0.001741882190501654, "13108_13123": 0.0174287983207697, "13109_13101": 0.004144203103862469, "13109_13102": 0.0031525473779984116, "13109_13103": 0.022363133552282404, "13109_13104": 0.0027255567837631838, "13109_13105": 0.0004529292751934427, "13109_13106": 0.0011333208295589228, "13109_13107": 0.000744240615185701, "13109_13108": 0.0029250850988263746, "13109_13110": 0.007885359011297293, "13109_13111": 0.02425466197908145, "13109_13112": 0.0027694530130770857, "13109_13113": 0.005546887158756699, "13109_13114": 0.0005387264506706147, "13109_13115": 0.0006604387228591609, "13109_13116": 0.0012191180050360947, "13109_13117": 0.0007621981635413882, "13109_13118": 0.0003850896480719579, "13109_13119": 0.0005586792821769337, "13109_13120": 0.0002494103938289883, "13109_13121": 0.00034518398505931975, "13109_13122": 0.0002933066231428902, "13109_13123": 0.0005087972034111361, "13110_13101": 0.0015064387787270892, "13110_13102": 0.0010774529013412293, "13110_13103": 0.003984580451811917, "13110_13104": 0.0014146557537980215, "13110_13105": 0.00016560850150244822, "13110_13106": 0.00012570283848981008, "13110_13107": 7.582075972401244e-05, "13110_13108": 0.0003810990817706941, "13110_13109": 0.007665877864727784, "13110_13111": 0.003725193642229769, "13110_13112": 0.014296203774277608, "13110_13113": 0.010253760111097366, "13110_13114": 0.00036912738286690264, "13110_13115": 0.0006823868375161119, "13110_13116": 0.000510792486561768,