{"13101_13102": 0.02948827183830541, "13101_13103": 0.027095805849127935, "13101_13104": 0.024717446381113062, "13101_13105": 0.01693911061205374, "13101_13106": 0.01596011804336909, "13101_13107": 0.003972396359389018, "13101_13108": 0.006590566687168144, "13101_13109": 0.0024658198992230126, "13101_13110": 0.0008858895290114714, "13101_13111": 0.0019410573119741795, "13101_13112": 0.002883372925636063, "13101_13113": 0.004959852840771232, "13101_13114": 0.0016504629760245566, "13101_13115": 0.0021385486082506223, "13101_13116": 0.0030893281346100676, "13101_13117": 0.00273102249707995, "13101_13118": 0.0020934077405302923, "13101_13119": 0.0019354147035091382, "13101_13120": 0.0013542260316098927, "13101_13121": 0.0035463794202784064, "13101_13122": 0.0016927825395123659, "13101_13123": 0.00268588162935962, "13102_13101": 0.03313903951518708, "13102_13103": 0.018163556648967686, "13102_13104": 0.0025250672881059455, "13102_13105": 0.0012836934257968774, "13102_13106": 0.005512828470345271, "13102_13107": 0.007338212308786105, "13102_13108": 0.02110335565925416, "13102_13109": 0.002022875134717277, "13102_13110": 0.0006009378015268898, "13102_13111": 0.0015376108067237323, "13102_13112": 0.0008971747459415539, "13102_13113": 0.0018366690553709168, "13102_13114": 0.00045140867720329755, "13102_13115": 0.00048808563222606547, "13102_13116": 0.0008463912697561829, "13102_13117": 0.000592473888829328, "13102_13118": 0.0007984290978033325, "13102_13119": 0.0003526630290650762, "13102_13120": 0.00036959085446019985, "13102_13121": 0.0016758547141172422, "13102_13122": 0.0012046969072863002, "13102_13123": 0.0023275759918295028, "13103_13101": 0.024790800291158595, "13103_13102": 0.018183305778595327, "13103_13104": 0.009970489157727835, "13103_13105": 0.001560181240583897, "13103_13106": 0.0023529677299221883, "13103_13107": 0.0016927825395123659, "13103_13108": 0.00536894195448672, "13103_13109": 0.023679206423545478, "13103_13110": 0.003896221145110962, "13103_13111": 0.00675702363688686, "13103_13112": 0.0033517094282344844, "13103_13113": 0.022451939082399012, "13103_13114": 0.0007420030131529204, "13103_13115": 0.0009169238755691981, "13103_13116": 0.0013767964654700575, "13103_13117": 0.0015065764601660055, "13103_13118": 0.0009818138729171721, "13103_13119": 0.0008040717062683737, "13103_13120": 0.00047397911106346243, "13103_13121": 0.0014106521162603049, "13103_13122": 0.0009141025713366775, "13103_13123": 0.001309085163889563, "13104_13101": 0.01823126795054818, "13104_13102": 0.0029172285764263103, "13104_13103": 0.008715008774256162, "13104_13105": 0.010582712176184807, "13104_13106": 0.0015432534151887734, "13104_13107": 0.0009818138729171721, "13104_13108": 0.0022006173013660755, "13104_13109": 0.001596858195606665, "13104_13110": 0.0011341643014732851, "13104_13111": 0.0007504669258504822, "13104_13112": 0.0035435581160458856, "13104_13113": 0.024841583767343967, "13104_13114": 0.019864803101177612, "13104_13115": 0.005405618909509488, "13104_13116": 0.015116548077845427, "13104_13117": 0.0017576725368603399, "13104_13118": 0.0006235082353870547, "13104_13119": 0.002217545126761199, "13104_13120": 0.004562048943985826, "13104_13121": 0.0008492125739887035, "13104_13122": 0.00036959085446019985, "13104_13123": 0.0008351060528261004, "13105_13101": 0.013226274242056617, "13105_13102": 0.0015573599363513766, "13105_13103": 0.0017887068834180665, "13105_13104": 0.0076598409912934555, "13105_13106": 0.008669867906535834, "13105_13107": 0.0005614395422716013, "13105_13108": 0.0009310303967318012, "13105_13109": 0.0002736665105544991, "13105_13110": 0.000115673473533345, "13105_13111": 0.00018620607934636022, "13105_13112": 0.0002990582486471846, "13105_13113": 0.0006347934523171371, "13105_13114": 0.0003385565079024732, "13105_13115": 0.00022006173013660755, "13105_13116": 0.014938805911196628, "13105_13117": 0.004753897631797227, "13105_13118": 0.0025476377219661103, "13105_13119": 0.0019636277458343443, "13105_13120": 0.0008887108332439921, "13105_13121": 0.001503755155933485, "13105_13122": 0.0003752334629252411, "13105_13123": 0.0003752334629252411, "13106_13101": 0.011254182583524713, "13106_13102": 0.004705935459844377, "13106_13103": 0.0025419951135010692, "13106_13104": 0.001438865158585511, "13106_13105": 0.007202789705625117, "13106_13107": 0.010735062604740919, "13106_13108": 0.0015404321109562529, "13106_13109": 0.0007363604046878792, "13106_13110": 0.00011285216930082439, "13106_13111": 0.0005106560660862303, "13106_13112": 0.00018056347088131903, "13106_13113": 0.0007589308385480439, "13106_13114": 0.0002059552089740045, "13106_13115": 0.00015235042855611292, "13106_13116": 0.0011341643014732851, "13106_13117": 0.002479926420385616, "13106_13118": 0.01315009902777856, "13106_13119": 0.0004203743306455708, "13106_13120": 0.00022006173013660755, "13106_13121": 0.004545121118590702, "13106_13122": 0.002124442087088019, "13106_13123": 0.0008689617036163477, "13107_13101": 0.0037692624546475343, "13107_13102": 0.00522787674286069, "13107_13103": 0.0018338477511383963, "13107_13104": 0.0009282090924992805, "13107_13105": 0.0007843225766407295, "13107_13106": 0.008317204877470757, "13107_13108": 0.014913414173103942, "13107_13109": 0.0005162986745512716, "13107_13110": 0.00011003086506830378, "13107_13111": 0.00032444998673987013, "13107_13112": 0.00019184868781140145, "13107_13113": 0.0005219412830163128, "13107_13114": 0.0001495291243235923, "13107_13115": 0.00012131608199838622, "13107_13116": 0.0002398108597642518, "13107_13117": 0.00039780389678540593, "13107_13118": 0.0014247586374229078, "13107_13119": 0.00013542260316098926, "13107_13120": 5.6426084650412193e-05, "13107_13121": 0.0024093938145726005, "13107_13122": 0.009087420932948884, "13107_13123": 0.0057357115047144, "13108_13101": 0.006469250605169758, "13108_13102": 0.01624789107508619, "13108_13103": 0.0054620449941599, "13108_13104": 0.002155476433645746, "13108_13105": 0.0009423156136618836, "13108_13106": 0.0016673908014196803, "13108_13107": 0.014366081151994944, "13108_13109": 0.0024319642484327657, "13108_13110": 0.000296236944414664, "13108_13111": 0.0018648820976961229, "13108_13112": 0.0006404360607821784, "13108_13113": 0.001337298206214769, "13108_13114": 0.0003357352036699525, "13108_13115": 0.00033009259520491133, "13108_13116": 0.0006827556242699875, "13108_13117": 0.00045705128566833874, "13108_13118": 0.00045705128566833874, "13108_13119": 0.0002877730317171022, "13108_13120": 0.00022006173013660755, "13108_13121": 0.0010325973491025432, "13108_13122": 0.0014840060263058407, "13108_13123": 0.02231087387077298, "13109_13101": 0.0024658198992230126, "13109_13102": 0.0021977959971335548, "13109_13103": 0.019836590058852407, "13109_13104": 0.0017463873199302573, "13109_13105": 0.00027930911901954036, "13109_13106": 0.0006771130158049463, "13109_13107": 0.00042601693911061206, "13109_13108": 0.002415036423037642, "13109_13110": 0.008734757903883807, "13109_13111": 0.026209916320116464, "13109_13112": 0.0020651946982050864, "13109_13113": 0.003910327666273565, "13109_13114": 0.0003385565079024732, "13109_13115": 0.0004655151983659006, "13109_13116": 0.0008012504020358532, "13109_13117": 0.00038651867985532354, "13109_13118": 0.00022852564283416937, "13109_13119": 0.0003357352036699525, "13109_13120": 0.00018056347088131903, "13109_13121": 0.00024545346822929303, "13109_13122": 0.00019749129627644267, "13109_13123": 0.0004457660687382563, "13110_13101": 0.0009536008305919661, "13110_13102": 0.0007025047538976318, "13110_13103": 0.0035238089864182416, "13110_13104": 0.001120057780310682, "13110_13105": 0.00013260129892846866, "13110_13106": 0.00010156695237074194, "13110_13107": 9.874564813822133e-05, "13110_13108": 0.0002341682512992106, "13110_13109": 0.007363604046878791, "13110_13111": 0.004093712441387404, "13110_13112": 0.019179226172675104, "13110_13113": 0.011082083025340955, "13110_13114": 0.0003131647698097877, "13110_13115": 0.0005078347618537098,