{"13101_13102": 0.015983917894443096, "13101_13103": 0.015206168252311286, "13101_13104": 0.012162350715994771, "13101_13105": 0.009268398559225248, "13101_13106": 0.008792963562041683, "13101_13107": 0.0028732810699354547, "13101_13108": 0.005725891053036841, "13101_13109": 0.0020386859390099585, "13101_13110": 0.0007260719250466391, "13101_13111": 0.0017673779243128156, "13101_13112": 0.002751838434785305, "13101_13113": 0.003586433565710801, "13101_13114": 0.0015451637408465844, "13101_13115": 0.0018733172443374142, "13101_13116": 0.00246761099081687, "13101_13117": 0.0023694233283550466, "13101_13118": 0.0017105324355191284, "13101_13119": 0.0016536869467254414, "13101_13120": 0.0011808358353961356, "13101_13121": 0.003307373893450883, "13101_13122": 0.00155291539840936, "13101_13123": 0.0025528792240074004, "13102_13101": 0.0175652560372493, "13102_13103": 0.010224436325300894, "13102_13104": 0.001806136212126693, "13102_13105": 0.001074896515371537, "13102_13106": 0.003612272424253386, "13102_13107": 0.004457203098595916, "13102_13108": 0.013418119241164402, "13102_13109": 0.001620096430620081, "13102_13110": 0.00058654208891668, "13102_13111": 0.0014211372198421762, "13102_13112": 0.001033554341703401, "13102_13113": 0.0016795258052680264, "13102_13114": 0.0004961060840176324, "13102_13115": 0.0004289250518069114, "13102_13116": 0.0008061723865286527, "13102_13117": 0.0006278842625848161, "13102_13118": 0.0007234880391923807, "13102_13119": 0.00041858950838987737, "13102_13120": 0.0003772473347217413, "13102_13121": 0.0019611693633822033, "13102_13122": 0.001214426351501496, "13102_13123": 0.002237645149787863, "13103_13101": 0.013681675598298769, "13103_13102": 0.010405308335098989, "13103_13104": 0.005059248502638148, "13103_13105": 0.0012867751554207342, "13103_13106": 0.0023022422961443256, "13103_13107": 0.001589089800368979, "13103_13108": 0.004831866547463399, "13103_13109": 0.013400032040184593, "13103_13110": 0.002361671670792271, "13103_13111": 0.00588350809014661, "13103_13112": 0.0029249587870206245, "13103_13113": 0.012327719410667314, "13103_13114": 0.0007648302128605166, "13103_13115": 0.0007570785552977412, "13103_13116": 0.0011343258900194824, "13103_13117": 0.0015348281974295504, "13103_13118": 0.001023218798286367, "13103_13119": 0.000607213175750748, "13103_13120": 0.0004599316820580134, "13103_13121": 0.0013358689866516456, "13103_13122": 0.0008190918157999453, "13103_13123": 0.0011679164061248431, "13104_13101": 0.010578428687334308, "13104_13102": 0.002012847080467373, "13104_13103": 0.004679417282062148, "13104_13105": 0.006041125127256379, "13104_13106": 0.0013255334432346116, "13104_13107": 0.0008862728480106663, "13104_13108": 0.001785465125292625, "13104_13109": 0.0016252642023285978, "13104_13110": 0.0009560377660756458, "13104_13111": 0.0006304681484390745, "13104_13112": 0.002731167347951237, "13104_13113": 0.013896138124202225, "13104_13114": 0.010927253277659206, "13104_13115": 0.003924922612618665, "13104_13116": 0.009059103805030309, "13104_13117": 0.0017441229516244891, "13104_13118": 0.0006382198060018501, "13104_13119": 0.0018862366736087067, "13104_13120": 0.003436568186163808, "13104_13121": 0.0007415752401721901, "13104_13122": 0.00029973075909398624, "13104_13123": 0.0006666425503986936, "13105_13101": 0.008051388321869492, "13105_13102": 0.0012480168676068566, "13105_13103": 0.0015658348276806524, "13105_13104": 0.0049223025523624465, "13105_13106": 0.005046329073366855, "13105_13107": 0.0006253003767305575, "13105_13108": 0.0009715410812011968, "13105_13109": 0.00026872412884288425, "13105_13110": 0.0001136909775873741, "13105_13111": 0.00017828812394383666, "13105_13112": 0.00025580469957159173, "13105_13113": 0.0005426160293942855, "13105_13114": 0.00037207956301322435, "13105_13115": 0.0002919791015312108, "13105_13116": 0.00783175802425752, "13105_13117": 0.0028913682709152642, "13105_13118": 0.001661438604288217, "13105_13119": 0.0019017399887342576, "13105_13120": 0.0009457022226586118, "13105_13121": 0.0013177817856718363, "13105_13122": 0.00040050230741006784, "13105_13123": 0.00040308619326432635, "13106_13101": 0.007413168515867643, "13106_13102": 0.003661366255484298, "13106_13103": 0.002247980693204897, "13106_13104": 0.001214426351501496, "13106_13105": 0.004446867555178882, "13106_13107": 0.006705183791800813, "13106_13108": 0.001749290723333006, "13106_13109": 0.0006898975230870201, "13106_13110": 9.818766246182308e-05, "13106_13111": 0.0006227164908762991, "13106_13112": 0.00016278480881828564, "13106_13113": 0.0007596624411519996, "13106_13114": 0.0002170464117577142, "13106_13115": 0.00012919429271292512, "13106_13116": 0.0010283865699948838, "13106_13117": 0.0018733172443374142, "13106_13118": 0.007792999736443643, "13106_13119": 0.0004521800244952379, "13106_13120": 0.0002170464117577142, "13106_13121": 0.0039223387267644065, "13106_13122": 0.0018759011301916727, "13106_13123": 0.0007803335279860677, "13107_13101": 0.0029663009606887606, "13107_13102": 0.0035786819081480258, "13107_13103": 0.001764794038458557, "13107_13104": 0.0008656017611765982, "13107_13105": 0.0006304681484390745, "13107_13106": 0.005821494829644405, "13107_13108": 0.010531918741957655, "13107_13109": 0.0005348643718315099, "13107_13110": 6.459714635646256e-05, "13107_13111": 0.0003849989922845168, "13107_13112": 0.00017570423808957816, "13107_13113": 0.0004857705406005984, "13107_13114": 0.00013952983612995913, "13107_13115": 0.00013952983612995913, "13107_13116": 0.0002273819551747482, "13107_13117": 0.0004340928235154284, "13107_13118": 0.0011291581183109655, "13107_13119": 0.0001162748634416326, "13107_13120": 2.8422744396843527e-05, "13107_13121": 0.0024495237898370602, "13107_13122": 0.005139348964120161, "13107_13123": 0.004501129158118311, "13108_13101": 0.00558894510276114, "13108_13102": 0.011996982021322227, "13108_13103": 0.00491713478065393, "13108_13104": 0.0018293911848150197, "13108_13105": 0.0010258026841406254, "13108_13106": 0.0017518746091872645, "13108_13107": 0.010723126295172785, "13108_13109": 0.002299658410290067, "13108_13110": 0.00028422744396843527, "13108_13111": 0.0023435844698124616, "13108_13112": 0.0006614747786901766, "13108_13113": 0.0013642917310484892, "13108_13114": 0.0004289250518069114, "13108_13115": 0.00029456298738546923, "13108_13116": 0.0006640586645444351, "13108_13117": 0.0004289250518069114, "13108_13118": 0.0005141932849974419, "13108_13119": 0.0002868113298226938, "13108_13120": 0.00018087200979809517, "13108_13121": 0.0012841912695664755, "13108_13122": 0.0014495599642390198, "13108_13123": 0.014436170267742252, "13109_13101": 0.0020438537107184754, "13109_13102": 0.001651103060871183, "13109_13103": 0.013203656715260947, "13109_13104": 0.0015658348276806524, "13109_13105": 0.00031523407421953727, "13109_13106": 0.0007596624411519996, "13109_13107": 0.0004211733942441359, "13109_13108": 0.0023074100678528425, "13109_13110": 0.005880924204292351, "13109_13111": 0.017681530900690932, "13109_13112": 0.0017441229516244891, "13109_13113": 0.0028009322660162163, "13109_13114": 0.0003539923620334148, "13109_13115": 0.00039791842155580934, "13109_13116": 0.0007364074684636731, "13109_13117": 0.0003539923620334148, "13109_13118": 0.0002222141834662312, "13109_13119": 0.00036949567715896585, "13109_13120": 0.00016795258052680265, "13109_13121": 0.00025580469957159173, "13109_13122": 0.0002273819551747482, "13109_13123": 0.0004650994537665304, "13110_13101": 0.0008010046148201357, "13110_13102": 0.00058654208891668, "13110_13103": 0.0022660678941847064, "13110_13104": 0.0008423467884882717, "13110_13105": 0.0001136909775873741, "13110_13106": 7.493268977349656e-05, "13110_13107": 5.1677717085170045e-05, "13110_13108": 0.00029714687323972774, "13110_13109": 0.005627703390575018, "13110_13111": 0.002839690553830094, "13110_13112": 0.010624938632710962, "13110_13113": 0.006464882407354773, "13110_13114": 0.00025838858542585023, "13110_13115": 0.0004676833396207889,