{"13101_13102": 0.029104546806109303, "13101_13103": 0.025910496244832448, "13101_13104": 0.023755551221508527, "13101_13105": 0.016258005109202, "13101_13106": 0.015772023442220937, "13101_13107": 0.004233156099229783, "13101_13108": 0.0064712295655899406, "13101_13109": 0.002497050538896118, "13101_13110": 0.0009112156255894926, "13101_13111": 0.0018384174902244148, "13101_13112": 0.002717660637723048, "13101_13113": 0.004741518500874447, "13101_13114": 0.0017201193212882352, "13101_13115": 0.001982293641633282, "13101_13116": 0.003085344135767931, "13101_13117": 0.002656912929350415, "13101_13118": 0.0019567156591605945, "13101_13119": 0.001675357851961032, "13101_13120": 0.0012948853626798052, "13101_13121": 0.003091738631386103, "13101_13122": 0.0016178073913974851, "13101_13123": 0.0026697019205867588, "13102_13101": 0.032189890941877235, "13102_13103": 0.017377041842382077, "13102_13104": 0.0023212019093963917, "13102_13105": 0.0013300550885797506, "13102_13106": 0.005144371724819276, "13102_13107": 0.00713305986207073, "13102_13108": 0.0197366107254875, "13102_13109": 0.0018096422599426414, "13102_13110": 0.0006618302964807893, "13102_13111": 0.0013940000447614693, "13102_13112": 0.0008248899347441722, "13102_13113": 0.0016657661085337741, "13102_13114": 0.0004955734104083205, "13102_13115": 0.00041564221518117206, "13102_13116": 0.00083448167817143, "13102_13117": 0.0005978853402990705, "13102_13118": 0.0006522385530535315, "13102_13119": 0.00034850001119036733, "13102_13120": 0.00030054129405407827, "13102_13121": 0.0015442706917885084, "13102_13122": 0.0011318257244164224, "13102_13123": 0.0020846055715240323, "13103_13101": 0.025079211814470103, "13103_13102": 0.017223573947545954, "13103_13104": 0.009550179205739699, "13103_13105": 0.0014963119746522193, "13103_13106": 0.002234876218551071, "13103_13107": 0.00166896335634286, "13103_13108": 0.005003692821219494, "13103_13109": 0.02250223008034684, "13103_13110": 0.00374717443224872, "13103_13111": 0.006138715793445003, "13103_13112": 0.0032675872608858296, "13103_13113": 0.021095441044349024, "13103_13114": 0.0007065917658079924, "13103_13115": 0.0009463853514894379, "13103_13116": 0.0011158394853709927, "13103_13117": 0.0012788991236343755, "13103_13118": 0.00093679360806218, "13103_13119": 0.0006586330486717034, "13103_13120": 0.0004444174454629455, "13103_13121": 0.0011190367331800786, "13103_13122": 0.0008280871825532581, "13103_13123": 0.0011254312287982504, "13104_13101": 0.01814757856437179, "13104_13102": 0.002765619354859337, "13104_13103": 0.008351211277332472, "13104_13105": 0.010247179228120434, "13104_13106": 0.0014963119746522193, "13104_13107": 0.0009879495730075552, "13104_13108": 0.0020174633675332275, "13104_13109": 0.0014355642662795866, "13104_13110": 0.0010806697594710473, "13104_13111": 0.0007193807570443362, "13104_13112": 0.003603298280839853, "13104_13113": 0.02390901911634465, "13104_13114": 0.019055596942152194, "13104_13115": 0.005441715771064268, "13104_13116": 0.01447074358392296, "13104_13117": 0.0017041330822428055, "13104_13118": 0.0005978853402990705, "13104_13119": 0.0022380734663601572, "13104_13120": 0.004242747842657041, "13104_13121": 0.0007769312176078831, "13104_13122": 0.0003069357896722501, "13104_13123": 0.0008312844303623441, "13105_13101": 0.012661101323980318, "13105_13102": 0.0013780138057160397, "13105_13103": 0.001518692709315821, "13105_13104": 0.007884413097205925, "13105_13106": 0.008846784687740793, "13105_13107": 0.0007065917658079924, "13105_13108": 0.00093679360806218, "13105_13109": 0.00023659633787235948, "13105_13110": 9.591743427257817e-05, "13105_13111": 0.0001246926645543516, "13105_13112": 0.00026537156815413293, "13105_13113": 0.0006170688271535862, "13105_13114": 0.0003037385418631642, "13105_13115": 0.00017904587730881258, "13105_13116": 0.014106257333687162, "13105_13117": 0.004680770792501814, "13105_13118": 0.0023659633787235946, "13105_13119": 0.0019119541898333914, "13105_13120": 0.000991146820816641, "13105_13121": 0.0012213486630708286, "13105_13122": 0.0004092477195630002, "13105_13123": 0.000313330285290422, "13106_13101": 0.011724307715918137, "13106_13102": 0.00430669279883876, "13106_13103": 0.0025354175126051496, "13106_13104": 0.0013492385754342662, "13106_13105": 0.007331289226234058, "13106_13107": 0.010985743472019286, "13106_13108": 0.00156665142645211, "13106_13109": 0.0006106743315354143, "13106_13110": 0.00010231192989075004, "13106_13111": 0.00043162845422660173, "13106_13112": 0.0001470733992179532, "13106_13113": 0.0006714220399080471, "13106_13114": 0.00019183486854515634, "13106_13115": 0.00016625688607246883, "13106_13116": 0.0011701926981254535, "13106_13117": 0.002701674398677618, "13106_13118": 0.013047968308879717, "13106_13119": 0.0003708807458539689, "13106_13120": 0.00017904587730881258, "13106_13121": 0.0042747203207479005, "13106_13122": 0.0021549450233239228, "13106_13123": 0.0008312844303623441, "13107_13101": 0.003827105627475869, "13107_13102": 0.005032468051501268, "13107_13103": 0.0017552890471881804, "13107_13104": 0.0009303991124440081, "13107_13105": 0.0007257752526625081, "13107_13106": 0.008760458996895473, "13107_13108": 0.014637000469995429, "13107_13109": 0.0005818991012536409, "13107_13110": 0.0001151009211270938, "13107_13111": 0.00029094955062682043, "13107_13112": 0.0002046238597815001, "13107_13113": 0.0005627156143991252, "13107_13114": 0.00011829816893617974, "13107_13115": 9.591743427257817e-05, "13107_13116": 0.00021741285101784384, "13107_13117": 0.00034210551557219544, "13107_13118": 0.0014931147268431335, "13107_13119": 0.00011829816893617974, "13107_13120": 3.836697370903126e-05, "13107_13121": 0.002263651448832845, "13107_13122": 0.008629371836722948, "13107_13123": 0.005716679082645658, "13108_13101": 0.006218646988672151, "13108_13102": 0.015896716106775288, "13108_13103": 0.005288247876228142, "13108_13104": 0.0021037890583785477, "13108_13105": 0.0009208073690167504, "13108_13106": 0.0016945413388155476, "13108_13107": 0.014109454581496247, "13108_13109": 0.0022668486966419305, "13108_13110": 0.00035809175461762517, "13108_13111": 0.0020270551109604854, "13108_13112": 0.0006042798359172424, "13108_13113": 0.0011765871937436255, "13108_13114": 0.0003708807458539689, "13108_13115": 0.00020142661197241414, "13108_13116": 0.0005339403841173518, "13108_13117": 0.0004028532239448283, "13108_13118": 0.00034210551557219544, "13108_13119": 0.00031013303748133605, "13108_13120": 0.0001982293641633282, "13108_13121": 0.0009687660861530395, "13108_13122": 0.0014355642662795866, "13108_13123": 0.020826872228385807, "13109_13101": 0.00229882117473279, "13109_13102": 0.001825628498988071, "13109_13103": 0.018790225373998062, "13109_13104": 0.0015602569308339382, "13109_13105": 0.0002973440462449923, "13109_13106": 0.0006458440574353597, "13109_13107": 0.00043162845422660173, "13109_13108": 0.002263651448832845, "13109_13110": 0.00825849109086898, "13109_13111": 0.025398936595378698, "13109_13112": 0.0019535184113515084, "13109_13113": 0.0036736377326397436, "13109_13114": 0.00038366973709031267, "13109_13115": 0.0003772752414721408, "13109_13116": 0.0007385642438988519, "13109_13117": 0.0003868669848993986, "13109_13118": 0.00019503211635424228, "13109_13119": 0.00027496331158139076, "13109_13120": 0.00018544037292698445, "13109_13121": 0.00029094955062682043, "13109_13122": 0.00023339909006327354, "13109_13123": 0.000364486250235797, "13110_13101": 0.000994344068625727, "13110_13102": 0.0006490413052444455, "13110_13103": 0.003385885429822009, "13110_13104": 0.001048697281380188, "13110_13105": 0.0001246926645543516, "13110_13106": 9.91146820816641e-05, "13110_13107": 5.75504605635469e-05, "13110_13108": 0.00032611927652676577, "13110_13109": 0.007392036934606691, "13110_13111": 0.004009348752593767, "13110_13112": 0.01880621161304349, "13110_13113": 0.010678807682347035, "13110_13114": 0.0002557798247268751, "13110_13115": 0.00044761469327203146,