{"13101_13102": 0.035770589423641516, "13101_13103": 0.03517586042182334, "13101_13104": 0.02527881462013809, "13101_13105": 0.015904752734337387, "13101_13106": 0.016590107107861185, "13101_13107": 0.005505491331116788, "13101_13108": 0.010457790289113816, "13101_13109": 0.004754055957390971, "13101_13110": 0.0014160214329004084, "13101_13111": 0.003981852269315948, "13101_13112": 0.005101453215595872, "13101_13113": 0.008815205426949342, "13101_13114": 0.0027017688939739793, "13101_13115": 0.003630678953956647, "13101_13116": 0.0053148004448195325, "13101_13117": 0.0048427933005193964, "13101_13118": 0.003096366866608893, "13101_13119": 0.0030642703807964838, "13101_13120": 0.0020164145204501814, "13101_13121": 0.005195854644455898, "13101_13122": 0.0027508576369811933, "13101_13123": 0.004412322784917672, "13102_13101": 0.0395296543208478, "13102_13103": 0.024264943274181397, "13102_13104": 0.004278272755936434, "13102_13105": 0.002101375806424206, "13102_13106": 0.006532578877113884, "13102_13107": 0.007234925507832487, "13102_13108": 0.021734984980732668, "13102_13109": 0.003211536609818126, "13102_13110": 0.0011328171463203267, "13102_13111": 0.002603591407959551, "13102_13112": 0.0016520250050504764, "13102_13113": 0.003908219154805127, "13102_13114": 0.000870381174089451, "13102_13115": 0.0007722036880750227, "13102_13116": 0.0015953841477344601, "13102_13117": 0.001280083375341969, "13102_13118": 0.001417909461477609, "13102_13119": 0.0007778677738066244, "13102_13120": 0.0006173853447445781, "13102_13121": 0.0028811316088080308, "13102_13122": 0.001889916605777745, "13102_13123": 0.0033814591817661753, "13103_13101": 0.032847921186135075, "13103_13102": 0.023809928387076067, "13103_13104": 0.011432013034949296, "13103_13105": 0.0026186956365771554, "13103_13106": 0.004631334099872935, "13103_13107": 0.002964204866204855, "13103_13108": 0.008462144083012841, "13103_13109": 0.025782918250250635, "13103_13110": 0.004965515158037432, "13103_13111": 0.010976998147843966, "13103_13112": 0.005261935644657918, "13103_13113": 0.025293918848755696, "13103_13114": 0.0013688207184703947, "13103_13115": 0.001397141147128403, "13103_13116": 0.0022561941497546505, "13103_13117": 0.0026054794365367516, "13103_13118": 0.0018936926629321462, "13103_13119": 0.0011365932034747277, "13103_13120": 0.0009232459742510663, "13103_13121": 0.0020201905776045825, "13103_13122": 0.0014160214329004084, "13103_13123": 0.0018955806915093468, "13104_13101": 0.02176896949512228, "13104_13102": 0.004276384727359233, "13104_13103": 0.01095811786207196, "13104_13105": 0.009247563971128267, "13104_13106": 0.002333603321419873, "13104_13107": 0.001376372832779197, "13104_13108": 0.003079374609414088, "13104_13109": 0.002971756980513657, "13104_13110": 0.0016652412050908803, "13104_13111": 0.0010799523461587114, "13104_13112": 0.005171310272952291, "13104_13113": 0.027706819370417992, "13104_13114": 0.017073442423624526, "13104_13115": 0.007193388879134075, "13104_13116": 0.01449628341574578, "13104_13117": 0.002714985094014383, "13104_13118": 0.0010270875459970962, "13104_13119": 0.0027735139799076, "13104_13120": 0.006058683704236547, "13104_13121": 0.0010497438889235028, "13104_13122": 0.0003927099440577133, "13104_13123": 0.0010856164318903132, "13105_13101": 0.014836128559641878, "13105_13102": 0.0024355568645887025, "13105_13103": 0.0027300893226319873, "13105_13104": 0.007990136938712705, "13105_13106": 0.007389743851162932, "13105_13107": 0.00086660511693505, "13105_13108": 0.0015613996333448503, "13105_13109": 0.00043613460133332577, "13105_13110": 0.00016237045763924682, "13105_13111": 0.0003020845723520871, "13105_13112": 0.00042480642987012253, "13105_13113": 0.0011290410891659256, "13105_13114": 0.0005418642016565562, "13105_13115": 0.0003738296582857078, "13105_13116": 0.01175108986449619, "13105_13117": 0.003966748040698344, "13105_13118": 0.0019125729487041517, "13105_13119": 0.0027036569225511796, "13105_13120": 0.0014160214329004084, "13105_13121": 0.0017067778337892922, "13105_13122": 0.0005739606874689655, "13105_13123": 0.0004871113729177405, "13106_13101": 0.013829809327993988, "13106_13102": 0.006321119676467423, "13106_13103": 0.00443875518499848, "13106_13104": 0.0022561941497546505, "13106_13105": 0.0065193626770734805, "13106_13107": 0.009021000541864202, "13106_13108": 0.002548838579220735, "13106_13109": 0.0012442108323751588, "13106_13110": 0.00012838594324963702, "13106_13111": 0.0010270875459970962, "13106_13112": 0.00026621202938527676, "13106_13113": 0.001397141147128403, "13106_13114": 0.00033229302958729583, "13106_13115": 0.00021712328637806262, "13106_13116": 0.0019503335202481625, "13106_13117": 0.0033927873532293784, "13106_13118": 0.010873156576097935, "13106_13119": 0.000696682544987001, "13106_13120": 0.00033795711531889745, "13106_13121": 0.005820792103509278, "13106_13122": 0.00280938652287441, "13106_13123": 0.001019535431688294, "13107_13101": 0.005463954702418376, "13107_13102": 0.005911417475214905, "13107_13103": 0.0033021619815237525, "13107_13104": 0.0013310601469263838, "13107_13105": 0.0009062537170562614, "13107_13106": 0.007958040452900295, "13107_13108": 0.014126229814614474, "13107_13109": 0.0009459023171774727, "13107_13110": 0.00010950565747763159, "13107_13111": 0.0005399761730793557, "13107_13112": 0.00029830851519768606, "13107_13113": 0.0011007206605079174, "13107_13114": 0.00015104228617604355, "13107_13115": 0.00021901131495526317, "13107_13116": 0.0003870458583261116, "13107_13117": 0.0005418642016565562, "13107_13118": 0.0013631566327387931, "13107_13119": 0.00016237045763924682, "13107_13120": 6.796902877921961e-05, "13107_13121": 0.0031265753238441016, "13107_13122": 0.006827111335157169, "13107_13123": 0.005465842730995576, "13108_13101": 0.011277194691618852, "13108_13102": 0.02030763537636906, "13108_13103": 0.009179594942349047, "13108_13104": 0.0032436330956305353, "13108_13105": 0.0015349672332640428, "13108_13106": 0.0026810005796247733, "13108_13107": 0.014156438271849682, "13108_13109": 0.003489076810666606, "13108_13110": 0.00043235854417892467, "13108_13111": 0.00322475280985853, "13108_13112": 0.0008949255455930581, "13108_13113": 0.0026885526939335754, "13108_13114": 0.000592840973240971, "13108_13115": 0.00045123882995093016, "13108_13116": 0.0013348362040807849, "13108_13117": 0.0005626325160057623, "13108_13118": 0.0006891304306781988, "13108_13119": 0.0004663430585685345, "13108_13120": 0.00033229302958729583, "13108_13121": 0.0014783263759480263, "13108_13122": 0.0020239666347589835, "13108_13123": 0.018432822999208915, "13109_13101": 0.004684198900034551, "13109_13102": 0.0036287909253794465, "13109_13103": 0.02450849896064027, "13109_13104": 0.0031548957525021097, "13109_13105": 0.0004569029156825318, "13109_13106": 0.0013197319754631807, "13109_13107": 0.0008194044025050363, "13109_13108": 0.0035985824681442377, "13109_13110": 0.008647170883578494, "13109_13111": 0.025611107649725386, "13109_13112": 0.003043502066447278, "13109_13113": 0.00651747464849628, "13109_13114": 0.0006475938019797867, "13109_13115": 0.000700458602141402, "13109_13116": 0.0014235735472092105, "13109_13117": 0.0008024121453102314, "13109_13118": 0.00035117331535930126, "13109_13119": 0.0005852888589321688, "13109_13120": 0.0003209648581240926, "13109_13121": 0.0003228528867012931, "13109_13122": 0.0003001965437748866, "13109_13123": 0.0006362656305165835, "13110_13101": 0.0016897855765944873, "13110_13102": 0.0012404347752207577, "13110_13103": 0.004493508013737296, "13110_13104": 0.0015538475190360482, "13110_13105": 0.00017747468625685118, "13110_13106": 0.00017181060052524956, "13110_13107": 0.00010761762890043104, "13110_13108": 0.0003681655725541062, "13110_13109": 0.00825446093952078, "13110_13111": 0.00395164381208074, "13110_13112": 0.01567063719076452, "13110_13113": 0.011364044006170077, "13110_13114": 0.00045123882995093016, "13110_13115": 0.0007117867736046052, "13110_13116": 0.0006400416876709845,