{"13101_13102": 0.014835521264560529, "13101_13103": 0.011403984343416933, "13101_13104": 0.011416519638106042, "13101_13105": 0.008730832750964434, "13101_13106": 0.008906326876611961, "13101_13107": 0.0027170251238643806, "13101_13108": 0.003951751650741619, "13101_13109": 0.001360079473768329, "13101_13110": 0.000564088261009906, "13101_13111": 0.0013162059423564474, "13101_13112": 0.0016452574279455592, "13101_13113": 0.0028987868968564615, "13101_13114": 0.0009746191620782265, "13101_13115": 0.0011532471113980302, "13101_13116": 0.001751807432802986, "13101_13117": 0.0014666294786257557, "13101_13118": 0.0012409941742217933, "13101_13119": 0.0009589500437168402, "13101_13120": 0.0006330323818000056, "13101_13121": 0.0019273015584505121, "13101_13122": 0.0009620838673891175, "13101_13123": 0.00182701920093764, "13102_13101": 0.01598563455228628, "13102_13103": 0.009285519540957509, "13102_13104": 0.001519904481054469, "13102_13105": 0.0007427162103297096, "13102_13106": 0.003017872196402997, "13102_13107": 0.003616432517807953, "13102_13108": 0.011209687275735743, "13102_13109": 0.0010623662249019897, "13102_13110": 0.0003823264880178252, "13102_13111": 0.0008868720992544634, "13102_13112": 0.0005578206136653515, "13102_13113": 0.0011877191717930798, "13102_13114": 0.0002663750121435667, "13102_13115": 0.00024130442276534868, "13102_13116": 0.0005202147295980244, "13102_13117": 0.0003259176619168346, "13102_13118": 0.0004544044324802021, "13102_13119": 0.00027891030683267575, "13102_13120": 0.00017236030197524907, "13102_13121": 0.0009620838673891175, "13102_13122": 0.0006424338528168374, "13102_13123": 0.0012942691766505065, "13103_13101": 0.011040460797432771, "13103_13102": 0.008386112147013937, "13103_13104": 0.005622079668065397, "13103_13105": 0.001115641227330703, "13103_13106": 0.0015105030100376372, "13103_13107": 0.0009902882804396127, "13103_13108": 0.003616432517807953, "13103_13109": 0.012231313792898128, "13103_13110": 0.0025164604088386364, "13103_13111": 0.004224394310229741, "13103_13112": 0.0021748736285604154, "13103_13113": 0.01278913440656348, "13103_13114": 0.0005452853189762425, "13103_13115": 0.0004732073745138656, "13103_13116": 0.0007333147393128778, "13103_13117": 0.0005891588503881241, "13103_13118": 0.000539017671631688, "13103_13119": 0.0004136647247405977, "13103_13120": 0.000282044130504953, "13103_13121": 0.0007458500340019868, "13103_13122": 0.0004669397271693111, "13103_13123": 0.0007583853286910959, "13104_13101": 0.009464147490277313, "13104_13102": 0.0015669118361386278, "13104_13103": 0.0052522884747366804, "13104_13105": 0.006192435576419857, "13104_13106": 0.0012566632925831796, "13104_13107": 0.0007489838576742641, "13104_13108": 0.0014634956549534784, "13104_13109": 0.0009871544567673356, "13104_13110": 0.0008555338625316908, "13104_13111": 0.000564088261009906, "13104_13112": 0.0029113221915455707, "13104_13113": 0.017076205190238766, "13104_13114": 0.012798535877580312, "13104_13115": 0.004161717836784195, "13104_13116": 0.010683204898793165, "13104_13117": 0.0012754662346168432, "13104_13118": 0.0004794750218584201, "13104_13119": 0.0016577927226346682, "13104_13120": 0.0030962177882099284, "13104_13121": 0.0006298985581277284, "13104_13122": 0.00028517795417723024, "13104_13123": 0.0006204970871108966, "13105_13101": 0.007577585639566405, "13105_13102": 0.0008147941547920865, "13105_13103": 0.0010341618118514943, "13105_13104": 0.0053180987718545025, "13105_13106": 0.0061642311633693615, "13105_13107": 0.0005139470822534699, "13105_13108": 0.0006487015001613919, "13105_13109": 0.00023503677542079416, "13105_13110": 0.00012848677056336748, "13105_13111": 0.00015355735994158554, "13105_13112": 0.00020056471502574437, "13105_13113": 0.00046380590349703383, "13105_13114": 0.00028831177784950754, "13105_13115": 0.00018176177299208084, "13105_13116": 0.009310590130335727, "13105_13117": 0.0030993516118822057, "13105_13118": 0.0017768780221812039, "13105_13119": 0.0011845853481208027, "13105_13120": 0.0006142294397663421, "13105_13121": 0.0010278941645069399, "13105_13122": 0.0002757764831603985, "13105_13123": 0.00023190295174851691, "13106_13101": 0.007355084158834719, "13106_13102": 0.0027138913001921033, "13106_13103": 0.00150736918636536, "13106_13104": 0.0011814515244485254, "13106_13105": 0.005847714972469359, "13106_13107": 0.007718607704818881, "13106_13108": 0.0012723324109445659, "13106_13109": 0.0005139470822534699, "13106_13110": 7.521176813465413e-05, "13106_13111": 0.0004136647247405977, "13106_13112": 0.00015355735994158554, "13106_13113": 0.0006643706185227782, "13106_13114": 0.00017862794931980356, "13106_13115": 0.00010655000485742669, "13106_13116": 0.0010184926934901082, "13106_13117": 0.0017862794931980358, "13106_13118": 0.008730832750964434, "13106_13119": 0.0003102485435554483, "13106_13120": 0.00012221912321881296, "13106_13121": 0.0034879457472445853, "13106_13122": 0.0015794471308277368, "13106_13123": 0.00067377208953961, "13107_13101": 0.0024663192300822, "13107_13102": 0.002955195722957452, "13107_13103": 0.0009589500437168402, "13107_13104": 0.0007395823866574323, "13107_13105": 0.0005578206136653515, "13107_13106": 0.006985292965506003, "13107_13108": 0.011513668171946637, "13107_13109": 0.00037605884067327066, "13107_13110": 8.774706282376316e-05, "13107_13111": 0.0002507058937821805, "13107_13112": 0.00020683236237029886, "13107_13113": 0.0003885941353623797, "13107_13114": 0.00010341618118514943, "13107_13115": 0.00014728971259703102, "13107_13116": 0.0001629588309584173, "13107_13117": 0.00031965001457228006, "13107_13118": 0.0013538118264237744, "13107_13119": 0.00010028235751287218, "13107_13120": 4.700735508415883e-05, "13107_13121": 0.002159204510199029, "13107_13122": 0.0061140899846129255, "13107_13123": 0.004312141373053504, "13108_13101": 0.0037699898777495385, "13108_13102": 0.010169257816539694, "13108_13103": 0.003773123701421816, "13108_13104": 0.001372614768457438, "13108_13105": 0.00067377208953961, "13108_13106": 0.0012096559374990207, "13108_13107": 0.011416519638106042, "13108_13109": 0.0015230383047267462, "13108_13110": 0.00018176177299208084, "13108_13111": 0.0014760309496425874, "13108_13112": 0.0004544044324802021, "13108_13113": 0.0009871544567673356, "13108_13114": 0.0002601073647990122, "13108_13115": 0.00019429706768118985, "13108_13116": 0.0004544044324802021, "13108_13117": 0.0002256353044039624, "13108_13118": 0.0002914456015217848, "13108_13119": 0.0003071147198831711, "13108_13120": 0.00013162059423564473, "13108_13121": 0.0006894412079009963, "13108_13122": 0.0012409941742217933, "13108_13123": 0.014835521264560529, "13109_13101": 0.0013130721186841701, "13109_13102": 0.0011532471113980302, "13109_13103": 0.010977784323987227, "13109_13104": 0.0010404294591960489, "13109_13105": 0.0002256353044039624, "13109_13106": 0.00043246766677426126, "13109_13107": 0.0003102485435554483, "13109_13108": 0.0013694809447851607, "13109_13110": 0.006101554689923816, "13109_13111": 0.01661553311041401, "13109_13112": 0.0015261721283990235, "13109_13113": 0.0027420957132425986, "13109_13114": 0.0001974308913534671, "13109_13115": 0.0003165161909000028, "13109_13116": 0.000429333843101984, "13109_13117": 0.00021310000971485338, "13109_13118": 0.00013162059423564473, "13109_13119": 0.0002977132488663393, "13109_13120": 0.00011908529954653572, "13109_13121": 0.00021623383338713063, "13109_13122": 0.00014415588892475377, "13109_13123": 0.00027264265948812125, "13110_13101": 0.0005609544373376288, "13110_13102": 0.00042620001942970676, "13110_13103": 0.002353501577880219, "13110_13104": 0.0008994073939435724, "13110_13105": 0.0001128176522019812, "13110_13106": 7.207794446237689e-05, "13110_13107": 4.387353141188158e-05, "13110_13108": 0.0002256353044039624, "13110_13109": 0.006013807627100054, "13110_13111": 0.003400198684420822, "13110_13112": 0.014340377124340721, "13110_13113": 0.008094666545492152, "13110_13114": 0.0003165161909000028,