{"13101_13102": 0.03153913313527988, "13101_13103": 0.02799409355388753, "13101_13104": 0.024812347284968447, "13101_13105": 0.017344325885820428, "13101_13106": 0.016453671313305326, "13101_13107": 0.004133926321772403, "13101_13108": 0.006767802837203579, "13101_13109": 0.0026866126414353602, "13101_13110": 0.0009697587615213787, "13101_13111": 0.00197467494037888, "13101_13112": 0.0030469761691306156, "13101_13113": 0.005197438196190108, "13101_13114": 0.0017197836646919917, "13101_13115": 0.002203198153063676, "13101_13116": 0.003234482394923269, "13101_13117": 0.0029883804735704117, "13101_13118": 0.0020713578380532165, "13101_13119": 0.002006902572936992, "13101_13120": 0.0012363691763203075, "13101_13121": 0.003126080358136891, "13101_13122": 0.001637749690907706, "13101_13123": 0.002771576399997656, "13102_13101": 0.035271678942464885, "13102_13103": 0.019316071041421298, "13102_13104": 0.002654385008877248, "13102_13105": 0.001470751958561124, "13102_13106": 0.005680852684561792, "13102_13107": 0.0072365684016852125, "13102_13108": 0.020789752784760432, "13102_13109": 0.0021153046097233696, "13102_13110": 0.0006269739424941843, "13102_13111": 0.001593802919237553, "13102_13112": 0.0010430033809716338, "13102_13113": 0.0020244812816050534, "13102_13114": 0.00046583577970362296, "13102_13115": 0.00043067836236750047, "13102_13116": 0.0009287417746292357, "13102_13117": 0.0005302910448198475, "13102_13118": 0.0008525673704009704, "13102_13119": 0.0004365379319235209, "13102_13120": 0.0004013805145873984, "13102_13121": 0.0016436092604637264, "13102_13122": 0.0012891053023244912, "13102_13123": 0.0021856194443956147, "13103_13101": 0.02670205846678503, "13103_13102": 0.01946841984987783, "13103_13104": 0.010468121011830471, "13103_13105": 0.0017549410820281142, "13103_13106": 0.002569421250314952, "13103_13107": 0.0016172411974616344, "13103_13108": 0.005487486889213119, "13103_13109": 0.023365033604631404, "13103_13110": 0.004046032778432096, "13103_13111": 0.006589085965744956, "13103_13112": 0.0036065650617305655, "13103_13113": 0.022568132145012628, "13103_13114": 0.0007500249031706131, "13103_13115": 0.0008965141420711235, "13103_13116": 0.0012392989610983177, "13103_13117": 0.0013652797065527567, "13103_13118": 0.0009492502680753072, "13103_13119": 0.0007295164097245417, "13103_13120": 0.00045997621014760257, "13103_13121": 0.0011894926198721442, "13103_13122": 0.000791041890062756, "13103_13123": 0.001230509606764287, "13104_13101": 0.01934829867397941, "13104_13102": 0.003082133586466738, "13104_13103": 0.008716109714580367, "13104_13105": 0.010339210481598022, "13104_13106": 0.0017637304363621448, "13104_13107": 0.001001986394079491, "13104_13108": 0.00211823439450138, "13104_13109": 0.0015996624887935733, "13104_13110": 0.0011279671395339299, "13104_13111": 0.0007265866249465315, "13104_13112": 0.003755984085409086, "13104_13113": 0.025371936177568395, "13104_13114": 0.019858081225353187, "13104_13115": 0.005387874206760772, "13104_13116": 0.015009287417746292, "13104_13117": 0.0017813091450302062, "13104_13118": 0.0006914292076104089, "13104_13119": 0.0022940214811819925, "13104_13120": 0.0047696896186006175, "13104_13121": 0.0008174099530648478, "13104_13122": 0.0003398550342491841, "13104_13123": 0.000791041890062756, "13105_13101": 0.013585412015633331, "13105_13102": 0.001626030551795665, "13105_13103": 0.0017988878536982673, "13105_13104": 0.008012961367857917, "13105_13106": 0.008733688423248427, "13105_13107": 0.0007236568401685213, "13105_13108": 0.0009492502680753072, "13105_13109": 0.00025782106046489826, "13105_13110": 0.00012012117589841851, "13105_13111": 0.00018457644101464306, "13105_13112": 0.00026075084524290846, "13105_13113": 0.0006093952338261232, "13105_13114": 0.00036329331247326573, "13105_13115": 0.00021680407357275536, "13105_13116": 0.015510280614786038, "13105_13117": 0.004696444999150362, "13105_13118": 0.002586999958983013, "13105_13119": 0.0022412853551778086, "13105_13120": 0.0009492502680753072, "13105_13121": 0.0014004371238888792, "13105_13122": 0.00042774857758949027, "13105_13123": 0.00026661041479892884, "13106_13101": 0.011941802755169605, "13106_13102": 0.004675936505704291, "13106_13103": 0.002707121134881432, "13106_13104": 0.0016318901213516854, "13106_13105": 0.007804946648619192, "13106_13107": 0.010681995300625215, "13106_13108": 0.0017139240951359713, "13106_13109": 0.0007383057640585722, "13106_13110": 9.082332811831643e-05, "13106_13111": 0.0005537293230439292, "13106_13112": 0.00017285730190260223, "13106_13113": 0.000735375979280562, "13106_13114": 0.00019043601057066348, "13106_13115": 0.00016992751712459204, "13106_13116": 0.0013154733653265832, "13106_13117": 0.0026866126414353602, "13106_13118": 0.013128365590263738, "13106_13119": 0.00036622309725127593, "13106_13120": 0.00020801471923872472, "13106_13121": 0.004626130164478118, "13106_13122": 0.00226472363340189, "13106_13123": 0.0009140928507391847, "13107_13101": 0.003984507298093882, "13107_13102": 0.005387874206760772, "13107_13103": 0.0018838516122605634, "13107_13104": 0.0009199524202952051, "13107_13105": 0.000776392966172705, "13107_13106": 0.008352816402107102, "13107_13108": 0.014584468624934812, "13107_13109": 0.0005713080317119904, "13107_13110": 7.91041890062756e-05, "13107_13111": 0.00036329331247326573, "13107_13112": 0.00021094450401673494, "13107_13113": 0.0005595888925999497, "13107_13114": 0.0001142616063423981, "13107_13115": 0.00014355945412250016, "13107_13116": 0.0002812593386889799, "13107_13117": 0.00033106567991515344, "13107_13118": 0.0014590328194490833, "13107_13119": 0.0001142616063423981, "13107_13120": 5.2736126004183736e-05, "13107_13121": 0.002586999958983013, "13107_13122": 0.008862598953480877, "13107_13123": 0.005423031624096894, "13108_13101": 0.006776592191537609, "13108_13102": 0.017291589759816244, "13108_13103": 0.005455259256655006, "13108_13104": 0.0020537791293851553, "13108_13105": 0.0010547225200836746, "13108_13106": 0.0018809218274825532, "13108_13107": 0.014294419931911802, "13108_13109": 0.0025518425416468904, "13108_13110": 0.0002753997691329595, "13108_13111": 0.002235425785621788, "13108_13112": 0.0006181845881601537, "13108_13113": 0.0012480883154323483, "13108_13114": 0.0003046976169130616, "13108_13115": 0.0002871189082450003, "13108_13116": 0.0006709207141643375, "13108_13117": 0.0003720826668072963, "13108_13118": 0.00045118685581357193, "13108_13119": 0.00026661041479892884, "13108_13120": 0.00018164665623663287, "13108_13121": 0.0010283544570815829, "13108_13122": 0.001441454110781022, "13108_13123": 0.020807331493428494, "13109_13101": 0.0026338765154311763, "13109_13102": 0.002036200420717094, "13109_13103": 0.02047626581351334, "13109_13104": 0.0016787666777998487, "13109_13105": 0.0003164167560251024, "13109_13106": 0.0007148674858344906, "13109_13107": 0.0004541166405915821, "13109_13108": 0.0023086704050720433, "13109_13110": 0.008519814134453683, "13109_13111": 0.025878788944164163, "13109_13112": 0.0020274110663830633, "13109_13113": 0.004189592232554597, "13109_13114": 0.0003076274016910718, "13109_13115": 0.00034571460380520446, "13109_13116": 0.0008496375856229602, "13109_13117": 0.00038087202114132695, "13109_13118": 0.00021387428879474514, "13109_13119": 0.0002812593386889799, "13109_13120": 0.0001523488084565308, "13109_13121": 0.0002871189082450003, "13109_13122": 0.0001962955801266839, "13109_13123": 0.00045997621014760257, "13110_13101": 0.0008994439268491337, "13110_13102": 0.0006474824359402558, "13110_13103": 0.003574337429172453, "13110_13104": 0.0009990566093014807, "13110_13105": 0.0001259807454544389, "13110_13106": 9.961268245234706e-05, "13110_13107": 5.566591078219394e-05, "13110_13108": 0.0002343827822408166, "13110_13109": 0.007640878701050621, "13110_13111": 0.004230609219446739, "13110_13112": 0.018349242064677928, "13110_13113": 0.011358775584345573, "13110_13114": 0.0002900486930230105, "13110_13115": 0.0005449399687098986,