{"13101_13102": 0.007374972895188157, "13101_13103": 0.0061577204360425, "13101_13104": 0.00659139742553569, "13101_13105": 0.004144572138224684, "13101_13106": 0.005305150899879753, "13101_13107": 0.0017839894340515288, "13101_13108": 0.0030973407715507895, "13101_13109": 0.0010644798833014646, "13101_13110": 0.0004312129156892507, "13101_13111": 0.0010201265548305703, "13101_13112": 0.0014316268800883124, "13101_13113": 0.001939226083699659, "13101_13114": 0.0008057521338879142, "13101_13115": 0.0008919947170257644, "13101_13116": 0.0013946657730292337, "13101_13117": 0.0013552405921662166, "13101_13118": 0.0008747462003981944, "13101_13119": 0.0009856295215754302, "13101_13120": 0.0006529795580437225, "13101_13121": 0.00167803426048217, "13101_13122": 0.0008772102742021329, "13101_13123": 0.0015597587178931183, "13102_13101": 0.008045200969859449, "13102_13103": 0.005793037513059591, "13102_13104": 0.0010349109976542017, "13102_13105": 0.0006480514104358453, "13102_13106": 0.002183169390289578, "13102_13107": 0.002239843087780165, "13102_13108": 0.009070255672297897, "13102_13109": 0.000911707307457273, "13102_13110": 0.00037946736580654063, "13102_13111": 0.0008230006505154842, "13102_13112": 0.0004977429083955923, "13102_13113": 0.0008599617575745629, "13102_13114": 0.00024147923278598042, "13102_13115": 0.00021683849474659464, "13102_13116": 0.0004016440300419878, "13102_13117": 0.00031047329929626054, "13102_13118": 0.0004312129156892507, "13102_13119": 0.00024394330658991897, "13102_13120": 0.00018726960909933173, "13102_13121": 0.000993021742987246, "13102_13122": 0.0006332669676122139, "13102_13123": 0.0013552405921662166, "13103_13101": 0.006426304480671805, "13103_13102": 0.005711723077529618, "13103_13104": 0.003343748151944647, "13103_13105": 0.00084764138855487, "13103_13106": 0.0014464113229119438, "13103_13107": 0.0009560606359281673, "13103_13108": 0.003070235959707465, "13103_13109": 0.008202901693311518, "13103_13110": 0.0018160223935027302, "13103_13111": 0.0036320447870054604, "13103_13112": 0.001909657198052396, "13103_13113": 0.007360188452364525, "13103_13114": 0.0004533895799246979, "13103_13115": 0.0005913777129452581, "13103_13116": 0.0007047251079264326, "13103_13117": 0.0007392221411815727, "13103_13118": 0.000569201048709811, "13103_13119": 0.0003942518086301721, "13103_13120": 0.0002587277494135504, "13103_13121": 0.000766326953024897, "13103_13122": 0.000505135129807408, "13103_13123": 0.0006874765912988625, "13104_13101": 0.005844783062942302, "13104_13102": 0.0011014409903605433, "13104_13103": 0.003296930749669814, "13104_13105": 0.003728143665359065, "13104_13106": 0.0009338839716927201, "13104_13107": 0.0005913777129452581, "13104_13108": 0.0012221806067535335, "13104_13109": 0.0008821384218100101, "13104_13110": 0.0006135543771807053, "13104_13111": 0.00041889254666955785, "13104_13112": 0.0021437442094265607, "13104_13113": 0.009597567466340752, "13104_13114": 0.009038222712846695, "13104_13115": 0.0031269096571980523, "13104_13116": 0.0069757929389501075, "13104_13117": 0.0011186895069881134, "13104_13118": 0.0004312129156892507, "13104_13119": 0.0012566776400086735, "13104_13120": 0.002503498984801593, "13104_13121": 0.000539632163062548, "13104_13122": 0.00018973368290327032, "13104_13123": 0.0004459973585128822, "13105_13101": 0.004110075104969544, "13105_13102": 0.0006702280746712925, "13105_13103": 0.0008353210195351772, "13105_13104": 0.003629580713201522, "13105_13106": 0.00347680813735733, "13105_13107": 0.0003868595872183564, "13105_13108": 0.0005889136391413196, "13105_13109": 0.00016509294486388457, "13105_13110": 5.667369749058724e-05, "13105_13111": 0.00011334739498117447, "13105_13112": 0.00021437442094265606, "13105_13113": 0.0003917877348262335, "13105_13114": 0.0002562636756096119, "13105_13115": 0.00017741331388357743, "13105_13116": 0.005578663092116935, "13105_13117": 0.001973723116954799, "13105_13118": 0.0012295728281653492, "13105_13119": 0.0012763902304401822, "13105_13120": 0.000522383646434978, "13105_13121": 0.0009880935953793689, "13105_13122": 0.0003400421849435234, "13105_13123": 0.00021930256855053323, "13106_13101": 0.0046250665299927066, "13106_13102": 0.002072286069112342, "13106_13103": 0.0012271087543614106, "13106_13104": 0.0008402491671430542, "13106_13105": 0.00345955962072976, "13106_13107": 0.005465315697135761, "13106_13108": 0.001335528001734708, "13106_13109": 0.0004977429083955923, "13106_13110": 5.420962368664866e-05, "13106_13111": 0.0003843955134144178, "13106_13112": 0.0001010270259614816, "13106_13113": 0.00043614106329712787, "13106_13114": 0.00013305998541268308, "13106_13115": 6.652999270634154e-05, "13106_13116": 0.0007934317648682213, "13106_13117": 0.001352776518362278, "13106_13118": 0.0064534092925151295, "13106_13119": 0.0002809044136489976, "13106_13120": 0.00017741331388357743, "13106_13121": 0.0030382030002562635, "13106_13122": 0.0012862465256559365, "13106_13123": 0.0006579077056515997, "13107_13101": 0.001636145005815214, "13107_13102": 0.002050109404876895, "13107_13103": 0.0008377850933391157, "13107_13104": 0.0005667369749058724, "13107_13105": 0.00044106921090500504, "13107_13106": 0.005058743519485895, "13107_13108": 0.00942754637386899, "13107_13109": 0.00029076070886475193, "13107_13110": 3.9425180863017206e-05, "13107_13111": 0.0001921977567072089, "13107_13112": 0.00012073961639299021, "13107_13113": 0.00033264996353170773, "13107_13114": 0.00010595517356935875, "13107_13115": 6.406591890240297e-05, "13107_13116": 0.0001921977567072089, "13107_13117": 0.00022915886376628753, "13107_13118": 0.0011014409903605433, "13107_13119": 8.1314435529973e-05, "13107_13120": 2.9568885647262906e-05, "13107_13121": 0.0020106842240138778, "13107_13122": 0.0035778351633188117, "13107_13123": 0.00358029923712275, "13108_13101": 0.0031219815095901754, "13108_13102": 0.00882384829190404, "13108_13103": 0.0030554515168838337, "13108_13104": 0.0011162254331841747, "13108_13105": 0.0006628358532594768, "13108_13106": 0.0014094502158528651, "13108_13107": 0.009385657119202034, "13108_13109": 0.0014069861420489267, "13108_13110": 0.00016509294486388457, "13108_13111": 0.0015523664964813026, "13108_13112": 0.000406572177649865, "13108_13113": 0.0007811113958485285, "13108_13114": 0.0002217666423544718, "13108_13115": 0.0001527725758441917, "13108_13116": 0.0003819314396104792, "13108_13117": 0.00033757811113958484, "13108_13118": 0.00026858404462930474, "13108_13119": 0.00021930256855053323, "13108_13120": 0.00014538035443237597, "13108_13121": 0.0008328569457312385, "13108_13122": 0.0012689980090283665, "13108_13123": 0.011785665004238208, "13109_13101": 0.0010053421120069389, "13109_13102": 0.0009363480454966587, "13109_13103": 0.008303928719273, "13109_13104": 0.0008427132409469929, "13109_13105": 0.00017741331388357743, "13109_13106": 0.00048788661317983794, "13109_13107": 0.00031047329929626054, "13109_13108": 0.0013848094778134794, "13109_13110": 0.0054579234757239446, "13109_13111": 0.013609079619152753, "13109_13112": 0.0013601687397740937, "13109_13113": 0.0020476453310729562, "13109_13114": 0.00022669478996234895, "13109_13115": 0.000261191823217489, "13109_13116": 0.0004533895799246979, "13109_13117": 0.00022669478996234895, "13109_13118": 0.00011581146878511306, "13109_13119": 0.00019958997811902462, "13109_13120": 0.0001108833211772359, "13109_13121": 0.0001503085020402531, "13109_13122": 0.00012073961639299021, "13109_13123": 0.00026611997082536616, "13110_13101": 0.0003720751443947249, "13110_13102": 0.00030800922549232196, "13110_13103": 0.0017692049912278972, "13110_13104": 0.000650515484239784, "13110_13105": 0.00010841924737329732, "13110_13106": 3.9425180863017206e-05, "13110_13107": 2.710481184332433e-05, "13110_13108": 0.00020451812572690176, "13110_13109": 0.005381537187801849, "13110_13111": 0.0027375859961757576, "13110_13112": 0.010159376293638746, "13110_13113": 0.0049823572315638, "13110_13114": 0.0002735121922371819,