{"13101_13102": 0.030628740455389696, "13101_13103": 0.02799465731122882, "13101_13104": 0.025019490495517185, "13101_13105": 0.01731501226754718, "13101_13106": 0.016271697507509574, "13101_13107": 0.004061475315860677, "13101_13108": 0.006727087202769944, "13101_13109": 0.002519433170530371, "13101_13110": 0.0009974547705854028, "13101_13111": 0.0021267570108458875, "13101_13112": 0.003141409277475866, "13101_13113": 0.005167847561395061, "13101_13114": 0.0019060558116071632, "13101_13115": 0.002057967026667584, "13101_13116": 0.003267524248469423, "13101_13117": 0.002846185595377313, "13101_13118": 0.0021611520029350393, "13101_13119": 0.001842998326110385, "13101_13120": 0.0013557359381807341, "13101_13121": 0.003233129256380271, "13101_13122": 0.0016480933709385247, "13101_13123": 0.002923574327577905, "13102_13101": 0.03458416454564216, "13102_13103": 0.018607690720231135, "13102_13104": 0.0025452294145972346, "13102_13105": 0.0013098759487285318, "13102_13106": 0.0052595675402994655, "13102_13107": 0.007306069569603999, "13102_13108": 0.020467886542386095, "13102_13109": 0.00189172456490335, "13102_13110": 0.000624842356286258, "13102_13111": 0.0015506408933525944, "13102_13112": 0.001011786017289216, "13102_13113": 0.002006374538533856, "13102_13114": 0.0004987273852927014, "13102_13115": 0.0004328036504551604, "13102_13116": 0.0009057347916809979, "13102_13117": 0.0005388548760633785, "13102_13118": 0.000822613560798881, "13102_13119": 0.00046433239320354955, "13102_13120": 0.00042993740111439775, "13102_13121": 0.0017627433445690309, "13102_13122": 0.0012038247231203137, "13102_13123": 0.0021267570108458875, "13103_13101": 0.026673316365137235, "13103_13102": 0.01824654330329504, "13103_13104": 0.010135057668936737, "13103_13105": 0.0015277108986264934, "13103_13106": 0.0025652931599825734, "13103_13107": 0.0016509596202792874, "13103_13108": 0.005451606246130563, "13103_13109": 0.023170759670725277, "13103_13110": 0.003843640365962716, "13103_13111": 0.007039508380913073, "13103_13112": 0.0035828116759533146, "13103_13113": 0.02325961340028892, "13103_13114": 0.0008254798101396437, "13103_13115": 0.0009888560225631148, "13103_13116": 0.0011923597257572631, "13103_13117": 0.0014359909197220885, "13103_13118": 0.0009343972850886245, "13103_13119": 0.0007824860700282039, "13103_13120": 0.0005273898787003278, "13103_13121": 0.0012697484579578546, "13103_13122": 0.0008426773061842196, "13103_13123": 0.0013213409460915823, "13104_13101": 0.018885716906285113, "13104_13102": 0.0031557405241796795, "13104_13103": 0.008816582972185917, "13104_13105": 0.010266905138611818, "13104_13106": 0.001530577147967256, "13104_13107": 0.0010146522666299787, "13104_13108": 0.002229941987113343, "13104_13109": 0.001662424617642338, "13104_13110": 0.0010920409988305702, "13104_13111": 0.0006964985898053243, "13104_13112": 0.003941092843548646, "13104_13113": 0.02444050812868313, "13104_13114": 0.019837311687418313, "13104_13115": 0.0056780399440508125, "13104_13116": 0.015380293962532389, "13104_13117": 0.0018974570635848754, "13104_13118": 0.0007136960858499002, "13104_13119": 0.0022901332232693585, "13104_13120": 0.004755107656325239, "13104_13121": 0.0009000022929994726, "13104_13122": 0.0004213386530921098, "13104_13123": 0.0008742060489326087, "13105_13101": 0.013201944463552773, "13105_13102": 0.0015850358854417464, "13105_13103": 0.001671023365664626, "13105_13104": 0.00796530691797941, "13105_13106": 0.008641741762399395, "13105_13107": 0.0007165623351906629, "13105_13108": 0.0009372635344293871, "13105_13109": 0.0002952236820985531, "13105_13110": 0.000123248721652794, "13105_13111": 0.00014044621769736994, "13105_13112": 0.00027229368737245193, "13105_13113": 0.0006592373483754099, "13105_13114": 0.00034681617023228086, "13105_13115": 0.00018917245649033502, "13105_13116": 0.015139529017908326, "13105_13117": 0.004689183921487698, "13105_13118": 0.0024363119396482538, "13105_13119": 0.0019691132971039415, "13105_13120": 0.00089713604365871, "13105_13121": 0.0013786659329068354, "13105_13122": 0.0004500011464997363, "13105_13123": 0.00036401366627685677, "13106_13101": 0.011751622297126871, "13106_13102": 0.004686317672146935, "13106_13103": 0.0026369493935016397, "13106_13104": 0.0015363096466487812, "13106_13105": 0.007417853293893742, "13106_13107": 0.010768498773245282, "13106_13108": 0.0016423608722569993, "13106_13109": 0.0006305748549677834, "13106_13110": 8.88537295636422e-05, "13106_13111": 0.000567517369471005, "13106_13112": 0.00018630620714957236, "13106_13113": 0.0007996835660727798, "13106_13114": 0.00018917245649033502, "13106_13115": 0.0001605099630827085, "13106_13116": 0.0011894934764165005, "13106_13117": 0.002763064364495196, "13106_13118": 0.013087294489922267, "13106_13119": 0.0003726124142991447, "13106_13120": 0.0002436311939648254, "13106_13121": 0.004328036504551604, "13106_13122": 0.0023187957166769853, "13106_13123": 0.0008541423035472702, "13107_13101": 0.003760519135080599, "13107_13102": 0.005448739996789801, "13107_13103": 0.001860195822154961, "13107_13104": 0.001028983513333792, "13107_13105": 0.0007222948338721882, "13107_13106": 0.008481231799316686, "13107_13108": 0.014675196624704775, "13107_13109": 0.00048439613858888814, "13107_13110": 0.00010318497626745546, "13107_13111": 0.00042420490243287243, "13107_13112": 0.00016910871110499646, "13107_13113": 0.00046719864254431224, "13107_13114": 0.00013471371901584462, "13107_13115": 0.00011464997363050606, "13107_13116": 0.00022929994726101212, "13107_13117": 0.0003181536768246543, "13107_13118": 0.001456054665107427, "13107_13119": 0.000123248721652794, "13107_13120": 5.445873747449038e-05, "13107_13121": 0.0022901332232693585, "13107_13122": 0.008693334250533123, "13107_13123": 0.005623581206576323, "13108_13101": 0.006790144688266722, "13108_13102": 0.01643220747059228, "13108_13103": 0.005342688771181583, "13108_13104": 0.0022098782417280046, "13108_13105": 0.0011121047442159088, "13108_13106": 0.001719749604457591, "13108_13107": 0.014165004242049025, "13108_13109": 0.0026856756322946045, "13108_13110": 0.00023216619660177478, "13108_13111": 0.002049368278645296, "13108_13112": 0.0005933136135378689, "13108_13113": 0.0013184746967508198, "13108_13114": 0.00037547866363990735, "13108_13115": 0.00027515993671321456, "13108_13116": 0.0007423585792575267, "13108_13117": 0.0003898099103437206, "13108_13118": 0.00044713489715897365, "13108_13119": 0.0003353511728692302, "13108_13120": 0.0002636949393501639, "13108_13121": 0.001028983513333792, "13108_13122": 0.001473252161152003, "13108_13123": 0.021600055031987343, "13109_13101": 0.0024162481942629154, "13109_13102": 0.0019461833023778404, "13109_13103": 0.020026484143908646, "13109_13104": 0.0017398133498429296, "13109_13105": 0.0002808924353947399, "13109_13106": 0.0007394923299167642, "13109_13107": 0.0003611474169360941, "13109_13108": 0.002442044438329779, "13109_13110": 0.008277728096122539, "13109_13111": 0.025308981678934212, "13109_13112": 0.0019805782944669922, "13109_13113": 0.003926761596844833, "13109_13114": 0.00029235743275779047, "13109_13115": 0.00037834491298067004, "13109_13116": 0.000822613560798881, "13109_13117": 0.0003898099103437206, "13109_13118": 0.00020636995253491092, "13109_13119": 0.0003840774116621953, "13109_13120": 0.00019203870583109765, "13109_13121": 0.00021783494989796153, "13109_13122": 0.00019203870583109765, "13109_13123": 0.0003898099103437206, "13110_13101": 0.0009372635344293871, "13110_13102": 0.0006707023457384604, "13110_13103": 0.0035627479305679758, "13110_13104": 0.001077709752126757, "13110_13105": 0.000123248721652794, "13110_13106": 6.878998417830364e-05, "13110_13107": 5.159248813372773e-05, "13110_13108": 0.0002665611886909266, "13110_13109": 0.007062438375639173, "13110_13111": 0.004032812822453051, "13110_13112": 0.018633486964297997, "13110_13113": 0.011238563665130357, "13110_13114": 0.0002436311939648254, "13110_13115": 0.0005073261333149894,