{"13101_13102": 0.030474490269669585, "13101_13103": 0.027949426843550906, "13101_13104": 0.024933129251496915, "13101_13105": 0.01704043396345098, "13101_13106": 0.01624068077866606, "13101_13107": 0.004160513759049642, "13101_13108": 0.006547791992284029, "13101_13109": 0.0025040961141580276, "13101_13110": 0.0009435290382294004, "13101_13111": 0.0021147031777458943, "13101_13112": 0.0028934890505701613, "13101_13113": 0.004999206237475775, "13101_13114": 0.0016713942962920806, "13101_13115": 0.0021087125171857075, "13101_13116": 0.0032768913264221078, "13101_13117": 0.0026987925823640942, "13101_13118": 0.0019829086454217874, "13101_13119": 0.0019978852968222543, "13101_13120": 0.0013748565985628406, "13101_13121": 0.0031391061335378145, "13101_13122": 0.001629459672370774, "13101_13123": 0.002713769233764561, "13102_13101": 0.033688479660209734, "13102_13103": 0.018897538737108848, "13102_13104": 0.002584970031720548, "13102_13105": 0.0013658706077225606, "13102_13106": 0.005664169559656496, "13102_13107": 0.0074673583882726826, "13102_13108": 0.02138066753930622, "13102_13109": 0.002069773223544494, "13102_13110": 0.0006949166249816536, "13102_13111": 0.0015336091034077873, "13102_13112": 0.0010453702677525737, "13102_13113": 0.001791207507495814, "13102_13114": 0.0004912341659353068, "13102_13115": 0.0004433088814538135, "13102_13116": 0.000796757854504827, "13102_13117": 0.0005691127532177335, "13102_13118": 0.0007668045517038937, "13102_13119": 0.0005181921384561468, "13102_13120": 0.0004163509089329735, "13102_13121": 0.0017492728835745072, "13102_13122": 0.0012041227725975204, "13102_13123": 0.002285437003711214, "13103_13101": 0.025930574234767998, "13103_13102": 0.018367365277532327, "13103_13104": 0.010229052906518737, "13103_13105": 0.0015006604703267606, "13103_13106": 0.0024052502149149477, "13103_13107": 0.0016384456632110539, "13103_13108": 0.005472468421730522, "13103_13109": 0.024013562855508264, "13103_13110": 0.004133555786528802, "13103_13111": 0.006658619212647482, "13103_13112": 0.0033996998679059346, "13103_13113": 0.02284538404627186, "13103_13114": 0.0008117345059052936, "13103_13115": 0.000778785872824267, "13103_13116": 0.0011711741395164937, "13103_13117": 0.001273015369039667, "13103_13118": 0.0008356971481460403, "13103_13119": 0.0007518279003034269, "13103_13120": 0.0005451501109769869, "13103_13121": 0.0013658706077225606, "13103_13122": 0.0010154169649516404, "13103_13123": 0.0012490527267989206, "13104_13101": 0.0186039963696597, "13104_13102": 0.0030342695737345477, "13104_13103": 0.008773322390393377, "13104_13105": 0.010807151650576751, "13104_13106": 0.0016773849568522674, "13104_13107": 0.0010573515888729471, "13104_13108": 0.002204563086148694, "13104_13109": 0.0015995063695698405, "13104_13110": 0.0010184122952317338, "13104_13111": 0.0006050567165788535, "13104_13112": 0.003726190868436108, "13104_13113": 0.02474741877413113, "13104_13114": 0.020389213216595328, "13104_13115": 0.005277771953524455, "13104_13116": 0.015309133061557033, "13104_13117": 0.001782221516655534, "13104_13118": 0.0005721080834978269, "13104_13119": 0.0023393529487528942, "13104_13120": 0.004933308971313722, "13104_13121": 0.0008536691298266004, "13104_13122": 0.0003534489730510135, "13104_13123": 0.0008716411115071603, "13105_13101": 0.012999733415605072, "13105_13102": 0.0014317678738846138, "13105_13103": 0.001746277553294414, "13105_13104": 0.007997531847849203, "13105_13106": 0.00914474334512495, "13105_13107": 0.0007128886066622136, "13105_13108": 0.0009974449832710803, "13105_13109": 0.00030851901884961343, "13105_13110": 0.00012879920204401338, "13105_13111": 0.00018571047736578675, "13105_13112": 0.0002905470371690534, "13105_13113": 0.0005301734595765202, "13105_13114": 0.0004373182208936268, "13105_13115": 0.00020068712876625342, "13105_13116": 0.015132408575031526, "13105_13117": 0.004915336989633162, "13105_13118": 0.002321380967072334, "13105_13119": 0.002186591104468134, "13105_13120": 0.000895603753747907, "13105_13121": 0.0014347632041647072, "13105_13122": 0.00042533689977325347, "13105_13123": 0.00035943963361120015, "13106_13101": 0.011693769413484378, "13106_13102": 0.004487004759579815, "13106_13103": 0.002408245545195041, "13106_13104": 0.0014707071675258273, "13106_13105": 0.007476344379112963, "13106_13107": 0.011298385816512057, "13106_13108": 0.0016234690118105872, "13106_13109": 0.0007278652580626802, "13106_13110": 0.0001138225506435467, "13106_13111": 0.0006020613862987602, "13106_13112": 0.00017971981680560008, "13106_13113": 0.0006919212947015603, "13106_13114": 0.00017971981680560008, "13106_13115": 0.00010483655980326671, "13106_13116": 0.0011232488550350004, "13106_13117": 0.002623909325361761, "13106_13118": 0.013619766783584392, "13106_13119": 0.00036243496389129346, "13106_13120": 0.00020068712876625342, "13106_13121": 0.0044450701356585085, "13106_13122": 0.0021626284622273876, "13106_13123": 0.000733855918622867, "13107_13101": 0.003935863988042641, "13107_13102": 0.005077084824758202, "13107_13103": 0.0017432822230143206, "13107_13104": 0.0008896130931877204, "13107_13105": 0.0007578185608636136, "13107_13106": 0.008590607243307683, "13107_13108": 0.015168352538392646, "13107_13109": 0.0005810940743381068, "13107_13110": 7.488325700233336e-05, "13107_13111": 0.00035943963361120015, "13107_13112": 0.00023663109212737342, "13107_13113": 0.0005751034137779202, "13107_13114": 8.087391756252003e-05, "13107_13115": 8.087391756252003e-05, "13107_13116": 0.0002486124132477468, "13107_13117": 0.00032649100053017344, "13107_13118": 0.0014287725436045206, "13107_13119": 0.00014976651400466673, "13107_13120": 5.092061476158669e-05, "13107_13121": 0.0026388859767622276, "13107_13122": 0.00956708491461811, "13107_13123": 0.005864856688422749, "13108_13101": 0.006454936753601136, "13108_13102": 0.017405864257622368, "13108_13103": 0.005376617852767536, "13108_13104": 0.002030833929903281, "13108_13105": 0.0011502068275558404, "13108_13106": 0.001692361608252734, "13108_13107": 0.014760987620299952, "13108_13109": 0.0024951101233177475, "13108_13110": 0.00025460307380793345, "13108_13111": 0.002066777893264401, "13108_13112": 0.0005990660560186669, "13108_13113": 0.001165183478956307, "13108_13114": 0.00032050033996998677, "13108_13115": 0.00032649100053017344, "13108_13116": 0.0006769446433010936, "13108_13117": 0.0003474583124908268, "13108_13118": 0.0004073649180926935, "13108_13119": 0.0003324816610903601, "13108_13120": 0.00023962642240746675, "13108_13121": 0.0010184122952317338, "13108_13122": 0.0015096464611670407, "13108_13123": 0.022728566165348223, "13109_13101": 0.0025190727655584944, "13109_13102": 0.0021027218566255206, "13109_13103": 0.02023046071175038, "13109_13104": 0.0016893662779726407, "13109_13105": 0.00030851901884961343, "13109_13106": 0.0006679586524608136, "13109_13107": 0.00048524350537512017, "13109_13108": 0.002543035407799241, "13109_13110": 0.008518719316585443, "13109_13111": 0.026137252024094438, "13109_13112": 0.0020188526087829076, "13109_13113": 0.003929873327482455, "13109_13114": 0.0003504536427709201, "13109_13115": 0.00034446298221073345, "13109_13116": 0.0007398465791830536, "13109_13117": 0.00036243496389129346, "13109_13118": 0.0002186591104468134, "13109_13119": 0.00038040694557185347, "13109_13120": 0.00025460307380793345, "13109_13121": 0.00027257505548849346, "13109_13122": 0.00020967311960653343, "13109_13123": 0.00040137425753250684, "13110_13101": 0.0009734823410303338, "13110_13102": 0.0006649633221807202, "13110_13103": 0.003519513079109668, "13110_13104": 0.0010603469191530403, "13110_13105": 0.0001138225506435467, "13110_13106": 9.585056896298671e-05, "13110_13107": 7.188792672224003e-05, "13110_13108": 0.00027257505548849346, "13110_13109": 0.007332568525668483, "13110_13111": 0.004325256924454775, "13110_13112": 0.01928393634324089, "13110_13113": 0.010876044247018898, "13110_13114": 0.00030851901884961343, "13110_13115": 0.0005181921384561468,