{"13101_13102": 0.02472052401746725, "13101_13103": 0.020176855895196508, "13101_13104": 0.015912663755458516, "13101_13105": 0.013716157205240175, "13101_13106": 0.013495633187772926, "13101_13107": 0.0031943231441048034, "13101_13108": 0.004266375545851528, "13101_13109": 0.0008733624454148472, "13101_13110": 0.0003165938864628821, "13101_13111": 0.0005262008733624454, "13101_13112": 0.0008384279475982533, "13101_13113": 0.002958515283842795, "13101_13114": 0.0006004366812227075, "13101_13115": 0.0006462882096069869, "13101_13116": 0.0011266375545851528, "13101_13117": 0.0012248908296943232, "13101_13118": 0.0016550218340611353, "13101_13119": 0.0005938864628820961, "13101_13120": 0.00038646288209606987, "13101_13121": 0.0018668122270742357, "13101_13122": 0.0006135371179039302, "13101_13123": 0.0012707423580786026, "13102_13101": 0.02812663755458515, "13102_13103": 0.013233624454148472, "13102_13104": 0.0008427947598253276, "13102_13105": 0.0005131004366812227, "13102_13106": 0.004056768558951965, "13102_13107": 0.005408296943231441, "13102_13108": 0.01553056768558952, "13102_13109": 0.0008580786026200874, "13102_13110": 0.00018995633187772926, "13102_13111": 0.0005436681222707423, "13102_13112": 0.0003908296943231441, "13102_13113": 0.0010982532751091702, "13102_13114": 0.00019868995633187772, "13102_13115": 0.0001572052401746725, "13102_13116": 0.00017467248908296942, "13102_13117": 0.00015065502183406114, "13102_13118": 0.0005327510917030568, "13102_13119": 0.0001222707423580786, "13102_13120": 0.00020524017467248907, "13102_13121": 0.0005480349344978166, "13102_13122": 0.00044759825327510917, "13102_13123": 0.0011899563318777293, "13103_13101": 0.018655021834061137, "13103_13102": 0.013115720524017467, "13103_13104": 0.005104803493449782, "13103_13105": 0.0008733624454148472, "13103_13106": 0.0010414847161572052, "13103_13107": 0.0010087336244541485, "13103_13108": 0.0030131004366812228, "13103_13109": 0.01774890829694323, "13103_13110": 0.0018471615720524017, "13103_13111": 0.003262008733624454, "13103_13112": 0.0014781659388646289, "13103_13113": 0.017148471615720525, "13103_13114": 0.0002183406113537118, "13103_13115": 0.00025982532751091703, "13103_13116": 0.0004650655021834061, "13103_13117": 0.0005458515283842794, "13103_13118": 0.0002205240174672489, "13103_13119": 0.00024672489082969433, "13103_13120": 0.00027510917030567684, "13103_13121": 0.0005240174672489083, "13103_13122": 0.0003537117903930131, "13103_13123": 0.0005414847161572052, "13104_13101": 0.01396943231441048, "13104_13102": 0.000888646288209607, "13104_13103": 0.004491266375545851, "13104_13105": 0.009, "13104_13106": 0.0006921397379912663, "13104_13107": 0.0003471615720524017, "13104_13108": 0.0006200873362445415, "13104_13109": 0.0005502183406113537, "13104_13110": 0.0004781659388646288, "13104_13111": 0.00024672489082969433, "13104_13112": 0.0015829694323144104, "13104_13113": 0.02261353711790393, "13104_13114": 0.015934497816593885, "13104_13115": 0.0027205240174672488, "13104_13116": 0.012882096069868995, "13104_13117": 0.0010480349344978166, "13104_13118": 0.0001834061135371179, "13104_13119": 0.0011746724890829695, "13104_13120": 0.0018296943231441048, "13104_13121": 0.00031222707423580787, "13104_13122": 0.00010043668122270742, "13104_13123": 0.0003165938864628821, "13105_13101": 0.01187117903930131, "13105_13102": 0.0006462882096069869, "13105_13103": 0.0008602620087336245, "13105_13104": 0.00758296943231441, "13105_13106": 0.00785589519650655, "13105_13107": 0.0003275109170305677, "13105_13108": 0.00027947598253275107, "13105_13109": 0.00013973799126637554, "13105_13110": 5.895196506550218e-05, "13105_13111": 7.641921397379913e-05, "13105_13112": 0.00011572052401746725, "13105_13113": 0.0003056768558951965, "13105_13114": 0.00022707423580786026, "13105_13115": 0.0001703056768558952, "13105_13116": 0.011746724890829695, "13105_13117": 0.003910480349344978, "13105_13118": 0.0018231441048034934, "13105_13119": 0.0008951965065502183, "13105_13120": 0.0003406113537117904, "13105_13121": 0.0010436681222707423, "13105_13122": 0.00019213973799126638, "13105_13123": 0.00032096069868995633, "13106_13101": 0.01065065502183406, "13106_13102": 0.003480349344978166, "13106_13103": 0.0010982532751091702, "13106_13104": 0.0005895196506550219, "13106_13105": 0.006967248908296943, "13106_13107": 0.009124454148471616, "13106_13108": 0.0007467248908296943, "13106_13109": 0.00018777292576419214, "13106_13110": 4.3668122270742355e-05, "13106_13111": 0.00012445414847161572, "13106_13112": 3.711790393013101e-05, "13106_13113": 0.0005698689956331877, "13106_13114": 0.0001353711790393013, "13106_13115": 8.733624454148471e-05, "13106_13116": 0.0005633187772925764, "13106_13117": 0.002207423580786026, "13106_13118": 0.012731441048034935, "13106_13119": 9.170305676855896e-05, "13106_13120": 8.078602620087336e-05, "13106_13121": 0.0028231441048034937, "13106_13122": 0.0010152838427947598, "13106_13123": 0.0003755458515283843, "13107_13101": 0.0023340611353711792, "13107_13102": 0.004028384279475983, "13107_13103": 0.0009716157205240175, "13107_13104": 0.0003537117903930131, "13107_13105": 0.0002903930131004367, "13107_13106": 0.008327510917030568, "13107_13108": 0.01540174672489083, "13107_13109": 0.00021615720524017468, "13107_13110": 3.930131004366812e-05, "13107_13111": 9.606986899563319e-05, "13107_13112": 8.078602620087336e-05, "13107_13113": 0.00017685589519650656, "13107_13114": 0.00010043668122270742, "13107_13115": 4.3668122270742355e-05, "13107_13116": 8.078602620087336e-05, "13107_13117": 6.11353711790393e-05, "13107_13118": 0.001133187772925764, "13107_13119": 5.240174672489083e-05, "13107_13120": 4.148471615720524e-05, "13107_13121": 0.0017489082969432315, "13107_13122": 0.006163755458515284, "13107_13123": 0.004670305676855896, "13108_13101": 0.00434061135371179, "13108_13102": 0.013705240174672489, "13108_13103": 0.003168122270742358, "13108_13104": 0.0005414847161572052, "13108_13105": 0.0003471615720524017, "13108_13106": 0.0008318777292576419, "13108_13107": 0.014633187772925764, "13108_13109": 0.001148471615720524, "13108_13110": 0.00012445414847161572, "13108_13111": 0.0008777292576419214, "13108_13112": 0.00020960698689956333, "13108_13113": 0.00041703056768558955, "13108_13114": 8.733624454148471e-05, "13108_13115": 8.733624454148471e-05, "13108_13116": 0.00016812227074235807, "13108_13117": 0.0001353711790393013, "13108_13118": 0.0001572052401746725, "13108_13119": 0.00010480349344978167, "13108_13120": 0.00014192139737991265, "13108_13121": 0.00044323144104803494, "13108_13122": 0.0008384279475982533, "13108_13123": 0.015534934497816594, "13109_13101": 0.0008449781659388647, "13109_13102": 0.0008034934497816594, "13109_13103": 0.016930131004366814, "13109_13104": 0.0005218340611353712, "13109_13105": 0.00016812227074235807, "13109_13106": 0.0001703056768558952, "13109_13107": 0.0001812227074235808, "13109_13108": 0.001091703056768559, "13109_13110": 0.008305676855895196, "13109_13111": 0.019262008733624453, "13109_13112": 0.0007794759825327511, "13109_13113": 0.0023427947598253277, "13109_13114": 7.641921397379913e-05, "13109_13115": 0.0001353711790393013, "13109_13116": 0.00021397379912663756, "13109_13117": 0.00014847161572052403, "13109_13118": 8.078602620087336e-05, "13109_13119": 0.00012882096069868996, "13109_13120": 6.331877729257642e-05, "13109_13121": 0.00012008733624454149, "13109_13122": 7.423580786026201e-05, "13109_13123": 0.00017685589519650656, "13110_13101": 0.0004519650655021834, "13110_13102": 0.0002882096069868996, "13110_13103": 0.0016899563318777293, "13110_13104": 0.00044541484716157205, "13110_13105": 4.148471615720524e-05, "13110_13106": 3.711790393013101e-05, "13110_13107": 2.6200873362445416e-05, "13110_13108": 0.00011135371179039301, "13110_13109": 0.007810043668122271, "13110_13111": 0.003187772925764192, "13110_13112": 0.015275109170305676, "13110_13113": 0.0102882096069869, "13110_13114": 9.170305676855896e-05,