{"13101_13102": 0.02593472812041402, "13101_13103": 0.023243204633706056, "13101_13104": 0.022106855755120062, "13101_13105": 0.015314736172257502, "13101_13106": 0.0148861703094765, "13101_13107": 0.0034252801911663485, "13101_13108": 0.0058505733691770236, "13101_13109": 0.002064908247944832, "13101_13110": 0.0007532369709484292, "13101_13111": 0.0015779015856936924, "13101_13112": 0.002412306333683978, "13101_13113": 0.004353839560525188, "13101_13114": 0.0014090726094466305, "13101_13115": 0.0018863391384527474, "13101_13116": 0.0025129543772158805, "13101_13117": 0.002357112245295516, "13101_13118": 0.0016103686965104349, "13101_13119": 0.00147725354216179, "13101_13120": 0.0011493357229126894, "13101_13121": 0.0028603524629550263, "13101_13122": 0.0014220594537733275, "13101_13123": 0.002334385267723796, "13102_13101": 0.029295074089946884, "13102_13103": 0.015876417189387152, "13102_13104": 0.002136335891741666, "13102_13105": 0.0011980363891378033, "13102_13106": 0.0049934416436150176, "13102_13107": 0.00652588927416527, "13102_13108": 0.019451046090310516, "13102_13109": 0.0016753029181439203, "13102_13110": 0.000529213906312905, "13102_13111": 0.0014090726094466305, "13102_13112": 0.0008311580369086116, "13102_13113": 0.0014415397202633732, "13102_13114": 0.0005032402176595109, "13102_13115": 0.0003766184854742146, "13102_13116": 0.0007012895936416411, "13102_13117": 0.0006071349722730874, "13102_13118": 0.00063960208308983, "13102_13119": 0.0004415527071076999, "13102_13120": 0.0003863586187192374, "13102_13121": 0.001486993675406813, "13102_13122": 0.0009447929247672108, "13102_13123": 0.0018603654497993533, "13103_13101": 0.02236983935273568, "13103_13102": 0.015181621017908858, "13103_13104": 0.008574563966701731, "13103_13105": 0.0013214114102414254, "13103_13106": 0.0020129608706380437, "13103_13107": 0.0014999805197335099, "13103_13108": 0.004886300177919767, "13103_13109": 0.02163932935935897, "13103_13110": 0.0033765795249412344, "13103_13111": 0.0056752509707666135, "13103_13112": 0.003295411747899378, "13103_13113": 0.019665329021701018, "13103_13114": 0.0006915494603966183, "13103_13115": 0.000873365280970377, "13103_13116": 0.001068167945870833, "13103_13117": 0.0011980363891378033, "13103_13118": 0.0008311580369086116, "13103_13119": 0.0007499902598667549, "13103_13120": 0.0004155790184543058, "13103_13121": 0.0012077765223828263, "13103_13122": 0.0007727172374384748, "13103_13123": 0.0010779080791158556, "13104_13101": 0.016304983052168154, "13104_13102": 0.0026233425539928055, "13104_13103": 0.0071232841131933355, "13104_13105": 0.010006363553720081, "13104_13106": 0.0014317995870183505, "13104_13107": 0.0008571317255620057, "13104_13108": 0.0019934806041479983, "13104_13109": 0.0014415397202633732, "13104_13110": 0.0009090791028687939, "13104_13111": 0.0006233685276814587, "13104_13112": 0.0033538525473695148, "13104_13113": 0.021587381982052182, "13104_13114": 0.019077674315917975, "13104_13115": 0.005022662043350086, "13104_13116": 0.014029038583914494, "13104_13117": 0.0016201088297554578, "13104_13118": 0.0005454474617212763, "13104_13119": 0.0020486746925364604, "13104_13120": 0.004201244139686497, "13104_13121": 0.0007986909260918689, "13104_13122": 0.0003766184854742146, "13104_13123": 0.0006655757717432241, "13105_13101": 0.011438163140738433, "13105_13102": 0.0014447864313450476, "13105_13103": 0.0013928390540382592, "13105_13104": 0.007509642731912573, "13105_13106": 0.008240152725289282, "13105_13107": 0.0006006415501097389, "13105_13108": 0.0008766119920520513, "13105_13109": 0.0002532434643705926, "13105_13110": 6.818093271515954e-05, "13105_13111": 0.00018506253165543305, "13105_13112": 0.00029220399735068375, "13105_13113": 0.0005259671952312307, "13105_13114": 0.00033765795249412345, "13105_13115": 0.00016882897624706172, "13105_13116": 0.014895910442721523, "13105_13117": 0.004483708003792159, "13105_13118": 0.0024155530447656525, "13105_13119": 0.0018960792716977701, "13105_13120": 0.0008408981701536343, "13105_13121": 0.001168815989402735, "13105_13122": 0.00040908559629095726, "13105_13123": 0.000344151374657472, "13106_13101": 0.010097271464006961, "13106_13102": 0.0043116323164634224, "13106_13103": 0.002042181270373112, "13106_13104": 0.0012986844326697057, "13106_13105": 0.006918741315047857, "13106_13107": 0.010292074128907416, "13106_13108": 0.0016915364735522916, "13106_13109": 0.0006525889274165271, "13106_13110": 5.1947377306788226e-05, "13106_13111": 0.000405838885209283, "13106_13112": 0.00013960857651199336, "13106_13113": 0.0006428487941715043, "13106_13114": 0.00015584213192036466, "13106_13115": 0.00012012831002194777, "13106_13116": 0.0010162205685640446, "13106_13117": 0.002236983935273568, "13106_13118": 0.0127920416617966, "13106_13119": 0.0003311645303307749, "13106_13120": 0.00019804937598213011, "13106_13121": 0.004009688185867716, "13106_13122": 0.00191880624926949, "13106_13123": 0.0007792106596018234, "13107_13101": 0.003236970948429241, "13107_13102": 0.00447721458162881, "13107_13103": 0.0014220594537733275, "13107_13104": 0.0008831054142153998, "13107_13105": 0.00063960208308983, "13107_13106": 0.0077498993519564685, "13107_13108": 0.014227087959896625, "13107_13109": 0.00043830599602602565, "13107_13110": 7.792106596018233e-05, "13107_13111": 0.0002857105751873352, "13107_13112": 0.000172075687328736, "13107_13113": 0.0004318125738626771, "13107_13114": 0.00010714146569525071, "13107_13115": 0.00011363488785859924, "13107_13116": 0.00019804937598213011, "13107_13117": 0.00027597044194231245, "13107_13118": 0.0013863456318749107, "13107_13119": 0.00011038817677692498, "13107_13120": 4.870066622511396e-05, "13107_13121": 0.002175296424721757, "13107_13122": 0.008636251477253542, "13107_13123": 0.0056395371488681964, "13108_13101": 0.0056395371488681964, "13108_13102": 0.015262788794950716, "13108_13103": 0.004935000844144881, "13108_13104": 0.0018668588719627018, "13108_13105": 0.0009415462136855365, "13108_13106": 0.0016590693627355488, "13108_13107": 0.013616706276541863, "13108_13109": 0.0023441254009688188, "13108_13110": 0.000295450708432358, "13108_13111": 0.0019155595381878158, "13108_13112": 0.000529213906312905, "13108_13113": 0.0010551811015441358, "13108_13114": 0.0003733717743925404, "13108_13115": 0.00025973688653394114, "13108_13116": 0.0006201218165997844, "13108_13117": 0.0003246711081674264, "13108_13118": 0.0004512928403527227, "13108_13119": 0.0002986974195140323, "13108_13120": 0.0002175296424721757, "13108_13121": 0.0008766119920520513, "13108_13122": 0.001464266697835093, "13108_13123": 0.021165309541434526, "13109_13101": 0.0020714016701081804, "13109_13102": 0.0018376384722276335, "13109_13103": 0.017778989883248268, "13109_13104": 0.001425306164855002, "13109_13105": 0.00024025662004389554, "13109_13106": 0.0005259671952312307, "13109_13107": 0.00039609875196426023, "13109_13108": 0.0021720497136400825, "13109_13110": 0.008107037570940638, "13109_13111": 0.024567862755029157, "13109_13112": 0.0017629641173491253, "13109_13113": 0.0032077505486941727, "13109_13114": 0.00030194413059570657, "13109_13115": 0.00034739808573914626, "13109_13116": 0.0006525889274165271, "13109_13117": 0.0003116842638407293, "13109_13118": 0.00021428293139050142, "13109_13119": 0.00029220399735068375, "13109_13120": 0.0002240230646355242, "13109_13121": 0.00031817768600407787, "13109_13122": 0.000172075687328736, "13109_13123": 0.000357138218984169, "13110_13101": 0.000873365280970377, "13110_13102": 0.0005486941728029506, "13110_13103": 0.0030324281502837626, "13110_13104": 0.000886352125297074, "13110_13105": 9.415462136855365e-05, "13110_13106": 9.415462136855365e-05, "13110_13107": 6.168751055181101e-05, "13110_13108": 0.0002727237308606382, "13110_13109": 0.006889520915312788, "13110_13111": 0.004048648718847807, "13110_13112": 0.01827248996766276, "13110_13113": 0.0098148075999013, "13110_13114": 0.0002792171530239867, "13110_13115": 0.0004512928403527227,