{"13101_13102": 0.03212005017095364, "13101_13103": 0.030546581029568535, "13101_13104": 0.023454716212870527, "13101_13105": 0.015034917101297446, "13101_13106": 0.01500013299804186, "13101_13107": 0.005029372106013762, "13101_13108": 0.009436722600868783, "13101_13109": 0.004227291607414334, "13101_13110": 0.0014179637385954178, "13101_13111": 0.003666653707883101, "13101_13112": 0.004988449631595424, "13101_13113": 0.007873484078088265, "13101_13114": 0.0026026693730063083, "13101_13115": 0.0034497645934659085, "13101_13116": 0.00475928377485273, "13101_13117": 0.004526025670668203, "13101_13118": 0.002944372034399432, "13101_13119": 0.002854342590679088, "13101_13120": 0.00216479889673009, "13101_13121": 0.0055347646650802385, "13101_13122": 0.0027295290437031566, "13101_13123": 0.004266167958111755, "13102_13101": 0.035729412414651066, "13102_13103": 0.021643896719859064, "13102_13104": 0.003863081585091124, "13102_13105": 0.0018333268539415504, "13102_13106": 0.005989004131123792, "13102_13107": 0.0070059276204194965, "13102_13108": 0.020729279416609205, "13102_13109": 0.0030241708595151913, "13102_13110": 0.0010885378195277956, "13102_13111": 0.002510593805565047, "13102_13112": 0.00166145246138453, "13102_13113": 0.003308582056722642, "13102_13114": 0.0011621982734808043, "13102_13115": 0.0007447890344137549, "13102_13116": 0.0015366389144085986, "13102_13117": 0.0012113052427828101, "13102_13118": 0.0013913641302234982, "13102_13119": 0.0006261138586005742, "13102_13120": 0.0005626840232521499, "13102_13121": 0.0029607410241667674, "13102_13122": 0.0019274485451037282, "13102_13123": 0.0034313494799776563, "13103_13101": 0.0288482983412075, "13103_13102": 0.02102392123242124, "13103_13104": 0.01035952439900231, "13103_13105": 0.0021913985051020095, "13103_13106": 0.004194553627879663, "13103_13107": 0.002880942199051008, "13103_13108": 0.007613626365531818, "13103_13109": 0.023569299141241874, "13103_13110": 0.004235476102298002, "13103_13111": 0.010064882583190275, "13103_13112": 0.004771560517178232, "13103_13113": 0.02249917643520233, "13103_13114": 0.0012665505832475667, "13103_13115": 0.0013422571609214922, "13103_13116": 0.002080907824172496, "13103_13117": 0.0026456379711455634, "13103_13118": 0.0017964966269650461, "13103_13119": 0.0012419970985965637, "13103_13120": 0.0009575859013891134, "13103_13121": 0.0020379392260332415, "13103_13122": 0.0013852257590607473, "13103_13123": 0.0017494357813839572, "13104_13101": 0.019376791637083127, "13104_13102": 0.004425765608343274, "13104_13103": 0.009416261363659615, "13104_13105": 0.008867900206453883, "13104_13106": 0.002199582999985677, "13104_13107": 0.0013402110372005753, "13104_13108": 0.0028400197246326695, "13104_13109": 0.0027315751674240733, "13104_13110": 0.001505947058594845, "13104_13111": 0.0010271541079002883, "13104_13112": 0.004857497713456742, "13104_13113": 0.025126399292859643, "13104_13114": 0.016757753274309485, "13104_13115": 0.007016158239024081, "13104_13116": 0.013005162370147873, "13104_13117": 0.002559700774867053, "13104_13118": 0.0009043866846452737, "13104_13119": 0.0027765898892842455, "13104_13120": 0.005694362315311757, "13104_13121": 0.0010987684381323802, "13104_13122": 0.00042354761022980015, "13104_13123": 0.0010701227060395434, "13105_13101": 0.013438940598982258, "13105_13102": 0.0023448577841707775, "13105_13103": 0.00244921009393754, "13105_13104": 0.007253508590650442, "13105_13106": 0.006840191599025227, "13105_13107": 0.0008552797153432679, "13105_13108": 0.001460932336734673, "13105_13109": 0.00042150148650888327, "13105_13110": 0.0001636898976733527, "13105_13111": 0.00019438175348710635, "13105_13112": 0.0003662561460441267, "13105_13113": 0.000943263035342695, "13105_13114": 0.000515623177671061, "13105_13115": 0.00033147204278853923, "13105_13116": 0.010946761906905463, "13105_13117": 0.0037587292753243615, "13105_13118": 0.0019397252874292297, "13105_13119": 0.0028829883227719246, "13105_13120": 0.0012645044595266497, "13105_13121": 0.001571423017664186, "13105_13122": 0.0005913297553449867, "13105_13123": 0.00044605497115988616, "13106_13101": 0.012315618676198875, "13106_13102": 0.005892836316240698, "13106_13103": 0.004165907895786827, "13106_13104": 0.002177075639055591, "13106_13105": 0.005833498728334108, "13106_13107": 0.008452537091107751, "13106_13108": 0.0024246566092865373, "13106_13109": 0.0011151374278997154, "13106_13110": 0.00010435230976676235, "13106_13111": 0.0008123111172040129, "13106_13112": 0.00023325810418452762, "13106_13113": 0.0012440432223174806, "13106_13114": 0.00028441119720745033, "13106_13115": 0.00019028950604527253, "13106_13116": 0.0017044210595237852, "13106_13117": 0.0030425859730034434, "13106_13118": 0.010189696130166207, "13106_13119": 0.0005892836316240698, "13106_13120": 0.0003171491767421209, "13106_13121": 0.005256491839035539, "13106_13122": 0.0025515162799833856, "13106_13123": 0.0011049068092951308, "13107_13101": 0.005006864745083676, "13107_13102": 0.005688223944149007, "13107_13103": 0.0029730177664922686, "13107_13104": 0.0012481354697593144, "13107_13105": 0.000808218869762179, "13107_13106": 0.007519504674369641, "13107_13108": 0.013299804185959909, "13107_13109": 0.0008204956120876805, "13107_13110": 9.0029443720344e-05, "13107_13111": 0.0004296859813925509, "13107_13112": 0.00024348872278911216, "13107_13113": 0.0008941560660406892, "13107_13114": 0.000180058887440688, "13107_13115": 0.00020052012464985707, "13107_13116": 0.00037648676464871125, "13107_13117": 0.00047060845581088905, "13107_13118": 0.0012399509748756469, "13107_13119": 0.00017187439255702037, "13107_13120": 9.0029443720344e-05, "13107_13121": 0.0027745437655633284, "13107_13122": 0.006647855969259037, "13107_13123": 0.005297414313453878, "13108_13101": 0.0099830376343536, "13108_13102": 0.018271884827787997, "13108_13103": 0.008088327068784542, "13108_13104": 0.0030241708595151913, "13108_13105": 0.0015120854297575956, "13108_13106": 0.0023898725060309497, "13108_13107": 0.013091099566426383, "13108_13109": 0.0031817223860257935, "13108_13110": 0.00038057901209054507, "13108_13111": 0.00289935731253926, "13108_13112": 0.0008450490967386834, "13108_13113": 0.0022752895776596027, "13108_13114": 0.0005483611572057316, "13108_13115": 0.0004153631153461325, "13108_13116": 0.0010987684381323802, "13108_13117": 0.000515623177671061, "13108_13118": 0.0006506673432515771, "13108_13119": 0.00047470070325272287, "13108_13120": 0.00032942591906762235, "13108_13121": 0.001458886213013756, "13108_13122": 0.0019888322567312355, "13108_13123": 0.017721477546861347, "13109_13101": 0.004075878452066483, "13109_13102": 0.0033003975618389743, "13109_13103": 0.022855201962641875, "13109_13104": 0.002670191455796566, "13109_13105": 0.0004542394660435538, "13109_13106": 0.0010967223144114633, "13109_13107": 0.0007775270139484254, "13109_13108": 0.0030691855813753635, "13109_13110": 0.007722070922740415, "13109_13111": 0.024402071495655056, "13109_13112": 0.0028952650650974263, "13109_13113": 0.0054570119636853966, "13109_13114": 0.0005544995283684823, "13109_13115": 0.0005463150334848147, "13109_13116": 0.001434332728362753, "13109_13117": 0.0008061727460412622, "13109_13118": 0.00038057901209054507, "13109_13119": 0.0004787929506945567, "13109_13120": 0.00020256624837077398, "13109_13121": 0.00033351816650945617, "13109_13122": 0.0003089646818584533, "13109_13123": 0.000540176662322064, "13110_13101": 0.0015039009348739281, "13110_13102": 0.0011949362530154748, "13110_13103": 0.004186369132995996, "13110_13104": 0.0015632385227805185, "13110_13105": 0.00014118253674326673, "13110_13106": 0.0001370902893014329, "13110_13107": 7.161433023209182e-05, "13110_13108": 0.00033965653767220686, "13110_13109": 0.007439705849253881, "13110_13111": 0.0037464525329988603, "13110_13112": 0.014412895490138706, "13110_13113": 0.010314509677142139, "13110_13114": 0.00035807165116045906, "13110_13115": 0.0006895436939489983,