{"13101_13102": 0.012898435428268363, "13101_13103": 0.01032086979581013, "13101_13104": 0.010038009369751614, "13101_13105": 0.007711482365420313, "13101_13106": 0.008779280473791213, "13101_13107": 0.0023300627596570317, "13101_13108": 0.0035357553257314594, "13101_13109": 0.0012127640767258905, "13101_13110": 0.0004702554583222841, "13101_13111": 0.0011526562361884557, "13101_13112": 0.0013683373110580748, "13101_13113": 0.0025139220365950677, "13101_13114": 0.0008344382568726244, "13101_13115": 0.0008980818527357907, "13101_13116": 0.0016158401838592769, "13101_13117": 0.001216299832051622, "13101_13118": 0.0009758684699018828, "13101_13119": 0.0009440466719702996, "13101_13120": 0.0005869353840714223, "13101_13121": 0.0014673384601785557, "13101_13122": 0.0008768673207814019, "13101_13123": 0.0014814814814814814, "13102_13101": 0.013983912313267921, "13102_13103": 0.008100415451250774, "13102_13104": 0.0012870149385662511, "13102_13105": 0.0007212940864492177, "13102_13106": 0.0026341377176699373, "13102_13107": 0.003387253602050738, "13102_13108": 0.010826482807389728, "13102_13109": 0.0009334394059931052, "13102_13110": 0.0003535755325731459, "13102_13111": 0.000830902501546893, "13102_13112": 0.00045611243701935826, "13102_13113": 0.001000618757182003, "13102_13114": 0.00020153805356669318, "13102_13115": 0.00023689560682400778, "13102_13116": 0.0004455051710421639, "13102_13117": 0.00025103862812693364, "13102_13118": 0.00038186157517899763, "13102_13119": 0.00025103862812693364, "13102_13120": 0.00017678776628657296, "13102_13121": 0.0008450455228498188, "13102_13122": 0.0005975426500486167, "13102_13123": 0.0011809422787943074, "13103_13101": 0.010087509944311854, "13103_13102": 0.008008485812781756, "13103_13104": 0.004684875806594184, "13103_13105": 0.0008804030761071334, "13103_13106": 0.0013895518430124636, "13103_13107": 0.0008415097675240873, "13103_13108": 0.0031821797931583136, "13103_13109": 0.010900733669230089, "13103_13110": 0.0022487403871652083, "13103_13111": 0.00346504021921683, "13103_13112": 0.0019057721205692566, "13103_13113": 0.011788208255988685, "13103_13114": 0.00038539733050472905, "13103_13115": 0.0004631839476708212, "13103_13116": 0.0005727923627684964, "13103_13117": 0.0005515778308141077, "13103_13118": 0.0005445063201626447, "13103_13119": 0.0003535755325731459, "13103_13120": 0.00019093078758949882, "13103_13121": 0.0005833996287456908, "13103_13122": 0.00038186157517899763, "13103_13123": 0.0005586493414655706, "13104_13101": 0.008461062494475383, "13104_13102": 0.0014178378856183151, "13104_13103": 0.004366657827278352, "13104_13105": 0.005618315212587289, "13104_13106": 0.0009935472465305401, "13104_13107": 0.000647043224608857, "13104_13108": 0.0011491204808627242, "13104_13109": 0.000869795810129939, "13104_13110": 0.0007743304163351896, "13104_13111": 0.0004525766816936268, "13104_13112": 0.0024184566428003184, "13104_13113": 0.014698134889065677, "13104_13114": 0.012799434279147884, "13104_13115": 0.003648899496154866, "13104_13116": 0.01020065411473526, "13104_13117": 0.0010218332891363917, "13104_13118": 0.0004066118624591178, "13104_13119": 0.0014284451515955096, "13104_13120": 0.002800318217979316, "13104_13121": 0.00042075488376204365, "13104_13122": 0.0002439671174754707, "13104_13123": 0.0004950057456024043, "13105_13101": 0.006502254044020154, "13105_13102": 0.0008521170335012817, "13105_13103": 0.0008238309908954301, "13105_13104": 0.004868735083532219, "13105_13106": 0.005643065499867409, "13105_13107": 0.0004667197029965526, "13105_13108": 0.0005657208521170335, "13105_13109": 0.00020153805356669318, "13105_13110": 0.00010253690444621232, "13105_13111": 0.00010607265977194378, "13105_13112": 0.0001661805003093786, "13105_13113": 0.00038186157517899763, "13105_13114": 0.0002333598514982763, "13105_13115": 0.00012375143640060108, "13105_13116": 0.008705029611950852, "13105_13117": 0.0028038539733050475, "13105_13118": 0.001608768673207814, "13105_13119": 0.0012056925660744277, "13105_13120": 0.0005126845222310616, "13105_13121": 0.0008485812781755502, "13105_13122": 0.00026871740475559094, "13105_13123": 0.0002757889154070538, "13106_13101": 0.006862901087244763, "13106_13102": 0.002407849376823124, "13106_13103": 0.0011455847255369927, "13106_13104": 0.000869795810129939, "13106_13105": 0.005095023424379033, "13106_13107": 0.007304870502961195, "13106_13108": 0.0012056925660744277, "13106_13109": 0.00036418279855034033, "13106_13110": 8.485812781755502e-05, "13106_13111": 0.0003500397772474145, "13106_13112": 0.00011667992574913815, "13106_13113": 0.0005621850967913021, "13106_13114": 0.00013435870237779547, "13106_13115": 7.778661716609211e-05, "13106_13116": 0.0009016176080615221, "13106_13117": 0.001576946875276231, "13106_13118": 0.008517634579687086, "13106_13119": 0.0002581101387783965, "13106_13120": 0.00016264474498364713, "13106_13121": 0.0030584283567577125, "13106_13122": 0.0013648015557323433, "13106_13123": 0.000608149916025811, "13107_13101": 0.0021285247060903387, "13107_13102": 0.0027508176434190754, "13107_13103": 0.0008344382568726244, "13107_13104": 0.0006046141607000796, "13107_13105": 0.0005197560328825245, "13107_13106": 0.006481039512065765, "13107_13108": 0.011112878988773977, "13107_13109": 0.00025103862812693364, "13107_13110": 5.303632988597189e-05, "13107_13111": 0.0002863961813842482, "13107_13112": 0.00012728719172633253, "13107_13113": 0.0003889330858304605, "13107_13114": 8.132237249182356e-05, "13107_13115": 7.778661716609211e-05, "13107_13116": 0.0001838592769380359, "13107_13117": 0.000261645894104128, "13107_13118": 0.0011526562361884557, "13107_13119": 9.900114912048087e-05, "13107_13120": 3.5357553257314596e-05, "13107_13121": 0.001955272695129497, "13107_13122": 0.005703173340404844, "13107_13123": 0.003977724741447892, "13108_13101": 0.0033271457615133035, "13108_13102": 0.009610182975338107, "13108_13103": 0.0032882524529302573, "13108_13104": 0.0011420489702112615, "13108_13105": 0.0006010784053743481, "13108_13106": 0.0013223724918235659, "13108_13107": 0.01085476884999558, "13108_13109": 0.0013294440024750288, "13108_13110": 0.00022275258552108195, "13108_13111": 0.0014885529921329444, "13108_13112": 0.00038186157517899763, "13108_13113": 0.0007814019269866525, "13108_13114": 0.00021214531954388756, "13108_13115": 0.00015557323433218421, "13108_13116": 0.000392468841156192, "13108_13117": 0.0002333598514982763, "13108_13118": 0.00026871740475559094, "13108_13119": 0.0001661805003093786, "13108_13120": 0.00018032352161230443, "13108_13121": 0.00065411473526032, "13108_13122": 0.0012021568107486963, "13108_13123": 0.01453902589940776, "13109_13101": 0.0011208344382568727, "13109_13102": 0.0009758684699018828, "13109_13103": 0.00976575620967029, "13109_13104": 0.0008521170335012817, "13109_13105": 0.0001485017236807213, "13109_13106": 0.0003712543092018032, "13109_13107": 0.00022982409617254486, "13109_13108": 0.001400159108989658, "13109_13110": 0.00593653319190312, "13109_13111": 0.015511358613983912, "13109_13112": 0.0013612658004066118, "13109_13113": 0.002354813046937152, "13109_13114": 0.00018032352161230443, "13109_13115": 0.00022275258552108195, "13109_13116": 0.00038186157517899763, "13109_13117": 0.00018032352161230443, "13109_13118": 0.00014496596835498983, "13109_13119": 0.0002333598514982763, "13109_13120": 8.485812781755502e-05, "13109_13121": 0.0001485017236807213, "13109_13122": 9.192963846901795e-05, "13109_13123": 0.00027225316008132235, "13110_13101": 0.0004278263944135066, "13110_13102": 0.00031821797931583137, "13110_13103": 0.0020825598868558295, "13110_13104": 0.000777866171660921, "13110_13105": 7.425086184036065e-05, "13110_13106": 8.839388314328648e-05, "13110_13107": 3.5357553257314596e-05, "13110_13108": 0.00021568107486961903, "13110_13109": 0.005498099531512419, "13110_13111": 0.003118536197295147, "13110_13112": 0.013803588791655618, "13110_13113": 0.007354371077521436, "13110_13114": 0.0002333598514982763,