{"13101_13102": 0.030332704387494327, "13101_13103": 0.027263607919940768, "13101_13104": 0.025296161838114117, "13101_13105": 0.017250232869187226, "13101_13106": 0.016256060569872697, "13101_13107": 0.004215529389285629, "13101_13108": 0.006818887482385536, "13101_13109": 0.002215242781055196, "13101_13110": 0.0009255057441066183, "13101_13111": 0.0018032434498077335, "13101_13112": 0.0029257923523370514, "13101_13113": 0.005239556712603597, "13101_13114": 0.0017077073729967278, "13101_13115": 0.0020629821586376556, "13101_13116": 0.0031944875683680048, "13101_13117": 0.002764575222718479, "13101_13118": 0.002268981824261387, "13101_13119": 0.0017913014402063578, "13101_13120": 0.0014599106737681817, "13101_13121": 0.0031228355107597505, "13101_13122": 0.001659939334591225, "13101_13123": 0.0029616183811411786, "13102_13101": 0.03418698798633834, "13102_13103": 0.019050490816594618, "13102_13104": 0.002474981489885118, "13102_13105": 0.0013852731137595834, "13102_13106": 0.005275382741407724, "13102_13107": 0.0073503069096467555, "13102_13108": 0.021191096037641213, "13102_13109": 0.001961475077025962, "13102_13110": 0.0005762019632663785, "13102_13111": 0.0015882872769829707, "13102_13112": 0.0010956793809262222, "13102_13113": 0.0018629534978146123, "13102_13114": 0.0004209558384484941, "13102_13115": 0.0003970718192457427, "13102_13116": 0.0008568391888987078, "13102_13117": 0.0005403759344622513, "13102_13118": 0.0007374190928849507, "13102_13119": 0.00042692684324918196, "13102_13120": 0.00043588335045021374, "13102_13121": 0.0016569538321908812, "13102_13122": 0.0012867515345482338, "13102_13123": 0.00211970670424419, "13103_13101": 0.025947001361389093, "13103_13102": 0.01854295540853615, "13103_13104": 0.010470156918006162, "13103_13105": 0.0015017077073729967, "13103_13106": 0.0023197353650672337, "13103_13107": 0.001576345267381595, "13103_13108": 0.005427643363825264, "13103_13109": 0.024003439298765195, "13103_13110": 0.003946834173254675, "13103_13111": 0.0066785688695693715, "13103_13112": 0.003496023310802742, "13103_13113": 0.02327796221548162, "13103_13114": 0.0009225202417062744, "13103_13115": 0.0010090998113162484, "13103_13116": 0.001271824022546514, "13103_13117": 0.0014300556497647424, "13103_13118": 0.0009882012945138408, "13103_13119": 0.0008299696672956125, "13103_13120": 0.0005284339248608756, "13103_13121": 0.0013733311041582077, "13103_13122": 0.0009613317729107454, "13103_13123": 0.0013285485681530488, "13104_13101": 0.0188385201461702, "13104_13102": 0.0031676180467649097, "13104_13103": 0.008708710501803243, "13104_13105": 0.010777663665241587, "13104_13106": 0.001662924836991569, "13104_13107": 0.0010389548353196877, "13104_13108": 0.0021107501970431585, "13104_13109": 0.0017495044066015428, "13104_13110": 0.0010747808641238148, "13104_13111": 0.0006956220592801356, "13104_13112": 0.003364661205187609, "13104_13113": 0.02446022116601782, "13104_13114": 0.020343213355943537, "13104_13115": 0.0054365998710262965, "13104_13116": 0.015682844109006663, "13104_13117": 0.0018689245026153002, "13104_13118": 0.0006687525376770403, "13104_13119": 0.0022839093362631065, "13104_13120": 0.004776803840550288, "13104_13121": 0.0008866942129021471, "13104_13122": 0.0003672167952423034, "13104_13123": 0.0009225202417062744, "13105_13101": 0.013282500179130144, "13105_13102": 0.0015375337361771238, "13105_13103": 0.0016569538321908812, "13105_13104": 0.007890682844109006, "13105_13106": 0.009022188253839356, "13105_13107": 0.0006448685184742888, "13105_13108": 0.0010061143089159044, "13105_13109": 0.0003015357424347369, "13105_13110": 0.00011643459361341327, "13105_13111": 0.00018510114882132366, "13105_13112": 0.0002895937328333612, "13105_13113": 0.0006329265088729131, "13105_13114": 0.00035228928324058375, "13105_13115": 0.000256753206429578, "13105_13116": 0.015366380854570207, "13105_13117": 0.0050395280517805535, "13105_13118": 0.0024660249826840863, "13105_13119": 0.0020779096706393754, "13105_13120": 0.0010001433041152165, "13105_13121": 0.0012986935441496096, "13105_13122": 0.00033736177123886406, "13105_13123": 0.00037318780004299125, "13106_13101": 0.011655401370942703, "13106_13102": 0.004427500059710048, "13106_13103": 0.0024361699586806468, "13106_13104": 0.0014628961761685257, "13106_13105": 0.007463756000859825, "13106_13107": 0.010950822804461535, "13106_13108": 0.001609185793785378, "13106_13109": 0.0007195060784828871, "13106_13110": 7.762306240894218e-05, "13106_13111": 0.0005045499056581242, "13106_13112": 0.00015823162721822828, "13106_13113": 0.0006478540208746328, "13106_13114": 0.00015226062241754042, "13106_13115": 0.0001224055984141011, "13106_13116": 0.0011404619169313812, "13106_13117": 0.0026720246483078174, "13106_13118": 0.013625832955169696, "13106_13119": 0.0003672167952423034, "13106_13120": 0.000256753206429578, "13106_13121": 0.0043588335045021374, "13106_13122": 0.002304807853065514, "13106_13123": 0.0007881726336907975, "13107_13101": 0.003928921158852612, "13107_13102": 0.005185817669397406, "13107_13103": 0.001662924836991569, "13107_13104": 0.0009882012945138408, "13107_13105": 0.0007195060784828871, "13107_13106": 0.008389261744966443, "13107_13108": 0.015103656643339942, "13107_13109": 0.00047469488165468487, "13107_13110": 6.866655520791039e-05, "13107_13111": 0.0003552747856409277, "13107_13112": 0.00019405765602235545, "13107_13113": 0.0005373904320619074, "13107_13114": 0.00014628961761685257, "13107_13115": 0.00013434760801547685, "13107_13116": 0.00024779669922854615, "13107_13117": 0.0003433327760395519, "13107_13118": 0.0013733311041582077, "13107_13119": 9.852157921134969e-05, "13107_13120": 7.165205760825432e-05, "13107_13121": 0.002510807518689245, "13107_13122": 0.008905753660225942, "13107_13123": 0.0060545988678974896, "13108_13101": 0.006800974467983472, "13108_13102": 0.016721798944326353, "13108_13103": 0.005821729680670663, "13108_13104": 0.002116721201843846, "13108_13105": 0.0011404619169313812, "13108_13106": 0.0018898230194177076, "13108_13107": 0.01438116506245671, "13108_13109": 0.0024839379970861496, "13108_13110": 0.00031646325443645656, "13108_13111": 0.002128663211445222, "13108_13112": 0.0006836800496787599, "13108_13113": 0.0013524325873558003, "13108_13114": 0.0002895937328333612, "13108_13115": 0.0002895937328333612, "13108_13116": 0.0007045785664811675, "13108_13117": 0.00038512980964436696, "13108_13118": 0.00042394134084883803, "13108_13119": 0.00038214430724402304, "13108_13120": 0.00024779669922854615, "13108_13121": 0.0010359693329193437, "13108_13122": 0.0016659103393919128, "13108_13123": 0.022262891399364684, "13109_13101": 0.002340633881869641, "13109_13102": 0.0019793880914280256, "13109_13103": 0.020167068714323246, "13109_13104": 0.0016300843105877857, "13109_13105": 0.0003761733024433352, "13109_13106": 0.0006866655520791038, "13109_13107": 0.0004000573216460866, "13109_13108": 0.002421242446678927, "13109_13110": 0.008693782989801524, "13109_13111": 0.025818624758174306, "13109_13112": 0.0021406052210465975, "13109_13113": 0.0038095010628388546, "13109_13114": 0.00031646325443645656, "13109_13115": 0.000340347273639208, "13109_13116": 0.0007224915808832311, "13109_13117": 0.00044483985765124553, "13109_13118": 0.00019107215362201152, "13109_13119": 0.00031347775203611263, "13109_13120": 0.00019405765602235545, "13109_13121": 0.0002776517232319855, "13109_13122": 0.0002000286608230433, "13109_13123": 0.0004299123456495259, "13110_13101": 0.0010031288065155603, "13110_13102": 0.0005493324416632831, "13110_13103": 0.0035975303924144354, "13110_13104": 0.0010538823473214072, "13110_13105": 9.255057441066183e-05, "13110_13106": 0.00013434760801547685, "13110_13107": 5.672454560653467e-05, "13110_13108": 0.0002776517232319855, "13110_13109": 0.007436886479256729, "13110_13111": 0.004311065466096635, "13110_13112": 0.01876686808856194, "13110_13113": 0.010971721321263943, "13110_13114": 0.0002507822016288901, "13110_13115": 0.0005254484224605317,