{"13101_13102": 0.037133680883921896, "13101_13103": 0.036544228230191364, "13101_13104": 0.025989169496100615, "13101_13105": 0.0162861544733213, "13101_13106": 0.016800318781871302, "13101_13107": 0.005464832079445731, "13101_13108": 0.010725834736573426, "13101_13109": 0.0050920629557469795, "13101_13110": 0.0015204573124264333, "13101_13111": 0.004052716532035191, "13101_13112": 0.005301401281370909, "13101_13113": 0.008847298709263955, "13101_13114": 0.002906864644409473, "13101_13115": 0.0037533994524150114, "13101_13116": 0.005753131352454125, "13101_13117": 0.0048368171025739435, "13101_13118": 0.003145583787664831, "13101_13119": 0.002950935870856616, "13101_13120": 0.0019189346515526844, "13101_13121": 0.005501558101485017, "13101_13122": 0.002616729070299115, "13101_13123": 0.0045723897438910855, "13102_13101": 0.040830155002176016, "13102_13103": 0.025699033921990258, "13102_13104": 0.004234510341129656, "13102_13105": 0.0019923866956312562, "13102_13106": 0.0065904846549498415, "13102_13107": 0.0074204927530377015, "13102_13108": 0.021677534508688458, "13102_13109": 0.003386139232022153, "13102_13110": 0.0011935957162767894, "13102_13111": 0.0027819961694759013, "13102_13112": 0.0017095963259287552, "13102_13113": 0.0038819405295525116, "13102_13114": 0.0008391896035976811, "13102_13115": 0.0006959581176444664, "13102_13116": 0.0015553470333637548, "13102_13117": 0.0011403429843198248, "13102_13118": 0.001311118986802504, "13102_13119": 0.000668413601115002, "13102_13120": 0.0006261786757698234, "13102_13121": 0.003013370108323402, "13102_13122": 0.0018950627372271486, "13102_13123": 0.00335492211328876, "13103_13101": 0.03463263878304653, "13103_13102": 0.025104072364953826, "13103_13104": 0.011836796903261821, "13103_13105": 0.0026883448132757224, "13103_13106": 0.004467720581079121, "13103_13107": 0.0029858255917939377, "13103_13108": 0.008654487093557706, "13103_13109": 0.025732087341825614, "13103_13110": 0.004752347251883586, "13103_13111": 0.011423629155319855, "13103_13112": 0.00540056154087698, "13103_13113": 0.025886336634390616, "13103_13114": 0.0014396600639400043, "13103_13115": 0.0013533539121476828, "13103_13116": 0.00238351883034965, "13103_13117": 0.002741597545232687, "13103_13118": 0.0018050839832308983, "13103_13119": 0.001090762854566789, "13103_13120": 0.0009181505509821456, "13103_13121": 0.0022329421399885784, "13103_13122": 0.0015131121080185761, "13103_13123": 0.0020640024386078632, "13104_13101": 0.022669137103749175, "13104_13102": 0.004546681528463585, "13104_13103": 0.011375885326668785, "13104_13105": 0.009049291830480028, "13104_13106": 0.002390864034757507, "13104_13107": 0.0013001011801907182, "13104_13108": 0.0030996762601157237, "13104_13109": 0.003140074884358938, "13104_13110": 0.0016545072928698264, "13104_13111": 0.0012174676306023252, "13104_13112": 0.005264675259331623, "13104_13113": 0.028831763601941337, "13104_13114": 0.017505458405025588, "13104_13115": 0.007284606471492343, "13104_13116": 0.014644501288165223, "13104_13117": 0.0027966865782916156, "13104_13118": 0.0009218231531860742, "13104_13119": 0.0030023523017116164, "13104_13120": 0.0057880210733914465, "13104_13121": 0.0010301649182019674, "13104_13122": 0.00042785815675767984, "13104_13123": 0.0011146347688923248, "13105_13101": 0.015557142935841475, "13105_13102": 0.0025120599074871506, "13105_13103": 0.0029913344950998305, "13105_13104": 0.008048507729909489, "13105_13106": 0.007326841396837523, "13105_13107": 0.0007620649573151809, "13105_13108": 0.0015241299146303618, "13105_13109": 0.0005453814272833945, "13105_13110": 0.00015792189476892906, "13105_13111": 0.000277281466396608, "13105_13112": 0.00039113213471839403, "13105_13113": 0.0010723998435471461, "13105_13114": 0.00045356637218517995, "13105_13115": 0.00030666228402803663, "13105_13116": 0.012047971529987715, "13105_13117": 0.0037570720546189398, "13105_13118": 0.0018491552096780413, "13105_13119": 0.002787505072781794, "13105_13120": 0.0014745497848773258, "13105_13121": 0.0016545072928698264, "13105_13122": 0.0005343636206716088, "13105_13123": 0.00043153075896160847, "13106_13101": 0.014080756849862186, "13106_13102": 0.006588648353847877, "13106_13103": 0.004469556882181085, "13106_13104": 0.0022421236454983995, "13106_13105": 0.006450925771200555, "13106_13107": 0.00908050894921342, "13106_13108": 0.002754451652946437, "13106_13109": 0.0012560299537435753, "13106_13110": 0.0001726123035846434, "13106_13111": 0.0010632183380373246, "13106_13112": 0.00026809996088678653, "13106_13113": 0.0014231333540223258, "13106_13114": 0.00029380817631428663, "13106_13115": 0.00023688284215339357, "13106_13116": 0.0020897106540353635, "13106_13117": 0.0034761179860184036, "13106_13118": 0.01050915120654164, "13106_13119": 0.0006463779878914305, "13106_13120": 0.00038929583361642974, "13106_13121": 0.005611736167602874, "13106_13122": 0.0025983660592794723, "13106_13123": 0.0011421792854217892, "13107_13101": 0.0054960491981791235, "13107_13102": 0.0060524484320743045, "13107_13103": 0.00327779746700626, "13107_13104": 0.0014102792463085757, "13107_13105": 0.000914477948778217, "13107_13106": 0.008278045367655026, "13107_13108": 0.014576558147392544, "13107_13109": 0.001028328617100003, "13107_13110": 0.0001046691628119646, "13107_13111": 0.0006298512779737519, "13107_13112": 0.00030298968182410806, "13107_13113": 0.0010448553270176817, "13107_13114": 0.00018363011019642913, "13107_13115": 0.00017995750799250053, "13107_13116": 0.00036726022039285826, "13107_13117": 0.00045540267328714423, "13107_13118": 0.0012762292658651826, "13107_13119": 0.00015424929256500046, "13107_13120": 8.63061517923217e-05, "13107_13121": 0.0029950070973037593, "13107_13122": 0.0067208620331893065, "13107_13123": 0.005215095129578587, "13108_13101": 0.011581551050088785, "13108_13102": 0.02018094911058756, "13108_13103": 0.009451441771810207, "13108_13104": 0.0033989933397359034, "13108_13105": 0.0015828915498932192, "13108_13106": 0.0027764872661700086, "13108_13107": 0.014387419133890222, "13108_13109": 0.003560587836708761, "13108_13110": 0.00045173007108321566, "13108_13111": 0.0029968433984057232, "13108_13112": 0.0009438587664096457, "13108_13113": 0.0026773270066639365, "13108_13114": 0.000611488266954109, "13108_13115": 0.00045173007108321566, "13108_13116": 0.0011329977799119676, "13108_13117": 0.0006023067614442875, "13108_13118": 0.0006720862033189306, "13108_13119": 0.0005196732118558944, "13108_13120": 0.00032135269284375097, "13108_13121": 0.0015278025168342904, "13108_13122": 0.0018087565854348268, "13108_13123": 0.018214270630383805, "13109_13101": 0.005003920502852694, "13109_13102": 0.0036909652149482255, "13109_13103": 0.02535013671261704, "13109_13104": 0.0033677762210025104, "13109_13105": 0.0005325273195696445, "13109_13106": 0.0013753895253712542, "13109_13107": 0.0007951183771505382, "13109_13108": 0.0034063385441437605, "13109_13110": 0.008450657671239668, "13109_13111": 0.02583308390243365, "13109_13112": 0.0030335694204450094, "13109_13113": 0.0064876517932398415, "13109_13114": 0.0006518868911973234, "13109_13115": 0.000712484827562145, "13109_13116": 0.0014598593760616115, "13109_13117": 0.0007528834518053594, "13109_13118": 0.0003617513170869654, "13109_13119": 0.0005233458140598231, "13109_13120": 0.0002882992730083937, "13109_13121": 0.00032135269284375097, "13109_13122": 0.00030298968182410806, "13109_13123": 0.0005931252559344661, "13110_13101": 0.0016251264752383979, "13110_13102": 0.0011899231140728608, "13110_13103": 0.004511791807526264, "13110_13104": 0.0017261230358464339, "13110_13105": 0.00019464791680821487, "13110_13106": 0.0001248684749335718, "13110_13107": 7.345204407857166e-05, "13110_13108": 0.0004186766512478584, "13110_13109": 0.008088906354152704, "13110_13111": 0.004039862424321441, "13110_13112": 0.015560815538045404, "13110_13113": 0.011478718188378785, "13110_13114": 0.00039113213471839403, "13110_13115": 0.0007804279683348238,