{"13101_13102": 0.026299855838539162, "13101_13103": 0.02296972609322441, "13101_13104": 0.016975012013455068, "13101_13105": 0.01508169149447381, "13101_13106": 0.014291206150888996, "13101_13107": 0.0033805862566074004, "13101_13108": 0.00503844305622297, "13101_13109": 0.0011148486304661221, "13101_13110": 0.000434887073522345, "13101_13111": 0.0005934646804420952, "13101_13112": 0.001146083613647285, "13101_13113": 0.003762614127823162, "13101_13114": 0.00071119654012494, "13101_13115": 0.0008505526189332052, "13101_13116": 0.001280634310427679, "13101_13117": 0.0015641518500720808, "13101_13118": 0.0018524747717443538, "13101_13119": 0.0006246996636232581, "13101_13120": 0.00032196059586737144, "13101_13121": 0.0019389716482460355, "13101_13122": 0.0005382027871215761, "13101_13123": 0.0011989428159538684, "13102_13101": 0.029690052859202308, "13102_13103": 0.01487506006727535, "13102_13104": 0.0009634790965881788, "13102_13105": 0.0006607400288322922, "13102_13106": 0.004274387313791446, "13102_13107": 0.0055982700624699665, "13102_13108": 0.01589620374819798, "13102_13109": 0.0008313310908217203, "13102_13110": 0.000177799135031235, "13102_13111": 0.0006030754444978375, "13102_13112": 0.00037241710716001924, "13102_13113": 0.0012758289283998079, "13102_13114": 0.0001489668428640077, "13102_13115": 0.0002474771744353676, "13102_13116": 0.00023065833733781836, "13102_13117": 0.00018500720807304181, "13102_13118": 0.0006943777030273907, "13102_13119": 0.0001489668428640077, "13102_13120": 0.0001874098990869774, "13102_13121": 0.0007520422873618452, "13102_13122": 0.00043969245555021625, "13102_13123": 0.0011484863046612205, "13103_13101": 0.020816914944738106, "13103_13102": 0.013918789043728976, "13103_13104": 0.005451705910619894, "13103_13105": 0.0009971167707832772, "13103_13106": 0.0010211436809226333, "13103_13107": 0.0013094666025949063, "13103_13108": 0.0028712157616530513, "13103_13109": 0.018190773666506486, "13103_13110": 0.001862085535800096, "13103_13111": 0.0038346948582412303, "13103_13112": 0.0016410379625180203, "13103_13113": 0.018810667948101874, "13103_13114": 0.0002474771744353676, "13103_13115": 0.0003315713599231139, "13103_13116": 0.00044209514656415186, "13103_13117": 0.0005766458433445459, "13103_13118": 0.00032196059586737144, "13103_13119": 0.00035559827006247, "13103_13120": 0.0002859202306583373, "13103_13121": 0.0005502162421912542, "13103_13122": 0.00031234983181162903, "13103_13123": 0.0005526189332051898, "13104_13101": 0.01405333974050937, "13104_13102": 0.0011004324843825084, "13104_13103": 0.004103796251802018, "13104_13105": 0.008217203267659779, "13104_13106": 0.0005934646804420952, "13104_13107": 0.00035559827006247, "13104_13108": 0.0005550216242191254, "13104_13109": 0.0005622296972609323, "13104_13110": 0.0006319077366650649, "13104_13111": 0.0002859202306583373, "13104_13112": 0.0016650648726573762, "13104_13113": 0.022962518020182603, "13104_13114": 0.01403171552138395, "13104_13115": 0.0028808265257087937, "13104_13116": 0.011210956271023547, "13104_13117": 0.0010307544449783758, "13104_13118": 0.00020903411821239788, "13104_13119": 0.0012518020182604517, "13104_13120": 0.0016338298894762134, "13104_13121": 0.0002979336857280154, "13104_13122": 0.00011532916866890918, "13104_13123": 0.0003291686689091783, "13105_13101": 0.011331090821720327, "13105_13102": 0.0006271023546371937, "13105_13103": 0.000992311388755406, "13105_13104": 0.006016338298894762, "13105_13106": 0.00699663623258049, "13105_13107": 0.00028832292167227293, "13105_13108": 0.0003291686689091783, "13105_13109": 0.0001826045170591062, "13105_13110": 9.37049495434887e-05, "13105_13111": 0.00019702066314271984, "13105_13112": 0.0001826045170591062, "13105_13113": 0.0003772224891878904, "13105_13114": 0.00023306102835175395, "13105_13115": 0.00019221528111484863, "13105_13116": 0.009894281595386833, "13105_13117": 0.0036977414704469007, "13105_13118": 0.0017803940413262855, "13105_13119": 0.0009178279673234022, "13105_13120": 0.00035800096107640555, "13105_13121": 0.0008577606919750121, "13105_13122": 0.0002138395002402691, "13105_13123": 0.00011052378664103797, "13106_13101": 0.009762133589620374, "13106_13102": 0.003205189812590101, "13106_13103": 0.0009971167707832772, "13106_13104": 0.0005910619894281596, "13106_13105": 0.005562229697260932, "13106_13107": 0.008363767419509852, "13106_13108": 0.000913022585295531, "13106_13109": 0.00015617491590581452, "13106_13110": 2.402691013935608e-05, "13106_13111": 0.00011052378664103797, "13106_13112": 6.24699663623258e-05, "13106_13113": 0.000802498798654493, "13106_13114": 0.00010331571359923113, "13106_13115": 9.13022585295531e-05, "13106_13116": 0.0006030754444978375, "13106_13117": 0.0025684766938971646, "13106_13118": 0.012083133109082171, "13106_13119": 6.967803940413263e-05, "13106_13120": 0.00014416146083613647, "13106_13121": 0.0030802498798654493, "13106_13122": 0.0009682844786160499, "13106_13123": 0.00035800096107640555, "13107_13101": 0.0025204228736184528, "13107_13102": 0.003137914464199904, "13107_13103": 0.001170110523786641, "13107_13104": 0.0003748197981739548, "13107_13105": 0.0002739067755886593, "13107_13106": 0.0061989428159538685, "13107_13108": 0.012306583373378184, "13107_13109": 0.00020663142719846227, "13107_13110": 3.12349831811629e-05, "13107_13111": 7.208073041806823e-05, "13107_13112": 7.928880345987507e-05, "13107_13113": 0.00020663142719846227, "13107_13114": 5.766458433445459e-05, "13107_13115": 4.084574723690533e-05, "13107_13116": 9.37049495434887e-05, "13107_13117": 7.688611244593945e-05, "13107_13118": 0.0008601633829889476, "13107_13119": 2.6429601153291687e-05, "13107_13120": 3.604036520903412e-05, "13107_13121": 0.0015521383950024027, "13107_13122": 0.005045651129264777, "13107_13123": 0.0036376741950985103, "13108_13101": 0.0050096107640557426, "13108_13102": 0.012895242671792408, "13108_13103": 0.003012974531475252, "13108_13104": 0.0006367131186929361, "13108_13105": 0.0003339740509370495, "13108_13106": 0.0010571840461316676, "13108_13107": 0.011239788563190774, "13108_13109": 0.0012277751081210956, "13108_13110": 0.0001537722248918789, "13108_13111": 0.0010403652090341183, "13108_13112": 0.00022825564632388275, "13108_13113": 0.00047573282075925036, "13108_13114": 0.00011773185968284478, "13108_13115": 0.00013455069678039403, "13108_13116": 0.00016338298894762133, "13108_13117": 0.00013455069678039403, "13108_13118": 0.000245074483421432, "13108_13119": 0.00010091302258529553, "13108_13120": 0.00010812109562710235, "13108_13121": 0.0005766458433445459, "13108_13122": 0.0007568476693897165, "13108_13123": 0.013767419509851032, "13109_13101": 0.0011052378664103797, "13109_13102": 0.000888995675156175, "13109_13103": 0.01593464680442095, "13109_13104": 0.0007063911580970688, "13109_13105": 0.00015617491590581452, "13109_13106": 0.00014656415185007208, "13109_13107": 0.00019942335415665545, "13109_13108": 0.0011244593945218646, "13109_13110": 0.006751561749159058, "13109_13111": 0.01628543969245555, "13109_13112": 0.0008145122537241711, "13109_13113": 0.002628543969245555, "13109_13114": 0.00011773185968284478, "13109_13115": 9.37049495434887e-05, "13109_13116": 0.0002522825564632388, "13109_13117": 9.851033157135992e-05, "13109_13118": 5.0456511292647766e-05, "13109_13119": 0.0001201345506967804, "13109_13120": 6.967803940413263e-05, "13109_13121": 0.00013455069678039403, "13109_13122": 7.208073041806823e-05, "13109_13123": 0.00018981259010091302, "13110_13101": 0.0004469005285920231, "13110_13102": 0.0001874098990869774, "13110_13103": 0.0016314271984622778, "13110_13104": 0.0005910619894281596, "13110_13105": 8.649687650168188e-05, "13110_13106": 3.12349831811629e-05, "13110_13107": 1.6818837097549254e-05, "13110_13108": 0.00012974531475252283, "13110_13109": 0.005708793849111004, "13110_13111": 0.0023858721768380588, "13110_13112": 0.012424315233061029, "13110_13113": 0.008553580009610763, "13110_13114": 8.88995675156175e-05,