{"13101_13102": 0.011295292308163984, "13101_13103": 0.00876336860823399, "13101_13104": 0.00787425715760267, "13101_13105": 0.0060704850767241865, "13101_13106": 0.007319839959938886, "13101_13107": 0.0023428597707727604, "13101_13108": 0.0038834753016080653, "13101_13109": 0.001492072089565204, "13101_13110": 0.0005186483462016034, "13101_13111": 0.0013336671759469803, "13101_13112": 0.0016402573313370908, "13101_13113": 0.00272098762908723, "13101_13114": 0.0008712270249002304, "13101_13115": 0.0010628458720190494, "13101_13116": 0.0017577835575699665, "13101_13117": 0.0014690778279109458, "13101_13118": 0.001228915539522026, "13101_13119": 0.0012033663599061834, "13101_13120": 0.0007434811268210178, "13101_13121": 0.0021410212518076046, "13101_13122": 0.0010960598055196448, "13101_13123": 0.0019877261741125495, "13102_13101": 0.012519098011762842, "13102_13103": 0.007567667002212559, "13102_13104": 0.0013771007812939126, "13102_13105": 0.0008022442399374556, "13102_13106": 0.0027235425470488145, "13102_13107": 0.0030480171281700146, "13102_13108": 0.010748539864384954, "13102_13109": 0.0012033663599061834, "13102_13110": 0.0004113417918150648, "13102_13111": 0.0010730655438653865, "13102_13112": 0.0007230417831283438, "13102_13113": 0.0012774589807921267, "13102_13114": 0.0003219196631596159, "13102_13115": 0.0002810409757742679, "13102_13116": 0.0005390876898942775, "13102_13117": 0.000383237694237638, "13102_13118": 0.0004956540845473451, "13102_13119": 0.00029381556558218916, "13102_13120": 0.00022227786265783004, "13102_13121": 0.001057736036095881, "13102_13122": 0.000746036044782602, "13102_13123": 0.0015457253667584734, "13103_13101": 0.00872759975677181, "13103_13102": 0.0076008809357131545, "13103_13104": 0.004184955621075007, "13103_13105": 0.0010245221025952857, "13103_13106": 0.0017501188036852136, "13103_13107": 0.001098614723481229, "13103_13108": 0.003809382680722122, "13103_13109": 0.010166018569143745, "13103_13110": 0.002284096657656323, "13103_13111": 0.004483881022580365, "13103_13112": 0.0023505245246575133, "13103_13113": 0.010436839873071676, "13103_13114": 0.00048543441270100816, "13103_13115": 0.0005467524437790303, "13103_13116": 0.0006642786700119059, "13103_13117": 0.0008840016147081517, "13103_13118": 0.0006131803107802208, "13103_13119": 0.00047521474085467113, "13103_13120": 0.00037046310442971674, "13103_13121": 0.0008686721069386462, "13103_13122": 0.0005212032641631877, "13103_13123": 0.0007792499782831974, "13104_13101": 0.0068471801370458, "13104_13102": 0.0014358638944103506, "13104_13103": 0.003778723665183111, "13104_13105": 0.004839014619240576, "13104_13106": 0.001180372098251925, "13104_13107": 0.0007434811268210178, "13104_13108": 0.0013771007812939126, "13104_13109": 0.0010321868564800384, "13104_13110": 0.0008584524350923092, "13104_13111": 0.0005723016233948728, "13104_13112": 0.002861508116974364, "13104_13113": 0.012766925054036515, "13104_13114": 0.01061312921242099, "13104_13115": 0.003929463824916582, "13104_13116": 0.00881191204950409, "13104_13117": 0.0013362220939085645, "13104_13118": 0.0004496655612388286, "13104_13119": 0.0015380606128737207, "13104_13120": 0.0029994736868999136, "13104_13121": 0.0006310647365113106, "13104_13122": 0.00023249753450416708, "13104_13123": 0.0006131803107802208, "13105_13101": 0.0054445301761360445, "13105_13102": 0.000896776204516073, "13105_13103": 0.0010909499695964762, "13105_13104": 0.0041440769336896595, "13105_13106": 0.004685719541545521, "13105_13107": 0.0006080704748570524, "13105_13108": 0.0008610073530538934, "13105_13109": 0.0002043934369267403, "13105_13110": 0.00011497130827129141, "13105_13111": 0.00014563032381030244, "13105_13112": 0.00024271720635050408, "13105_13113": 0.0005467524437790303, "13105_13114": 0.00037557294035288526, "13105_13115": 0.00024782704227367257, "13105_13116": 0.006964706363278675, "13105_13117": 0.0025651376334305904, "13105_13118": 0.0014997368434499568, "13105_13119": 0.0014997368434499568, "13105_13120": 0.0006923827675893327, "13105_13121": 0.00112927373902024, "13105_13122": 0.00035002376073704273, "13105_13123": 0.00035513359666021125, "13106_13101": 0.006274878513650927, "13106_13102": 0.002772085988318915, "13106_13103": 0.0016683614289145176, "13106_13104": 0.0011113893132891502, "13106_13105": 0.004463441678887691, "13106_13107": 0.006727098992851339, "13106_13108": 0.0014486384842182717, "13106_13109": 0.0005084286743552664, "13106_13110": 9.708688254020163e-05, "13106_13111": 0.0004522204792004129, "13106_13112": 0.00016095983157980796, "13106_13113": 0.0009018860404392415, "13106_13114": 0.00018395409323406625, "13106_13115": 9.197704661703313e-05, "13106_13116": 0.0010194122666721173, "13106_13117": 0.0017347892959157082, "13106_13118": 0.007312175206054134, "13106_13119": 0.0002963704835437734, "13106_13120": 0.00018906392915723477, "13106_13121": 0.0035130121971783486, "13106_13122": 0.001561054874527979, "13106_13123": 0.0007000475214740855, "13107_13101": 0.0022023392828856266, "13107_13102": 0.0026647794339323765, "13107_13103": 0.001078175379788555, "13107_13104": 0.0006566139161271532, "13107_13105": 0.000605515556895468, "13107_13106": 0.006136912943725377, "13107_13108": 0.011210980015431705, "13107_13109": 0.0003679081864681325, "13107_13110": 5.8763113116437833e-05, "13107_13111": 0.00030914507335169465, "13107_13112": 0.00020694835488832452, "13107_13113": 0.0004982090025089295, "13107_13114": 0.0001481852417718867, "13107_13115": 0.00010730655438653865, "13107_13116": 0.00023249753450416708, "13107_13117": 0.0002963704835437734, "13107_13118": 0.00112927373902024, "13107_13119": 0.00012519098011762843, "13107_13120": 4.8543441270100815e-05, "13107_13121": 0.002368408950388603, "13107_13122": 0.004754702326508296, "13107_13123": 0.004098088410381143, "13108_13101": 0.003942238414724503, "13108_13102": 0.009892642347254229, "13108_13103": 0.0037863884190678637, "13108_13104": 0.0014792974997572827, "13108_13105": 0.0007869147321679501, "13108_13106": 0.0015559450386048103, "13108_13107": 0.010889060352272089, "13108_13109": 0.001522731105104215, "13108_13110": 0.00018906392915723477, "13108_13111": 0.0018727548658412578, "13108_13112": 0.000554417197663783, "13108_13113": 0.0010321868564800384, "13108_13114": 0.0002861508116974364, "13108_13115": 0.00020950327284990878, "13108_13116": 0.0006259549005881421, "13108_13117": 0.00031680982723644746, "13108_13118": 0.00037046310442971674, "13108_13119": 0.00027082130392793087, "13108_13120": 0.00013030081604079692, "13108_13121": 0.000896776204516073, "13108_13122": 0.001502291761411541, "13108_13123": 0.013528290606588623, "13109_13101": 0.0015482802847200576, "13109_13102": 0.0011548229186360826, "13109_13103": 0.009678029238481153, "13109_13104": 0.0011369384929049927, "13109_13105": 0.0002529368781968411, "13109_13106": 0.0005799663772796255, "13109_13107": 0.0003909024481223908, "13109_13108": 0.0014997368434499568, "13109_13110": 0.005896750655336457, "13109_13111": 0.015206871707349476, "13109_13112": 0.0016785811007608545, "13109_13113": 0.0026647794339323765, "13109_13114": 0.00024782704227367257, "13109_13115": 0.00028870572965902064, "13109_13116": 0.00047521474085467113, "13109_13117": 0.00028870572965902064, "13109_13118": 0.00015074015973347095, "13109_13119": 0.00025549179615842537, "13109_13120": 0.00012519098011762843, "13109_13121": 0.00021205819081149304, "13109_13122": 0.0001430754058487182, "13109_13123": 0.0003883475301608065, "13110_13101": 0.0005186483462016034, "13110_13102": 0.0004905442486241767, "13110_13103": 0.0022406630523093903, "13110_13104": 0.0008584524350923092, "13110_13105": 8.942212865544887e-05, "13110_13106": 8.431229273228037e-05, "13110_13107": 7.920245680911186e-05, "13110_13108": 0.00022994261654258282, "13110_13109": 0.005807328526681008, "13110_13111": 0.003175763026249227, "13110_13112": 0.01200044966556124, "13110_13113": 0.006716879321005002, "13110_13114": 0.00033469425296753724,