{"13101_13102": 0.024557245810770855, "13101_13103": 0.0198880812734727, "13101_13104": 0.015682302630707922, "13101_13105": 0.013868477843534443, "13101_13106": 0.013080721822827714, "13101_13107": 0.0031686768788091423, "13101_13108": 0.003993945090978097, "13101_13109": 0.0009333915875600747, "13101_13110": 0.00030009753169780176, "13101_13111": 0.0006024016628933815, "13101_13112": 0.0008429210081511786, "13101_13113": 0.0030605535034180227, "13101_13114": 0.0006465336528489406, "13101_13115": 0.0006708062473244981, "13101_13116": 0.001101093149391199, "13101_13117": 0.0012930673056978812, "13101_13118": 0.0016858420163023571, "13101_13119": 0.0005472366754489327, "13101_13120": 0.0003354031236622491, "13101_13121": 0.0016306770288579083, "13101_13122": 0.000624467657871161, "13101_13123": 0.001158464736333426, "13102_13101": 0.02773254248807333, "13102_13103": 0.012729872502681018, "13102_13104": 0.0008274748116667329, "13102_13105": 0.0005428234764533768, "13102_13106": 0.004016011085955877, "13102_13107": 0.005114897635849298, "13102_13108": 0.015435163486956791, "13102_13109": 0.0006641864488311643, "13102_13110": 0.00017432136032445838, "13102_13111": 0.00035967571813780655, "13102_13112": 0.00039277471060447585, "13102_13113": 0.001162877935328982, "13102_13114": 0.00018756095731112612, "13102_13115": 0.00016549496233334658, "13102_13116": 0.00019859395480001588, "13102_13117": 0.00019638735530223792, "13102_13118": 0.0005207574814755972, "13102_13119": 0.00013901576836001112, "13102_13120": 0.00019197415630668204, "13102_13121": 0.0007127316377822792, "13102_13122": 0.00043690670056003493, "13102_13123": 0.0010415149629511944, "13103_13101": 0.019106945051259306, "13103_13102": 0.012884334467525476, "13103_13104": 0.004931749877533728, "13103_13105": 0.0009532509830400763, "13103_13106": 0.0009532509830400763, "13103_13107": 0.0010459281619467503, "13103_13108": 0.0027736955687068885, "13103_13109": 0.017156311095223593, "13103_13110": 0.0016681892203201335, "13103_13111": 0.0034047830250713835, "13103_13112": 0.0014320830740578924, "13103_13113": 0.016675272404708, "13103_13114": 0.00026699853923113246, "13103_13115": 0.0003023041311955797, "13103_13116": 0.00042366710357336724, "13103_13117": 0.000580335667915602, "13103_13118": 0.0002471391437511309, "13103_13119": 0.0002030071537955718, "13103_13120": 0.0002647919397333545, "13103_13121": 0.000432493501564479, "13103_13122": 0.00036408891713336246, "13103_13123": 0.0005097244839867074, "13104_13101": 0.014305384544094477, "13104_13102": 0.0009378047865556306, "13104_13103": 0.004587520355880367, "13104_13105": 0.008457895874982899, "13104_13106": 0.0005715092699244902, "13104_13107": 0.00031113052918669155, "13104_13108": 0.0005516498744444886, "13104_13109": 0.00039277471060447585, "13104_13110": 0.00045676609604003654, "13104_13111": 0.0002471391437511309, "13104_13112": 0.0015688922429201255, "13104_13113": 0.022474215884868465, "13104_13114": 0.015713195023676813, "13104_13115": 0.0026832249892979926, "13104_13116": 0.012367990185045434, "13104_13117": 0.0009311849880622967, "13104_13118": 0.00017652795982223634, "13104_13119": 0.0012732079102178797, "13104_13120": 0.001593164837395683, "13104_13121": 0.0003177503276800254, "13104_13122": 0.00013901576836001112, "13104_13123": 0.00029347773320446795, "13105_13101": 0.012100991645814302, "13105_13102": 0.0005362036779600429, "13105_13103": 0.0008517474061422904, "13105_13104": 0.007292811340156139, "13105_13106": 0.00774516423720062, "13105_13107": 0.00030009753169780176, "13105_13108": 0.0002868579347111341, "13105_13109": 0.00014122236785778908, "13105_13110": 4.4131989955559084e-05, "13105_13111": 0.00013239596986667725, "13105_13112": 9.488377840445204e-05, "13105_13113": 0.0002758249372222443, "13105_13114": 0.00021404015128446158, "13105_13115": 0.00018094115881779225, "13105_13116": 0.011503003181916476, "13105_13117": 0.003680607962293628, "13105_13118": 0.00183368418265348, "13105_13119": 0.0008892595976045156, "13105_13120": 0.00031554372818224746, "13105_13121": 0.001012829169480081, "13105_13122": 0.00022507314877335134, "13105_13123": 0.00016108176333779067, "13106_13101": 0.01038867043553861, "13106_13102": 0.0034996668034758356, "13106_13103": 0.000962077381031188, "13106_13104": 0.0005626828719333784, "13106_13105": 0.006851491440600548, "13106_13107": 0.008976446756960719, "13106_13108": 0.0008517474061422904, "13106_13109": 0.00018756095731112612, "13106_13110": 3.309899246666931e-05, "13106_13111": 9.929697740000794e-05, "13106_13112": 5.2958387946670905e-05, "13106_13113": 0.0006575666503378304, "13106_13114": 6.399138543556067e-05, "13106_13115": 8.385078091556227e-05, "13106_13116": 0.0005648894714311563, "13106_13117": 0.002177913704306841, "13106_13118": 0.01252245214988989, "13106_13119": 8.385078091556227e-05, "13106_13120": 6.178478593778273e-05, "13106_13121": 0.0027405965762402193, "13106_13122": 0.0009863499755067456, "13106_13123": 0.00035967571813780655, "13107_13101": 0.0023478218656357436, "13107_13102": 0.0037975577356758592, "13107_13103": 0.0009598707815334101, "13107_13104": 0.0003045107306933577, "13107_13105": 0.0003089239296889136, "13107_13106": 0.008365218696076225, "13107_13108": 0.01523215633316122, "13107_13109": 0.0002559655417422427, "13107_13110": 3.089239296889136e-05, "13107_13111": 5.737158694222681e-05, "13107_13112": 5.075178844889295e-05, "13107_13113": 0.00018094115881779225, "13107_13114": 4.1925390457781134e-05, "13107_13115": 4.633858945333704e-05, "13107_13116": 7.061118392889454e-05, "13107_13117": 8.826397991111817e-05, "13107_13118": 0.0012290759202623206, "13107_13119": 3.971879096000318e-05, "13107_13120": 4.1925390457781134e-05, "13107_13121": 0.0016174374318712406, "13107_13122": 0.005796736880662686, "13107_13123": 0.004150613655320332, "13108_13101": 0.0041947456452758915, "13108_13102": 0.01324621678516106, "13108_13103": 0.002892851941586898, "13108_13104": 0.0005935752649022697, "13108_13105": 0.00027803153672002225, "13108_13106": 0.0008605738041334022, "13108_13107": 0.014428954115970043, "13108_13109": 0.0011937703282978733, "13108_13110": 6.399138543556067e-05, "13108_13111": 0.0008473342071467345, "13108_13112": 0.00022507314877335134, "13108_13113": 0.0004148407055822554, "13108_13114": 0.00010591677589334181, "13108_13115": 9.047057940889613e-05, "13108_13116": 0.00016328836283556862, "13108_13117": 0.0001544619648444568, "13108_13118": 0.0002074203527911277, "13108_13119": 8.385078091556227e-05, "13108_13120": 0.00012356957187556545, "13108_13121": 0.0005384102774578208, "13108_13122": 0.0007965824186978415, "13108_13123": 0.014956331395938974, "13109_13101": 0.0009047057940889613, "13109_13102": 0.0007590702272356163, "13109_13103": 0.016915791749965797, "13109_13104": 0.00048545188951114993, "13109_13105": 0.00013239596986667725, "13109_13106": 0.00018535435781334817, "13109_13107": 0.00019418075580445997, "13109_13108": 0.00115405153733787, "13109_13110": 0.00786211401058285, "13109_13111": 0.018665625151703714, "13109_13112": 0.0007149382372800572, "13109_13113": 0.002325755870657964, "13109_13114": 7.28177834266725e-05, "13109_13115": 7.061118392889454e-05, "13109_13116": 0.00029347773320446795, "13109_13117": 0.00011253657438667567, "13109_13118": 5.2958387946670905e-05, "13109_13119": 0.000145635566853345, "13109_13120": 5.5164987444448856e-05, "13109_13121": 7.28177834266725e-05, "13109_13122": 9.047057940889613e-05, "13109_13123": 0.00019418075580445997, "13110_13101": 0.0003045107306933577, "13110_13102": 0.0001831477583155702, "13110_13103": 0.0015821318399067933, "13110_13104": 0.0003993945090978097, "13110_13105": 3.089239296889136e-05, "13110_13106": 2.4272594475557496e-05, "13110_13107": 3.751219146222522e-05, "13110_13108": 7.502438292445044e-05, "13110_13109": 0.007495818493951711, "13110_13111": 0.0030120083144669074, "13110_13112": 0.014973984191921199, "13110_13113": 0.01034453844558305, "13110_13114": 0.00011474317388445363,