{"13101_13102": 0.012015790772267457, "13101_13103": 0.009378014041226476, "13101_13104": 0.008559316331337058, "13101_13105": 0.006013502904694615, "13101_13106": 0.007126034587174483, "13101_13107": 0.0024650651593656776, "13101_13108": 0.004387322522037548, "13101_13109": 0.001724872709328668, "13101_13110": 0.0005652378709373528, "13101_13111": 0.0016598254940223853, "13101_13112": 0.0019469304443397709, "13101_13113": 0.0033981562478971805, "13101_13114": 0.0011820649126348607, "13101_13115": 0.0013413184397640357, "13101_13116": 0.0021106699863176546, "13101_13117": 0.0017944059394836597, "13101_13118": 0.0013413184397640357, "13101_13119": 0.0011843079200592153, "13101_13120": 0.0007469214723100733, "13101_13121": 0.0021375860754099096, "13101_13122": 0.0011237467196016418, "13101_13123": 0.0021802032164726466, "13102_13101": 0.012518224435322882, "13102_13103": 0.007682300428414418, "13102_13104": 0.0016261803826570667, "13102_13105": 0.0007760805688266829, "13102_13106": 0.00258394455285647, "13102_13107": 0.002846376421505955, "13102_13108": 0.009375771033802122, "13102_13109": 0.0011775788977861517, "13102_13110": 0.0005181347150259067, "13102_13111": 0.0011618778458156696, "13102_13112": 0.0006841172644281452, "13102_13113": 0.0014512258035574098, "13102_13114": 0.0003454231433506045, "13102_13115": 0.00030280600228786757, "13102_13116": 0.0005921539600296077, "13102_13117": 0.00034990915819931365, "13102_13118": 0.000495704640782361, "13102_13119": 0.0002826189354686764, "13102_13120": 0.00023327277213287576, "13102_13121": 0.0011192607047529328, "13102_13122": 0.0008321557544355471, "13102_13123": 0.001518516026288047, "13103_13101": 0.008705111813920105, "13103_13102": 0.007038557297624655, "13103_13104": 0.0046228383015947784, "13103_13105": 0.0010093533409595585, "13103_13106": 0.0019020702958526792, "13103_13107": 0.0011686068680887335, "13103_13108": 0.003943207052015342, "13103_13109": 0.009692035080636117, "13103_13110": 0.00216225915707781, "13103_13111": 0.004757418747056053, "13103_13112": 0.002225063364959738, "13103_13113": 0.01034026422627459, "13103_13114": 0.0005517798263912254, "13103_13115": 0.0006302850862436355, "13103_13116": 0.0008792589103469933, "13103_13117": 0.0008702868806495749, "13103_13118": 0.0007401924500370096, "13103_13119": 0.00046878855169010607, "13103_13120": 0.00039701231411075973, "13103_13121": 0.0008882309400444115, "13103_13122": 0.000616827041697508, "13103_13123": 0.0008725298880739295, "13104_13101": 0.00788417109660633, "13104_13102": 0.0016777695534172217, "13104_13103": 0.004553305071439786, "13104_13105": 0.004196666890967409, "13104_13106": 0.0015073009891662741, "13104_13107": 0.0007850525985241011, "13104_13108": 0.0015723482044725568, "13104_13109": 0.0014041226476459636, "13104_13110": 0.000991409281564722, "13104_13111": 0.000706547338671691, "13104_13112": 0.0033622681291075075, "13104_13113": 0.014994504631810332, "13104_13114": 0.010373909337639908, "13104_13115": 0.004438911692797703, "13104_13116": 0.008906982482112016, "13104_13117": 0.0013973936253729, "13104_13118": 0.0005226207298746158, "13104_13119": 0.0016777695534172217, "13104_13120": 0.003189556557432205, "13104_13121": 0.0006280420788192808, "13104_13122": 0.0002893479577417401, "13104_13123": 0.0007110333535204001, "13105_13101": 0.0057017248727093284, "13105_13102": 0.0009398201108045668, "13105_13103": 0.0009757082295942399, "13105_13104": 0.004064329452930489, "13105_13106": 0.004557791086288496, "13105_13107": 0.0005719668932104166, "13105_13108": 0.0008658008658008658, "13105_13109": 0.00023327277213287576, "13105_13110": 0.00010317834152031044, "13105_13111": 0.00016149653455352938, "13105_13112": 0.0002915909651660947, "13105_13113": 0.0006437431307897629, "13105_13114": 0.00034093712850189536, "13105_13115": 0.0002310297647085212, "13105_13116": 0.006740237310185497, "13105_13117": 0.002088239912074109, "13105_13118": 0.0012044949868784066, "13105_13119": 0.0014624408406791827, "13105_13120": 0.0006572011753358904, "13105_13121": 0.0008882309400444115, "13105_13122": 0.0003342081062288316, "13105_13123": 0.0002826189354686764, "13106_13101": 0.006773882421550815, "13106_13102": 0.002698337931498553, "13106_13103": 0.0017876769172105959, "13106_13104": 0.001323374380369199, "13106_13105": 0.004492743870982213, "13106_13107": 0.006166027409550726, "13106_13108": 0.0015252450485611108, "13106_13109": 0.0006033689971513805, "13106_13110": 0.00010317834152031044, "13106_13111": 0.0006280420788192808, "13106_13112": 0.00019962766076755714, "13106_13113": 0.0009869232667160128, "13106_13114": 0.0002624318686494852, "13106_13115": 0.0001413094677343382, "13106_13116": 0.0013861785882511271, "13106_13117": 0.0020007626225242805, "13106_13118": 0.006984725119440145, "13106_13119": 0.00043065742547607834, "13106_13120": 0.00020859969046497544, "13106_13121": 0.0035147926339636182, "13106_13122": 0.0017203866944799587, "13106_13123": 0.0007671085391292645, "13107_13101": 0.0023125406545095664, "13107_13102": 0.002577215530583406, "13107_13103": 0.0011663638606643789, "13107_13104": 0.0008142116950407105, "13107_13105": 0.0005271067447233251, "13107_13106": 0.005529013301034027, "13107_13108": 0.010842697889330014, "13107_13109": 0.00044411547002220575, "13107_13110": 6.953323015499181e-05, "13107_13111": 0.0003454231433506045, "13107_13112": 0.00022430074243545746, "13107_13113": 0.0006392571159410538, "13107_13114": 8.747728954982841e-05, "13107_13115": 0.0001502814974317565, "13107_13116": 0.0002915909651660947, "13107_13117": 0.0002758899131956127, "13107_13118": 0.0010429984523248773, "13107_13119": 0.0001682255568265931, "13107_13120": 6.729022273063724e-05, "13107_13121": 0.002337213736177467, "13107_13122": 0.004142834712782899, "13107_13123": 0.003826570665948904, "13108_13101": 0.004461341767041249, "13108_13102": 0.008978758719691362, "13108_13103": 0.003985824193078079, "13108_13104": 0.0015431891079559473, "13108_13105": 0.0008254267321624835, "13108_13106": 0.0015544041450777201, "13108_13107": 0.01036045129309378, "13108_13109": 0.0014893569297714376, "13108_13110": 0.00023327277213287576, "13108_13111": 0.001697956620236413, "13108_13112": 0.0005921539600296077, "13108_13113": 0.0012426261130924344, "13108_13114": 0.00034093712850189536, "13108_13115": 0.0002803759280443218, "13108_13116": 0.0007244913980665276, "13108_13117": 0.00029607698001480384, "13108_13118": 0.0002893479577417401, "13108_13119": 0.00030280600228786757, "13108_13120": 0.0002467308166790032, "13108_13121": 0.0009129040217123118, "13108_13122": 0.0014063656550703182, "13108_13123": 0.012773927281699302, "13109_13101": 0.0016329094049301303, "13109_13102": 0.0011798219052105063, "13109_13103": 0.009288293744252293, "13109_13104": 0.0014938429446201466, "13109_13105": 0.00026018886122513066, "13109_13106": 0.0007446784648857188, "13109_13107": 0.00039701231411075973, "13109_13108": 0.001460197833254828, "13109_13110": 0.005612004575735146, "13109_13111": 0.01431711638965525, "13109_13112": 0.0017517887984209227, "13109_13113": 0.0030347890451517395, "13109_13114": 0.0003140210394096404, "13109_13115": 0.0003992553215351143, "13109_13116": 0.0007626225242805554, "13109_13117": 0.00030504900971222213, "13109_13118": 0.00014355247515869277, "13109_13119": 0.0002669178834981944, "13109_13120": 0.0002018706681919117, "13109_13121": 0.00022430074243545746, "13109_13122": 0.00015476751228046565, "13109_13123": 0.00043514344032478746, "13110_13101": 0.0006100980194244443, "13110_13102": 0.0005203777224502613, "13110_13103": 0.0021398290828342644, "13110_13104": 0.0009398201108045668, "13110_13105": 9.196330439853756e-05, "13110_13106": 0.00010766435636901959, "13110_13107": 9.196330439853756e-05, "13110_13108": 0.0002803759280443218, "13110_13109": 0.0056299486351299825, "13110_13111": 0.002942825740753202, "13110_13112": 0.011215037121772874, "13110_13113": 0.006538366641993585, "13110_13114": 0.0002669178834981944,