Epoch,loss_train,loss_val,loss_test,mae_val,rmse_val,mae_test,rmse_test,err,lr,time
0,1646.69275,1135.55176,3561.63940,10.444,30.114,22.447,59.679,4.6907737005963215,0.001,1.443084s
1,1646.33997,1135.25452,3561.13135,10.441,30.11,22.441,59.675,4.6922877849449245,0.001,0.106447s
2,1645.99194,1134.89722,3560.41113,10.438,30.103,22.434,59.669,4.693426952362061,0.001,0.106220s
3,1645.65552,1134.38318,3559.49658,10.434,30.095,22.426,59.662,4.693681047572976,0.001,0.110690s
4,1645.30981,1133.69971,3557.85645,10.429,30.083,22.415,59.648,4.692762078605001,0.001,0.118643s
