Epoch,loss_train,loss_val,loss_test,mae_val,rmse_val,mae_test,rmse_test,err,lr,time
0,69488.97656,64356.28906,55860.96094,88.607,250.194,103.361,236.349,57.19067326936067,0.001,0.250381s
1,69482.95312,64348.49219,55852.26172,88.594,250.178,103.345,236.331,57.17906644157335,0.001,0.118949s
