{"13101_13102": 0.006759901647573722, "13101_13103": 0.004895689405182266, "13101_13104": 0.004783592982763957, "13101_13105": 0.0038429577859494446, "13101_13106": 0.004639817136618733, "13101_13107": 0.0010186153167576842, "13101_13108": 0.0013768364927466304, "13101_13109": 0.0002266297235848436, "13101_13110": 4.6300696216258365e-05, "13101_13111": 0.0001291545736558786, "13101_13112": 0.0001876396636132576, "13101_13113": 0.0009430720755627362, "13101_13114": 0.00014377584614522334, "13101_13115": 0.0001486496036416716, "13101_13116": 0.00026074602605998134, "13101_13117": 0.00026074602605998134, "13101_13118": 0.0004459488109250148, "13101_13119": 0.00012428081615943035, "13101_13120": 4.873757496448249e-05, "13101_13121": 0.00041914314469454944, "13101_13122": 0.00015352336113811984, "13101_13123": 0.00024612475357063657, "13102_13101": 0.007032832067374824, "13102_13103": 0.003974549238353547, "13102_13104": 0.0002583091473117572, "13102_13105": 0.00016327087613101634, "13102_13106": 0.001272050706572993, "13102_13107": 0.0016911938512675425, "13102_13108": 0.006796454828797083, "13102_13109": 0.0002363772385777401, "13102_13110": 6.0921968705603114e-05, "13102_13111": 0.00018276590611680934, "13102_13112": 0.0001778921486203611, "13102_13113": 0.00028267793479399845, "13102_13114": 5.361133246093074e-05, "13102_13115": 2.193190873401712e-05, "13102_13116": 7.7980119943172e-05, "13102_13117": 4.1426938719810115e-05, "13102_13118": 0.0001267176949076545, "13102_13119": 4.6300696216258365e-05, "13102_13120": 4.386381746803424e-05, "13102_13121": 0.00015108648238989573, "13102_13122": 0.00014377584614522334, "13102_13123": 0.000292425449786895, "13103_13101": 0.004851825587714232, "13103_13102": 0.004020849934569806, "13103_13104": 0.0018544647273985588, "13103_13105": 0.0002266297235848436, "13103_13106": 0.0003533474184924981, "13103_13107": 0.0002778041772975502, "13103_13108": 0.0012160024953638382, "13103_13109": 0.007327694395909943, "13103_13110": 0.00058485089957379, "13103_13111": 0.0011063429516937526, "13103_13112": 0.0005385502033575315, "13103_13113": 0.006284710291670018, "13103_13114": 6.82326049502755e-05, "13103_13115": 9.991202867718911e-05, "13103_13116": 9.503827118074086e-05, "13103_13117": 9.747514992896498e-05, "13103_13118": 6.579572620205136e-05, "13103_13119": 8.529075618784436e-05, "13103_13120": 0.00011697017991475798, "13103_13121": 0.00016570775487924046, "13103_13122": 8.285387743962023e-05, "13103_13123": 0.00018520278486503346, "13104_13101": 0.004673933439093871, "13104_13102": 0.00026074602605998134, "13104_13103": 0.0016522037912959566, "13104_13105": 0.0037674145447544965, "13104_13106": 0.0002704935410528778, "13104_13107": 0.00014377584614522334, "13104_13108": 0.00013159145240410273, "13104_13109": 0.0001462127248934475, "13104_13110": 0.00016570775487924046, "13104_13111": 0.0001389020886487751, "13104_13112": 0.00058485089957379, "13104_13113": 0.008646045798699193, "13104_13114": 0.008207407624018852, "13104_13115": 0.0009674408630449775, "13104_13116": 0.006752591011329049, "13104_13117": 0.0003509105397442739, "13104_13118": 7.310636244672374e-05, "13104_13119": 0.0004362012959321183, "13104_13120": 0.0006287147170418242, "13104_13121": 9.503827118074086e-05, "13104_13122": 5.1174453712706614e-05, "13104_13123": 0.00011697017991475798, "13105_13101": 0.0038600159371870134, "13105_13102": 0.00021444532984372296, "13105_13103": 0.00018276590611680934, "13105_13104": 0.0033482714000599473, "13105_13106": 0.0044862937754806135, "13105_13107": 0.00016570775487924046, "13105_13108": 0.0001267176949076545, "13105_13109": 1.7058151237568874e-05, "13105_13110": 2.4368787482241245e-05, "13105_13111": 2.680566623046537e-05, "13105_13112": 4.1426938719810115e-05, "13105_13113": 0.00011697017991475798, "13105_13114": 0.0001267176949076545, "13105_13115": 8.285387743962023e-05, "13105_13116": 0.006099507506804984, "13105_13117": 0.0016716988212817495, "13105_13118": 0.0008577813193748918, "13105_13119": 0.0002948623285351191, "13105_13120": 0.00011697017991475798, "13105_13121": 0.00028511481354222257, "13105_13122": 7.554324119494786e-05, "13105_13123": 6.82326049502755e-05, "13106_13101": 0.003979422995849995, "13106_13102": 0.0012939826153070101, "13106_13103": 0.000253435389815309, "13106_13104": 0.0002509985110670848, "13106_13105": 0.004288906596874459, "13106_13107": 0.004825019921483767, "13106_13108": 0.00041914314469454944, "13106_13109": 5.6048211209154864e-05, "13106_13110": 1.9495029985793e-05, "13106_13111": 5.6048211209154864e-05, "13106_13112": 4.873757496448249e-05, "13106_13113": 0.00026074602605998134, "13106_13114": 7.554324119494786e-05, "13106_13115": 3.8990059971586e-05, "13106_13116": 0.00020226093610260234, "13106_13117": 0.0007456848969565822, "13106_13118": 0.006896366857474272, "13106_13119": 4.6300696216258365e-05, "13106_13120": 2.680566623046537e-05, "13106_13121": 0.0011770124353922523, "13106_13122": 0.00038258996347118756, "13106_13123": 0.00020226093610260234, "13107_13101": 0.0007140054732296685, "13107_13102": 0.0016156506100725946, "13107_13103": 0.00028024105604577433, "13107_13104": 0.00013402833115232684, "13107_13105": 0.00013159145240410273, "13107_13106": 0.004252353415651097, "13107_13108": 0.009352740635684191, "13107_13109": 0.00016083399738279222, "13107_13110": 9.7475149928965e-06, "13107_13111": 5.848508995737899e-05, "13107_13112": 4.873757496448249e-05, "13107_13113": 3.655318122336187e-05, "13107_13114": 5.1174453712706614e-05, "13107_13115": 3.411630247513775e-05, "13107_13116": 4.1426938719810115e-05, "13107_13117": 4.1426938719810115e-05, "13107_13118": 0.0009869358930307704, "13107_13119": 2.680566623046537e-05, "13107_13120": 1.7058151237568874e-05, "13107_13121": 0.0009942465292754428, "13107_13122": 0.0029803027090781046, "13107_13123": 0.002605023381851589, "13108_13101": 0.0012549925553354243, "13108_13102": 0.006596630771442706, "13108_13103": 0.0012306237678531829, "13108_13104": 0.00019495029985792996, "13108_13105": 0.0001267176949076545, "13108_13106": 0.00046057008341435956, "13108_13107": 0.009133421548344019, "13108_13109": 0.0006408991107829448, "13108_13110": 5.1174453712706614e-05, "13108_13111": 0.0006140934445524794, "13108_13112": 0.00012184393741120623, "13108_13113": 0.0001778921486203611, "13108_13114": 3.655318122336187e-05, "13108_13115": 4.1426938719810115e-05, "13108_13116": 4.386381746803424e-05, "13108_13117": 3.8990059971586e-05, "13108_13118": 6.579572620205136e-05, "13108_13119": 4.1426938719810115e-05, "13108_13120": 2.9242544978689494e-05, "13108_13121": 0.00020957157234727472, "13108_13122": 0.00041914314469454944, "13108_13123": 0.008317067167688937, "13109_13101": 0.00024612475357063657, "13109_13102": 0.00023394035982951596, "13109_13103": 0.007013337037389031, "13109_13104": 0.0001973871786061541, "13109_13105": 4.386381746803424e-05, "13109_13106": 5.848508995737899e-05, "13109_13107": 0.00011209642241830973, "13109_13108": 0.0005190551733717386, "13109_13110": 0.005171056703731592, "13109_13111": 0.010990323154490802, "13109_13112": 0.0003094836010244638, "13109_13113": 0.000977188378037874, "13109_13114": 4.386381746803424e-05, "13109_13115": 5.361133246093074e-05, "13109_13116": 0.00012184393741120623, "13109_13117": 5.361133246093074e-05, "13109_13118": 7.310636244672374e-06, "13109_13119": 8.285387743962023e-05, "13109_13120": 5.361133246093074e-05, "13109_13121": 4.6300696216258365e-05, "13109_13122": 3.8990059971586e-05, "13109_13123": 6.579572620205136e-05, "13110_13101": 7.310636244672374e-05, "13110_13102": 3.167942372691362e-05, "13110_13103": 0.0007456848969565822, "13110_13104": 0.00016570775487924046, "13110_13105": 1.4621272489344747e-05, "13110_13106": 1.9495029985793e-05, "13110_13107": 1.2184393741120622e-05, "13110_13108": 7.554324119494786e-05, "13110_13109": 0.005161309188738696, "13110_13111": 0.002129832025947885, "13110_13112": 0.009791378810364532, "13110_13113": 0.004729981650303026,