{"13101_13102": 0.027154808294955993, "13101_13103": 0.025141700956481456, "13101_13104": 0.0230229991552443, "13101_13105": 0.016230890808512956, "13101_13106": 0.014895631795514619, "13101_13107": 0.003760525383546339, "13101_13108": 0.006066572199362345, "13101_13109": 0.002125514347221844, "13101_13110": 0.000892443523993787, "13101_13111": 0.001829168596888029, "13101_13112": 0.002653486661034962, "13101_13113": 0.004233997329481974, "13101_13114": 0.0015634793034852985, "13101_13115": 0.0020301387034362484, "13101_13116": 0.0029157696814453497, "13101_13117": 0.002415047551570973, "13101_13118": 0.001941575605635338, "13101_13119": 0.001672480039240265, "13101_13120": 0.0011921955473199444, "13101_13121": 0.003154208790909339, "13101_13122": 0.001614573398370439, "13101_13123": 0.002415047551570973, "13102_13101": 0.030993677957326212, "13102_13103": 0.01673842548437202, "13102_13104": 0.0022856091778619505, "13102_13105": 0.0012364770962203994, "13102_13106": 0.0050617216666212494, "13102_13107": 0.006999890999264245, "13102_13108": 0.019940322097174158, "13102_13109": 0.0019313567866583098, "13102_13110": 0.000609722865629343, "13102_13111": 0.001273946099136169, "13102_13112": 0.0009571627108482982, "13102_13113": 0.001692917677194321, "13102_13114": 0.0004870970379050059, "13102_13115": 0.00047687821892797777, "13102_13116": 0.0007493800583153936, "13102_13117": 0.0005722538627135733, "13102_13118": 0.0006403793225604273, "13102_13119": 0.00042919039703518, "13102_13120": 0.00042919039703518, "13102_13121": 0.0017542305910564896, "13102_13122": 0.0011104449955037198, "13102_13123": 0.0021152955282448156, "13103_13101": 0.0236054718369349, "13103_13102": 0.016714581573425622, "13103_13104": 0.009445595007766303, "13103_13105": 0.0014033844728451917, "13103_13106": 0.0022515464479385236, "13103_13107": 0.0015532604845082704, "13103_13108": 0.004687031637463553, "13103_13109": 0.021892116521786523, "13103_13110": 0.003600430552906232, "13103_13111": 0.0062471046679565085, "13103_13112": 0.0032904597106030464, "13103_13113": 0.021336894024034662, "13103_13114": 0.0006812545984685397, "13103_13115": 0.0008617870670627026, "13103_13116": 0.0011240700874730904, "13103_13117": 0.0013011962830749109, "13103_13118": 0.0009401313458865848, "13103_13119": 0.0006301605035833992, "13103_13120": 0.0005109409488514048, "13103_13121": 0.0012262582772433713, "13103_13122": 0.0008958497969861296, "13103_13123": 0.0010661634466032645, "13104_13101": 0.017324304439054965, "13104_13102": 0.0028101752186827263, "13104_13103": 0.007929803526173802, "13104_13105": 0.010351663623729461, "13104_13106": 0.001468103659699703, "13104_13107": 0.0010355069896721802, "13104_13108": 0.001941575605635338, "13104_13109": 0.0015839169414393547, "13104_13110": 0.001004850532741096, "13104_13111": 0.000609722865629343, "13104_13112": 0.0033074910755647603, "13104_13113": 0.023258031991715944, "13104_13114": 0.019408943510368697, "13104_13115": 0.005232035316238385, "13104_13116": 0.014585660953211434, "13104_13117": 0.0017542305910564896, "13104_13118": 0.0005007221298743767, "13104_13119": 0.002299234269831321, "13104_13120": 0.0043157478812981985, "13104_13121": 0.0008379431561163038, "13104_13122": 0.00030997084230318555, "13104_13123": 0.0007800365152464779, "13105_13101": 0.01242267760307382, "13105_13102": 0.0014885412976537592, "13105_13103": 0.0015532604845082704, "13105_13104": 0.007752677330571982, "13105_13106": 0.008464588385971606, "13105_13107": 0.0006199416846063711, "13105_13108": 0.0008958497969861296, "13105_13109": 0.00026228302041038777, "13105_13110": 0.00010900073575496634, "13105_13111": 0.00012603210071667983, "13105_13112": 0.00025887674741804505, "13105_13113": 0.0005041284028667193, "13105_13114": 0.0003644712101806687, "13105_13115": 0.00016009483064010683, "13105_13116": 0.01449028530942584, "13105_13117": 0.004687031637463553, "13105_13118": 0.0023741722756628605, "13105_13119": 0.0018938877837425402, "13105_13120": 0.0010797885385726354, "13105_13121": 0.0013216339210289669, "13105_13122": 0.0004019402130964384, "13105_13123": 0.00028272065836444394, "13106_13101": 0.010876229664550235, "13106_13102": 0.004523530533831103, "13106_13103": 0.0022822029048696077, "13106_13104": 0.0013080088290595962, "13106_13105": 0.007320080660544459, "13106_13107": 0.010518571000354252, "13106_13108": 0.001468103659699703, "13106_13109": 0.0005858789546829441, "13106_13110": 9.537564378559555e-05, "13106_13111": 0.0004870970379050059, "13106_13112": 0.0001771261956018203, "13106_13113": 0.0006335667765757419, "13106_13114": 0.0001975638335558765, "13106_13115": 0.00013965719268605064, "13106_13116": 0.0010695697195956073, "13106_13117": 0.0024252663705480013, "13106_13118": 0.012780336267269803, "13106_13119": 0.0003883151211270676, "13106_13120": 0.0001907512875711911, "13106_13121": 0.004271466332397744, "13106_13122": 0.0020165136114668773, "13106_13123": 0.0007187236013843093, "13107_13101": 0.0033688039894269285, "13107_13102": 0.0048028449192032046, "13107_13103": 0.0017133553151483772, "13107_13104": 0.001025288170695152, "13107_13105": 0.000711911055399624, "13107_13106": 0.007997928986020655, "13107_13108": 0.01435403438973213, "13107_13109": 0.0004802844919203205, "13107_13110": 9.196937079325286e-05, "13107_13111": 0.0003065645693108428, "13107_13112": 0.0001703136496171349, "13107_13113": 0.0004700656729432924, "13107_13114": 0.00012943837370902253, "13107_13115": 0.00012262582772433714, "13107_13116": 0.0002656892934027305, "13107_13117": 0.00031678338828787094, "13107_13118": 0.0013522903779600512, "13107_13119": 0.00011921955473199444, "13107_13120": 5.450036787748317e-05, "13107_13121": 0.0021936398070686977, "13107_13122": 0.008754121590320735, "13107_13123": 0.0055828814344496824, "13108_13101": 0.006018884377469548, "13108_13102": 0.016060577158895823, "13108_13103": 0.004966346022835654, "13108_13104": 0.001863231326811456, "13108_13105": 0.0009094748889555004, "13108_13106": 0.0017201678611330627, "13108_13107": 0.013887374989781182, "13108_13109": 0.002357140910701147, "13108_13110": 0.000248657928441017, "13108_13111": 0.0019790446085511076, "13108_13112": 0.0005620350437365452, "13108_13113": 0.0011717579093658882, "13108_13114": 0.0003746900291576968, "13108_13115": 0.0002350328364716462, "13108_13116": 0.0006267542305910565, "13108_13117": 0.00030997084230318555, "13108_13118": 0.00044962803498923616, "13108_13119": 0.00035084611821129794, "13108_13120": 0.0002043763795405619, "13108_13121": 0.0009503501648636129, "13108_13122": 0.0013931656538681636, "13108_13123": 0.021115486279532386, "13109_13101": 0.002292421723846636, "13109_13102": 0.0019449818786276807, "13109_13103": 0.01907172248412677, "13109_13104": 0.0015839169414393547, "13109_13105": 0.0002554704744257024, "13109_13106": 0.0005858789546829441, "13109_13107": 0.0003815025751423822, "13109_13108": 0.0023332969997547485, "13109_13110": 0.008069460718859852, "13109_13111": 0.024218600975556583, "13109_13112": 0.0019177316946889392, "13109_13113": 0.003627680736844974, "13109_13114": 0.00033381475324958444, "13109_13115": 0.0003644712101806687, "13109_13116": 0.0007664114232771071, "13109_13117": 0.00034403357222661255, "13109_13118": 0.0001975638335558765, "13109_13119": 0.0003644712101806687, "13109_13120": 0.0001873450145788484, "13109_13121": 0.0002316265634793035, "13109_13122": 0.0002077826525329046, "13109_13123": 0.0003406272992342698, "13110_13101": 0.0008277243371392756, "13110_13102": 0.0006744420524838543, "13110_13103": 0.0032768346186336757, "13110_13104": 0.0010355069896721802, "13110_13105": 0.00011581328173965175, "13110_13106": 8.856309780091015e-05, "13110_13107": 4.768782189279778e-05, "13110_13108": 0.00027931438537210127, "13110_13109": 0.007057797640134071, "13110_13111": 0.004107965228765294, "13110_13112": 0.017903370847753224, "13110_13113": 0.010705916014933101, "13110_13114": 0.00021459519851759, "13110_13115": 0.0004939095838896912,