{"13101_13102": 0.029114283781040667, "13101_13103": 0.025733811489275324, "13101_13104": 0.02303268150754449, "13101_13105": 0.0172758644021923, "13101_13106": 0.01551661140807903, "13101_13107": 0.004141010893835848, "13101_13108": 0.0063739089248257665, "13101_13109": 0.0024304756749441775, "13101_13110": 0.0009093984708031667, "13101_13111": 0.001983896068746194, "13101_13112": 0.003009675891467623, "13101_13113": 0.004955680357263685, "13101_13114": 0.0017051221327559374, "13101_13115": 0.002132755937478855, "13101_13116": 0.003226199336896948, "13101_13117": 0.0028310440489884296, "13101_13118": 0.002203126057243386, "13101_13119": 0.0017673726233168685, "13101_13120": 0.001358684620069017, "13101_13121": 0.0031747750186074835, "13101_13122": 0.001645578185262873, "13101_13123": 0.003109817984978686, "13102_13101": 0.0326084308816564, "13102_13103": 0.017765748697476148, "13102_13104": 0.0024494214764192437, "13102_13105": 0.0013992827660870154, "13102_13106": 0.005391433791190202, "13102_13107": 0.007172339129846403, "13102_13108": 0.020718587184518574, "13102_13109": 0.002008254956356993, "13102_13110": 0.0006252114486771771, "13102_13111": 0.0015427295486839434, "13102_13112": 0.0010853237702144935, "13102_13113": 0.0019243521212531293, "13102_13114": 0.0005656675011841126, "13102_13115": 0.00045199269233371674, "13102_13116": 0.0008606806955815684, "13102_13117": 0.000619798362541444, "13102_13118": 0.0008498545233101022, "13102_13119": 0.0005223628120982475, "13102_13120": 0.00039515528790851886, "13102_13121": 0.001845862372284999, "13102_13122": 0.0011556938899790242, "13102_13123": 0.002308681236890182, "13103_13101": 0.024951620542661885, "13103_13102": 0.017676432776236553, "13103_13104": 0.00961905406319778, "13103_13105": 0.001502131402665945, "13103_13106": 0.0025387373976588404, "13103_13107": 0.001645578185262873, "13103_13108": 0.005310237499154206, "13103_13109": 0.02246430746329251, "13103_13110": 0.0038135191826239936, "13103_13111": 0.006441572501522431, "13103_13112": 0.0034887340144800056, "13103_13113": 0.021105622843223492, "13103_13114": 0.0007659516882062386, "13103_13115": 0.0009202246430746329, "13103_13116": 0.0012720752418972866, "13103_13117": 0.0014236416536978144, "13103_13118": 0.000901278841599567, "13103_13119": 0.0007659516882062386, "13103_13120": 0.0005764936734555788, "13103_13121": 0.0014317612829014142, "13103_13122": 0.0009039853846674335, "13103_13123": 0.001220650923607822, "13104_13101": 0.018231274105149197, "13104_13102": 0.0028175113336490966, "13104_13103": 0.008403816225725691, "13104_13105": 0.010301102916300155, "13104_13106": 0.0016482847283307395, "13104_13107": 0.0010284863657892957, "13104_13108": 0.0020867447053251236, "13104_13109": 0.0016807632451451384, "13104_13110": 0.0010880303132823602, "13104_13111": 0.0006928750253738413, "13104_13112": 0.003716083632180797, "13104_13113": 0.024053048244130185, "13104_13114": 0.018350362000135328, "13104_13115": 0.005472630083226199, "13104_13116": 0.014793964408958658, "13104_13117": 0.0018918736044387307, "13104_13118": 0.0006766357669666419, "13104_13119": 0.002284322349279383, "13104_13120": 0.004498274578794235, "13104_13121": 0.000782190946613438, "13104_13122": 0.00031937208200825495, "13104_13123": 0.0008552676094458353, "13105_13101": 0.013448812504228974, "13105_13102": 0.0016428716421950063, "13105_13103": 0.0016536978144664728, "13105_13104": 0.00827119561540023, "13105_13106": 0.008601393869679952, "13105_13107": 0.0007118208268489072, "13105_13108": 0.0009310508153460992, "13105_13109": 0.00029501319439745587, "13105_13110": 0.00010826172271466269, "13105_13111": 0.00018945801475065972, "13105_13112": 0.00024358887610799107, "13105_13113": 0.0006089721902699777, "13105_13114": 0.000381622572569186, "13105_13115": 0.0002327627038365248, "13105_13116": 0.014477298870018269, "13105_13117": 0.0050314635631639485, "13105_13118": 0.0023249204952973815, "13105_13119": 0.002132755937478855, "13105_13120": 0.000963529332160498, "13105_13121": 0.0015806211516340755, "13105_13122": 0.0004411665200622505, "13105_13123": 0.0003301982542797212, "13106_13101": 0.011132011638135191, "13106_13102": 0.004739156911834359, "13106_13103": 0.002495432708572975, "13106_13104": 0.001588740780837675, "13106_13105": 0.007161512957574938, "13106_13107": 0.010596116110697612, "13106_13108": 0.001751133364909669, "13106_13109": 0.0007605386020705055, "13106_13110": 8.660937817173016e-05, "13106_13111": 0.000562960958116246, "13106_13112": 0.00015968604100412748, "13106_13113": 0.0007415928005954395, "13106_13114": 0.00020299073008999256, "13106_13115": 0.0001488598687326612, "13106_13116": 0.0012368901820150214, "13106_13117": 0.0027281954124095, "13106_13118": 0.012888558089180595, "13106_13119": 0.0004086880032478517, "13106_13120": 0.0002084038162257257, "13106_13121": 0.004557818526287299, "13106_13122": 0.0021489951958860547, "13106_13123": 0.0008931592123959673, "13107_13101": 0.0037837472088774614, "13107_13102": 0.00518844306110021, "13107_13103": 0.0017809053386562013, "13107_13104": 0.0009499966168211652, "13107_13105": 0.0007442993436633061, "13107_13106": 0.00890182015021314, "13107_13108": 0.015189119696867176, "13107_13109": 0.0005548413289126463, "13107_13110": 6.495703362879762e-05, "13107_13111": 0.0003572636849583869, "13107_13112": 0.00019487110088639285, "13107_13113": 0.0005467216997090466, "13107_13114": 0.00015156641180052777, "13107_13115": 0.00012720752418972868, "13107_13116": 0.00027877393599025645, "13107_13117": 0.00033290479734758777, "13107_13118": 0.0015346099194803438, "13107_13119": 9.743555044319643e-05, "13107_13120": 7.848974896813045e-05, "13107_13121": 0.0025062588808444416, "13107_13122": 0.00850666486230462, "13107_13123": 0.005840719940456053, "13108_13101": 0.006349550037214967, "13108_13102": 0.016878002571215914, "13108_13103": 0.0055213478584477975, "13108_13104": 0.001983896068746194, "13108_13105": 0.001025779822721429, "13108_13106": 0.0017863184247919345, "13108_13107": 0.014796670952026525, "13108_13109": 0.0024304756749441775, "13108_13110": 0.00029230665132958926, "13108_13111": 0.002059679274646458, "13108_13112": 0.0006116787333378443, "13108_13113": 0.0012693686988294202, "13108_13114": 0.0002760673929223899, "13108_13115": 0.0002733608498545233, "13108_13116": 0.0007524189728669058, "13108_13117": 0.00039244874484065226, "13108_13118": 0.0005304824413018473, "13108_13119": 0.0003139589958725218, "13108_13120": 0.00020299073008999256, "13108_13121": 0.001101563028621693, "13108_13122": 0.0015102510318695445, "13108_13123": 0.02121117802287029, "13109_13101": 0.002552270112998173, "13109_13102": 0.0020190811286284593, "13109_13103": 0.02012856079572366, "13109_13104": 0.0016807632451451384, "13109_13105": 0.00035455714189052036, "13109_13106": 0.0006739292238987753, "13109_13107": 0.0005115366398267812, "13109_13108": 0.0023682251843832464, "13109_13110": 0.008430881656404357, "13109_13111": 0.02510318695446241, "13109_13112": 0.001964950267271128, "13109_13113": 0.003908248189999323, "13109_13114": 0.0003680898572298532, "13109_13115": 0.0004168076324514514, "13109_13116": 0.0007280600852561066, "13109_13117": 0.00041951417551931795, "13109_13118": 0.0002084038162257257, "13109_13119": 0.00034373096961905404, "13109_13120": 0.00015427295486839434, "13109_13121": 0.00023005616076865823, "13109_13122": 0.00021922998849719196, "13109_13123": 0.0004411665200622505, "13110_13101": 0.0009391704445496989, "13110_13102": 0.0006874619392381081, "13110_13103": 0.0034833209283442724, "13110_13104": 0.0009851816767034306, "13110_13105": 0.00012991406725759523, "13110_13106": 6.766357669666418e-05, "13110_13107": 7.037011976453075e-05, "13110_13108": 0.00024358887610799107, "13110_13109": 0.007605386020705054, "13110_13111": 0.0040029771973746535, "13110_13112": 0.01832600311252453, "13110_13113": 0.010728736721023074, "13110_13114": 0.00029501319439745587, "13110_13115": 0.000538602070505447,