{"13101_13102": 0.02760045179125247, "13101_13103": 0.02427441950440247, "13101_13104": 0.02274244778503722, "13101_13105": 0.015616127200454287, "13101_13106": 0.014867301920112822, "13101_13107": 0.0036411629256603703, "13101_13108": 0.0057784350799682995, "13101_13109": 0.0021965541556682954, "13101_13110": 0.0008268279137103668, "13101_13111": 0.0017160579341158558, "13101_13112": 0.0026614498505469547, "13101_13113": 0.004570954315417689, "13101_13114": 0.0014102876113097579, "13101_13115": 0.0017909404621500023, "13101_13116": 0.0028580164866365888, "13101_13117": 0.0026177683758603692, "13101_13118": 0.0018627028848493925, "13101_13119": 0.0016723764594292704, "13101_13120": 0.0012418019232329283, "13101_13121": 0.0030046614373701254, "13101_13122": 0.001447728875326831, "13101_13123": 0.002461763109122564, "13102_13101": 0.030870322182076866, "13102_13103": 0.016898490493039046, "13102_13104": 0.0022059144716725636, "13102_13105": 0.0012449220285676845, "13102_13106": 0.004892325164897567, "13102_13107": 0.0066739053110433, "13102_13108": 0.019497538236890877, "13102_13109": 0.0016505357220859777, "13102_13110": 0.0005834596975993909, "13102_13111": 0.0012886035032542698, "13102_13112": 0.0008517887563884157, "13102_13113": 0.0018221415154975633, "13102_13114": 0.0004336946415310981, "13102_13115": 0.0003806528508402444, "13102_13116": 0.0007581855963457326, "13102_13117": 0.0005740993815951227, "13102_13118": 0.0007925067550280497, "13102_13119": 0.00039313327217926875, "13102_13120": 0.00034321158682317117, "13102_13121": 0.0015475722460390263, "13102_13122": 0.0010358749711390257, "13102_13123": 0.002034308678260978, "13103_13101": 0.02335086832531466, "13103_13102": 0.01648663658885124, "13103_13104": 0.009010864206775621, "13103_13105": 0.0013634860312884162, "13103_13106": 0.002343199106401832, "13103_13107": 0.0015038907713524408, "13103_13108": 0.0049703277982664695, "13103_13109": 0.021675371760550635, "13103_13110": 0.0038252491404109803, "13103_13111": 0.005912599609362812, "13103_13112": 0.0031232254400908573, "13103_13113": 0.02033372646660551, "13103_13114": 0.0006739427523073179, "13103_13115": 0.0007925067550280497, "13103_13116": 0.0011575590791945136, "13103_13117": 0.0012386818178981723, "13103_13118": 0.0008767495990664645, "13103_13119": 0.0005959401189384153, "13103_13120": 0.00039625337751402487, "13103_13121": 0.0010920368671646355, "13103_13122": 0.0008049871763670741, "13103_13123": 0.001132598236516465, "13104_13101": 0.01700769417975551, "13104_13102": 0.0026926509038945157, "13104_13103": 0.007747221546199399, "13104_13105": 0.00998745717655428, "13104_13106": 0.0014976505606829286, "13104_13107": 0.0009297913897573182, "13104_13108": 0.0021185515222993927, "13104_13109": 0.0014446087699920749, "13104_13110": 0.0010608358138170745, "13104_13111": 0.0006333813829554885, "13104_13112": 0.00338531428821037, "13104_13113": 0.02296085515847015, "13104_13114": 0.019166807071406732, "13104_13115": 0.005154414013017079, "13104_13116": 0.014820500340091481, "13104_13117": 0.0016193346687384167, "13104_13118": 0.00055225864425183, "13104_13119": 0.00215287268098171, "13104_13120": 0.004227742728594518, "13104_13121": 0.0008892300204054889, "13104_13122": 0.00035881211349695166, "13104_13123": 0.0007269845429981717, "13105_13101": 0.012265134070926234, "13105_13102": 0.0012886035032542698, "13105_13103": 0.0014539690859963433, "13105_13104": 0.007787782915551229, "13105_13106": 0.008305720401120742, "13105_13107": 0.0006739427523073179, "13105_13108": 0.0008455485457189034, "13105_13109": 0.0002402481107762198, "13105_13110": 0.00011232379205121964, "13105_13111": 0.00014040474006402455, "13105_13112": 0.0002371280054414637, "13105_13113": 0.0005491385389170738, "13105_13114": 0.00033073116548414675, "13105_13115": 0.00015912537207256116, "13105_13116": 0.014545931070632944, "13105_13117": 0.004393108311336591, "13105_13118": 0.002274556789037198, "13105_13119": 0.0018720632008536607, "13105_13120": 0.0008361882297146352, "13105_13121": 0.0012106008698853673, "13105_13122": 0.0004087337988530493, "13105_13123": 0.0002808094801280491, "13106_13101": 0.010717561824887208, "13106_13102": 0.004165340621899396, "13106_13103": 0.002343199106401832, "13106_13104": 0.001322924661936587, "13106_13105": 0.007063918477887813, "13106_13107": 0.010421151818085379, "13106_13108": 0.001572533088717075, "13106_13109": 0.0005959401189384153, "13106_13110": 8.424284403841473e-05, "13106_13111": 0.0004492951682048786, "13106_13112": 0.00014352484539878067, "13106_13113": 0.000739464964337196, "13106_13114": 0.00014352484539878067, "13106_13115": 0.00014040474006402455, "13106_13116": 0.0009953136017871963, "13106_13117": 0.0023338387903975638, "13106_13118": 0.012611465763084162, "13106_13119": 0.00040249358818353706, "13106_13120": 0.00017472589874634168, "13106_13121": 0.0044399098913579325, "13106_13122": 0.002177833523659759, "13106_13123": 0.0007831464390237815, "13107_13101": 0.0035163587122701264, "13107_13102": 0.004989048430275006, "13107_13103": 0.0016786166700987826, "13107_13104": 0.0008705093883969523, "13107_13105": 0.0006396215936250008, "13107_13106": 0.008106033659696352, "13107_13108": 0.014340004118539041, "13107_13109": 0.0005460184335823177, "13107_13110": 6.240210669512203e-05, "13107_13111": 0.0002901697961323174, "13107_13112": 0.00015600526673780507, "13107_13113": 0.0004586554842091469, "13107_13114": 0.00014352484539878067, "13107_13115": 0.00013416452939451237, "13107_13116": 0.00024960842678048813, "13107_13117": 0.00035257190282743947, "13107_13118": 0.001382206663296953, "13107_13119": 0.00014352484539878067, "13107_13120": 7.488252803414643e-05, "13107_13121": 0.002439922371779271, "13107_13122": 0.00855532882790123, "13107_13123": 0.005572508127874397, "13108_13101": 0.006180928668151836, "13108_13102": 0.01598117952462075, "13108_13103": 0.0050077690622835425, "13108_13104": 0.001937585412883539, "13108_13105": 0.0008798697044012205, "13108_13106": 0.0016193346687384167, "13108_13107": 0.013974951794372577, "13108_13109": 0.002287037210376222, "13108_13110": 0.0002808094801280491, "13108_13111": 0.0018627028848493925, "13108_13112": 0.0005678591709256105, "13108_13113": 0.0011669193951987819, "13108_13114": 0.0003276110601493906, "13108_13115": 0.0002527285321152442, "13108_13116": 0.0006053004349426837, "13108_13117": 0.00035257190282743947, "13108_13118": 0.0004430549575353664, "13108_13119": 0.00033073116548414675, "13108_13120": 0.0002121671627634149, "13108_13121": 0.0011013971831689037, "13108_13122": 0.0013042040299280503, "13108_13123": 0.020539653418699417, "13109_13101": 0.002255836157028661, "13109_13102": 0.0017753399354762216, "13109_13103": 0.018561506636464047, "13109_13104": 0.0015475722460390263, "13109_13105": 0.0002277676894371954, "13109_13106": 0.0005148173802347568, "13109_13107": 0.00040249358818353706, "13109_13108": 0.0023587996330756127, "13109_13110": 0.008046751658335986, "13109_13111": 0.024012330656282957, "13109_13112": 0.0018876637275274414, "13109_13113": 0.003687964505681712, "13109_13114": 0.0002652089534542686, "13109_13115": 0.0004087337988530493, "13109_13116": 0.0006552221202987813, "13109_13117": 0.00033385127081890287, "13109_13118": 0.000246488321445732, "13109_13119": 0.00029641000680182965, "13109_13120": 0.00017472589874634168, "13109_13121": 0.0002277676894371954, "13109_13122": 0.0002246475841024393, "13109_13123": 0.0003619322188317078, "13110_13101": 0.0008174675977060986, "13110_13102": 0.0006645824363030496, "13110_13103": 0.0033634735508670773, "13110_13104": 0.0010233945498000013, "13110_13105": 8.736294937317084e-05, "13110_13106": 8.736294937317084e-05, "13110_13107": 4.056136935182932e-05, "13110_13108": 0.00030577032280609795, "13110_13109": 0.007157521637930497, "13110_13111": 0.004003095144492078, "13110_13112": 0.01815901304828051, "13110_13113": 0.010427392028754891, "13110_13114": 0.0002308877947719515, "13110_13115": 0.0004555353788743908,