{"13101_13102": 0.03290217056346152, "13101_13103": 0.030703556500233098, "13101_13104": 0.02353880069849949, "13101_13105": 0.015123620186951334, "13101_13106": 0.015599690258144552, "13101_13107": 0.004987871077854248, "13101_13108": 0.009448311827872025, "13101_13109": 0.004175983943993615, "13101_13110": 0.0012840064160812915, "13101_13111": 0.0035813902036236638, "13101_13112": 0.004681684932481016, "13101_13113": 0.007621071928064035, "13101_13114": 0.002413932062232828, "13101_13115": 0.0031211232883206776, "13101_13116": 0.004764651500904731, "13101_13117": 0.00429450761317035, "13101_13118": 0.0028979037113711606, "13101_13119": 0.0028011093815434943, "13101_13120": 0.0018489692391570596, "13101_13121": 0.00512812408638005, "13101_13122": 0.002558135859731188, "13101_13123": 0.004037706329954092, "13102_13101": 0.03619712856657475, "13102_13103": 0.021284875589655253, "13102_13104": 0.0037374463680396974, "13102_13105": 0.0018430430556982229, "13102_13106": 0.005971617532021144, "13102_13107": 0.006817086372148518, "13102_13108": 0.020083835741997676, "13102_13109": 0.0027517245193865213, "13102_13110": 0.0010627622336180536, "13102_13111": 0.0023763995669935285, "13102_13112": 0.0015210537544347606, "13102_13113": 0.003514226791090181, "13102_13114": 0.0011160978847475841, "13102_13115": 0.0006755849143073872, "13102_13116": 0.0013847515348815159, "13102_13117": 0.0010726392060494481, "13102_13118": 0.001204990636630135, "13102_13119": 0.0005906429513973941, "13102_13120": 0.0005649628230757683, "13102_13121": 0.002866297399590698, "13102_13122": 0.001732420964466604, "13102_13123": 0.0033087857645171742, "13103_13101": 0.0288486610776172, "13103_13102": 0.020769297628736458, "13103_13104": 0.010248346594814984, "13103_13105": 0.002194663274255869, "13103_13106": 0.004179934732966174, "13103_13107": 0.002562086648703746, "13103_13108": 0.007378098406251728, "13103_13109": 0.023234589947612537, "13103_13110": 0.004245122751013377, "13103_13111": 0.00994808663290059, "13103_13112": 0.004592792180598466, "13103_13113": 0.023436080185212985, "13103_13114": 0.0011753597193359514, "13103_13115": 0.0013235143058068697, "13103_13116": 0.0020070007980593726, "13103_13117": 0.002364547200075855, "13103_13118": 0.001532906121352434, "13103_13119": 0.0009560909313589924, "13103_13120": 0.0007921331889978429, "13103_13121": 0.0018884771288826378, "13103_13122": 0.001293883388512686, "13103_13123": 0.0018469938446707807, "13104_13101": 0.019755920257275378, "13104_13102": 0.003944862789098983, "13104_13103": 0.009402877754687611, "13104_13105": 0.008604818382230931, "13104_13106": 0.002176884723879359, "13104_13107": 0.001270178654677339, "13104_13108": 0.0027754292532218682, "13104_13109": 0.0026648071619902493, "13104_13110": 0.0015230291489210395, "13104_13111": 0.0010193035549199176, "13104_13112": 0.004699463482857527, "13104_13113": 0.025697906872002338, "13104_13114": 0.016646649335872375, "13104_13115": 0.006380524190680879, "13104_13116": 0.013491944341284954, "13104_13117": 0.002698388868256991, "13104_13118": 0.0009501647479001556, "13104_13119": 0.0026391270336686237, "13104_13120": 0.005347392874357009, "13104_13121": 0.0009975742155708496, "13104_13122": 0.0004227344200636867, "13104_13123": 0.001052885261186659, "13105_13101": 0.01369738536785796, "13105_13102": 0.0022875068151109778, "13105_13103": 0.002408005878773991, "13105_13104": 0.007318836571663361, "13105_13106": 0.007095616994713844, "13105_13107": 0.0008059609504017952, "13105_13108": 0.0014124070576894206, "13105_13109": 0.00044841454838531254, "13105_13110": 0.00016198234787487062, "13105_13111": 0.000240998127326027, "13105_13112": 0.00034964482407136705, "13105_13113": 0.0009462139589275978, "13105_13114": 0.0005037255940011221, "13105_13115": 0.0003200139067771834, "13105_13116": 0.011330862773295827, "13105_13117": 0.0036801599279376093, "13105_13118": 0.001955640541416121, "13105_13119": 0.0026608563730176915, "13105_13120": 0.001424259424607094, "13105_13121": 0.001643528212584053, "13105_13122": 0.0005452088782129792, "13105_13123": 0.0004780454656794962, "13106_13101": 0.012713638913691065, "13106_13102": 0.0057977828172286, "13106_13103": 0.00400412462368735, "13106_13104": 0.0020149023760044882, "13106_13105": 0.006151378430272526, "13106_13107": 0.008758899152160686, "13106_13108": 0.002370473383534692, "13106_13109": 0.0010785653895082849, "13106_13110": 0.0001204990636630135, "13106_13111": 0.0008830013353666727, "13106_13112": 0.0002429735218123059, "13106_13113": 0.0013254897002931486, "13106_13114": 0.00029038298948299977, "13106_13115": 0.00020544102657300663, "13106_13116": 0.0017620518817607876, "13106_13117": 0.0033245889204074055, "13106_13118": 0.010479467749709617, "13106_13119": 0.0006321262356092512, "13106_13120": 0.0002963091729418365, "13106_13121": 0.0054283840482944445, "13106_13122": 0.0025127017865467735, "13106_13123": 0.0011160978847475841, "13107_13101": 0.0051182471139486554, "13107_13102": 0.005511350616718158, "13107_13103": 0.002848518849214188, "13107_13104": 0.0012425231318694344, "13107_13105": 0.0008750997574215571, "13107_13106": 0.0077929312483702995, "13107_13108": 0.013721090101693308, "13107_13109": 0.0008197887118057476, "13107_13110": 9.284354085510877e-05, "13107_13111": 0.0004661930987618227, "13107_13112": 0.00028643220051044195, "13107_13113": 0.0009264600140648087, "13107_13114": 0.00017185932030626516, "13107_13115": 0.00018371168722393862, "13107_13116": 0.0003792757413655507, "13107_13117": 0.0005452088782129792, "13107_13118": 0.0012405477373831555, "13107_13119": 0.00014815458647091825, "13107_13120": 8.691735739627204e-05, "13107_13121": 0.0029769194908223174, "13107_13122": 0.006489170887426219, "13107_13123": 0.005365171424733519, "13108_13101": 0.010088339641426393, "13108_13102": 0.018260546631162243, "13108_13103": 0.00784626689949983, "13108_13104": 0.002978894885308596, "13108_13105": 0.0014756196812503457, "13108_13106": 0.0025107263920604943, "13108_13107": 0.01368355760645401, "13108_13109": 0.003050009086814637, "13108_13110": 0.00040693126417345543, "13108_13111": 0.002915682261747671, "13108_13112": 0.0007368221433820334, "13108_13113": 0.0021393522286400593, "13108_13114": 0.000657806363930877, "13108_13115": 0.00043261139249508126, "13108_13116": 0.001161531957931999, "13108_13117": 0.0005234795388639112, "13108_13118": 0.0006716341253348294, "13108_13119": 0.0004405129704401969, "13108_13120": 0.0002726044391064896, "13108_13121": 0.0013847515348815159, "13108_13122": 0.0018983541013140324, "13108_13123": 0.01783583681661228, "13109_13101": 0.004199688677828962, "13109_13102": 0.0031053201324304463, "13109_13103": 0.02241677663029307, "13109_13104": 0.0028445680602416303, "13109_13105": 0.0004622423097892649, "13109_13106": 0.0011457288020417678, "13109_13107": 0.0007387975378683123, "13109_13108": 0.002969017912877202, "13109_13110": 0.00844481142884234, "13109_13111": 0.024684529500541258, "13109_13112": 0.003022353564006732, "13109_13113": 0.0055409815340123425, "13109_13114": 0.0005570612451306526, "13109_13115": 0.0005827413734522784, "13109_13116": 0.001315612727861754, "13109_13117": 0.0007091666205741287, "13109_13118": 0.0003140877233183467, "13109_13119": 0.0005096517774599588, "13109_13120": 0.000240998127326027, "13109_13121": 0.00032594009023602014, "13109_13122": 0.0002765552280790474, "13109_13123": 0.0004918732270834486, "13110_13101": 0.0014874720481680192, "13110_13102": 0.0010825161784808427, "13110_13103": 0.004130549870809201, "13110_13104": 0.001532906121352434, "13110_13105": 0.00014617919198463934, "13110_13106": 0.00011457288020417677, "13110_13107": 8.296656842371422e-05, "13110_13108": 0.0003753249523929929, "13110_13109": 0.007794906642856579, "13110_13111": 0.003946838183585262, "13110_13112": 0.015303381085202714, "13110_13113": 0.010750096794329828, "13110_13114": 0.0003970542917420609, "13110_13115": 0.0006617571529034348, "13110_13116": 0.0005669382175620472,