{"13101_13102": 0.027411093594686825, "13101_13103": 0.02455253977600081, "13101_13104": 0.02316283310224316, "13101_13105": 0.015549519775620937, "13101_13106": 0.015419729402900973, "13101_13107": 0.0035898117723033676, "13101_13108": 0.0060779881859104636, "13101_13109": 0.002279245569716424, "13101_13110": 0.000889538895958771, "13101_13111": 0.0017727465542238853, "13101_13112": 0.0027255978271192235, "13101_13113": 0.00438121648401046, "13101_13114": 0.0014878408580093322, "13101_13115": 0.0018930400704033632, "13101_13116": 0.0027667508721279923, "13101_13117": 0.002548323171696835, "13101_13118": 0.0019500212096462738, "13101_13119": 0.0016556186568912356, "13101_13120": 0.0012852412518123168, "13101_13121": 0.002902872482541612, "13101_13122": 0.001604968755341982, "13101_13123": 0.0026053043109397454, "13102_13101": 0.031016733461224334, "13102_13103": 0.01653086161813773, "13102_13104": 0.002282411188563252, "13102_13105": 0.0012884068706591452, "13102_13106": 0.004966855970673707, "13102_13107": 0.007163795450372593, "13102_13108": 0.019310274965653036, "13102_13109": 0.0017252622715214598, "13102_13110": 0.000569811392429106, "13102_13111": 0.0014055347679917947, "13102_13112": 0.0008990357524992561, "13102_13113": 0.0016809436076658626, "13102_13114": 0.000414696068934516, "13102_13115": 0.0004115304500876876, "13102_13116": 0.0007185954782300392, "13102_13117": 0.0005223271097266805, "13102_13118": 0.0007375891913110094, "13102_13119": 0.0003988679747003742, "13102_13120": 0.00037670864277257563, "13102_13121": 0.001658784275738064, "13102_13122": 0.001095304121002615, "13102_13123": 0.0020576522504384383, "13103_13101": 0.023770631920834204, "13103_13102": 0.016037025078032504, "13103_13104": 0.009272097602360285, "13103_13105": 0.0016144656118824668, "13103_13106": 0.00219060824200523, "13103_13107": 0.001633459324963437, "13103_13108": 0.004694612749846468, "13103_13109": 0.021526208158432893, "13103_13110": 0.0037512583334916145, "13103_13111": 0.006144466181693859, "13103_13112": 0.00315928760913471, "13103_13113": 0.020415075943196137, "13103_13114": 0.0006964361463022407, "13103_13115": 0.0007850734740134349, "13103_13116": 0.001088972883308958, "13103_13117": 0.001174444592173324, "13103_13118": 0.0008103984247880619, "13103_13119": 0.0006679455766807853, "13103_13120": 0.0004241929254750011, "13103_13121": 0.0011776102110201522, "13103_13122": 0.0009465200352016816, "13103_13123": 0.0010541510759938461, "13104_13101": 0.01749954098526721, "13104_13102": 0.0025641512659309766, "13104_13103": 0.008053334346331365, "13104_13105": 0.009927380703653758, "13104_13106": 0.0014118660056854514, "13104_13107": 0.0009116982278865696, "13104_13108": 0.001969014922727244, "13104_13109": 0.0015194970464776159, "13104_13110": 0.0010098324121382489, "13104_13111": 0.0006552831012934719, "13104_13112": 0.0033270654080166133, "13104_13113": 0.022403084579004348, "13104_13114": 0.018753126048611242, "13104_13115": 0.0049541934952863935, "13104_13116": 0.014118660056854514, "13104_13117": 0.0017062685584404895, "13104_13118": 0.000569811392429106, "13104_13119": 0.002304570520491051, "13104_13120": 0.004226101160515869, "13104_13121": 0.0007755766174729498, "13104_13122": 0.0003862054993130607, "13104_13123": 0.0007470860478514945, "13105_13101": 0.01224777931837895, "13105_13102": 0.0014878408580093322, "13105_13103": 0.0015511532349458995, "13105_13104": 0.007670294465865132, "13105_13106": 0.00810081862903379, "13105_13107": 0.00063945500705933, "13105_13108": 0.0009085326090397411, "13105_13109": 0.0002564151265930977, "13105_13110": 0.00011079665963899283, "13105_13111": 0.00014561846695410486, "13105_13112": 0.0002627463642867544, "13105_13113": 0.0005571489170417925, "13105_13114": 0.00037670864277257563, "13105_13115": 0.0002057652250438438, "13105_13116": 0.013906563594117015, "13105_13117": 0.004422369529019228, "13105_13118": 0.0023077361393378792, "13105_13119": 0.001858218263088251, "13105_13120": 0.0009022013713460845, "13105_13121": 0.0013263942968210856, "13105_13122": 0.00038303988046623237, "13105_13123": 0.0003323899789169785, "13106_13101": 0.010782097792297416, "13106_13102": 0.0042166043039753845, "13106_13103": 0.0024058703235895584, "13106_13104": 0.0012567506821908616, "13106_13105": 0.006714277574122966, "13106_13107": 0.010278764395651705, "13106_13108": 0.001443522194153735, "13106_13109": 0.0006552831012934719, "13106_13110": 6.331237693656733e-05, "13106_13111": 0.0006141300562847031, "13106_13112": 0.00015511532349458997, "13106_13113": 0.0007059330028427257, "13106_13114": 0.00017727465542238853, "13106_13115": 0.00013612161041361975, "13106_13116": 0.0011776102110201522, "13106_13117": 0.002488176413607096, "13106_13118": 0.012975871653149474, "13106_13119": 0.00045901473279011314, "13106_13120": 0.00018360589311604525, "13106_13121": 0.004368554008623146, "13106_13122": 0.0019721805415740725, "13106_13123": 0.0007914047117070916, "13107_13101": 0.003523333776519972, "13107_13102": 0.0049541934952863935, "13107_13103": 0.0015574844726395562, "13107_13104": 0.0007977359494007484, "13107_13105": 0.0006489518635998151, "13107_13106": 0.008122977960961588, "13107_13108": 0.013954047876819439, "13107_13109": 0.0004906709212583968, "13107_13110": 7.914047117070916e-05, "13107_13111": 0.0003323899789169785, "13107_13112": 0.00020259960619701547, "13107_13113": 0.0004621803516369415, "13107_13114": 0.00014561846695410486, "13107_13115": 0.00015511532349458997, "13107_13116": 0.0002342557946652991, "13107_13117": 0.0002722432208272395, "13107_13118": 0.0013770441983703395, "13107_13119": 0.00011712789733264956, "13107_13120": 5.0649901549253867e-05, "13107_13121": 0.0022127675739330283, "13107_13122": 0.008259099571375208, "13107_13123": 0.005479686223859902, "13108_13101": 0.0059735227639651275, "13108_13102": 0.016119331168050043, "13108_13103": 0.004913040450277625, "13108_13104": 0.0017505872222960868, "13108_13105": 0.0008927045148055993, "13108_13106": 0.001573312566873698, "13108_13107": 0.013646982848677087, "13108_13109": 0.002348889184346648, "13108_13110": 0.0002279245569716424, "13108_13111": 0.002133627102762319, "13108_13112": 0.0006204612939783599, "13108_13113": 0.0010509854571470177, "13108_13114": 0.0003577149296916054, "13108_13115": 0.0003007337904486948, "13108_13116": 0.0005761426301227628, "13108_13117": 0.00043052416316865784, "13108_13118": 0.000414696068934516, "13108_13119": 0.00030706502814235154, "13108_13120": 0.0002469182700526126, "13108_13121": 0.0009686793671294801, "13108_13122": 0.0015068345710903025, "13108_13123": 0.02014916396006255, "13109_13101": 0.0021051365331408636, "13109_13102": 0.0018803775950160496, "13109_13103": 0.018692979290521505, "13109_13104": 0.001468847144928362, "13109_13105": 0.0002754088396740679, "13109_13106": 0.0005033333966457103, "13109_13107": 0.00043052416316865784, "13109_13108": 0.0022855768074100807, "13109_13110": 0.008072328059412335, "13109_13111": 0.02466966767333346, "13109_13112": 0.0017252622715214598, "13109_13113": 0.0035708180592223973, "13109_13114": 0.00035454931084477707, "13109_13115": 0.000414696068934516, "13109_13116": 0.000674276814374442, "13109_13117": 0.0004115304500876876, "13109_13118": 0.00018044027426921688, "13109_13119": 0.0003482180731511203, "13109_13120": 0.00018360589311604525, "13109_13121": 0.0002912369339082097, "13109_13122": 0.00022475893812481403, "13109_13123": 0.00032605874122332176, "13110_13101": 0.0008230609001753752, "13110_13102": 0.0006236269128251882, "13110_13103": 0.003263753031080046, "13110_13104": 0.0009465200352016816, "13110_13105": 0.00010763104079216446, "13110_13106": 7.280923347705243e-05, "13110_13107": 5.69811392429106e-05, "13110_13108": 0.00024058703235895585, "13110_13109": 0.0071701266880662504, "13110_13111": 0.0040836483124085925, "13110_13112": 0.017600840788365716, "13110_13113": 0.010262936301417565, "13110_13114": 0.0002722432208272395, "13110_13115": 0.0005001677777988819,