{"13101_13102": 0.033007120840891385, "13101_13103": 0.0293349654024171, "13101_13104": 0.02274159420669162, "13101_13105": 0.014173231516918289, "13101_13106": 0.015395270086629852, "13101_13107": 0.004839836444129483, "13101_13108": 0.009345474531467996, "13101_13109": 0.004127148382057172, "13101_13110": 0.0014837601744273833, "13101_13111": 0.0033439968110229087, "13101_13112": 0.004946538329129011, "13101_13113": 0.007207410345251061, "13101_13114": 0.002444077139423125, "13101_13115": 0.003134619527250252, "13101_13116": 0.004845876173469079, "13101_13117": 0.004380817014320198, "13101_13118": 0.002762169551308507, "13101_13119": 0.0028145138722516713, "13101_13120": 0.002089746351500168, "13101_13121": 0.005296842630825571, "13101_13122": 0.002679626583667364, "13101_13123": 0.0041976118910191235, "13102_13101": 0.0353183239348434, "13102_13103": 0.021155158633491104, "13102_13104": 0.0035634403103615583, "13102_13105": 0.0016991771875396358, "13102_13106": 0.006206828517991347, "13102_13107": 0.0068530795573281044, "13102_13108": 0.020514947323493942, "13102_13109": 0.0028567919776288425, "13102_13110": 0.0010509129050896798, "13102_13111": 0.0024823287585738992, "13102_13112": 0.0016468328665964716, "13102_13113": 0.002884977381213623, "13102_13114": 0.0009784361530145295, "13102_13115": 0.0007167145482987089, "13102_13116": 0.0013569258582958703, "13102_13117": 0.0011958664092399805, "13102_13118": 0.0012743828906547267, "13102_13119": 0.000610012663299182, "13102_13120": 0.00047713861782807304, "13102_13121": 0.003023891156024328, "13102_13122": 0.0018119188018787585, "13102_13123": 0.0032876260038533474, "13103_13101": 0.028624290583457987, "13103_13102": 0.021070602422736763, "13103_13104": 0.010279619335992156, "13103_13105": 0.0022669117454616468, "13103_13106": 0.004388869986772992, "13103_13107": 0.002679626583667364, "13103_13108": 0.007746959499588292, "13103_13109": 0.023037540944331816, "13103_13110": 0.004467386468187739, "13103_13111": 0.010217208799482999, "13103_13112": 0.00500492237941177, "13103_13113": 0.019198286327462045, "13103_13114": 0.0013951774774466441, "13103_13115": 0.001352899372069473, "13103_13116": 0.0021581966173489214, "13103_13117": 0.0025266201070642687, "13103_13118": 0.0016810579995208482, "13103_13119": 0.0010227275015048992, "13103_13120": 0.0008697210249018041, "13103_13121": 0.002127997970650942, "13103_13122": 0.0014233628810314247, "13103_13123": 0.001878355824614313, "13104_13101": 0.019508325766894635, "13104_13102": 0.003921797584510913, "13104_13103": 0.00931124939854362, "13104_13105": 0.008546217015528145, "13104_13106": 0.0021783290484809073, "13104_13107": 0.0013186742391450965, "13104_13108": 0.0025850041573470288, "13104_13109": 0.0027460636064029183, "13104_13110": 0.0015582501696157322, "13104_13111": 0.0009885023685805227, "13104_13112": 0.004702935912431977, "13104_13113": 0.024895764337814142, "13104_13114": 0.01675622243115212, "13104_13115": 0.0064423779622355855, "13104_13116": 0.013142451042960595, "13104_13117": 0.0027078119872521447, "13104_13118": 0.0008214031901850372, "13104_13119": 0.002754116578855713, "13104_13120": 0.005365292896674324, "13104_13121": 0.0009965553410333171, "13104_13122": 0.0004026486226397241, "13104_13123": 0.0009381712907505572, "13105_13101": 0.013271298602205307, "13105_13102": 0.002085719865273771, "13105_13103": 0.0024702492998947075, "13105_13104": 0.007616098697230381, "13105_13106": 0.006714165782517399, "13105_13107": 0.0008234164332982358, "13105_13108": 0.0013086080235791032, "13105_13109": 0.00034829105858336134, "13105_13110": 0.00015703296282949241, "13105_13111": 0.0002576951184894234, "13105_13112": 0.00033621159990416963, "13105_13113": 0.0008616680524490095, "13105_13114": 0.0005234432094316414, "13105_13115": 0.00028990700830060136, "13105_13116": 0.010915804159762921, "13105_13117": 0.00369228786960627, "13105_13118": 0.0018159452881051556, "13105_13119": 0.0026534544231957818, "13105_13120": 0.0012743828906547267, "13105_13121": 0.0015723428714081225, "13105_13122": 0.0005536418561296207, "13105_13123": 0.00046505915914888134, "13106_13101": 0.012647193237113734, "13106_13102": 0.006152470953934984, "13106_13103": 0.00411506892337798, "13106_13104": 0.001962912035368655, "13106_13105": 0.006224947706010135, "13106_13107": 0.009039461578261807, "13106_13108": 0.0023514679562159886, "13106_13109": 0.001119363170938433, "13106_13110": 0.00011475485745232136, "13106_13111": 0.0008193899470718386, "13106_13112": 0.00022145674245184827, "13106_13113": 0.0008334826488642289, "13106_13114": 0.00032211889811177926, "13106_13115": 0.00019931106820666344, "13106_13116": 0.0017253493480112179, "13106_13117": 0.003150725472155841, "13106_13118": 0.009965553410333172, "13106_13119": 0.0006361848237707641, "13106_13120": 0.00031406592565898483, "13106_13121": 0.005333081006863145, "13106_13122": 0.002731970904610528, "13106_13123": 0.001034806960184091, "13107_13101": 0.004926405897997025, "13107_13102": 0.005365292896674324, "13107_13103": 0.0028346463033836577, "13107_13104": 0.0012482107301831447, "13107_13105": 0.0008878402129205916, "13107_13106": 0.00804290623722849, "13107_13108": 0.014046397200786775, "13107_13109": 0.000785164814147462, "13107_13110": 9.462242632033517e-05, "13107_13111": 0.00043284726933770344, "13107_13112": 0.0002677613340554165, "13107_13113": 0.0008234164332982358, "13107_13114": 0.00013891377481070483, "13107_13115": 0.00017112566462188276, "13107_13116": 0.0003724499759417448, "13107_13117": 0.0005637080716956138, "13107_13118": 0.0012723696475415282, "13107_13119": 0.00014897999037669793, "13107_13120": 4.831783471676689e-05, "13107_13121": 0.0028467257620628495, "13107_13122": 0.006412179315537606, "13107_13123": 0.004986803191392983, "13108_13101": 0.009792414502598091, "13108_13102": 0.018203744229541928, "13108_13103": 0.007908018948644182, "13108_13104": 0.0028588052207420413, "13108_13105": 0.0014253761241446233, "13108_13106": 0.0024823287585738992, "13108_13107": 0.013909496669089269, "13108_13109": 0.0031084473667786702, "13108_13110": 0.00044693997113009375, "13108_13111": 0.002709825230365343, "13108_13112": 0.0007066483327327158, "13108_13113": 0.0019347266317838742, "13108_13114": 0.0005556550992428193, "13108_13115": 0.000392582407073731, "13108_13116": 0.001097217496693248, "13108_13117": 0.0004952578058468606, "13108_13118": 0.0006442377962235585, "13108_13119": 0.00047713861782807304, "13108_13120": 0.00026977457716861517, "13108_13121": 0.0015582501696157322, "13108_13122": 0.0019810312233874425, "13108_13123": 0.017682314263223486, "13109_13101": 0.0040063537952652545, "13109_13102": 0.0030399971009299168, "13109_13103": 0.02212554181405284, "13109_13104": 0.0026011101022526176, "13109_13105": 0.00044895321424329236, "13109_13106": 0.0010811115517876592, "13109_13107": 0.000752952924336284, "13109_13108": 0.0029272554865907943, "13109_13110": 0.008320733786849898, "13109_13111": 0.02443271842177846, "13109_13112": 0.0027460636064029183, "13109_13113": 0.005500180185258632, "13109_13114": 0.0005596815854692165, "13109_13115": 0.0006643702273555447, "13109_13116": 0.0012904888355603158, "13109_13117": 0.0006744364429215379, "13109_13118": 0.00035030430169655995, "13109_13119": 0.0005033107782996552, "13109_13120": 0.0002556818753762248, "13109_13121": 0.00033822484301736824, "13109_13122": 0.00029192025141379997, "13109_13123": 0.0005435756405636276, "13110_13101": 0.0015159720642385613, "13110_13102": 0.0010811115517876592, "13110_13103": 0.004010380281491652, "13110_13104": 0.0016005282749929034, "13110_13105": 0.00014092701792390344, "13110_13106": 0.0001369005316975062, "13110_13107": 9.059594009393793e-05, "13110_13108": 0.000376476462168142, "13110_13109": 0.007736893284022299, "13110_13111": 0.003919784341397714, "13110_13112": 0.015000674436442922, "13110_13113": 0.010613817692783127, "13110_13114": 0.0003845294346209365, "13110_13115": 0.0006180656357519765,