{"13101_13102": 0.01048375933359933, "13101_13103": 0.0072714540465275345, "13101_13104": 0.007568663534431515, "13101_13105": 0.005789477969855629, "13101_13106": 0.006359468768575593, "13101_13107": 0.00171811512185589, "13101_13108": 0.0025201736029118386, "13101_13109": 0.0009201280036479411, "13101_13110": 0.0003623512934719768, "13101_13111": 0.0007328453126399531, "13101_13112": 0.0009730557206719377, "13101_13113": 0.001954254167039875, "13101_13114": 0.0006351326042879594, "13101_13115": 0.0006921316841599557, "13101_13116": 0.0011481243231359266, "13101_13117": 0.0009974838977599362, "13101_13118": 0.0007328453126399531, "13101_13119": 0.0006595607813759578, "13101_13120": 0.0003989935591039745, "13101_13121": 0.001046340251935933, "13101_13122": 0.0007409880383359526, "13101_13123": 0.0010219120748479345, "13102_13101": 0.010854253352767306, "13102_13103": 0.006192542891807604, "13102_13104": 0.0009160566407999414, "13102_13105": 0.000561848073023964, "13102_13106": 0.0020193959726078708, "13102_13107": 0.002874382170687816, "13102_13108": 0.009030282796863421, "13102_13109": 0.0006677035070719573, "13102_13110": 0.00024835313372798413, "13102_13111": 0.0005577767101759643, "13102_13112": 0.0003704940191679763, "13102_13113": 0.0007369166754879528, "13102_13114": 0.0002076395052479867, "13102_13115": 0.00017099723961598907, "13102_13116": 0.0003053522135999805, "13102_13117": 0.00020356814239998698, "13102_13118": 0.0002361390451839849, "13102_13119": 0.00016285451391998958, "13102_13120": 0.00013842633683199115, "13102_13121": 0.000671774869919957, "13102_13122": 0.0003867794705599752, "13102_13123": 0.0009364134550399401, "13103_13101": 0.007279596772223534, "13103_13102": 0.0058179775097916275, "13103_13104": 0.0035258002263677743, "13103_13105": 0.0006269898785919599, "13103_13106": 0.0009079139151039419, "13103_13107": 0.0007247025869439536, "13103_13108": 0.0025242449657598386, "13103_13109": 0.008574290157887451, "13103_13110": 0.0015552606079359006, "13103_13111": 0.0025608872313918362, "13103_13112": 0.001518618342303903, "13103_13113": 0.008203796138719474, "13103_13114": 0.0003094235764479802, "13103_13115": 0.0003704940191679763, "13103_13116": 0.000517063081695967, "13103_13117": 0.0003827081077119755, "13103_13118": 0.0002768526736639823, "13103_13119": 0.0002687099479679828, "13103_13120": 0.00015064042537599035, "13103_13121": 0.0004641353646719703, "13103_13122": 0.00034606584207997785, "13103_13123": 0.00045192127612797106, "13104_13101": 0.006310612414399596, "13104_13102": 0.0010422688890879333, "13104_13103": 0.0032896611811837895, "13104_13105": 0.004242360087615729, "13104_13106": 0.0008346293838399466, "13104_13107": 0.00048042081606396923, "13104_13108": 0.0008264866581439471, "13104_13109": 0.0006514180556799583, "13104_13110": 0.0005211344445439667, "13104_13111": 0.0003053522135999805, "13104_13112": 0.0018809696357758796, "13104_13113": 0.01172145363939125, "13104_13114": 0.010194692571391347, "13104_13115": 0.0027237417453118257, "13104_13116": 0.007617519888607513, "13104_13117": 0.0007898443925119494, "13104_13118": 0.00028499539935998173, "13104_13119": 0.0011033393318079293, "13104_13120": 0.001978682344127873, "13104_13121": 0.00035420856777597734, "13104_13122": 0.00016285451391998958, "13104_13123": 0.00041935037334397317, "13105_13101": 0.004722780903679698, "13105_13102": 0.0005659194358719638, "13105_13103": 0.0005537053473279646, "13105_13104": 0.0037578679087037596, "13105_13106": 0.004246431450463728, "13105_13107": 0.0003949221962559747, "13105_13108": 0.00048042081606396923, "13105_13109": 0.00013028361113599167, "13105_13110": 4.0713628479997395e-05, "13105_13111": 7.32845312639953e-05, "13105_13112": 0.00012621224828799192, "13105_13113": 0.00026056722227198333, "13105_13114": 0.00016285451391998958, "13105_13115": 0.00010992679689599296, "13105_13116": 0.006485681016863585, "13105_13117": 0.0021333941323518637, "13105_13118": 0.0011359102345919272, "13105_13119": 0.000797987118207949, "13105_13120": 0.0003827081077119755, "13105_13121": 0.0005903476129599623, "13105_13122": 0.00021578223094398619, "13105_13123": 0.00019135405385598776, "13106_13101": 0.005211344445439667, "13106_13102": 0.0019176119014078772, "13106_13103": 0.0008387007466879463, "13106_13104": 0.0007857730296639497, "13106_13105": 0.004095791025087738, "13106_13107": 0.006107044271999609, "13106_13108": 0.001001555260607936, "13106_13109": 0.0002931381250559812, "13106_13110": 3.664226563199765e-05, "13106_13111": 0.00023206768233598516, "13106_13112": 5.6999079871996354e-05, "13106_13113": 0.00045599263897597083, "13106_13114": 0.0001343549739839914, "13106_13115": 8.549861980799453e-05, "13106_13116": 0.0007694875782719507, "13106_13117": 0.0011806952259199245, "13106_13118": 0.006603750539455578, "13106_13119": 0.00019949677955198724, "13106_13120": 0.00013842633683199115, "13106_13121": 0.002361390451839849, "13106_13122": 0.001111482057503929, "13106_13123": 0.00040713628479997397, "13107_13101": 0.0015634033336319, "13107_13102": 0.0020763950524798672, "13107_13103": 0.0006677035070719573, "13107_13104": 0.00043970718758397186, "13107_13105": 0.0003623512934719768, "13107_13106": 0.005260200799615663, "13107_13108": 0.009661344038303382, "13107_13109": 0.00021985359379198593, "13107_13110": 3.2570902783997916e-05, "13107_13111": 0.00012621224828799192, "13107_13112": 0.00010585543404799322, "13107_13113": 0.00028499539935998173, "13107_13114": 8.142725695999479e-05, "13107_13115": 5.6999079871996354e-05, "13107_13116": 0.0001547117882239901, "13107_13117": 0.00018321132815998827, "13107_13118": 0.0009852698092159369, "13107_13119": 0.00010178407119999349, "13107_13120": 5.6999079871996354e-05, "13107_13121": 0.001514546979455903, "13107_13122": 0.004511070035583711, "13107_13123": 0.003139020755807799, "13108_13101": 0.002512030877215839, "13108_13102": 0.007825159393855498, "13108_13103": 0.002532387691455838, "13108_13104": 0.0009771270835199374, "13108_13105": 0.0004926349046079684, "13108_13106": 0.0010219120748479345, "13108_13107": 0.009079139151039419, "13108_13109": 0.0011033393318079293, "13108_13110": 0.0001343549739839914, "13108_13111": 0.0009445561807359396, "13108_13112": 0.000297209487903981, "13108_13113": 0.0005659194358719638, "13108_13114": 0.00017506860246398878, "13108_13115": 0.00017099723961598907, "13108_13116": 0.0003053522135999805, "13108_13117": 0.00021578223094398619, "13108_13118": 0.00016285451391998958, "13108_13119": 0.00015064042537599035, "13108_13120": 8.142725695999479e-05, "13108_13121": 0.0005699907987199635, "13108_13122": 0.0007532021268799518, "13108_13123": 0.01218966036691122, "13109_13101": 0.0007206312240959539, "13109_13102": 0.0007409880383359526, "13109_13103": 0.007605305800063513, "13109_13104": 0.0007369166754879528, "13109_13105": 0.00010585543404799322, "13109_13106": 0.00032570902783997916, "13109_13107": 0.00015064042537599035, "13109_13108": 0.001001555260607936, "13109_13110": 0.0046902100008956995, "13109_13111": 0.012059376755775229, "13109_13112": 0.000859057560927945, "13109_13113": 0.001701829670463891, "13109_13114": 0.0001465690625279906, "13109_13115": 0.00015064042537599035, "13109_13116": 0.0003297803906879789, "13109_13117": 0.00015064042537599035, "13109_13118": 8.549861980799453e-05, "13109_13119": 0.00015064042537599035, "13109_13120": 7.32845312639953e-05, "13109_13121": 0.000187282691007988, "13109_13122": 7.735589411199505e-05, "13109_13123": 0.00016285451391998958, "13110_13101": 0.00035420856777597734, "13110_13102": 0.00021985359379198593, "13110_13103": 0.0016855442190718921, "13110_13104": 0.0004763494532159695, "13110_13105": 3.664226563199765e-05, "13110_13106": 4.8856354175996875e-05, "13110_13107": 2.0356814239998698e-05, "13110_13108": 0.00014249769967999087, "13110_13109": 0.004482570495647713, "13110_13111": 0.002577172682783835, "13110_13112": 0.010650685210367319, "13110_13113": 0.005557410287519644,