{"13101_13102": 0.012567617132183448, "13101_13103": 0.010488397908150005, "13101_13104": 0.009290903658794297, "13101_13105": 0.0062182257167355285, "13101_13106": 0.007027080858795267, "13101_13107": 0.0026816098403421966, "13101_13108": 0.004651524315448647, "13101_13109": 0.0019456245309004525, "13101_13110": 0.0006509705047207506, "13101_13111": 0.0017877398935614644, "13101_13112": 0.0021302281068660387, "13101_13113": 0.0036750685583675216, "13101_13114": 0.0012436451433471057, "13101_13115": 0.0014331067081538914, "13101_13116": 0.0023269766549346236, "13101_13117": 0.0019504825197416522, "13101_13118": 0.0015205505072954848, "13101_13119": 0.0013918138030036946, "13101_13120": 0.0008307160918451371, "13101_13121": 0.0025868790579388038, "13101_13122": 0.0013043700038621012, "13101_13123": 0.0022273878836900312, "13102_13101": 0.014022584790122737, "13102_13103": 0.0092398947759617, "13102_13104": 0.002057358274248044, "13102_13105": 0.000884153969098333, "13102_13106": 0.002892932354934381, "13102_13107": 0.0033568702892689457, "13102_13108": 0.01093290388711977, "13102_13109": 0.0012970830206003017, "13102_13110": 0.0005513817334761582, "13102_13111": 0.001253361121029505, "13102_13112": 0.0008355740806863367, "13102_13113": 0.001634713245063676, "13102_13114": 0.0004372189957079669, "13102_13115": 0.00031334028025737623, "13102_13116": 0.0005999616218881546, "13102_13117": 0.0005635267055791572, "13102_13118": 0.0005999616218881546, "13102_13119": 0.0003181982690985759, "13102_13120": 0.00026718938626597974, "13102_13121": 0.0014525386635186898, "13102_13122": 0.000976455757081126, "13102_13123": 0.0019674854806858507, "13103_13101": 0.009985596063085843, "13103_13102": 0.008887690584974727, "13103_13104": 0.005280633870384, "13103_13105": 0.0011902072660939097, "13103_13106": 0.002093793190557041, "13103_13107": 0.0013820978253212951, "13103_13108": 0.00422645029184368, "13103_13109": 0.011149084390553154, "13103_13110": 0.0026233139742478013, "13103_13111": 0.005501672362658583, "13103_13112": 0.0026014530244624027, "13103_13113": 0.01160087735278472, "13103_13114": 0.0006874054210297479, "13103_13115": 0.0006169645828323532, "13103_13116": 0.0010396096120167213, "13103_13117": 0.0010444676008579208, "13103_13118": 0.0008501480472099355, "13103_13119": 0.0006388255326177515, "13103_13120": 0.0004105000570813689, "13103_13121": 0.0009400208407721287, "13103_13122": 0.0006242515660941527, "13103_13123": 0.0009983167068665243, "13104_13101": 0.00843589762274316, "13104_13102": 0.002018494363518447, "13104_13103": 0.004943003645920626, "13104_13105": 0.004537361577680456, "13104_13106": 0.0014743996133040882, "13104_13107": 0.0008428610639481362, "13104_13108": 0.001622568272960677, "13104_13109": 0.0014598256467804893, "13104_13110": 0.001017748662231323, "13104_13111": 0.0006023906163087543, "13104_13112": 0.0034394560995693393, "13104_13113": 0.015725309878963208, "13104_13114": 0.01133854595535994, "13104_13115": 0.004729252136907842, "13104_13116": 0.009006711311584117, "13104_13117": 0.0014452516802568904, "13104_13118": 0.0005781006721027562, "13104_13119": 0.0018314617931322612, "13104_13120": 0.0034758910158783365, "13104_13121": 0.0006825474321885482, "13104_13122": 0.00034734620214577365, "13104_13123": 0.0007262693317593449, "13105_13101": 0.005608548117164975, "13105_13102": 0.0011149084390553155, "13105_13103": 0.0011683463163085115, "13105_13104": 0.004243453252787879, "13105_13106": 0.00448878168926846, "13105_13107": 0.0005295207836907599, "13105_13108": 0.0008015681587979392, "13105_13109": 0.00017488759828318675, "13105_13110": 0.00010201776566519227, "13105_13111": 0.00014331067081538914, "13105_13112": 0.00025261541974238086, "13105_13113": 0.0005926746386263551, "13105_13114": 0.00034248821330457404, "13105_13115": 0.00022346748669518305, "13105_13116": 0.006662731695705295, "13105_13117": 0.002190952967381034, "13105_13118": 0.0013383759257504985, "13105_13119": 0.0016541452004284747, "13105_13120": 0.0006533994991413505, "13105_13121": 0.0012144972102999078, "13105_13122": 0.00038863910729597053, "13105_13123": 0.0002866213416307783, "13106_13101": 0.006546139963516504, "13106_13102": 0.002822491516736986, "13106_13103": 0.0018484647540764599, "13106_13104": 0.0013165149759651002, "13106_13105": 0.004284746157938075, "13106_13107": 0.005698420910727168, "13106_13108": 0.001569130395707481, "13106_13109": 0.0006242515660941527, "13106_13110": 9.2301787982793e-05, "13106_13111": 0.0005659556999997571, "13106_13112": 0.0001821745815449862, "13106_13113": 0.0008064261476391388, "13106_13114": 0.00019189055922738546, "13106_13115": 8.501480472099356e-05, "13106_13116": 0.001241216148926506, "13106_13117": 0.0018096008433468628, "13106_13118": 0.006915347115447676, "13106_13119": 0.00045422195665216557, "13106_13120": 0.00023804145321878196, "13106_13121": 0.0039616898999983, "13106_13122": 0.0018314617931322612, "13106_13123": 0.0008039971532185391, "13107_13101": 0.002613597996565402, "13107_13102": 0.002917222299140379, "13107_13103": 0.0012557901154501049, "13107_13104": 0.0008112841364803385, "13107_13105": 0.0006023906163087543, "13107_13106": 0.005414228563516989, "13107_13108": 0.010461678969523406, "13107_13109": 0.00039592609055777, "13107_13110": 6.558284935619503e-05, "13107_13111": 0.00029390832489257774, "13107_13112": 0.0002137515090127838, "13107_13113": 0.0005076598339053615, "13107_13114": 0.0001360236875535897, "13107_13115": 0.00013116569871239007, "13107_13116": 0.0002744763695277792, "13107_13117": 0.0003230562579397755, "13107_13118": 0.0010323226287549218, "13107_13119": 0.0001530266484977884, "13107_13120": 3.6434916308997236e-05, "13107_13121": 0.0023488376047200218, "13107_13122": 0.004534932583259856, "13107_13123": 0.003973834872101299, "13108_13101": 0.0046782432540752455, "13108_13102": 0.010262501427034222, "13108_13103": 0.004158438448066885, "13108_13104": 0.0016298552562224765, "13108_13105": 0.0007942811755361397, "13108_13106": 0.0016760061502138729, "13108_13107": 0.010075468856648036, "13108_13109": 0.0016565741948490744, "13108_13110": 0.00023075446995698252, "13108_13111": 0.0019213345866944543, "13108_13112": 0.0005100888283259613, "13108_13113": 0.0013286599480680993, "13108_13114": 0.00033763022446337443, "13108_13115": 0.00029390832489257774, "13108_13116": 0.0005829586609439558, "13108_13117": 0.00030119530815437716, "13108_13118": 0.00041535804592256854, "13108_13119": 0.0003060532969955768, "13108_13120": 0.00018946156480678563, "13108_13121": 0.0010711865394845187, "13108_13122": 0.0015642724068662813, "13108_13123": 0.012970830206003018, "13109_13101": 0.0017804529102996652, "13109_13102": 0.0014088167639478932, "13109_13103": 0.010787164221883782, "13109_13104": 0.0015885623510722795, "13109_13105": 0.00021860949785398344, "13109_13106": 0.0006218225716735529, "13109_13107": 0.0003934970961371702, "13109_13108": 0.0016711481613726734, "13109_13110": 0.005744571804718565, "13109_13111": 0.015543135297418222, "13109_13112": 0.0018776126871236577, "13109_13113": 0.0031188288360501637, "13109_13114": 0.0003157692746779761, "13109_13115": 0.00034005921888397424, "13109_13116": 0.0006801184377679485, "13109_13117": 0.0003619201686693726, "13109_13118": 0.00019431955364798527, "13109_13119": 0.0003230562579397755, "13109_13120": 0.0001408816763947893, "13109_13121": 0.0002137515090127838, "13109_13122": 0.0001554556429183882, "13109_13123": 0.00034248821330457404, "13110_13101": 0.0005635267055791572, "13110_13102": 0.0005756716776821564, "13110_13103": 0.0023804145321878194, "13110_13104": 0.0010736155339051187, "13110_13105": 0.00010930474892699172, "13110_13106": 0.0001068757545063919, "13110_13107": 7.044083819739465e-05, "13110_13108": 0.00023075446995698252, "13110_13109": 0.00554539426222938, "13110_13111": 0.003021669059226171, "13110_13112": 0.01136526489398654, "13110_13113": 0.007056228791842465, "13110_13114": 0.0002866213416307783,