{"13101_13102": 0.029836541033691412, "13101_13103": 0.027890802089346304, "13101_13104": 0.024508989539189324, "13101_13105": 0.01762991538429048, "13101_13106": 0.01606994523209484, "13101_13107": 0.004009742773874724, "13101_13108": 0.006893153307896997, "13101_13109": 0.00252580004786912, "13101_13110": 0.0010165148464668366, "13101_13111": 0.0021963478677122783, "13101_13112": 0.003097413659594239, "13101_13113": 0.005110732538330494, "13101_13114": 0.0017232883269742492, "13101_13115": 0.0021822687147141227, "13101_13116": 0.0031199403043912876, "13101_13117": 0.0028665155504244864, "13101_13118": 0.002145662916918918, "13101_13119": 0.0017570782941698226, "13101_13120": 0.0013966519774170386, "13101_13121": 0.0034015233643544004, "13101_13122": 0.0017317358187731427, "13101_13123": 0.003035465386402354, "13102_13101": 0.033958917031551385, "13102_13103": 0.01854787615977023, "13102_13104": 0.002494825911273178, "13102_13105": 0.0013994678080166698, "13102_13106": 0.005381052275895082, "13102_13107": 0.0072423163022512565, "13102_13108": 0.02019795289115407, "13102_13109": 0.0019457389443451082, "13102_13110": 0.0006194827319188478, "13102_13111": 0.0013910203162177763, "13102_13112": 0.0009545665732749518, "13102_13113": 0.002055556337730722, "13102_13114": 0.0005068495079336027, "13102_13115": 0.0004561645571402424, "13102_13116": 0.0008729074858856491, "13102_13117": 0.0005772452729243809, "13102_13118": 0.0007828009066974531, "13102_13119": 0.0003660579779520464, "13102_13120": 0.00041111126754614445, "13102_13121": 0.001695130020977938, "13102_13122": 0.0011939121742435975, "13102_13123": 0.002232953665507483, "13103_13101": 0.026195672068368366, "13103_13102": 0.017646810367888267, "13103_13104": 0.010131358497472792, "13103_13105": 0.001852816534557281, "13103_13106": 0.002272375293902319, "13103_13107": 0.0016810508679797824, "13103_13108": 0.0053444464780998775, "13103_13109": 0.02377968941388486, "13103_13110": 0.004035085249271404, "13103_13111": 0.006482042040350852, "13103_13112": 0.003415602517352556, "13103_13113": 0.023638897883903304, "13103_13114": 0.0007264842947048305, "13103_13115": 0.0009489349120756895, "13103_13116": 0.001292466245230687, "13103_13117": 0.001407915299815563, "13103_13118": 0.0009968040322694187, "13103_13119": 0.0007687217536992974, "13103_13120": 0.0005040336773339715, "13103_13121": 0.001272755431033269, "13103_13122": 0.000870091655286018, "13103_13123": 0.001295282075830318, "13104_13101": 0.018145212384022977, "13104_13102": 0.003057992031199403, "13104_13103": 0.008968420459825138, "13104_13105": 0.01065228715840455, "13104_13106": 0.0017317358187731427, "13104_13107": 0.0009235924366790093, "13104_13108": 0.002204795359511172, "13104_13109": 0.0017767891083672407, "13104_13110": 0.0010615681360609346, "13104_13111": 0.0007659059230996664, "13104_13112": 0.0037366072057105045, "13104_13113": 0.024337223872611825, "13104_13114": 0.01984878989679981, "13104_13115": 0.0055866079096681545, "13104_13116": 0.015157616117814353, "13104_13117": 0.0017796049389668717, "13104_13118": 0.000715220972306306, "13104_13119": 0.00244977262167908, "13104_13120": 0.0047587537133766036, "13104_13121": 0.0008419333492897068, "13104_13122": 0.00039984794514761994, "13104_13123": 0.0008616441634871246, "13105_13101": 0.013318878736255226, "13105_13102": 0.0017007616821772002, "13105_13103": 0.001785236600166134, "13105_13104": 0.007982879749954243, "13105_13106": 0.009013473749419234, "13105_13107": 0.0006983259887085193, "13105_13108": 0.0009292240978782717, "13105_13109": 0.000312557196559055, "13105_13110": 0.00010981739338561392, "13105_13111": 0.0001914764807749166, "13105_13112": 0.0003463471637546285, "13105_13113": 0.0006532726991144213, "13105_13114": 0.00042237458994466895, "13105_13115": 0.00023371393976938346, "13105_13116": 0.015059062046827262, "13105_13117": 0.004896729412758529, "13105_13118": 0.0024272459768820307, "13105_13119": 0.0022442169879060077, "13105_13120": 0.0009827248792712631, "13105_13121": 0.0014614160812085545, "13105_13122": 0.0004815070325369226, "13105_13123": 0.0004195587593450378, "13106_13101": 0.011558984611485773, "13106_13102": 0.0046545679811902515, "13106_13103": 0.002517352556070227, "13106_13104": 0.001607839272389373, "13106_13105": 0.007295817083644248, "13106_13107": 0.010911343573570613, "13106_13108": 0.001785236600166134, "13106_13109": 0.0007208526335055683, "13106_13110": 8.729074858856491e-05, "13106_13111": 0.0005744294423247497, "13106_13112": 0.0001914764807749166, "13106_13113": 0.0008363016880904444, "13106_13114": 0.0001717656665774987, "13106_13115": 0.0001407915299815563, "13106_13116": 0.001182648851845073, "13106_13117": 0.0026637757472510455, "13106_13118": 0.013231587987666662, "13106_13119": 0.00045053289594098017, "13106_13120": 0.00022526644797049008, "13106_13121": 0.004730595407380292, "13106_13122": 0.002117504610922607, "13106_13123": 0.0008250383656919199, "13107_13101": 0.0036971855773156688, "13107_13102": 0.005333183155701353, "13107_13103": 0.001742999141171667, "13107_13104": 0.0009123291142804848, "13107_13105": 0.0007236684641051994, "13107_13106": 0.008591099159474567, "13107_13108": 0.01470145156067411, "13107_13109": 0.000602587748321061, "13107_13110": 0.00010981739338561392, "13107_13111": 0.0003660579779520464, "13107_13112": 0.0002280822785701212, "13107_13113": 0.0005209286609317584, "13107_13114": 0.0001070015627859828, "13107_13115": 0.0001295282075830318, "13107_13116": 0.0002815830599631126, "13107_13117": 0.0003435313331549974, "13107_13118": 0.0013910203162177763, "13107_13119": 0.00013515986878229406, "13107_13120": 5.0684950793360274e-05, "13107_13121": 0.002497641741872809, "13107_13122": 0.00889802469483436, "13107_13123": 0.005654187844059301, "13108_13101": 0.006769256761513227, "13108_13102": 0.016478240669041352, "13108_13103": 0.005412026412491024, "13108_13104": 0.0021484787475185493, "13108_13105": 0.0011038055950554015, "13108_13106": 0.0017908682613653963, "13108_13107": 0.014318498599124277, "13108_13109": 0.002339955228293466, "13108_13110": 0.00027595139876385036, "13108_13111": 0.002080898813127402, "13108_13112": 0.000667351852112577, "13108_13113": 0.0012643079392343757, "13108_13114": 0.0003829529615498332, "13108_13115": 0.0003322680107564729, "13108_13116": 0.0008560125022878624, "13108_13117": 0.0003773213003505709, "13108_13118": 0.0004843228631365537, "13108_13119": 0.0003238205189575795, "13108_13120": 0.00026468807636532586, "13108_13121": 0.0009573824038745829, "13108_13122": 0.0015149168626015458, "13108_13123": 0.021484787475185493, "13109_13101": 0.002480746758275022, "13109_13102": 0.002072451321328509, "13109_13103": 0.019998028918580258, "13109_13104": 0.0016894983597786758, "13109_13105": 0.00028721472116237487, "13109_13106": 0.0006786151745111015, "13109_13107": 0.00046742787953876693, "13109_13108": 0.0024835625888746534, "13109_13110": 0.008368648542103707, "13109_13111": 0.02617314542357132, "13109_13112": 0.0020105030481366243, "13109_13113": 0.003987216129077675, "13109_13114": 0.000380137130950202, "13109_13115": 0.0004308220817435623, "13109_13116": 0.0007884325678967154, "13109_13117": 0.00043645374294282456, "13109_13118": 0.0002168189561715967, "13109_13119": 0.0003435313331549974, "13109_13120": 0.00019429231137454772, "13109_13121": 0.0002815830599631126, "13109_13122": 0.0002703197375645881, "13109_13123": 0.0004336379123431934, "13110_13101": 0.0010643839666605657, "13110_13102": 0.0007039576499077815, "13110_13103": 0.003547946555535219, "13110_13104": 0.001115068917453926, "13110_13105": 0.00013515986878229406, "13110_13106": 7.602742619004041e-05, "13110_13107": 5.0684950793360274e-05, "13110_13108": 0.0002477930927675391, "13110_13109": 0.007326791220240191, "13110_13111": 0.004142086812057386, "13110_13112": 0.019465836935249975, "13110_13113": 0.010739577906993114, "13110_13114": 0.0002984780435608994, "13110_13115": 0.0005856927647232742,