{"13101_13102": 0.028119235911839104, "13101_13103": 0.02551104548349203, "13101_13104": 0.022007241026733952, "13101_13105": 0.016699522762043218, "13101_13106": 0.01487023745188929, "13101_13107": 0.004379121283392068, "13101_13108": 0.007124317823734025, "13101_13109": 0.002788328094118125, "13101_13110": 0.0010554544924050407, "13101_13111": 0.0023062695519138992, "13101_13112": 0.00342261564965, "13101_13113": 0.005325478316245627, "13101_13114": 0.001895251215929244, "13101_13115": 0.0025193901705726092, "13101_13116": 0.003214569331435545, "13101_13117": 0.00330083243898788, "13101_13118": 0.0023823840585777242, "13101_13119": 0.0020906117830330616, "13101_13120": 0.0015045300817216087, "13101_13121": 0.00405182890473762, "13101_13122": 0.0020753888817002966, "13101_13123": 0.0033236667909870275, "13102_13101": 0.03180317803436824, "13102_13103": 0.01766110269622954, "13102_13104": 0.0025701331750151595, "13102_13105": 0.0014715471288339512, "13102_13106": 0.005708587999786879, "13102_13107": 0.007137003574844663, "13102_13108": 0.020406299236571498, "13102_13109": 0.0020906117830330616, "13102_13110": 0.0007104020621957006, "13102_13111": 0.0018115252585990363, "13102_13112": 0.001243203608842476, "13102_13113": 0.0024534242647972944, "13102_13114": 0.000626676104865493, "13102_13115": 0.0006190646541991105, "13102_13116": 0.0009285969812986658, "13102_13117": 0.0007611450666382505, "13102_13118": 0.0010148600888510008, "13102_13119": 0.0004972814435369904, "13102_13120": 0.0004135554862067828, "13102_13121": 0.0022098578434730544, "13102_13122": 0.0014487127768348035, "13102_13123": 0.0027426593901198294, "13103_13101": 0.02384921208799852, "13103_13102": 0.017435296326460195, "13103_13104": 0.008945991683221572, "13103_13105": 0.0020347944781462565, "13103_13106": 0.003001448712776835, "13103_13107": 0.002006885825702854, "13103_13108": 0.005754256703785174, "13103_13109": 0.021626668493414828, "13103_13110": 0.0036839421225291326, "13103_13111": 0.007324752691282098, "13103_13112": 0.003612901916309563, "13103_13113": 0.021723080201855673, "13103_13114": 0.0009285969812986658, "13103_13115": 0.0010072486381846183, "13103_13116": 0.0014284155750577837, "13103_13117": 0.0017886909065998888, "13103_13118": 0.001207683505732691, "13103_13119": 0.0007027906115293181, "13103_13120": 0.000646973306642513, "13103_13121": 0.0015958674897181987, "13103_13122": 0.0010097857884067457, "13103_13123": 0.0014512499270569312, "13104_13101": 0.017161284102470423, "13104_13102": 0.0030496545669972575, "13104_13103": 0.007756068229043773, "13104_13105": 0.01004457772940278, "13104_13106": 0.0016237761421616012, "13104_13107": 0.0010757516941820608, "13104_13108": 0.0021718005901411415, "13104_13109": 0.0019383827697054114, "13104_13110": 0.001101123196403336, "13104_13111": 0.0007662193670825056, "13104_13112": 0.0036864792727512603, "13104_13113": 0.0231464214764692, "13104_13114": 0.01767125129711805, "13104_13115": 0.00563754779356731, "13104_13116": 0.014525185021679949, "13104_13117": 0.0021667262896968866, "13104_13118": 0.000626676104865493, "13104_13119": 0.0025270016212389917, "13104_13120": 0.004363898382059303, "13104_13121": 0.0009184483804101557, "13104_13122": 0.00043892698842805785, "13104_13123": 0.0009565056337420682, "13105_13101": 0.013248998459949816, "13105_13102": 0.0017176507003803189, "13105_13103": 0.0020931489332551892, "13105_13104": 0.0076393593188259085, "13105_13106": 0.008212755269026723, "13105_13107": 0.0007053277617514455, "13105_13108": 0.001162014801734396, "13105_13109": 0.00037296108265274277, "13105_13110": 0.0001344689617727576, "13105_13111": 0.0002613264728791327, "13105_13112": 0.0004084811857625278, "13105_13113": 0.0008321852728578207, "13105_13114": 0.00045922419020507786, "13105_13115": 0.00035012673065359527, "13105_13116": 0.013299741464392365, "13105_13117": 0.004759693816711194, "13105_13118": 0.002410292711021127, "13105_13119": 0.002232692195472202, "13105_13120": 0.0010757516941820608, "13105_13121": 0.0016161646914952187, "13105_13122": 0.0005251900959803929, "13105_13123": 0.00044146413865018533, "13106_13101": 0.011198981080470793, "13106_13102": 0.0050692261438107485, "13106_13103": 0.002971002910111305, "13106_13104": 0.0015781074381633062, "13106_13105": 0.0068097111961902155, "13106_13107": 0.009991297574738102, "13106_13108": 0.0020931489332551892, "13106_13109": 0.0008271109724135656, "13106_13110": 0.00010656030932935508, "13106_13111": 0.000667270508419533, "13106_13112": 0.0002613264728791327, "13106_13113": 0.0009818771359633432, "13106_13114": 0.00023849212087998517, "13106_13115": 0.00018013766577105263, "13106_13116": 0.001339615317283321, "13106_13117": 0.002587893226570052, "13106_13118": 0.012089520808437547, "13106_13119": 0.0005175786453140104, "13106_13120": 0.0002664007733233877, "13106_13121": 0.004721636563379281, "13106_13122": 0.002263137998137732, "13106_13123": 0.0010554544924050407, "13107_13101": 0.0038995998914099707, "13107_13102": 0.005211306556249889, "13107_13103": 0.0021058346843658266, "13107_13104": 0.0010630659430714232, "13107_13105": 0.0008321852728578207, "13107_13106": 0.008113806410363751, "13107_13108": 0.014631745331009303, "13107_13109": 0.0006317504053097479, "13107_13110": 7.104020621957005e-05, "13107_13111": 0.0003628124817642328, "13107_13112": 0.00027908652443402524, "13107_13113": 0.0006292132550876205, "13107_13114": 0.00014969186310552263, "13107_13115": 0.00016998906488254262, "13107_13116": 0.00030699517687742775, "13107_13117": 0.00043385268798380283, "13107_13118": 0.0013878211715037435, "13107_13119": 0.00017252621510467013, "13107_13120": 0.00010402315910722759, "13107_13121": 0.0026563962825674947, "13107_13122": 0.008131566461918644, "13107_13123": 0.005817685459338362, "13108_13101": 0.007339975592614863, "13108_13102": 0.01695323778425597, "13108_13103": 0.006238852396211528, "13108_13104": 0.0022555265474713494, "13108_13105": 0.0011721634026229059, "13108_13106": 0.002088074632810934, "13108_13107": 0.014598762378121646, "13108_13109": 0.002455961415019422, "13108_13110": 0.00030953232709955524, "13108_13111": 0.0023189553030245366, "13108_13112": 0.000728162113750593, "13108_13113": 0.0015451244852756486, "13108_13114": 0.0004135554862067828, "13108_13115": 0.0003754982328748703, "13108_13116": 0.0008499453244127131, "13108_13117": 0.00045668703998295033, "13108_13118": 0.0006444361564203855, "13108_13119": 0.00043385268798380283, "13108_13120": 0.0002587893226570052, "13108_13121": 0.0014030440728365085, "13108_13122": 0.0016643705457156414, "13108_13123": 0.019645154169933246, "13109_13101": 0.0027959395447845073, "13109_13102": 0.0022885095003590066, "13109_13103": 0.019373679096165605, "13109_13104": 0.0018419710612645663, "13109_13105": 0.0003475895804314678, "13109_13106": 0.0008321852728578207, "13109_13107": 0.0005302643964246479, "13109_13108": 0.0024204413119096367, "13109_13110": 0.008108732109919496, "13109_13111": 0.023757874680001928, "13109_13112": 0.0023291039039130467, "13109_13113": 0.004059440355404003, "13109_13114": 0.00042624123731742033, "13109_13115": 0.00044400128887231286, "13109_13116": 0.0008677053759676057, "13109_13117": 0.00044400128887231286, "13109_13118": 0.0002511778719906227, "13109_13119": 0.0003957954346518903, "13109_13120": 0.00020804631821445517, "13109_13121": 0.0003475895804314678, "13109_13122": 0.00019789771732594516, "13109_13123": 0.0004922071430927354, "13110_13101": 0.0011214203981803558, "13110_13102": 0.0007256249635284656, "13110_13103": 0.003552010310978503, "13110_13104": 0.0012026092052884359, "13110_13105": 0.00014969186310552263, "13110_13106": 9.133740799659007e-05, "13110_13107": 7.865165688595256e-05, "13110_13108": 0.00033236667909870274, "13110_13109": 0.007484593155276131, "13110_13111": 0.0039807886985180506, "13110_13112": 0.01703188944114192, "13110_13113": 0.010265309798727872, "13110_13114": 0.0003704239324306153, "13110_13115": 0.0005099671946476279,