{"13101_13102": 0.009578411546176977, "13101_13103": 0.007169567181123123, "13101_13104": 0.007592742542551503, "13101_13105": 0.005741350336302343, "13101_13106": 0.005936662041576979, "13101_13107": 0.0019978759852051385, "13101_13108": 0.002518707199270836, "13101_13109": 0.0009114546246149714, "13101_13110": 0.0003295885026509495, "13101_13111": 0.0007934538026782117, "13101_13112": 0.001135249286908826, "13101_13113": 0.002115876807141898, "13101_13114": 0.0007405568824996643, "13101_13115": 0.0007649708456589939, "13101_13116": 0.0010823523667302787, "13101_13117": 0.0008544887105765357, "13101_13118": 0.0007934538026782117, "13101_13119": 0.0004964172509063684, "13101_13120": 0.00041503737370860306, "13101_13121": 0.0012329051395461445, "13101_13122": 0.0005533831649448041, "13101_13123": 0.0011271112991890495, "13102_13101": 0.009757447276012061, "13102_13103": 0.005871558139818767, "13102_13104": 0.0010009724895325132, "13102_13105": 0.000504555238626145, "13102_13106": 0.00168863245185363, "13102_13107": 0.0024413963159329592, "13102_13108": 0.0080444008609991, "13102_13109": 0.000614418072843128, "13102_13110": 0.0002685535947526255, "13102_13111": 0.0005777971281041336, "13102_13112": 0.0004068993859888265, "13102_13113": 0.0007568328579392173, "13102_13114": 0.00019124271141474848, "13102_13115": 0.00015462176667575407, "13102_13116": 0.00035807145967016733, "13102_13117": 0.00015869076053564234, "13102_13118": 0.00027669158247240204, "13102_13119": 0.00015869076053564234, "13102_13120": 0.00013020780351642448, "13102_13121": 0.0007039359377606699, "13102_13122": 0.0003743474351097204, "13102_13123": 0.0008219367596974296, "13103_13101": 0.0070474973653264755, "13103_13102": 0.0055460386310277054, "13103_13104": 0.0034179548423061428, "13103_13105": 0.0005859351158239102, "13103_13106": 0.000874833679875977, "13103_13107": 0.0005859351158239102, "13103_13108": 0.0020955318378424567, "13103_13109": 0.007897917082043123, "13103_13110": 0.0016031835807959766, "13103_13111": 0.002571604119449384, "13103_13112": 0.001517734709738323, "13103_13113": 0.00809322878731776, "13103_13114": 0.00030924353335150815, "13103_13115": 0.0003540024658102791, "13103_13116": 0.0004475893245877092, "13103_13117": 0.0004231753614283796, "13103_13118": 0.00032551950879106123, "13103_13119": 0.00024413963159329593, "13103_13120": 0.0001871737175548602, "13103_13121": 0.00037841642896960866, "13103_13122": 0.0002929675579119551, "13103_13123": 0.0005411761833651394, "13104_13101": 0.006530735145120666, "13104_13102": 0.0010294554465517312, "13104_13103": 0.0031982291738721766, "13104_13105": 0.004593894067813852, "13104_13106": 0.0009155236184748598, "13104_13107": 0.0005167622202058097, "13104_13108": 0.000919592612334748, "13104_13109": 0.000720211913200223, "13104_13110": 0.0005493141710849158, "13104_13111": 0.00030924353335150815, "13104_13112": 0.0017903572983508369, "13104_13113": 0.011242630034871278, "13104_13114": 0.010184691631300329, "13104_13115": 0.002616363051908155, "13104_13116": 0.007625294493430609, "13104_13117": 0.0007446258763595526, "13104_13118": 0.0003173815210712847, "13104_13119": 0.0010253864526918429, "13104_13120": 0.00201822095450458, "13104_13121": 0.0003743474351097204, "13104_13122": 0.00015055277281586583, "13104_13123": 0.00041503737370860306, "13105_13101": 0.005147277232758656, "13105_13102": 0.0005004862447662566, "13105_13103": 0.0006795219746013404, "13105_13104": 0.003914372093212512, "13105_13106": 0.003955062031811394, "13105_13107": 0.000459796306167374, "13105_13108": 0.000459796306167374, "13105_13109": 0.00013427679737631275, "13105_13110": 5.6965914038435714e-05, "13105_13111": 0.00011393182807687143, "13105_13112": 0.00016682874825541888, "13105_13113": 0.00037841642896960866, "13105_13114": 0.00019124271141474848, "13105_13115": 0.00015055277281586583, "13105_13116": 0.006620253010038208, "13105_13117": 0.0020792558624029038, "13105_13118": 0.0011922152009472618, "13105_13119": 0.0007405568824996643, "13105_13120": 0.0004435203307278209, "13105_13121": 0.0006673149930216755, "13105_13122": 0.0002237946622938546, "13105_13123": 0.00016682874825541888, "13106_13101": 0.004919413576604913, "13106_13102": 0.0017130464150129597, "13106_13103": 0.0008382127351369827, "13106_13104": 0.0007405568824996643, "13106_13105": 0.0038858891361932936, "13106_13107": 0.005460589759970052, "13106_13108": 0.0008992476430353067, "13106_13109": 0.00035807145967016733, "13106_13110": 7.324188947798878e-05, "13106_13111": 0.00022786365615374285, "13106_13112": 0.00012613880965653624, "13106_13113": 0.0003662094473899439, "13106_13114": 0.00013834579123620102, "13106_13115": 0.00013834579123620102, "13106_13116": 0.0006957979500408933, "13106_13117": 0.00128987105358458, "13106_13118": 0.006298802495107035, "13106_13119": 0.00020344969299441326, "13106_13120": 8.951786491754183e-05, "13106_13121": 0.0022786365615374287, "13106_13122": 0.000996903495672625, "13106_13123": 0.000459796306167374, "13107_13101": 0.0015462176667575408, "13107_13102": 0.0019449790650265908, "13107_13103": 0.0005940731035436867, "13107_13104": 0.00046386530002726225, "13107_13105": 0.00048014127546681533, "13107_13106": 0.004858378668706589, "13107_13108": 0.008308885461891838, "13107_13109": 0.00022786365615374285, "13107_13110": 2.0344969299441327e-05, "13107_13111": 0.0001871737175548602, "13107_13112": 0.00011393182807687143, "13107_13113": 0.00027669158247240204, "13107_13114": 4.475893245877092e-05, "13107_13115": 0.00012613880965653624, "13107_13116": 0.00012613880965653624, "13107_13117": 0.00013020780351642448, "13107_13118": 0.0009724895325132954, "13107_13119": 7.731088333787704e-05, "13107_13120": 2.0344969299441327e-05, "13107_13121": 0.0012817330658648036, "13107_13122": 0.004231753614283796, "13107_13123": 0.003019193444037093, "13108_13101": 0.0024780172606719535, "13108_13102": 0.007531707634653179, "13108_13103": 0.0021809807089001104, "13108_13104": 0.0009562135570737424, "13108_13105": 0.000504555238626145, "13108_13106": 0.0010294554465517312, "13108_13107": 0.008182746652235302, "13108_13109": 0.0009358685877743011, "13108_13110": 0.00017903572983508367, "13108_13111": 0.0009846965140929602, "13108_13112": 0.0003662094473899439, "13108_13113": 0.0006184870667030163, "13108_13114": 0.00015462176667575407, "13108_13115": 0.0001180008219367597, "13108_13116": 0.0002482086254531842, "13108_13117": 0.00016682874825541888, "13108_13118": 0.00028076057633229034, "13108_13119": 0.00017903572983508367, "13108_13120": 0.00010172484649720663, "13108_13121": 0.0005208312140656979, "13108_13122": 0.0008178677658375414, "13108_13123": 0.011258906010310831, "13109_13101": 0.0009887655079528486, "13109_13102": 0.0007039359377606699, "13109_13103": 0.007246878064461001, "13109_13104": 0.0007080049316205582, "13109_13105": 0.00014648377895597756, "13109_13106": 0.00030110554563173166, "13109_13107": 0.00017496673597519542, "13109_13108": 0.0009521445632138541, "13109_13110": 0.004496238215176533, "13109_13111": 0.011873324083153959, "13109_13112": 0.0010213174588319545, "13109_13113": 0.0018513922062491609, "13109_13114": 0.00015055277281586583, "13109_13115": 0.0002115876807141898, "13109_13116": 0.0002685535947526255, "13109_13117": 0.00015869076053564234, "13109_13118": 8.951786491754183e-05, "13109_13119": 0.00015869076053564234, "13109_13120": 0.0001180008219367597, "13109_13121": 0.00015869076053564234, "13109_13122": 0.00013427679737631275, "13109_13123": 0.00016682874825541888, "13110_13101": 0.00033365749651083777, "13110_13102": 0.0002522776193130725, "13110_13103": 0.0015055277281586581, "13110_13104": 0.0005126932263459214, "13110_13105": 4.882792631865919e-05, "13110_13106": 5.289692017854745e-05, "13110_13107": 5.6965914038435714e-05, "13110_13108": 0.00012206981579664797, "13110_13109": 0.004150373737086031, "13110_13111": 0.0025227761931307245, "13110_13112": 0.010148070686561334, "13110_13113": 0.005749488324022119,