{"13101_13102": 0.01295135604635842, "13101_13103": 0.010095359373447329, "13101_13104": 0.009940782233934098, "13101_13105": 0.0074822696340570245, "13101_13106": 0.008001207173851436, "13101_13107": 0.002267131379527362, "13101_13108": 0.003724572980652095, "13101_13109": 0.0012439779322731305, "13101_13110": 0.0004710922347069843, "13101_13111": 0.0008538546754064091, "13101_13112": 0.001284462421193262, "13101_13113": 0.002568924842386524, "13101_13114": 0.0008354526349881675, "13101_13115": 0.0009016999804938371, "13101_13116": 0.0015494518032159407, "13101_13117": 0.0012881428292769103, "13101_13118": 0.0010121122230032865, "13101_13119": 0.0008501742673227607, "13101_13120": 0.0005520612125472472, "13101_13121": 0.001531049762797699, "13101_13122": 0.0008023289622353327, "13101_13123": 0.0014279983364555461, "13102_13101": 0.013742643784342808, "13102_13103": 0.007842949626254559, "13102_13104": 0.0013359881343643384, "13102_13105": 0.0007029579439768282, "13102_13106": 0.00268669790106327, "13102_13107": 0.003422779517792933, "13102_13108": 0.010709987523416597, "13102_13109": 0.0009789885502504518, "13102_13110": 0.00034963876794658993, "13102_13111": 0.0008170505945699259, "13102_13112": 0.0005152571317107641, "13102_13113": 0.000923782428995727, "13102_13114": 0.0002465873416044371, "13102_13115": 0.0002245048931025472, "13102_13116": 0.00045269019428874276, "13102_13117": 0.000198742036517009, "13102_13118": 0.00040852529728496295, "13102_13119": 0.0002465873416044371, "13102_13120": 0.00017665958801511912, "13102_13121": 0.0007397620248133113, "13102_13122": 0.0005631024367981922, "13102_13123": 0.0011998130352693507, "13103_13101": 0.010087998557280032, "13103_13102": 0.0077288569756614614, "13103_13104": 0.005082643563518323, "13103_13105": 0.0008023289622353327, "13103_13106": 0.0013175860939460967, "13103_13107": 0.0007655248813988495, "13103_13108": 0.003190913808523089, "13103_13109": 0.01083144099017699, "13103_13110": 0.002245048931025472, "13103_13111": 0.003286604418697945, "13103_13112": 0.00205366771067576, "13103_13113": 0.010989698537773868, "13103_13114": 0.0003901232568667214, "13103_13115": 0.0004232469296195562, "13103_13116": 0.0006955971278095316, "13103_13117": 0.0006624734550566967, "13103_13118": 0.0004894942751252259, "13103_13119": 0.00034963876794658993, "13103_13120": 0.0001950616284333607, "13103_13121": 0.0006587930469730484, "13103_13122": 0.0003901232568667214, "13103_13123": 0.0005410199882963023, "13104_13101": 0.00852014471364585, "13104_13102": 0.001461122009208381, "13104_13103": 0.004534262759054724, "13104_13105": 0.0053402721293737045, "13104_13106": 0.0010489163038397697, "13104_13107": 0.00067719508739129, "13104_13108": 0.0011961326271857024, "13104_13109": 0.0008575350834900574, "13104_13110": 0.0007692052894824978, "13104_13111": 0.0005520612125472472, "13104_13112": 0.0023885848462877565, "13104_13113": 0.014556013970829085, "13104_13114": 0.012465542179316842, "13104_13115": 0.0035552742088042722, "13104_13116": 0.009992307947105174, "13104_13117": 0.0010157926310869348, "13104_13118": 0.00037908203261577644, "13104_13119": 0.0013985550717863597, "13104_13120": 0.002944326466918652, "13104_13121": 0.0005447003963799506, "13104_13122": 0.00022818530118619553, "13104_13123": 0.0004968550912925225, "13105_13101": 0.0063303019038751015, "13105_13102": 0.0007250403924787181, "13105_13103": 0.0008685763077410023, "13105_13104": 0.00471828316323714, "13105_13106": 0.005244581519198849, "13105_13107": 0.0005042159074598191, "13105_13108": 0.0005815044772164337, "13105_13109": 0.0001950616284333607, "13105_13110": 6.256693742202135e-05, "13105_13111": 0.00010305142634215281, "13105_13112": 0.00020610285268430562, "13105_13113": 0.0004232469296195562, "13105_13114": 0.0002981130547755135, "13105_13115": 0.0001508967314295809, "13105_13116": 0.008586392059151519, "13105_13117": 0.002841275040576499, "13105_13118": 0.0014795240496266225, "13105_13119": 0.0010894007927599013, "13105_13120": 0.0004931746832088742, "13105_13121": 0.0007655248813988495, "13105_13122": 0.00018770081226606407, "13105_13123": 0.00029443264669186517, "13106_13101": 0.0064922398595556275, "13106_13102": 0.002510038313048151, "13106_13103": 0.0011777305867674607, "13106_13104": 0.0009789885502504518, "13106_13105": 0.004990633361427115, "13106_13107": 0.006981734134680853, "13106_13108": 0.001192452219102054, "13106_13109": 0.00037540162453212814, "13106_13110": 7.728856975661462e-05, "13106_13111": 0.000338597543695645, "13106_13112": 0.00014353591526228428, "13106_13113": 0.0005299787640453573, "13106_13114": 0.00013985550717863596, "13106_13115": 0.0001251338748440427, "13106_13116": 0.0008796175319919473, "13106_13117": 0.0016193795568052586, "13106_13118": 0.00803801125468792, "13106_13119": 0.0002723501981899753, "13106_13120": 0.00012881428292769103, "13106_13121": 0.0029921717720060802, "13106_13122": 0.0013764726232844697, "13106_13123": 0.0005778240691327854, "13107_13101": 0.0021199150561814293, "13107_13102": 0.0027161411657324564, "13107_13103": 0.0008538546754064091, "13107_13104": 0.0005925457014673787, "13107_13105": 0.0005189375397944124, "13107_13106": 0.006201487620947411, "13107_13108": 0.010838801806344287, "13107_13109": 0.0002465873416044371, "13107_13110": 8.464938592391125e-05, "13107_13111": 0.0002245048931025472, "13107_13112": 0.00018770081226606407, "13107_13113": 0.00035331917603023823, "13107_13114": 6.992775358931798e-05, "13107_13115": 0.00013985550717863596, "13107_13116": 0.00021346366885160228, "13107_13117": 0.00024290693352078878, "13107_13118": 0.0012550191565240754, "13107_13119": 8.096897784026293e-05, "13107_13120": 5.888652933837304e-05, "13107_13121": 0.0018770081226606406, "13107_13122": 0.0054028390667957265, "13107_13123": 0.004033727259678553, "13108_13101": 0.003356532172287263, "13108_13102": 0.009539617752816433, "13108_13103": 0.003305006459116187, "13108_13104": 0.0013359881343643384, "13108_13105": 0.0006367105984711584, "13108_13106": 0.0012218954837712405, "13108_13107": 0.010783595685089563, "13108_13109": 0.001273421196942317, "13108_13110": 0.00018770081226606407, "13108_13111": 0.001380153031368118, "13108_13112": 0.00043428815387050115, "13108_13113": 0.0007912877379843877, "13108_13114": 0.00015457713951322924, "13108_13115": 0.00016561836376417416, "13108_13116": 0.00043060774578685285, "13108_13117": 0.0001950616284333607, "13108_13118": 0.00026130897393903036, "13108_13119": 0.00022818530118619553, "13108_13120": 0.00014353591526228428, "13108_13121": 0.0007213599843950698, "13108_13122": 0.0010489163038397697, "13108_13123": 0.014868848657939191, "13109_13101": 0.0011666893625165158, "13109_13102": 0.0009458648774976169, "13109_13103": 0.009683153668078717, "13109_13104": 0.000747122840980608, "13109_13105": 0.00017665958801511912, "13109_13106": 0.00041220570536861125, "13109_13107": 0.00023186570926984383, "13109_13108": 0.0013617509909498765, "13109_13110": 0.005837127220666228, "13109_13111": 0.015251611098638616, "13109_13112": 0.0013654313990335248, "13109_13113": 0.0023223375007820866, "13109_13114": 0.00018033999609876744, "13109_13115": 0.00020978326076795395, "13109_13116": 0.0003643604002811832, "13109_13117": 0.00018033999609876744, "13109_13118": 8.464938592391125e-05, "13109_13119": 0.000198742036517009, "13109_13120": 7.360816167296629e-05, "13109_13121": 0.00014353591526228428, "13109_13122": 0.00011777305867674608, "13109_13123": 0.000268669790106327, "13110_13101": 0.00043060774578685285, "13110_13102": 0.00029443264669186517, "13110_13103": 0.0021567191370179127, "13110_13104": 0.0007876073299007394, "13110_13105": 6.624734550566967e-05, "13110_13106": 8.832979400755956e-05, "13110_13107": 5.1525713171076406e-05, "13110_13108": 0.00020610285268430562, "13110_13109": 0.005480127636552341, "13110_13111": 0.003120986054933771, "13110_13112": 0.013646953174167952, "13110_13113": 0.007390259431965816, "13110_13114": 0.00018770081226606407,