{"13101_13102": 0.011945028270864912, "13101_13103": 0.00945617925500935, "13101_13104": 0.009546617082620381, "13101_13105": 0.006999887857093762, "13101_13106": 0.007412284351000061, "13101_13107": 0.0022537106640668804, "13101_13108": 0.003371522213339218, "13101_13109": 0.001114194036167896, "13101_13110": 0.0004955992953084473, "13101_13111": 0.000933318380945835, "13101_13112": 0.0012516595341366624, "13101_13113": 0.002376706109617882, "13101_13114": 0.0007813828305593037, "13101_13115": 0.0008718206581703342, "13101_13116": 0.0013493323879565755, "13101_13117": 0.0012335719686144564, "13101_13118": 0.0009658759988858059, "13101_13119": 0.0008211754747081572, "13101_13120": 0.00045942416426403504, "13101_13121": 0.001656821001834079, "13101_13122": 0.0007741478043504212, "13101_13123": 0.001407212597627635, "13102_13101": 0.013080927385659455, "13102_13103": 0.007694450373146477, "13102_13104": 0.0012046318637789265, "13102_13105": 0.0006366823063816548, "13102_13106": 0.002619079487615444, "13102_13107": 0.003161706453281627, "13102_13108": 0.010447377845626245, "13102_13109": 0.0008609681188570105, "13102_13110": 0.00029301856145973887, "13102_13111": 0.0007777653174548625, "13102_13112": 0.00043048405942850527, "13102_13113": 0.0010273737216613067, "13102_13114": 0.00018087565522206103, "13102_13115": 0.00018811068143094348, "13102_13116": 0.00040877898080185797, "13102_13117": 0.0002568434304153267, "13102_13118": 0.000343663744921916, "13102_13119": 0.00011576041934211907, "13102_13120": 0.00018449316832650227, "13102_13121": 0.000803087909185951, "13102_13122": 0.00047389421668179993, "13102_13123": 0.0010454612871835128, "13103_13101": 0.009260833547369526, "13103_13102": 0.007448459482044474, "13103_13104": 0.004764264758549088, "13103_13105": 0.0008175579616037159, "13103_13106": 0.0012733646127633096, "13103_13107": 0.0007017975422615968, "13103_13108": 0.0029446556670151536, "13103_13109": 0.010100096587599888, "13103_13110": 0.002101775113680349, "13103_13111": 0.0032991719512503936, "13103_13112": 0.0018521667094739051, "13103_13113": 0.010997239837501312, "13103_13114": 0.0003726038497574457, "13103_13115": 0.0004630416773684763, "13103_13116": 0.000687327489843832, "13103_13117": 0.0005317744263528594, "13103_13118": 0.0004160140070107404, "13103_13119": 0.0003291936925041511, "13103_13120": 0.00019896322074426716, "13103_13121": 0.0006656224112171846, "13103_13122": 0.0003834563890707694, "13103_13123": 0.0006041246884416839, "13104_13101": 0.008164727076723836, "13104_13102": 0.0013457148748521341, "13104_13103": 0.004189080174942934, "13104_13105": 0.005476914840124008, "13104_13106": 0.0010020511299302182, "13104_13107": 0.0005317744263528594, "13104_13108": 0.0011612217065256319, "13104_13109": 0.0008718206581703342, "13104_13110": 0.0006113597146505663, "13104_13111": 0.0004883642690995648, "13104_13112": 0.002506936581377766, "13104_13113": 0.013616319325116755, "13104_13114": 0.012342954712353445, "13104_13115": 0.0034800476064724543, "13104_13116": 0.009723875224738002, "13104_13117": 0.0009803460513035708, "13104_13118": 0.00036898633665300454, "13104_13119": 0.0014108301107320761, "13104_13120": 0.002738457420062004, "13104_13121": 0.0005390094525617419, "13104_13122": 0.0002604609435197679, "13104_13123": 0.0004955992953084473, "13105_13101": 0.0057482283229571, "13105_13102": 0.0007162675946793618, "13105_13103": 0.0007379726733060091, "13105_13104": 0.004615946721266998, "13105_13106": 0.004945140413771149, "13105_13107": 0.0004413365987418289, "13105_13108": 0.0005751845836061541, "13105_13109": 0.0001736406290131786, "13105_13110": 7.235026208882442e-05, "13105_13111": 0.00010852539313323663, "13105_13112": 0.00019534570763982592, "13105_13113": 0.0004413365987418289, "13105_13114": 0.00022066829937091446, "13105_13115": 0.00016278808969985494, "13105_13116": 0.007860855975950773, "13105_13117": 0.0027637800117930925, "13105_13118": 0.0014614752941942532, "13105_13119": 0.0011358991147945433, "13105_13120": 0.0005715670705017129, "13105_13121": 0.0008464980664392457, "13105_13122": 0.00023513835178867935, "13105_13123": 0.00020258073384870837, "13106_13101": 0.0059327214912836025, "13106_13102": 0.0023694710834089995, "13106_13103": 0.001226336942405574, "13106_13104": 0.0009441709202591586, "13106_13105": 0.004398895935000525, "13106_13107": 0.00666707665148517, "13106_13108": 0.0010490788002879541, "13106_13109": 0.00032195866629526864, "13106_13110": 8.320280140214807e-05, "13106_13111": 0.0003183411531908274, "13106_13112": 0.0001410830110732076, "13106_13113": 0.000557097018083948, "13106_13114": 0.00016278808969985494, "13106_13115": 0.00011214290623767785, "13106_13116": 0.0008067054222903922, "13106_13117": 0.0012986872044943984, "13106_13118": 0.007860855975950773, "13106_13119": 0.00021343327316203202, "13106_13120": 0.0001229954455510015, "13106_13121": 0.002919333075284065, "13106_13122": 0.0011539866803167494, "13106_13123": 0.0005353919394573007, "13107_13101": 0.0018159915784294928, "13107_13102": 0.002572051817257708, "13107_13103": 0.0007596777519326564, "13107_13104": 0.0005426269656661831, "13107_13105": 0.00047751172978624117, "13107_13106": 0.005791638480210395, "13107_13108": 0.010190534415210919, "13107_13109": 0.0002604609435197679, "13107_13110": 3.9792644148853426e-05, "13107_13111": 0.000245990891102003, "13107_13112": 0.00017002311590873738, "13107_13113": 0.00034004623181747477, "13107_13114": 8.320280140214807e-05, "13107_13115": 0.00010129036692435418, "13107_13116": 0.00016640560280429615, "13107_13117": 0.00019534570763982592, "13107_13118": 0.0012227194293011326, "13107_13119": 0.00011214290623767785, "13107_13120": 3.255761793997099e-05, "13107_13121": 0.0017400238032362271, "13107_13122": 0.005111546016575445, "13107_13123": 0.0038707390217521064, "13108_13101": 0.0032666143333104224, "13108_13102": 0.009235510955638437, "13108_13103": 0.002846982813195241, "13108_13104": 0.001295069691389957, "13108_13105": 0.0006330647932772137, "13108_13106": 0.0010924889575412487, "13108_13107": 0.009944543524108916, "13108_13109": 0.001309539743807722, "13108_13110": 0.00017002311590873738, "13108_13111": 0.001327627309329928, "13108_13112": 0.0003653688235485633, "13108_13113": 0.0007669127781415389, "13108_13114": 0.0002568434304153267, "13108_13115": 0.00019534570763982592, "13108_13116": 0.0003943089283840931, "13108_13117": 0.0001410830110732076, "13108_13118": 0.00023875586489312058, "13108_13119": 0.00018087565522206103, "13108_13120": 0.00019896322074426716, "13108_13121": 0.0006981800291571556, "13108_13122": 0.0011503691672123083, "13108_13123": 0.013739314770667756, "13109_13101": 0.0010888714444368074, "13109_13102": 0.0009586409726769236, "13109_13103": 0.009228275929429555, "13109_13104": 0.000835645527125922, "13109_13105": 0.00016278808969985494, "13109_13106": 0.0003508987711307984, "13109_13107": 0.00021343327316203202, "13109_13108": 0.0012697470996588685, "13109_13110": 0.005976131648536897, "13109_13111": 0.014665398125404709, "13109_13112": 0.0012371894817188975, "13109_13113": 0.002441821345497824, "13109_13114": 0.00019896322074426716, "13109_13115": 0.0002098157600575908, "13109_13116": 0.00035451628423523965, "13109_13117": 0.00017725814211761983, "13109_13118": 0.0001229954455510015, "13109_13119": 0.0001591705765954137, "13109_13120": 6.511523587994198e-05, "13109_13121": 0.00016640560280429615, "13109_13122": 0.00011214290623767785, "13109_13123": 0.00021705078626647325, "13110_13101": 0.00047751172978624117, "13110_13102": 0.00030025358766862134, "13110_13103": 0.00204389490400929, "13110_13104": 0.000687327489843832, "13110_13105": 6.87327489843832e-05, "13110_13106": 9.043782761103052e-05, "13110_13107": 7.596777519326564e-05, "13110_13108": 0.00016278808969985494, "13110_13109": 0.0055384125628995095, "13110_13111": 0.003143618887759421, "13110_13112": 0.012853024060079658, "13110_13113": 0.007122883302644763, "13110_13114": 0.00019534570763982592,