{"13101_13102": 0.009719079856678785, "13101_13103": 0.008187268357528326, "13101_13104": 0.008077224427991653, "13101_13105": 0.005827926508262098, "13101_13106": 0.006708277944555466, "13101_13107": 0.0019059608595751423, "13101_13108": 0.0027907140530499777, "13101_13109": 0.0010344129376447077, "13101_13110": 0.0003301317886100131, "13101_13111": 0.0008451373788416336, "13101_13112": 0.0010608234807335088, "13101_13113": 0.0020160047891118133, "13101_13114": 0.0006206477625868246, "13101_13115": 0.0007527004780308299, "13101_13116": 0.001443776355521124, "13101_13117": 0.0010344129376447077, "13101_13118": 0.0008451373788416336, "13101_13119": 0.0006998793918532279, "13101_13120": 0.0005106038330501536, "13101_13121": 0.0015318114991504609, "13101_13122": 0.0006470583056756257, "13101_13123": 0.0013293306688029862, "13102_13101": 0.01077109982304936, "13102_13103": 0.006633448072470531, "13102_13104": 0.001113644566911111, "13102_13105": 0.00046218450405401834, "13102_13106": 0.0019851924888415456, "13102_13107": 0.0026322507945171713, "13102_13108": 0.008398552702238734, "13102_13109": 0.0008715479219304346, "13102_13110": 0.00025970367370654364, "13102_13111": 0.000695477634671761, "13102_13112": 0.00043137220378375047, "13102_13113": 0.0007923162926640315, "13102_13114": 0.00013205271544400524, "13102_13115": 0.00016726677289573998, "13102_13116": 0.0002949177311582784, "13102_13117": 0.00024209664498067628, "13102_13118": 0.00032132827424707943, "13102_13119": 0.00021568610189187523, "13102_13120": 0.0001584632585328063, "13102_13121": 0.0005986389766794904, "13102_13122": 0.0005106038330501536, "13102_13123": 0.0011180463240925778, "13103_13101": 0.008103634971080456, "13103_13102": 0.006290111012316117, "13103_13104": 0.003921965648686956, "13103_13105": 0.0006514600628570926, "13103_13106": 0.0011796709246331136, "13103_13107": 0.0007174864205790951, "13103_13108": 0.0024033594210808953, "13103_13109": 0.009314118195983837, "13103_13110": 0.0018839520736678081, "13103_13111": 0.003138452870385858, "13103_13112": 0.0015802308281465962, "13103_13113": 0.009344930496254105, "13103_13114": 0.000444577475328151, "13103_13115": 0.00038735463196908206, "13103_13116": 0.000444577475328151, "13103_13117": 0.0005062020758686867, "13103_13118": 0.00043137220378375047, "13103_13119": 0.0002641054308880105, "13103_13120": 0.00019807907316600788, "13103_13121": 0.0005722284335906894, "13103_13122": 0.0003917563891505489, "13103_13123": 0.0006426565484941589, "13104_13101": 0.0066290463152890635, "13104_13102": 0.001307321882895652, "13104_13103": 0.003605039131621343, "13104_13105": 0.004458980024825911, "13104_13106": 0.0007571022352122967, "13104_13107": 0.0005018003186872199, "13104_13108": 0.001056421723552042, "13104_13109": 0.000695477634671761, "13104_13110": 0.0006074424910424241, "13104_13111": 0.0003917563891505489, "13104_13112": 0.0021788698048260864, "13104_13113": 0.011739486402972066, "13104_13114": 0.010643448864786824, "13104_13115": 0.002865543925134914, "13104_13116": 0.008143250785713657, "13104_13117": 0.0009199672509265699, "13104_13118": 0.00035214057451734735, "13104_13119": 0.0011180463240925778, "13104_13120": 0.002390154149536495, "13104_13121": 0.0004357739609652173, "13104_13122": 0.00015406150135133945, "13104_13123": 0.0004753897755984189, "13105_13101": 0.004736290727258322, "13105_13102": 0.0004929968043242862, "13105_13103": 0.0006162460054053578, "13105_13104": 0.0034597811446329375, "13105_13106": 0.004084830664401229, "13105_13107": 0.0002993194883397452, "13105_13108": 0.00045778274687255155, "13105_13109": 0.00010124041517373736, "13105_13110": 6.602635772200262e-05, "13105_13111": 0.0001056421723552042, "13105_13112": 0.00014525798698840578, "13105_13113": 0.0003697476032432147, "13105_13114": 0.00024209664498067628, "13105_13115": 0.00011884744389960472, "13105_13116": 0.0067610990307330684, "13105_13117": 0.0022889137343627577, "13105_13118": 0.0012853130969883177, "13105_13119": 0.0010080023945559066, "13105_13120": 0.00039615814633201576, "13105_13121": 0.000638254791312692, "13105_13122": 0.00018487380162160734, "13105_13123": 0.0001804720444401405, "13106_13101": 0.004912361014516995, "13106_13102": 0.001857541530579007, "13106_13103": 0.0011444568671813789, "13106_13104": 0.0007615039923937636, "13106_13105": 0.003979188492046024, "13106_13107": 0.005370143761389547, "13106_13108": 0.0009155654937451031, "13106_13109": 0.0003477388173358805, "13106_13110": 6.162460054053578e-05, "13106_13111": 0.0002949177311582784, "13106_13112": 8.803514362933684e-05, "13106_13113": 0.00038735463196908206, "13106_13114": 0.0001276509582625384, "13106_13115": 4.401757181466842e-05, "13106_13116": 0.000695477634671761, "13106_13117": 0.0011752691674516468, "13106_13118": 0.006659858615559331, "13106_13119": 0.00017166853007720683, "13106_13120": 0.00016286501571427314, "13106_13121": 0.002478189293165832, "13106_13122": 0.0011224480812740446, "13106_13123": 0.0004929968043242862, "13107_13101": 0.001694676514864734, "13107_13102": 0.002192075076370487, "13107_13103": 0.000695477634671761, "13107_13104": 0.0004137651750578831, "13107_13105": 0.00031252475988414574, "13107_13106": 0.004547015168455248, "13107_13108": 0.008081626185173121, "13107_13109": 0.0002112843447104084, "13107_13110": 4.841932899613526e-05, "13107_13111": 0.00021568610189187523, "13107_13112": 0.00011444568671813789, "13107_13113": 0.000277310702432411, "13107_13114": 8.363338644786999e-05, "13107_13115": 7.923162926640315e-05, "13107_13116": 0.0001496597441698726, "13107_13117": 0.0002112843447104084, "13107_13118": 0.0011180463240925778, "13107_13119": 0.0001056421723552042, "13107_13120": 5.28210861776021e-05, "13107_13121": 0.0015142044704245935, "13107_13122": 0.004366543124015107, "13107_13123": 0.0033101214004630647, "13108_13101": 0.0028963562254051816, "13108_13102": 0.007549013566215634, "13108_13103": 0.002442975235714097, "13108_13104": 0.0009375742796524372, "13108_13105": 0.0004269704466022836, "13108_13106": 0.000977190094285639, "13108_13107": 0.00812564375698779, "13108_13109": 0.0011224480812740446, "13108_13110": 0.0001584632585328063, "13108_13111": 0.00117086741027018, "13108_13112": 0.00035654233169881414, "13108_13113": 0.0006470583056756257, "13108_13114": 0.0001496597441698726, "13108_13115": 0.00018927555880307419, "13108_13116": 0.00036534584606174783, "13108_13117": 0.00016726677289573998, "13108_13118": 0.00022889137343627577, "13108_13119": 0.00017607028725867368, "13108_13120": 0.0001496597441698726, "13108_13121": 0.000554621404864822, "13108_13122": 0.0007923162926640315, "13108_13123": 0.011176061483744311, "13109_13101": 0.0010080023945559066, "13109_13102": 0.0007879145354825647, "13109_13103": 0.008226884172161527, "13109_13104": 0.0007394952064864294, "13109_13105": 0.00013205271544400524, "13109_13106": 0.0002949177311582784, "13109_13107": 0.00020248083034747472, "13109_13108": 0.0011488586243628457, "13109_13110": 0.004789111813435923, "13109_13111": 0.012826720426794376, "13109_13112": 0.0011444568671813789, "13109_13113": 0.0018311309874902062, "13109_13114": 0.00016726677289573998, "13109_13115": 0.00020688258752894154, "13109_13116": 0.0003477388173358805, "13109_13117": 0.0002112843447104084, "13109_13118": 0.00011444568671813789, "13109_13119": 0.0001276509582625384, "13109_13120": 0.0001364544726254721, "13109_13121": 0.0001496597441698726, "13109_13122": 0.00017607028725867368, "13109_13123": 0.00028171245961387787, "13110_13101": 0.0003741493604246815, "13110_13102": 0.0002553019165250768, "13110_13103": 0.0018531397733975402, "13110_13104": 0.0005898354623165568, "13110_13105": 3.961581463320157e-05, "13110_13106": 4.841932899613526e-05, "13110_13107": 4.841932899613526e-05, "13110_13108": 0.00015406150135133945, "13110_13109": 0.004551416925636714, "13110_13111": 0.0028215263533202454, "13110_13112": 0.010533404935250151, "13110_13113": 0.005735489607451295, "13110_13114": 0.00016726677289573998,