{"13101_13102": 0.03058396473740313, "13101_13103": 0.028077554665667945, "13101_13104": 0.024827864365763015, "13101_13105": 0.016948517760940335, "13101_13106": 0.016481806919996542, "13101_13107": 0.004315634813171617, "13101_13108": 0.0065425945665639135, "13101_13109": 0.0026936705943360895, "13101_13110": 0.000921897957419838, "13101_13111": 0.002016651781855896, "13101_13112": 0.0028636455302353723, "13101_13113": 0.005153985768200283, "13101_13114": 0.0017141540145775114, "13101_13115": 0.002226959753392296, "13101_13116": 0.0032640949554896144, "13101_13117": 0.0027541701477917665, "13101_13118": 0.002094436922013195, "13101_13119": 0.0018956526749445422, "13101_13120": 0.001423179971766875, "13101_13121": 0.003255452162138803, "13101_13122": 0.0016334879433032756, "13101_13123": 0.002774336665610325, "13102_13101": 0.03454812595430843, "13102_13103": 0.018512863357437122, "13102_13104": 0.0026907896632191526, "13102_13105": 0.0013338711071418283, "13102_13106": 0.005505459364466596, "13102_13107": 0.007323326899253839, "13102_13108": 0.020598657486099507, "13102_13109": 0.0017919391547348102, "13102_13110": 0.0006712569502463196, "13102_13111": 0.001472155800754804, "13102_13112": 0.0009305407507706491, "13102_13113": 0.001961914090634093, "13102_13114": 0.0005300913255164069, "13102_13115": 0.0004436633920082971, "13102_13116": 0.0007490420904036184, "13102_13117": 0.0005646624989196509, "13102_13118": 0.0007749704704560514, "13102_13119": 0.000463829909826856, "13102_13120": 0.000463829909826856, "13102_13121": 0.0017660107746823774, "13102_13122": 0.0011293249978393018, "13102_13123": 0.0023162686180173433, "13103_13101": 0.026792659387514045, "13103_13102": 0.018345769352654778, "13103_13104": 0.010305090605283628, "13103_13105": 0.0017112730834605745, "13103_13106": 0.002517933796202933, "13103_13107": 0.0016450116677710236, "13103_13108": 0.005277865806228573, "13103_13109": 0.02344213649851632, "13103_13110": 0.00431275388205468, "13103_13111": 0.006712569502463196, "13103_13112": 0.0035147359626631325, "13103_13113": 0.022802569790556306, "13103_13114": 0.0008354700239117282, "13103_13115": 0.000927659819653712, "13103_13116": 0.0011667771023594826, "13103_13117": 0.0013425139004926393, "13103_13118": 0.0008268272305609173, "13103_13119": 0.0007115899858834375, "13103_13120": 0.0005560197055688398, "13103_13121": 0.0013972515917144422, "13103_13122": 0.0008642793350810982, "13103_13123": 0.0013511566938434502, "13104_13101": 0.018590648497594422, "13104_13102": 0.0030566679150701506, "13104_13103": 0.00874074500878684, "13104_13105": 0.010293566880815879, "13104_13106": 0.0015787502520814727, "13104_13107": 0.000921897957419838, "13104_13108": 0.0022240788222753593, "13104_13109": 0.0016248451499524647, "13104_13110": 0.0011322059289562386, "13104_13111": 0.0007346374348189335, "13104_13112": 0.0037509723142519664, "13104_13113": 0.025260004033303564, "13104_13114": 0.02025294575206707, "13104_13115": 0.005686958024833626, "13104_13116": 0.015490766615770217, "13104_13117": 0.00193598571058166, "13104_13118": 0.0006395667079600127, "13104_13119": 0.002483362622799689, "13104_13120": 0.0047160842384258595, "13104_13121": 0.0008844458528996571, "13104_13122": 0.0004234968741897381, "13104_13123": 0.0008700411973149722, "13105_13101": 0.013474114833914322, "13105_13102": 0.0015672265276137248, "13105_13103": 0.0017890582236178734, "13105_13104": 0.007890870329290426, "13105_13106": 0.008832934804528824, "13105_13107": 0.0007202327792342485, "13105_13108": 0.0008988505084843422, "13105_13109": 0.00029961683616144737, "13105_13110": 0.00014116562472991272, "13105_13111": 0.0001987842470686526, "13105_13112": 0.00026216473164126646, "13105_13113": 0.0006136383279075797, "13105_13114": 0.00036299732073406127, "13105_13115": 0.00018437959148396763, "13105_13116": 0.015024055774826423, "13105_13117": 0.004909106623260637, "13105_13118": 0.0024545533116303187, "13105_13119": 0.0021030797153640058, "13105_13120": 0.000993921235343263, "13105_13121": 0.0013540376249603873, "13105_13122": 0.000466710840943793, "13105_13123": 0.0003514735962663133, "13106_13101": 0.012220909798046728, "13106_13102": 0.004658465616087119, "13106_13103": 0.0026735040765175303, "13106_13104": 0.0014980841808072368, "13106_13105": 0.007588372562012042, "13106_13107": 0.011275964391691394, "13106_13108": 0.0015470600097951658, "13106_13109": 0.0007259946414681225, "13106_13110": 0.00011811817579441675, "13106_13111": 0.000521448532165596, "13106_13112": 0.00017285586701621964, "13106_13113": 0.0008297081616778542, "13106_13114": 0.00021606983377027455, "13106_13115": 0.00015845121143153468, "13106_13116": 0.0012215147935812855, "13106_13117": 0.002526576589553744, "13106_13118": 0.013344472933652157, "13106_13119": 0.0003370689406816283, "13106_13120": 0.0001959033159517156, "13106_13121": 0.0045950851315145055, "13106_13122": 0.0022327216156261703, "13106_13123": 0.0009190170263029011, "13107_13101": 0.0041687073262078305, "13107_13102": 0.005208723459422086, "13107_13103": 0.0017516061190976924, "13107_13104": 0.000976635648641641, "13107_13105": 0.0007663276771052404, "13107_13106": 0.008631269626343235, "13107_13108": 0.015139293019503904, "13107_13109": 0.0006194001901414537, "13107_13110": 0.00010371352020973178, "13107_13111": 0.0003485926651493763, "13107_13112": 0.00025352193829045546, "13107_13113": 0.0005387341188672178, "13107_13114": 0.00012388003802829073, "13107_13115": 0.00012388003802829073, "13107_13116": 0.0002880931116936994, "13107_13117": 0.00031978335398000636, "13107_13118": 0.0013597994871942611, "13107_13119": 0.00017285586701621964, "13107_13120": 6.338048457261387e-05, "13107_13121": 0.0027109561810377113, "13107_13122": 0.00923050329866613, "13107_13123": 0.005819480856212728, "13108_13101": 0.006677998329059952, "13108_13102": 0.01730863415055746, "13108_13103": 0.0053642937397366825, "13108_13104": 0.0021117225087148167, "13108_13105": 0.0009968021664602, "13108_13106": 0.0017400823946299444, "13108_13107": 0.014707153351963355, "13108_13109": 0.0026014807985941055, "13108_13110": 0.0002362363515888335, "13108_13111": 0.002273054651263288, "13108_13112": 0.0005934718100890207, "13108_13113": 0.0012906571403877734, "13108_13114": 0.0003313070784477543, "13108_13115": 0.0002419982138227075, "13108_13116": 0.0006914234680648786, "13108_13117": 0.0003543545273832503, "13108_13118": 0.0004523061853591081, "13108_13119": 0.0002909740428106364, "13108_13120": 0.00026216473164126646, "13108_13121": 0.0010140877531618219, "13108_13122": 0.0016017977010169687, "13108_13123": 0.022108265391374494, "13109_13101": 0.002494886347267437, "13109_13102": 0.0021203653020656276, "13109_13103": 0.020368182996744547, "13109_13104": 0.0017516061190976924, "13109_13105": 0.00032266428509694335, "13109_13106": 0.0006568522946616346, "13109_13107": 0.000481115496528478, "13109_13108": 0.002489124485033563, "13109_13110": 0.008821411080061075, "13109_13111": 0.02607818847051367, "13109_13112": 0.00196479502175103, "13109_13113": 0.003897899801215753, "13109_13114": 0.0003745210452018092, "13109_13115": 0.0004551871164760451, "13109_13116": 0.0008181844372101063, "13109_13117": 0.00036875918296793526, "13109_13118": 0.00021318890265333755, "13109_13119": 0.0003428308029155023, "13109_13120": 0.00021606983377027455, "13109_13121": 0.00027080752499207745, "13109_13122": 0.00021030797153640055, "13109_13123": 0.000509924807697848, "13110_13101": 0.0008758030595488462, "13110_13102": 0.0006712569502463196, "13110_13103": 0.0035809973783526836, "13110_13104": 0.0011466105845409236, "13110_13105": 0.00012388003802829073, "13110_13106": 0.00012099910691135375, "13110_13107": 6.0499553455676875e-05, "13110_13108": 0.0002419982138227075, "13110_13109": 0.007539396733024113, "13110_13111": 0.004217683155195759, "13110_13112": 0.019460689694909394, "13110_13113": 0.011875198064014289, "13110_13114": 0.0003341880095646913, "13110_13115": 0.0005128057388147849,