{"13101_13102": 0.03686692274355394, "13101_13103": 0.036229817276670455, "13101_13104": 0.0260842831267062, "13101_13105": 0.016005422804671612, "13101_13106": 0.016942560497238593, "13101_13107": 0.005530223616610673, "13101_13108": 0.01116231002589167, "13101_13109": 0.004907934555933785, "13101_13110": 0.0015797993117779316, "13101_13111": 0.003959684558711861, "13101_13112": 0.005332054183597498, "13101_13113": 0.00923802926981046, "13101_13114": 0.002789188468391049, "13101_13115": 0.0037689233288019826, "13101_13116": 0.005513555159628257, "13101_13117": 0.0052690844572194796, "13101_13118": 0.003328135244155854, "13101_13119": 0.0031244096588152062, "13101_13120": 0.002255797844953717, "13101_13121": 0.005658015120142534, "13101_13122": 0.002696585929599846, "13101_13123": 0.004561601060854684, "13102_13101": 0.04087661267321305, "13102_13103": 0.025208263109741415, "13102_13104": 0.004250456530516241, "13102_13105": 0.00202058739642406, "13102_13106": 0.006565520000296328, "13102_13107": 0.0074044990017446315, "13102_13108": 0.022141267024976756, "13102_13109": 0.0034188857321712333, "13102_13110": 0.0012001289027339973, "13102_13111": 0.0028947553626130214, "13102_13112": 0.0017668564401361628, "13102_13113": 0.004028210437417352, "13102_13114": 0.0009130610324812665, "13102_13115": 0.0007278559548988595, "13102_13116": 0.0016501772412592464, "13102_13117": 0.0012093891566131176, "13102_13118": 0.0013390327109208027, "13102_13119": 0.0007686010719669891, "13102_13120": 0.0005871000959362302, "13102_13121": 0.0029762455967492804, "13102_13122": 0.0018539028265998942, "13102_13123": 0.003411477529067937, "13103_13101": 0.03414070400154091, "13103_13102": 0.024798959888284296, "13103_13104": 0.01179941549277515, "13103_13105": 0.002594723136929522, "13103_13106": 0.004993128891621693, "13103_13107": 0.0031058891510569652, "13103_13108": 0.00866018942775335, "13103_13109": 0.02600649699412159, "13103_13110": 0.004828296372573351, "13103_13111": 0.011214167447614744, "13103_13112": 0.005282048812650248, "13103_13113": 0.025930562912312802, "13103_13114": 0.0013575532186790432, "13103_13115": 0.0013742216756614598, "13103_13116": 0.002250241692626245, "13103_13117": 0.002837341788562475, "13103_13118": 0.0019965107363383475, "13103_13119": 0.0011556796841142197, "13103_13120": 0.0008315707983450074, "13103_13121": 0.002202088372454819, "13103_13122": 0.0013686655233339877, "13103_13123": 0.0020020668886658196, "13104_13101": 0.02194680169351523, "13104_13102": 0.00470976512292061, "13104_13103": 0.011091932096410356, "13104_13105": 0.00925099362524123, "13104_13106": 0.0024243344655537078, "13104_13107": 0.0014371914020394783, "13104_13108": 0.0033762885643272796, "13104_13109": 0.003063291983213012, "13104_13110": 0.0016631415966900148, "13104_13111": 0.0011241948209252104, "13104_13112": 0.005517259261179904, "13104_13113": 0.02890495645828626, "13104_13114": 0.01786488178359898, "13104_13115": 0.00714891599468091, "13104_13116": 0.014727507769353004, "13104_13117": 0.0027039941327031422, "13104_13118": 0.0009852910127384053, "13104_13119": 0.0028428979408899476, "13104_13120": 0.005932118634964496, "13104_13121": 0.0010723373992021364, "13104_13122": 0.0004463442369736009, "13104_13123": 0.0012001289027339973, "13105_13101": 0.01498494282719255, "13105_13102": 0.00242989061788118, "13105_13103": 0.002829933585459179, "13105_13104": 0.008093461890351187, "13105_13106": 0.007563775368465502, "13105_13107": 0.0008871323216197295, "13105_13108": 0.0016020239210878205, "13105_13109": 0.0004519003893010731, "13105_13110": 0.00018705712835823108, "13105_13111": 0.0002666953117186661, "13105_13112": 0.000422267576887888, "13105_13113": 0.0011278989224768586, "13105_13114": 0.0005315385726615081, "13105_13115": 0.00036114990128569365, "13105_13116": 0.011912390590100418, "13105_13117": 0.0037411425671646215, "13105_13118": 0.00190205614677132, "13105_13119": 0.0027114023358064386, "13105_13120": 0.0013871860310922285, "13105_13121": 0.00164276903815595, "13105_13122": 0.0005722836897296376, "13105_13123": 0.00045930859240436933, "13106_13101": 0.014242270466087099, "13106_13102": 0.006639602031329291, "13106_13103": 0.00461901463490523, "13106_13104": 0.0021613432553866897, "13106_13105": 0.006495142070815013, "13106_13107": 0.009186171848087387, "13106_13108": 0.002505824699689967, "13106_13109": 0.0013093998985076174, "13106_13110": 0.00013149560508350896, "13106_13111": 0.0010149238251515903, "13106_13112": 0.00027039941327031423, "13106_13113": 0.0014779365191076078, "13106_13114": 0.0002759555655977864, "13106_13115": 0.00020187353456482362, "13106_13116": 0.002005770990217468, "13106_13117": 0.0035929785050986957, "13106_13118": 0.01104377877623893, "13106_13119": 0.0006482177715384245, "13106_13120": 0.00032410888576921224, "13106_13121": 0.005933970685740321, "13106_13122": 0.0028132651284767623, "13106_13123": 0.0011519755825625715, "13107_13101": 0.005559856429023858, "13107_13102": 0.006078430646254598, "13107_13103": 0.003204047842175641, "13107_13104": 0.0014371914020394783, "13107_13105": 0.0009445458956702757, "13107_13106": 0.008241625952417111, "13107_13108": 0.014355245563412366, "13107_13109": 0.000874167966188961, "13107_13110": 0.0001240874019802127, "13107_13111": 0.0005759877912812857, "13107_13112": 0.0002963281241318512, "13107_13113": 0.0010667812468746643, "13107_13114": 0.0002037255853406477, "13107_13115": 0.0002166899407714162, "13107_13116": 0.0004055991199054713, "13107_13117": 0.0004870893540417304, "13107_13118": 0.0012871752891977287, "13107_13119": 0.0001981694330131755, "13107_13120": 7.222998025713873e-05, "13107_13121": 0.003013286612265762, "13107_13122": 0.006856291972100707, "13107_13123": 0.005509851058076608, "13108_13101": 0.012080927210700408, "13108_13102": 0.020402191346477954, "13108_13103": 0.009528801241614841, "13108_13104": 0.0034522226461360665, "13108_13105": 0.0016575854443625427, "13108_13106": 0.0026873256757207254, "13108_13107": 0.014244122516862922, "13108_13109": 0.0038726381722481306, "13108_13110": 0.00045375244007689715, "13108_13111": 0.0030373632723514747, "13108_13112": 0.0009945512666175256, "13108_13113": 0.002676213371065781, "13108_13114": 0.0005871000959362302, "13108_13115": 0.00046486474473184157, "13108_13116": 0.0012334658166988305, "13108_13117": 0.0005871000959362302, "13108_13118": 0.0006667382792966652, "13108_13119": 0.0004926455063692026, "13108_13120": 0.00036114990128569365, "13108_13121": 0.001487196772986728, "13108_13122": 0.0018890917913405513, "13108_13123": 0.018127872993765996, "13109_13101": 0.004948679673001915, "13109_13102": 0.0037189179578547326, "13109_13103": 0.025178630297328232, "13109_13104": 0.0032670175685536595, "13109_13105": 0.0005148701156790915, "13109_13106": 0.0013316245078175064, "13109_13107": 0.0008074941382592945, "13109_13108": 0.0036874330946657236, "13109_13110": 0.008706490697148952, "13109_13111": 0.0257379496316271, "13109_13112": 0.0031670068266591595, "13109_13113": 0.006296972637801838, "13109_13114": 0.0006778505839516096, "13109_13115": 0.0006815546855032578, "13109_13116": 0.0014834926714350802, "13109_13117": 0.0007315600564505076, "13109_13118": 0.0004055991199054713, "13109_13119": 0.0005333906234373322, "13109_13120": 0.0002759555655977864, "13109_13121": 0.00037967040904393433, "13109_13122": 0.00024447070240877724, "13109_13123": 0.0005667275374021655, "13110_13101": 0.0016316567335010056, "13110_13102": 0.00121494530894059, "13110_13103": 0.004663463853525008, "13110_13104": 0.0016520292920350703, "13110_13105": 0.00015372021439339782, "13110_13106": 0.00010927099577362012, "13110_13107": 0.00012593945275603675, "13110_13108": 0.0004185634753362398, "13110_13109": 0.008319412085001723, "13110_13111": 0.004094884265347019, "13110_13112": 0.015709094680539763, "13110_13113": 0.011197498990632326, "13110_13114": 0.000396338866026351, "13110_13115": 0.0008371269506724796, "13110_13116": 0.0005945082990395264,