{"13101_13102": 0.02581734800142074, "13101_13103": 0.021760508760018265, "13101_13104": 0.01616695137833469, "13101_13105": 0.014755876859586004, "13101_13106": 0.014057588270684686, "13101_13107": 0.0034068751223213143, "13101_13108": 0.004904933686746289, "13101_13109": 0.0010148138662233702, "13101_13110": 0.0004083417699803561, "13101_13111": 0.0006813750244642629, "13101_13112": 0.001084884347462603, "13101_13113": 0.003404458898830306, "13101_13114": 0.0008021861990146641, "13101_13115": 0.0006620452365361986, "13101_13116": 0.0011791170636119158, "13101_13117": 0.0014062420717666701, "13101_13118": 0.001802502724291986, "13101_13119": 0.0006499641190811585, "13101_13120": 0.0004204228874353962, "13101_13121": 0.0019595572512075077, "13101_13122": 0.0006451316720991425, "13101_13123": 0.001287847120707277, "13102_13101": 0.028736145978558433, "13102_13103": 0.013968188001517388, "13102_13104": 0.0009302460440380894, "13102_13105": 0.0006402992251171264, "13102_13106": 0.0040882501467855775, "13102_13107": 0.005376097267492854, "13102_13108": 0.015545981941145629, "13102_13109": 0.0008142673164697042, "13102_13110": 0.00025370346655584255, "13102_13111": 0.00043975267536346043, "13102_13112": 0.00029719548939398697, "13102_13113": 0.0012709335562702208, "13102_13114": 0.0002754494779749148, "13102_13115": 0.00019571410277164996, "13102_13116": 0.00025611969004685057, "13102_13117": 0.0002174601141907222, "13102_13118": 0.0006209694371890623, "13102_13119": 0.00012322739804140925, "13102_13120": 0.00021987633768173021, "13102_13121": 0.0006451316720991425, "13102_13122": 0.00047116358074656474, "13102_13123": 0.00118636573408494, "13103_13101": 0.020148887691515915, "13103_13102": 0.01290263344198285, "13103_13104": 0.0052577023164334605, "13103_13105": 0.0010317274306604265, "13103_13106": 0.0008577593393078486, "13103_13107": 0.00138207983685659, "13103_13108": 0.003083101174526239, "13103_13109": 0.017324322430527533, "13103_13110": 0.0018314974061840823, "13103_13111": 0.003858708915139815, "13103_13112": 0.0015222207993350553, "13103_13113": 0.017785821117310068, "13103_13114": 0.00026578458401088265, "13103_13115": 0.0003165252773220512, "13103_13116": 0.0004759960277285808, "13103_13117": 0.0005823098613329338, "13103_13118": 0.00020779522022669009, "13103_13119": 0.00025611969004685057, "13103_13120": 0.00024403857259181044, "13103_13121": 0.00059922342576999, "13103_13122": 0.00028511437193894687, "13103_13123": 0.0005484827324588216, "13104_13101": 0.012784238490923456, "13104_13102": 0.0011259601468097393, "13104_13103": 0.004117244828677673, "13104_13105": 0.00803635933109269, "13104_13106": 0.0006741263539912388, "13104_13107": 0.00038176331157926784, "13104_13108": 0.0005412340619857975, "13104_13109": 0.0005243204975487412, "13104_13110": 0.00043008778139942835, "13104_13111": 0.00025370346655584255, "13104_13112": 0.0016043723980293282, "13104_13113": 0.0225530300650689, "13104_13114": 0.013615419371830216, "13104_13115": 0.0028318139314614044, "13104_13116": 0.011399742430575859, "13104_13117": 0.0009350784910201054, "13104_13118": 0.0003165252773220512, "13104_13119": 0.0012419388743781245, "13104_13120": 0.001790421606836946, "13104_13121": 0.0003745146411062438, "13104_13122": 0.00018363298531660986, "13104_13123": 0.00036968219412422774, "13105_13101": 0.010839178580661997, "13105_13102": 0.000601639649260998, "13105_13103": 0.0009133324796010331, "13105_13104": 0.005777190367000186, "13105_13106": 0.006842744926534724, "13105_13107": 0.00028269814844793885, "13105_13108": 0.00026336836051987463, "13105_13109": 0.0001498058564424975, "13105_13110": 5.074069331116851e-05, "13105_13111": 0.00015463830342451356, "13105_13112": 0.00010148138662233702, "13105_13113": 0.00031410905383104316, "13105_13114": 0.0002488710195738265, "13105_13115": 0.0001884654322986259, "13105_13116": 0.009580326141846816, "13105_13117": 0.0034068751223213143, "13105_13118": 0.001874989429022227, "13105_13119": 0.0008215159869427283, "13105_13120": 0.0003479361827051555, "13105_13121": 0.0010631383360435306, "13105_13122": 0.00018604920880761788, "13105_13123": 0.00019329787928064194, "13106_13101": 0.00974704556272637, "13106_13102": 0.0033464695350461137, "13106_13103": 0.0009785705138582498, "13106_13104": 0.0005702287438778937, "13106_13105": 0.00534468636210975, "13106_13107": 0.008108846035822929, "13106_13108": 0.00099065163131329, "13106_13109": 0.00015222207993350554, "13106_13110": 4.107579934713641e-05, "13106_13111": 0.0001377247389874574, "13106_13112": 0.00012564362153241727, "13106_13113": 0.0007103697063563591, "13106_13114": 0.00012805984502342529, "13106_13115": 5.074069331116851e-05, "13106_13116": 0.0005412340619857975, "13106_13117": 0.0024428019494091126, "13106_13118": 0.011866073564340407, "13106_13119": 9.181649265830493e-05, "13106_13120": 7.731915171225678e-05, "13106_13121": 0.0028583923898624925, "13106_13122": 0.0010196463132053862, "13106_13123": 0.0003503524061961635, "13107_13101": 0.0025684455709415297, "13107_13102": 0.003295728841734945, "13107_13103": 0.0011646197226658677, "13107_13104": 0.00035518485317817956, "13107_13105": 0.0003068603833580191, "13107_13106": 0.006296678417566912, "13107_13108": 0.012286496451775803, "13107_13109": 0.00021504389069971417, "13107_13110": 5.074069331116851e-05, "13107_13111": 0.0001087300570953611, "13107_13112": 5.315691680217653e-05, "13107_13113": 0.00028511437193894687, "13107_13114": 5.557314029318456e-05, "13107_13115": 7.97353752032648e-05, "13107_13116": 7.00704812392327e-05, "13107_13117": 7.00704812392327e-05, "13107_13118": 0.0008601755627988567, "13107_13119": 4.107579934713641e-05, "13107_13120": 3.865957585612839e-05, "13107_13121": 0.0015632965986821918, "13107_13122": 0.005228707634541365, "13107_13123": 0.003887703597031911, "13108_13101": 0.004723716924920687, "13108_13102": 0.012250253099410684, "13108_13103": 0.003194247455112608, "13108_13104": 0.0006451316720991425, "13108_13105": 0.0003358550652501154, "13108_13106": 0.0010679707830255466, "13108_13107": 0.011535050946072307, "13108_13109": 0.0013844960603475978, "13108_13110": 0.00013530851549644937, "13108_13111": 0.0010728032300075627, "13108_13112": 0.00025611969004685057, "13108_13113": 0.0005315691680217653, "13108_13114": 0.0001594707504065296, "13108_13115": 0.0001087300570953611, "13108_13116": 0.00017396809135257775, "13108_13117": 0.00014255718596947343, "13108_13118": 0.00020779522022669009, "13108_13119": 0.00010389761011334504, "13108_13120": 0.0001498058564424975, "13108_13121": 0.0006209694371890623, "13108_13122": 0.0007321157177754314, "13108_13123": 0.013352051011310342, "13109_13101": 0.0011259601468097393, "13109_13102": 0.0009592407259301856, "13109_13103": 0.015178715970512409, "13109_13104": 0.0006475478955901505, "13109_13105": 0.00016188697389753762, "13109_13106": 0.00014738963295148947, "13109_13107": 0.00017638431484358577, "13109_13108": 0.0011573710521928437, "13109_13110": 0.006734014869439363, "13109_13111": 0.016287762552885093, "13109_13112": 0.0007852726345776079, "13109_13113": 0.0027375812153120917, "13109_13114": 0.00010389761011334504, "13109_13115": 0.00013530851549644937, "13109_13116": 0.00023437367862777836, "13109_13117": 0.00015222207993350554, "13109_13118": 4.349202283814444e-05, "13109_13119": 0.00012805984502342529, "13109_13120": 5.7989363784192586e-05, "13109_13121": 0.0001304760685144333, "13109_13122": 7.731915171225678e-05, "13109_13123": 0.00014738963295148947, "13110_13101": 0.00043008778139942835, "13110_13102": 0.0002102114437176981, "13110_13103": 0.001493226117442959, "13110_13104": 0.0004494175693274925, "13110_13105": 6.523803425721665e-05, "13110_13106": 4.107579934713641e-05, "13110_13107": 5.557314029318456e-05, "13110_13108": 0.00016430319738854564, "13110_13109": 0.00596807202278982, "13110_13111": 0.0025587806769774976, "13110_13112": 0.012180182618171451, "13110_13113": 0.008215159869427283, "13110_13114": 0.00011597872756838517,