{"13101_13102": 0.012082566045753949, "13101_13103": 0.009473050499327148, "13101_13104": 0.008857744882782067, "13101_13105": 0.0061442028472271405, "13101_13106": 0.007394734046320561, "13101_13107": 0.002753381967561442, "13101_13108": 0.00449527232806856, "13101_13109": 0.001801650258516892, "13101_13110": 0.0006175189461009986, "13101_13111": 0.0018193568949642326, "13101_13112": 0.002047329839223741, "13101_13113": 0.0036121538352574547, "13101_13114": 0.0011420780508534598, "13101_13115": 0.0014032509384517317, "13101_13116": 0.002113729725901268, "13101_13117": 0.0017994369289609745, "13101_13118": 0.0012151179261987394, "13101_13119": 0.0012350378922019972, "13101_13120": 0.0008477052199164247, "13101_13121": 0.002144716339684114, "13101_13122": 0.001226184573978327, "13101_13123": 0.0022243962036971455, "13102_13101": 0.012872724697216517, "13102_13103": 0.007580653729017636, "13102_13104": 0.0016046639280402294, "13102_13105": 0.0008277852539131667, "13102_13106": 0.0025718889439762024, "13102_13107": 0.0027666619448969473, "13102_13108": 0.009499610453998159, "13102_13109": 0.001217331255754657, "13102_13110": 0.0004161059565125009, "13102_13111": 0.001206264607975069, "13102_13112": 0.0007237587647850414, "13102_13113": 0.0015626106664777958, "13102_13114": 0.0002833061831574474, "13102_13115": 0.00033421276294355124, "13102_13116": 0.000630798923436504, "13102_13117": 0.0003541327289468093, "13102_13118": 0.00045151922940718183, "13102_13119": 0.00028773284226928255, "13102_13120": 0.0002899461718252001, "13102_13121": 0.0011841313124158934, "13102_13122": 0.0006971988101140308, "13102_13123": 0.0016555705078263334, "13103_13101": 0.00880019831432821, "13103_13102": 0.007253080954741837, "13103_13104": 0.004338125929598414, "13103_13105": 0.0011177314257383667, "13103_13106": 0.001927810043204193, "13103_13107": 0.0011797046533040584, "13103_13108": 0.003729460301721085, "13103_13109": 0.009546090374672427, "13103_13110": 0.002131436362348608, "13103_13111": 0.004780791840781925, "13103_13112": 0.0023749026134995397, "13103_13113": 0.010170249309441179, "13103_13114": 0.000555545718535307, "13103_13115": 0.0005732523549826474, "13103_13116": 0.0009650116863800552, "13103_13117": 0.0009273850839294568, "13103_13118": 0.0006042389687654933, "13103_13119": 0.000515705786528791, "13103_13120": 0.0003474927402790566, "13103_13121": 0.0009738650046037255, "13103_13122": 0.0005710390254267299, "13103_13123": 0.0008454918903605071, "13104_13101": 0.008045452935760323, "13104_13102": 0.0016931971102769317, "13104_13103": 0.004276152702032722, "13104_13105": 0.004353619236489837, "13104_13106": 0.0014253842340109072, "13104_13107": 0.00086098519725193, "13104_13108": 0.0015294107231390325, "13104_13109": 0.0013744776542248035, "13104_13110": 0.0009450917203767972, "13104_13111": 0.0006197322756569162, "13104_13112": 0.0032624477654224805, "13104_13113": 0.015464533607195977, "13104_13114": 0.010369448969473758, "13104_13115": 0.004400099157164105, "13104_13116": 0.00870945180253559, "13104_13117": 0.0014607975069055883, "13104_13118": 0.0005621857072030597, "13104_13119": 0.0015626106664777958, "13104_13120": 0.003379754231886111, "13104_13121": 0.0006662121963311849, "13104_13122": 0.0002412529215950138, "13104_13123": 0.0007281854238968766, "13105_13101": 0.006259295984134854, "13105_13102": 0.0009185317657057865, "13105_13103": 0.001091171471067356, "13105_13104": 0.004063673064664636, "13105_13106": 0.0046878319994333876, "13105_13107": 0.0005489057298675543, "13105_13108": 0.0006817055032226078, "13105_13109": 0.0002545328989305192, "13105_13110": 0.00011951979601954812, "13105_13111": 0.00013501310291097102, "13105_13112": 0.0002523195693746016, "13105_13113": 0.0006529322189956796, "13105_13114": 0.00026559954671010697, "13105_13115": 0.00018149302358523974, "13105_13116": 0.006803775054890573, "13105_13117": 0.0022863694312628374, "13105_13118": 0.0010402648912812523, "13105_13119": 0.0014275975635668248, "13105_13120": 0.0006551455485515971, "13105_13121": 0.0009694383454918904, "13105_13122": 0.0003718393653941497, "13105_13123": 0.00029658616049295275, "13106_13101": 0.006848041646008924, "13106_13102": 0.0025962355690912955, "13106_13103": 0.001666637155605921, "13106_13104": 0.0013147177562150294, "13106_13105": 0.004559458885190169, "13106_13107": 0.005982629789645159, "13106_13108": 0.001527197393583115, "13106_13109": 0.0007038387987817834, "13106_13110": 9.295984134853743e-05, "13106_13111": 0.000590958991429988, "13106_13112": 0.00020805297825625044, "13106_13113": 0.0009273850839294568, "13106_13114": 0.00022575961470359092, "13106_13115": 0.0001637863871378993, "13106_13116": 0.0013678376655570509, "13106_13117": 0.0020340498618882357, "13106_13118": 0.006850254975564842, "13106_13119": 0.0004360259225157589, "13106_13120": 0.00024346625115093137, "13106_13121": 0.0035413272894680927, "13106_13122": 0.0017418903605071181, "13106_13123": 0.0007303987534527941, "13107_13101": 0.002317356045045683, "13107_13102": 0.0026759154331043276, "13107_13103": 0.001186344641971811, "13107_13104": 0.000765812026347475, "13107_13105": 0.000590958991429988, "13107_13106": 0.00562849706069835, "13107_13108": 0.010666035129966712, "13107_13109": 0.00040282597917699556, "13107_13110": 8.189319356894964e-05, "13107_13111": 0.0003829060131737375, "13107_13112": 0.00021911962603583823, "13107_13113": 0.0007436787307882995, "13107_13114": 0.00012394645513138323, "13107_13115": 9.738650046037254e-05, "13107_13116": 0.0003098661378284581, "13107_13117": 0.0003032261491607054, "13107_13118": 0.0011177314257383667, "13107_13119": 0.00011730646646363057, "13107_13120": 5.7546568453856504e-05, "13107_13121": 0.002186769601246547, "13107_13122": 0.0040968730080034, "13107_13123": 0.003981779871095686, "13108_13101": 0.0043868191798286, "13108_13102": 0.008895371485232666, "13108_13103": 0.0038025001770663645, "13108_13104": 0.0016290105531553225, "13108_13105": 0.0008344252425809193, "13108_13106": 0.0015692506551455486, "13108_13107": 0.010172462638997097, "13108_13109": 0.0013988242793398966, "13108_13110": 0.0002412529215950138, "13108_13111": 0.0016157305758198173, "13108_13112": 0.0005887456618740704, "13108_13113": 0.0013058644379913592, "13108_13114": 0.0002368262624831787, "13108_13115": 0.00026559954671010697, "13108_13116": 0.0006020256392095757, "13108_13117": 0.000345279410723139, "13108_13118": 0.00031207946738437566, "13108_13119": 0.0003142927969402932, "13108_13120": 0.000210266307812168, "13108_13121": 0.0008543452085841773, "13108_13122": 0.0012350378922019972, "13108_13123": 0.01189000637438912, "13109_13101": 0.0017064770876124371, "13109_13102": 0.0012660245059848431, "13109_13103": 0.009087931156597492, "13109_13104": 0.001487357461576599, "13109_13105": 0.0002943728309370352, "13109_13106": 0.0007370387421205467, "13109_13107": 0.00038069268361782, "13109_13108": 0.0014740774842410935, "13109_13110": 0.005342977547984985, "13109_13111": 0.014185229123875629, "13109_13112": 0.001717543735392025, "13109_13113": 0.00304554146894256, "13109_13114": 0.00028551951271336496, "13109_13115": 0.00039175933139740777, "13109_13116": 0.0007215454352291239, "13109_13117": 0.0003297861038317161, "13109_13118": 0.0001637863871378993, "13109_13119": 0.0002833061831574474, "13109_13120": 0.0001460797506905588, "13109_13121": 0.00022575961470359092, "13109_13122": 0.00016157305758198172, "13109_13123": 0.0003474927402790566, "13110_13101": 0.0006352255825483391, "13110_13102": 0.0004979991500814506, "13110_13103": 0.0019964232594376374, "13110_13104": 0.0010004249592747362, "13110_13105": 0.00012173312557546568, "13110_13106": 0.0001261597846873008, "13110_13107": 8.631985268078476e-05, "13110_13108": 0.00023461293292726114, "13110_13109": 0.005254444365748283, "13110_13111": 0.0028197818542389686, "13110_13112": 0.010955981301791911, "13110_13113": 0.006741801827324882, "13110_13114": 0.00029879949004887034, "13110_13115": 0.0004935724909696154,