{"13101_13102": 0.018687900718259483, "13101_13103": 0.015528647599262462, "13101_13104": 0.01229455215942775, "13101_13105": 0.011094807076908422, "13101_13106": 0.010310096682670827, "13101_13107": 0.002449385045597117, "13101_13108": 0.0035629480616972877, "13101_13109": 0.0006010065158178112, "13101_13110": 0.00022452696251306907, "13101_13111": 0.00044451802679355086, "13101_13112": 0.0006531693454925646, "13101_13113": 0.0022815568109913887, "13101_13114": 0.0005148244493986533, "13101_13115": 0.00048080521265424887, "13101_13116": 0.0008913040027033953, "13101_13117": 0.0009593424761922041, "13101_13118": 0.0011611899475423369, "13101_13119": 0.0004944129073520106, "13101_13120": 0.00024040260632712443, "13101_13121": 0.001410664350334636, "13101_13122": 0.00043544623032837636, "13101_13123": 0.0008368732239123483, "13102_13101": 0.02107831908683297, "13102_13103": 0.010058354330762236, "13102_13104": 0.0005624513808408194, "13102_13105": 0.00043317828121208275, "13102_13106": 0.0031297697804852052, "13102_13107": 0.00425240459305055, "13102_13108": 0.012798036863244936, "13102_13109": 0.0006577052437251518, "13102_13110": 0.0001542205399079666, "13102_13111": 0.0003719436550721548, "13102_13112": 0.00021318721693160093, "13102_13113": 0.0008595527150752845, "13102_13114": 0.00012927309962873672, "13102_13115": 0.0001360769469776176, "13102_13116": 0.00016329233637314114, "13102_13117": 0.0001451487434427921, "13102_13118": 0.0003742116041884484, "13102_13119": 0.00012473720139614947, "13102_13120": 0.00012473720139614947, "13102_13121": 0.00045132187414243175, "13102_13122": 0.0003084410798159332, "13102_13123": 0.0007711026995398331, "13103_13101": 0.01454435768279103, "13103_13102": 0.010235254361833137, "13103_13104": 0.0037806711768614758, "13103_13105": 0.0006713129384229136, "13103_13106": 0.0007756385977724204, "13103_13107": 0.000814193732749412, "13103_13108": 0.002236197828665516, "13103_13109": 0.013805006270879307, "13103_13110": 0.001276855352473312, "13103_13111": 0.0026126773819702583, "13103_13112": 0.0011861373878215668, "13103_13113": 0.013471617750784143, "13103_13114": 0.00021545516604789454, "13103_13115": 0.00021772311516418818, "13103_13116": 0.00028349363953670333, "13103_13117": 0.0003107090289322269, "13103_13118": 0.00016329233637314114, "13103_13119": 0.00019731157311754554, "13103_13120": 0.00016556028548943475, "13103_13121": 0.00036740775683956757, "13103_13122": 0.00025854619925747344, "13103_13123": 0.00044451802679355086, "13104_13101": 0.011146969906583176, "13104_13102": 0.0007030642260510244, "13104_13103": 0.003365636488579742, "13104_13105": 0.007393514119117223, "13104_13106": 0.00046946546707278075, "13104_13107": 0.0003175128762811078, "13104_13108": 0.0005669872790734067, "13104_13109": 0.00042637443386320186, "13104_13110": 0.00040142699358397196, "13104_13111": 0.00016329233637314114, "13104_13112": 0.001240568166612614, "13104_13113": 0.017837419799649375, "13104_13114": 0.012920506115524793, "13104_13115": 0.0019413644435473446, "13104_13116": 0.010602662118672706, "13104_13117": 0.0007711026995398331, "13104_13118": 0.00012020130316356222, "13104_13119": 0.000991093763820315, "13104_13120": 0.0013721092153576443, "13104_13121": 0.0002789577413041161, "13104_13122": 9.525386288433232e-05, "13104_13123": 0.0002721538939552352, "13105_13101": 0.009650123489829382, "13105_13102": 0.0005329680423290023, "13105_13103": 0.0006735808875392072, "13105_13104": 0.006164285698086078, "13105_13106": 0.006663234503670676, "13105_13107": 0.00023586670809453718, "13105_13108": 0.00022906286074565632, "13105_13109": 9.525386288433232e-05, "13105_13110": 4.309103320957891e-05, "13105_13111": 0.0001270051505124431, "13105_13112": 9.752181200062595e-05, "13105_13113": 0.00021545516604789454, "13105_13114": 0.00021772311516418818, "13105_13115": 0.0001678282346057284, "13105_13116": 0.009656927337178264, "13105_13117": 0.0030458556631823407, "13105_13118": 0.0014288079432649848, "13105_13119": 0.0006826526840043816, "13105_13120": 0.0002993692833507587, "13105_13121": 0.0008028539871679439, "13105_13122": 0.00019277567488495829, "13105_13123": 0.00018143592930349014, "13106_13101": 0.008368732239123483, "13106_13102": 0.002748754328947876, "13106_13103": 0.0008686245115404591, "13106_13104": 0.0004127667391654401, "13106_13105": 0.00599645746348035, "13106_13107": 0.007738242384793855, "13106_13108": 0.0006486334472599772, "13106_13109": 0.00017236413283831564, "13106_13110": 3.855513497699165e-05, "13106_13111": 8.845001553545145e-05, "13106_13112": 9.978976111691957e-05, "13106_13113": 0.000455857772375019, "13106_13114": 0.00011339745581468134, "13106_13115": 7.937821907027695e-05, "13106_13116": 0.00043317828121208275, "13106_13117": 0.0018007515983371398, "13106_13118": 0.010799973691790251, "13106_13119": 8.39141173028642e-05, "13106_13120": 7.484232083768968e-05, "13106_13121": 0.0022021785919211115, "13106_13122": 0.0008119257836331184, "13106_13123": 0.0003084410798159332, "13107_13101": 0.0016918900407550455, "13107_13102": 0.003075339001694158, "13107_13103": 0.0007665668013072459, "13107_13104": 0.0002608141483737671, "13107_13105": 0.0002517423519085926, "13107_13106": 0.006783435806834238, "13107_13108": 0.012979472792548427, "13107_13109": 0.0002199910642804818, "13107_13110": 1.8143592930349014e-05, "13107_13111": 7.030642260510243e-05, "13107_13112": 4.5358982325872536e-05, "13107_13113": 0.000151952590791673, "13107_13114": 4.0823084093285285e-05, "13107_13115": 1.8143592930349014e-05, "13107_13116": 7.484232083768968e-05, "13107_13117": 7.484232083768968e-05, "13107_13118": 0.0010863476267046473, "13107_13119": 2.2679491162936268e-05, "13107_13120": 2.2679491162936268e-05, "13107_13121": 0.0014242720450323976, "13107_13122": 0.004724138009239625, "13107_13123": 0.003921284022071681, "13108_13101": 0.003542536519650645, "13108_13102": 0.011296654548258555, "13108_13103": 0.002292896556572857, "13108_13104": 0.000510288551166066, "13108_13105": 0.000285761588652997, "13108_13106": 0.0007166719207487861, "13108_13107": 0.012741338135337595, "13108_13109": 0.0010500604408439492, "13108_13110": 8.845001553545145e-05, "13108_13111": 0.0009230552903315061, "13108_13112": 0.00020865131869901368, "13108_13113": 0.0003606039094906867, "13108_13114": 0.00011793335404726859, "13108_13115": 9.071796465174507e-05, "13108_13116": 0.00011566540493097497, "13108_13117": 8.39141173028642e-05, "13108_13118": 0.000151952590791673, "13108_13119": 5.669872790734067e-05, "13108_13120": 0.0001451487434427921, "13108_13121": 0.0005579154826082322, "13108_13122": 0.0006554372946088582, "13108_13123": 0.012768553524733118, "13109_13101": 0.0007007962769347307, "13109_13102": 0.00066904498930662, "13109_13103": 0.013249358737387367, "13109_13104": 0.00046266161972389986, "13109_13105": 0.00011793335404726859, "13109_13106": 0.0001587564381405539, "13109_13107": 0.0001587564381405539, "13109_13108": 0.0009343950359129743, "13109_13110": 0.007007962769347307, "13109_13111": 0.01583935662819469, "13109_13112": 0.000571523177305994, "13109_13113": 0.001830234936848957, "13109_13114": 6.577052437251518e-05, "13109_13115": 8.845001553545145e-05, "13109_13116": 0.00014968464167537936, "13109_13117": 0.0001610243872568475, "13109_13118": 1.8143592930349014e-05, "13109_13119": 0.00013154104874503036, "13109_13120": 8.164616818657057e-05, "13109_13121": 7.257437172139606e-05, "13109_13122": 9.071796465174507e-05, "13109_13123": 0.00012246925227985586, "13110_13101": 0.00025854619925747344, "13110_13102": 0.0001542205399079666, "13110_13103": 0.0012451040648452012, "13110_13104": 0.00039235519711879746, "13110_13105": 4.0823084093285285e-05, "13110_13106": 2.4947440279229894e-05, "13110_13107": 1.8143592930349014e-05, "13110_13108": 0.00010659360846580046, "13110_13109": 0.0065498370478559945, "13110_13111": 0.002789577413041161, "13110_13112": 0.013031635622223179, "13110_13113": 0.008291621969169499,