{"13101_13102": 0.02547125871683076, "13101_13103": 0.02220770315552508, "13101_13104": 0.021311761737802908, "13101_13105": 0.014839636189564385, "13101_13106": 0.0140245559106258, "13101_13107": 0.003609641235299445, "13101_13108": 0.005931973141164141, "13101_13109": 0.0020344662517951173, "13101_13110": 0.0007568602590143997, "13101_13111": 0.0015298927457855175, "13101_13112": 0.0025487430944587477, "13101_13113": 0.0040527602758335165, "13101_13114": 0.001461969389207302, "13101_13115": 0.001791882835444348, "13101_13116": 0.0028495465307337015, "13101_13117": 0.002390255262442912, "13101_13118": 0.0018048206176497225, "13101_13119": 0.001714256142212102, "13101_13120": 0.0011999792995484714, "13101_13121": 0.0027007620353718966, "13101_13122": 0.0014296249336938661, "13101_13123": 0.002429068609059035, "13102_13101": 0.028514871980645076, "13102_13103": 0.01533127191336861, "13102_13104": 0.002076514043962584, "13102_13105": 0.0013099504482941534, "13102_13106": 0.004780510524885824, "13102_13107": 0.006514173340405988, "13102_13108": 0.018623937484636383, "13102_13109": 0.001698083914455384, "13102_13110": 0.0006630613380254357, "13102_13111": 0.0012970126660887791, "13102_13112": 0.0008344869522466459, "13102_13113": 0.0017207250333147893, "13102_13114": 0.00039136791171257425, "13102_13115": 0.00041077458502063576, "13102_13116": 0.0007051091301929023, "13102_13117": 0.00047222905049616395, "13102_13118": 0.0007342191401549946, "13102_13119": 0.00041077458502063576, "13102_13120": 0.00030727232737764093, "13102_13121": 0.001571940537952984, "13102_13122": 0.0010803048141487586, "13102_13123": 0.001966542895216902, "13103_13101": 0.02151553180753755, "13103_13102": 0.01498842068492619, "13103_13104": 0.00885914636513009, "13103_13105": 0.0013164193393968406, "13103_13106": 0.0020474040340004917, "13103_13107": 0.0015525338646449225, "13103_13108": 0.004951936139107035, "13103_13109": 0.020192643577038025, "13103_13110": 0.0036161101264021323, "13103_13111": 0.005627935259337844, "13103_13112": 0.0030468477093656605, "13103_13113": 0.019658960061066332, "13103_13114": 0.0006307168825119998, "13103_13115": 0.0008150802789385844, "13103_13116": 0.0009865058931597945, "13103_13117": 0.0011935104084457842, "13103_13118": 0.0008830036355167997, "13103_13119": 0.0006210135458579691, "13103_13120": 0.0003978368028152614, "13103_13121": 0.0010447259130839791, "13103_13122": 0.0008474247344520202, "13103_13123": 0.0010738359230460714, "13104_13101": 0.01598786436029136, "13104_13102": 0.002506695302291281, "13104_13103": 0.007209579133944859, "13104_13105": 0.01013028346680812, "13104_13106": 0.0014457971614505842, "13104_13107": 0.0008474247344520202, "13104_13108": 0.00198271512297362, "13104_13109": 0.0015007827358234252, "13104_13110": 0.001022084794224574, "13104_13111": 0.0006630613380254357, "13104_13112": 0.0032279766602409015, "13104_13113": 0.02116944613354379, "13104_13114": 0.018387822959388303, "13104_13115": 0.0048613716636694134, "13104_13116": 0.014254201544771194, "13104_13117": 0.0016819116866986662, "13104_13118": 0.0004851668327015383, "13104_13119": 0.0020247629151410864, "13104_13120": 0.004211248107849353, "13104_13121": 0.0007795013778738049, "13104_13122": 0.00031050677292898454, "13104_13123": 0.0006695302291281228, "13105_13101": 0.011479047261718396, "13105_13102": 0.0012711371016780305, "13105_13103": 0.0014878449536180507, "13105_13104": 0.007584774817900716, "13105_13106": 0.008396620651287956, "13105_13107": 0.0006274824369606562, "13105_13108": 0.0008797691899654561, "13105_13109": 0.0002328800796967384, "13105_13110": 0.00010997114874568201, "13105_13111": 0.00013584671315643073, "13105_13112": 0.00027816231741554864, "13105_13113": 0.0005433868526257229, "13105_13114": 0.00032667900068570244, "13105_13115": 0.00018112895087524098, "13105_13116": 0.014325359346900754, "13105_13117": 0.004644663811729393, "13105_13118": 0.0022673463314918556, "13105_13119": 0.0019471362219088404, "13105_13120": 0.0009250514276842663, "13105_13121": 0.0012064481906511586, "13105_13122": 0.00039136791171257425, "13105_13123": 0.00035255456509645117, "13106_13101": 0.010259661288861863, "13106_13102": 0.00401071248366605, "13106_13103": 0.0021509062916434864, "13106_13104": 0.001258199319472656, "13106_13105": 0.006950823489837372, "13106_13107": 0.01026613017996455, "13106_13108": 0.0016107538845691071, "13106_13109": 0.0005983724269985639, "13106_13110": 0.00010350225764299484, "13106_13111": 0.0004269468127773537, "13106_13112": 0.0001132055942970256, "13106_13113": 0.0006242479914093126, "13106_13114": 0.00012614337650239995, "13106_13115": 0.00012614337650239995, "13106_13116": 0.0010673670319433842, "13106_13117": 0.002273815222594543, "13106_13118": 0.012514069838148345, "13106_13119": 0.00042047792167466654, "13106_13120": 0.00018759784197792815, "13106_13121": 0.004224185890054727, "13106_13122": 0.00210885849947602, "13106_13123": 0.0007665635956684305, "13107_13101": 0.003386464492256737, "13107_13102": 0.004450597078648778, "13107_13103": 0.0013875771415263996, "13107_13104": 0.0007665635956684305, "13107_13105": 0.0007212813579496203, "13107_13106": 0.008086113878358971, "13107_13108": 0.01442886160454375, "13107_13109": 0.0004172434761233229, "13107_13110": 6.145446547552818e-05, "13107_13111": 0.00029756899072361015, "13107_13112": 0.0001714256142212102, "13107_13113": 0.0004916357238042255, "13107_13114": 0.0001132055942970256, "13107_13115": 0.00013584671315643073, "13107_13116": 0.00018436339642658456, "13107_13117": 0.00035902345619913834, "13107_13118": 0.0014587349436559584, "13107_13119": 0.00013584671315643073, "13107_13120": 6.145446547552818e-05, "13107_13121": 0.002422599717956348, "13107_13122": 0.008461309562314829, "13107_13123": 0.0054403374173599165, "13108_13101": 0.005608528586029783, "13108_13102": 0.015399195269946826, "13108_13103": 0.004867840554772101, "13108_13104": 0.00190185398419003, "13108_13105": 0.0009315203187869536, "13108_13106": 0.0016333950034285122, "13108_13107": 0.013639656890015913, "13108_13109": 0.0024096619357509737, "13108_13110": 0.0002296456341453948, "13108_13111": 0.001998887350730338, "13108_13112": 0.0006048413181012511, "13108_13113": 0.0012161515273051893, "13108_13114": 0.00032991344623704605, "13108_13115": 0.000346085673993764, "13108_13116": 0.0006113102092039382, "13108_13117": 0.000346085673993764, "13108_13118": 0.0003978368028152614, "13108_13119": 0.00035255456509645117, "13108_13120": 0.0002522867530047999, "13108_13121": 0.0009315203187869536, "13108_13122": 0.0014328593792452098, "13108_13123": 0.020842767132858084, "13109_13101": 0.00219942297491364, "13109_13102": 0.00160428499346642, "13109_13103": 0.0174304270761906, "13109_13104": 0.0015363616368882047, "13109_13105": 0.0002619900896588307, "13109_13106": 0.0005207457337663178, "13109_13107": 0.00034932011954510756, "13109_13108": 0.0024323030546103785, "13109_13110": 0.007927626046343136, "13109_13111": 0.024174246050741983, "13109_13112": 0.0019956529051789944, "13109_13113": 0.0034446845121809217, "13109_13114": 0.0003331478917883896, "13109_13115": 0.0003137412184803281, "13109_13116": 0.0006565924469227485, "13109_13117": 0.0004237123672260101, "13109_13118": 0.00015201894091314866, "13109_13119": 0.0003234445551343589, "13109_13120": 0.0002037700697346461, "13109_13121": 0.0002878656540695794, "13109_13122": 0.00014878449536180507, "13109_13123": 0.00035255456509645117, "13110_13101": 0.000730984694603651, "13110_13102": 0.0005919035358958767, "13110_13103": 0.0031341777392519376, "13110_13104": 0.0009153480910302356, "13110_13105": 8.733002988627689e-05, "13110_13106": 5.4985574372841006e-05, "13110_13107": 8.733002988627689e-05, "13110_13108": 0.0002652245352101743, "13110_13109": 0.007083435757442459, "13110_13111": 0.0037325501662505015, "13110_13112": 0.018087019523113347, "13110_13113": 0.0099135756148681, "13110_13114": 0.0002943345451722666, "13110_13115": 0.0004463534860854152,