{"13101_13102": 0.027510434833427147, "13101_13103": 0.024293091940340742, "13101_13104": 0.022758240980828206, "13101_13105": 0.015779129102804254, "13101_13106": 0.015207020328316617, "13101_13107": 0.003961699470645591, "13101_13108": 0.006413154810788864, "13101_13109": 0.002417620950254219, "13101_13110": 0.0009196802342570122, "13101_13111": 0.00202698753971696, "13101_13112": 0.002651385825851319, "13101_13113": 0.004721435316336166, "13101_13114": 0.001531775105886261, "13101_13115": 0.00197469802807024, "13101_13116": 0.0030450950900148565, "13101_13117": 0.002537579241679047, "13101_13118": 0.001950091199060019, "13101_13119": 0.0016701885190687545, "13101_13120": 0.0011749760852380556, "13101_13121": 0.0029528194812265276, "13101_13122": 0.0016302024219271454, "13101_13123": 0.0025406550953053246, "13102_13101": 0.031512120401214344, "13102_13103": 0.016520409826737165, "13102_13104": 0.0024391519256381626, "13102_13105": 0.0013041619375417162, "13102_13106": 0.005112068726873425, "13102_13107": 0.006646919686385964, "13102_13108": 0.01950091199060019, "13102_13109": 0.0017132504698366413, "13102_13110": 0.0006705360905285239, "13102_13111": 0.0013841341318249346, "13102_13112": 0.0009227560878832898, "13102_13113": 0.0018362846148877467, "13102_13114": 0.00047368145844675543, "13102_13115": 0.0004644538975679225, "13102_13116": 0.0007197497485489661, "13102_13117": 0.0004798331656993107, "13102_13118": 0.0007412807239329095, "13102_13119": 0.0003567990206482054, "13102_13120": 0.00034141975251681723, "13102_13121": 0.0015471543740176493, "13102_13122": 0.0012026587678745544, "13102_13123": 0.0020608219296060137, "13103_13101": 0.02355796292366039, "13103_13102": 0.01633278275553423, "13103_13104": 0.009009175271367187, "13103_13105": 0.00150716827687604, "13103_13106": 0.002276131683445448, "13103_13107": 0.0014518029116030427, "13103_13108": 0.004942896777428156, "13103_13109": 0.02096809417033462, "13103_13110": 0.003684872644280604, "13103_13111": 0.006151707252555265, "13103_13112": 0.0034295767932995603, "13103_13113": 0.020666660514959415, "13103_13114": 0.0007474324311854647, "13103_13115": 0.0008612390153577372, "13103_13116": 0.0010488660865606728, "13103_13117": 0.001147293402601557, "13103_13118": 0.000938135356014678, "13103_13119": 0.0007105221876701331, "13103_13120": 0.0003629507279007607, "13103_13121": 0.0012764792549052177, "13103_13122": 0.0008397080399737937, "13103_13123": 0.001171900231611778, "13104_13101": 0.01689258811551676, "13104_13102": 0.002872847286943309, "13104_13103": 0.007781909674482411, "13104_13105": 0.010374854281434455, "13104_13106": 0.0015440785203913716, "13104_13107": 0.0009842731604088424, "13104_13108": 0.0019808497353227955, "13104_13109": 0.0014271960825928216, "13104_13110": 0.0011011555982073924, "13104_13111": 0.0006336258470131923, "13104_13112": 0.0036479624007652723, "13104_13113": 0.023628707557064775, "13104_13114": 0.01835977029525119, "13104_13115": 0.0051981926284092, "13104_13116": 0.014791780088769135, "13104_13117": 0.0016086714465432018, "13104_13118": 0.0006459292615183028, "13104_13119": 0.0021807802210308414, "13104_13120": 0.0044815187334865106, "13104_13121": 0.0007720392601956858, "13104_13122": 0.00031681292350659615, "13104_13123": 0.0007966460892059069, "13105_13101": 0.012515648405323687, "13105_13102": 0.0013626031564409912, "13105_13103": 0.001482561447865819, "13105_13104": 0.007726544309209413, "13105_13106": 0.008507811130283932, "13105_13107": 0.0006490051151445805, "13105_13108": 0.0009504387705197886, "13105_13109": 0.00027682682636498695, "13105_13110": 0.00011688243779855004, "13105_13111": 0.000150716827687604, "13105_13112": 0.00021838560746571193, "13105_13113": 0.0006059431643766936, "13105_13114": 0.0002799026799912646, "13105_13115": 0.00019993048570804612, "13105_13116": 0.014582622042182256, "13105_13117": 0.004619932146669004, "13105_13118": 0.002294586805203114, "13105_13119": 0.0018947258337870217, "13105_13120": 0.0009688938922774543, "13105_13121": 0.0012764792549052177, "13105_13122": 0.00036910243515331595, "13105_13123": 0.00025221999735476586, "13106_13101": 0.011097679883609698, "13106_13102": 0.0041554782491010816, "13106_13103": 0.002337648755971001, "13106_13104": 0.0013872099854512123, "13106_13105": 0.007369745288561208, "13106_13107": 0.010307185501656347, "13106_13108": 0.0015471543740176493, "13106_13109": 0.0005351985309723081, "13106_13110": 0.00011688243779855004, "13106_13111": 0.0005075158483358094, "13106_13112": 0.00020300633933432376, "13106_13113": 0.0007289773094277989, "13106_13114": 0.00015686853494015926, "13106_13115": 0.000150716827687604, "13106_13116": 0.0010181075502978965, "13106_13117": 0.00237763485311261, "13106_13118": 0.012650985964879903, "13106_13119": 0.00039370926416353697, "13106_13120": 0.0002060821929606014, "13106_13121": 0.004284664101404743, "13106_13122": 0.0019531670526862967, "13106_13123": 0.0008151012109635727, "13107_13101": 0.003601824596371108, "13107_13102": 0.004936745070175601, "13107_13103": 0.0016794160799475874, "13107_13104": 0.001005804135792786, "13107_13105": 0.0006428534078920253, "13107_13106": 0.008326335766333551, "13107_13108": 0.01404742351120995, "13107_13109": 0.0004644538975679225, "13107_13110": 8.304804790949608e-05, "13107_13111": 0.00042754365405259096, "13107_13112": 0.00018455121757665797, "13107_13113": 0.0004982882874569765, "13107_13114": 0.00012610999867738293, "13107_13115": 0.00011688243779855004, "13107_13116": 0.00024914414372848823, "13107_13117": 0.0003383438988905396, "13107_13118": 0.0014610304724818756, "13107_13119": 0.0001230341450511053, "13107_13120": 5.228951164671976e-05, "13107_13121": 0.002285359244324281, "13107_13122": 0.008769258688517531, "13107_13123": 0.005364288724228191, "13108_13101": 0.0063608652991421445, "13108_13102": 0.0160344249537853, "13108_13103": 0.004912138241165379, "13108_13104": 0.001925484370049798, "13108_13105": 0.0009196802342570122, "13108_13106": 0.0015686853494015927, "13108_13107": 0.013730610587703352, "13108_13109": 0.0024237726575067745, "13108_13110": 0.0003106612162540409, "13108_13111": 0.0020638977832322914, "13108_13112": 0.0005874880426190278, "13108_13113": 0.0012518724258949966, "13108_13114": 0.0003721782887795936, "13108_13115": 0.00026144755823359877, "13108_13116": 0.0007228256021752437, "13108_13117": 0.00039370926416353697, "13108_13118": 0.00043677121493142386, "13108_13119": 0.0003321921916379843, "13108_13120": 0.00018147536395038034, "13108_13121": 0.0010088799894190635, "13108_13122": 0.0015163958377548729, "13108_13123": 0.020125310276734552, "13109_13101": 0.002337648755971001, "13109_13102": 0.0018701190047768006, "13109_13103": 0.018329011758988413, "13109_13104": 0.0014671821797344307, "13109_13105": 0.00028605438724381985, "13109_13106": 0.00041831609317375805, "13109_13107": 0.00035987487427448304, "13109_13108": 0.0023714831458600547, "13109_13110": 0.007969536745685346, "13109_13111": 0.02373636243398449, "13109_13112": 0.0019316360773023534, "13109_13113": 0.0037217828877959356, "13109_13114": 0.0003567990206482054, "13109_13115": 0.0003137370698803185, "13109_13116": 0.0006705360905285239, "13109_13117": 0.0003721782887795936, "13109_13118": 0.0002060821929606014, "13109_13119": 0.0002829785336175422, "13109_13120": 0.00016609609581899216, "13109_13121": 0.00024299243647593299, "13109_13122": 0.00019070292482921322, "13109_13123": 0.0003291163380117067, "13110_13101": 0.0007658875529431306, "13110_13102": 0.0005874880426190278, "13110_13103": 0.0034111216715418946, "13110_13104": 0.0010857763300760044, "13110_13105": 0.0001322617059299382, "13110_13106": 9.842731604088424e-05, "13110_13107": 3.383438988905396e-05, "13110_13108": 0.00029528194812265276, "13110_13109": 0.007228256021752437, "13110_13111": 0.004137023127343416, "13110_13112": 0.018365922002503744, "13110_13113": 0.010408688671323508, "13110_13114": 0.0003198887771328738, "13110_13115": 0.0005567295063562515,