{"13101_13102": 0.011089863139094136, "13101_13103": 0.00842261427214882, "13101_13104": 0.00777026938161387, "13101_13105": 0.005844799785357488, "13101_13106": 0.006999555458522176, "13101_13107": 0.002204294428501159, "13101_13108": 0.003943003995612455, "13101_13109": 0.0014546238889751083, "13101_13110": 0.000460324015498452, "13101_13111": 0.001441471774246581, "13101_13112": 0.0016992532229257143, "13101_13113": 0.0027777266306649446, "13101_13114": 0.0009153871851054931, "13101_13115": 0.0010732125618478196, "13101_13116": 0.001751861681839823, "13101_13117": 0.0015756233444775586, "13101_13118": 0.0012310379385901459, "13101_13119": 0.0010784734077392303, "13101_13120": 0.0006839099658834144, "13101_13121": 0.002133273008967112, "13101_13122": 0.001028495371770827, "13101_13123": 0.002051729897650243, "13102_13101": 0.012126249779702078, "13102_13103": 0.007454618628129217, "13102_13104": 0.0013257331646355417, "13102_13105": 0.0006707578511548871, "13102_13106": 0.002738270286479363, "13102_13107": 0.0030092038498870234, "13102_13108": 0.010361235983133729, "13102_13109": 0.0011442339813818663, "13102_13110": 0.0004498023237156302, "13102_13111": 0.0010863646765763466, "13102_13112": 0.0007470401165803449, "13102_13113": 0.0013257331646355417, "13102_13114": 0.0003156507534846528, "13102_13115": 0.00024725975689631136, "13102_13116": 0.000502410782629739, "13102_13117": 0.00036299836650735074, "13102_13118": 0.00050767162852115, "13102_13119": 0.00030512906170183105, "13102_13120": 0.0001657166455794427, "13102_13121": 0.0011810599026217425, "13102_13122": 0.000699692503557647, "13102_13123": 0.0016308622263373727, "13103_13101": 0.008138528594012632, "13103_13102": 0.007183685064721557, "13103_13104": 0.00412450317886613, "13103_13105": 0.0010153432570423, "13103_13106": 0.0016124492657174348, "13103_13107": 0.0010995167913048739, "13103_13108": 0.0035878968979422203, "13103_13109": 0.009711521515544485, "13103_13110": 0.0021253817401299955, "13103_13111": 0.00433230659157686, "13103_13112": 0.0023594893822977796, "13103_13113": 0.010240236527631277, "13103_13114": 0.0005129324744125608, "13103_13115": 0.0005655409333266696, "13103_13116": 0.0007181054641775851, "13103_13117": 0.0007549313854174613, "13103_13118": 0.0005786930480551968, "13103_13119": 0.00046295443844415746, "13103_13120": 0.00043665020898710303, "13103_13121": 0.0008522570344085625, "13103_13122": 0.0004971499367383282, "13103_13123": 0.0008733004179742061, "13104_13101": 0.007173163372938735, "13104_13102": 0.001446732620137992, "13104_13103": 0.0040376992216578506, "13104_13105": 0.004619022692658753, "13104_13106": 0.001202103286187386, "13104_13107": 0.0006391927758064219, "13104_13108": 0.0013441461252554799, "13104_13109": 0.0009469522604539584, "13104_13110": 0.0008259528049515081, "13104_13111": 0.0005181933203039716, "13104_13112": 0.0026882922505109597, "13104_13113": 0.012712834096594391, "13104_13114": 0.010387540212590782, "13104_13115": 0.0038404175007299424, "13104_13116": 0.008656721914316602, "13104_13117": 0.0013231027416898363, "13104_13118": 0.0004892586679012119, "13104_13119": 0.0015440582691290932, "13104_13120": 0.002911878200895922, "13104_13121": 0.0005944755857294294, "13104_13122": 0.00025515102573342766, "13104_13123": 0.0005418671268153206, "13105_13101": 0.005184563625985422, "13105_13102": 0.0008759308409199115, "13105_13103": 0.0011152993289791065, "13105_13104": 0.003995612454526563, "13105_13106": 0.004498023237156303, "13105_13107": 0.0005786930480551968, "13105_13108": 0.0007444096936346395, "13105_13109": 0.0002367380651134896, "13105_13110": 9.20648030996904e-05, "13105_13111": 0.00011047776371962848, "13105_13112": 0.0002683031404619549, "13105_13113": 0.0005708017792180805, "13105_13114": 0.00032617244526747454, "13105_13115": 0.00018939045209079167, "13105_13116": 0.006636557092014825, "13105_13117": 0.0022989896545465545, "13105_13118": 0.0013888633153324723, "13105_13119": 0.001507232347889217, "13105_13120": 0.000591845162783724, "13105_13121": 0.0011731686337846262, "13105_13122": 0.0003551070976702344, "13105_13123": 0.0003156507534846528, "13106_13101": 0.006065755312796744, "13106_13102": 0.002640944637488262, "13106_13103": 0.0015151236167263334, "13106_13104": 0.0010258649488251216, "13106_13105": 0.00424550263436858, "13106_13107": 0.006228841535430482, "13106_13108": 0.0014020154300609996, "13106_13109": 0.000526084589141088, "13106_13110": 6.839099658834143e-05, "13106_13111": 0.0004971499367383282, "13106_13112": 0.00016308622263373727, "13106_13113": 0.0007496705395260504, "13106_13114": 0.00020780341271072977, "13106_13115": 0.00016308622263373727, "13106_13116": 0.0009969302964223617, "13106_13117": 0.0016545360328487216, "13106_13118": 0.007007446727359292, "13106_13119": 0.0003971938648015214, "13106_13120": 0.0001841296061993808, "13106_13121": 0.003561592668485166, "13106_13122": 0.0015756233444775586, "13106_13123": 0.0007102141953404688, "13107_13101": 0.002164838084315577, "13107_13102": 0.0026277925227597347, "13107_13103": 0.0009074959162683768, "13107_13104": 0.0006049972775122512, "13107_13105": 0.0005944755857294294, "13107_13106": 0.00583164767062896, "13107_13108": 0.010824190421577886, "13107_13109": 0.0003682592123987616, "13107_13110": 8.154311131686863e-05, "13107_13111": 0.0003498462517788235, "13107_13112": 0.00019465129798220256, "13107_13113": 0.000526084589141088, "13107_13114": 0.0001183690325567448, "13107_13115": 0.00013415157023097745, "13107_13116": 0.00024725975689631136, "13107_13117": 0.00029197694697330386, "13107_13118": 0.0011389731354904556, "13107_13119": 0.00012889072433956657, "13107_13120": 8.417353426257408e-05, "13107_13121": 0.002362119805243485, "13107_13122": 0.004505914505993419, "13107_13123": 0.004069264297006316, "13108_13101": 0.0040298079528207345, "13108_13102": 0.009545804869965042, "13108_13103": 0.003987721185689447, "13108_13104": 0.0013309940105269526, "13108_13105": 0.0007391488477432286, "13108_13106": 0.0014756672725407519, "13108_13107": 0.010500648399256116, "13108_13109": 0.0015887754592060857, "13108_13110": 0.0002498901798420168, "13108_13111": 0.0018334047931566917, "13108_13112": 0.0005944755857294294, "13108_13113": 0.0011705382108389208, "13108_13114": 0.00023147721922207873, "13108_13115": 0.0002498901798420168, "13108_13116": 0.0005865843168923131, "13108_13117": 0.0003024986387561256, "13108_13118": 0.0003314332911588854, "13108_13119": 0.0003024986387561256, "13108_13120": 0.00015256453085091552, "13108_13121": 0.0009890390275852454, "13108_13122": 0.001423058813626643, "13108_13123": 0.013194201495658487, "13109_13101": 0.0013625590858754178, "13109_13102": 0.001207364132078797, "13109_13103": 0.00942480541446259, "13109_13104": 0.0011968424402959753, "13109_13105": 0.00019991214387361344, "13109_13106": 0.0005997364316208403, "13109_13107": 0.00032880286821318, "13109_13108": 0.0015203844626177443, "13109_13110": 0.005815865132954728, "13109_13111": 0.015053910518272233, "13109_13112": 0.001715035760599947, "13109_13113": 0.00263042294570544, "13109_13114": 0.0002788248322447766, "13109_13115": 0.00027356398635336573, "13109_13116": 0.000502410782629739, "13109_13117": 0.0003024986387561256, "13109_13118": 0.00010784734077392304, "13109_13119": 0.00031038990759324193, "13109_13120": 0.0001394124161223883, "13109_13121": 0.00021043383565643519, "13109_13122": 0.00016834706852514815, "13109_13123": 0.000286716101081893, "13110_13101": 0.0005208237432496771, "13110_13102": 0.0004340197860413976, "13110_13103": 0.0020832949729987084, "13110_13104": 0.000878561263865617, "13110_13105": 7.628226542545776e-05, "13110_13106": 9.469522604539584e-05, "13110_13107": 6.049972775122512e-05, "13110_13108": 0.00024199891100490047, "13110_13109": 0.005718539483963627, "13110_13111": 0.0030170951187241395, "13110_13112": 0.011642251957692277, "13110_13113": 0.006439275371086917, "13110_13114": 0.00030775948464753646, "13110_13115": 0.0005129324744125608,