{"13101_13102": 0.011657703098254889, "13101_13103": 0.008632709766069432, "13101_13104": 0.008116165145729728, "13101_13105": 0.006603668479637001, "13101_13106": 0.007167478620792102, "13101_13107": 0.002137076762581913, "13101_13108": 0.0031026438306678956, "13101_13109": 0.0011141158477915186, "13101_13110": 0.00036799584063416826, "13101_13111": 0.0010533458924574357, "13101_13112": 0.0013065540396827809, "13101_13113": 0.0023970371270666006, "13101_13114": 0.0007663766589353779, "13101_13115": 0.0008676599178255159, "13101_13116": 0.0015158727747223994, "13101_13117": 0.001245784084348698, "13101_13118": 0.0010600981097167782, "13101_13119": 0.0008507793746771596, "13101_13120": 0.00042876579596825106, "13101_13121": 0.0012896734965344245, "13101_13122": 0.0006819739431935962, "13101_13123": 0.001434846167610289, "13102_13101": 0.012255274325706705, "13102_13103": 0.007174230838051445, "13102_13104": 0.0010668503269761207, "13102_13105": 0.0006752217259342536, "13102_13106": 0.0024341743219929842, "13102_13107": 0.002731271881404056, "13102_13108": 0.008963568411777218, "13102_13109": 0.0008946687868628861, "13102_13110": 0.0003443630802264694, "13102_13111": 0.0008237705056397895, "13102_13112": 0.0005503057066364168, "13102_13113": 0.0010499697838277644, "13102_13114": 0.00020931873503961864, "13102_13115": 0.00027346479900337275, "13102_13116": 0.00037812416652318204, "13102_13117": 0.0002126948436692899, "13102_13118": 0.0003409869715967981, "13102_13119": 0.00023295149544731752, "13102_13120": 0.00016205321422422088, "13102_13121": 0.0007765049848243918, "13102_13122": 0.0005570579238957593, "13102_13123": 0.0012018946721629716, "13103_13101": 0.008241081165027565, "13103_13102": 0.0064990091121171914, "13103_13104": 0.004442958956647389, "13103_13105": 0.0007056067036012951, "13103_13106": 0.0013166823655717946, "13103_13107": 0.0008946687868628861, "13103_13108": 0.0034807679971910776, "13103_13109": 0.0099055027194555, "13103_13110": 0.002052674046840131, "13103_13111": 0.0032782014794108015, "13103_13112": 0.0019176297016532803, "13103_13113": 0.00987849385041813, "13103_13114": 0.0004051330355605522, "13103_13115": 0.0004388941218572649, "13103_13116": 0.0005941951188221433, "13103_13117": 0.0005469295980067455, "13103_13118": 0.00043551801322759364, "13103_13119": 0.0003747480578935108, "13103_13120": 0.00023295149544731752, "13103_13121": 0.0005705623584144443, "13103_13122": 0.0003815002751528533, "13103_13123": 0.0005975712274518145, "13104_13101": 0.007299146857349282, "13104_13102": 0.0013099301483124521, "13104_13103": 0.004182998592162701, "13104_13105": 0.004851468100837613, "13104_13106": 0.0010432175665684219, "13104_13107": 0.00069210226908261, "13104_13108": 0.0011411247168288887, "13104_13109": 0.0008271466142694608, "13104_13110": 0.0007494961157870216, "13104_13111": 0.0003882524924121959, "13104_13112": 0.0023598999321402165, "13104_13113": 0.01336263795623888, "13104_13114": 0.010337644624053424, "13104_13115": 0.0034402546936350225, "13104_13116": 0.008919678999591492, "13104_13117": 0.0009858237198640105, "13104_13118": 0.00045239855637594994, "13104_13119": 0.0014010850813135764, "13104_13120": 0.0025253292549941085, "13104_13121": 0.00043551801322759364, "13104_13122": 0.00023632760407698878, "13104_13123": 0.0005671862497847731, "13105_13101": 0.005519937609512524, "13105_13102": 0.0006752217259342536, "13105_13103": 0.0008338988315288033, "13105_13104": 0.004368684566794621, "13105_13106": 0.005010145206432162, "13105_13107": 0.0004895357513023339, "13105_13108": 0.0005671862497847731, "13105_13109": 0.000138420453816522, "13105_13110": 6.41460639637541e-05, "13105_13111": 0.00013504434518685075, "13105_13112": 0.00020594262640994738, "13105_13113": 0.00041188525281989476, "13105_13114": 0.00022957538681764626, "13105_13115": 0.00014517267107586453, "13105_13116": 0.0069041421476777436, "13105_13117": 0.0022721211077687637, "13105_13118": 0.0013909567554245626, "13105_13119": 0.0009284298731595988, "13105_13120": 0.000540177380747403, "13105_13121": 0.0007967616366024193, "13105_13122": 0.00021944706092863245, "13105_13123": 0.0002464559299660026, "13106_13101": 0.006090499967926968, "13106_13102": 0.0021303245453225704, "13106_13103": 0.0013369390173498222, "13106_13104": 0.000968943176715654, "13106_13105": 0.004956127468357422, "13106_13107": 0.006657686217711741, "13106_13108": 0.0011107397391618473, "13106_13109": 0.0004388941218572649, "13106_13110": 7.089828122309663e-05, "13106_13111": 0.0003376108629671268, "13106_13112": 0.00015867710559454962, "13106_13113": 0.0005975712274518145, "13106_13114": 0.000138420453816522, "13106_13115": 0.0001282921279275082, "13106_13116": 0.0008946687868628861, "13106_13117": 0.0014821116884256868, "13106_13118": 0.007336284052275666, "13106_13119": 0.00031397810255942793, "13106_13120": 0.00014517267107586453, "13106_13121": 0.0030249933321854564, "13106_13122": 0.0013808284295355488, "13106_13123": 0.0005435534893770742, "13107_13101": 0.0021033156762852003, "13107_13102": 0.002491568168697396, "13107_13103": 0.0007494961157870216, "13107_13104": 0.0005773145756737868, "13107_13105": 0.0004456463391166074, "13107_13106": 0.006212039878595134, "13107_13108": 0.010155334758051176, "13107_13109": 0.00029709755941107163, "13107_13110": 5.064162944506902e-05, "13107_13111": 0.00023970371270666004, "13107_13112": 0.0002126948436692899, "13107_13113": 0.00035449140611548317, "13107_13114": 0.00010803547614948058, "13107_13115": 0.00011816380203849439, "13107_13116": 0.00022619927818797497, "13107_13117": 0.000276840907633044, "13107_13118": 0.0012559124102377117, "13107_13119": 0.00015867710559454962, "13107_13120": 4.388941218572649e-05, "13107_13121": 0.002025665177802761, "13107_13122": 0.005013521315061833, "13107_13123": 0.004091843659161577, "13108_13101": 0.0031701660032613208, "13108_13102": 0.008264713925435265, "13108_13103": 0.00340649360733831, "13108_13104": 0.0011782619117552727, "13108_13105": 0.0005368012721177316, "13108_13106": 0.0012221513239409991, "13108_13107": 0.01011144534586545, "13108_13109": 0.0013065540396827809, "13108_13110": 0.0001823098660022485, "13108_13111": 0.0011985185635333003, "13108_13112": 0.0003612436233748257, "13108_13113": 0.0007900094193430768, "13108_13114": 0.0001823098660022485, "13108_13115": 0.00024307982133633133, "13108_13116": 0.0004186374700792373, "13108_13117": 0.00021607095229896116, "13108_13118": 0.00030384977667041415, "13108_13119": 0.0002025665177802761, "13108_13120": 0.000138420453816522, "13108_13121": 0.0006515889655265548, "13108_13122": 0.0011242441736805324, "13108_13123": 0.012704296773452983, "13109_13101": 0.0010668503269761207, "13109_13102": 0.0009655670680859828, "13109_13103": 0.009152630495038809, "13109_13104": 0.0008507793746771596, "13109_13105": 0.0001721815401132347, "13109_13106": 0.0004490224477462787, "13109_13107": 0.0003308586457077843, "13109_13108": 0.0012289035412003416, "13109_13110": 0.005276857788176192, "13109_13111": 0.013210713067903673, "13109_13112": 0.0012761690620157395, "13109_13113": 0.002137076762581913, "13109_13114": 0.0002126948436692899, "13109_13115": 0.0002667125817440302, "13109_13116": 0.00044227023048693616, "13109_13117": 0.00025996036448468766, "13109_13118": 0.00014517267107586453, "13109_13119": 0.00019581430052093357, "13109_13120": 9.115493300112425e-05, "13109_13121": 0.00018906208326159102, "13109_13122": 7.765049848243917e-05, "13109_13123": 0.0002667125817440302, "13110_13101": 0.00042876579596825106, "13110_13102": 0.00029034534215172905, "13110_13103": 0.001748824270169717, "13110_13104": 0.0007157350294903089, "13110_13105": 3.7137194926383954e-05, "13110_13106": 7.089828122309663e-05, "13110_13107": 4.7265520815397755e-05, "13110_13108": 0.00014179656244619327, "13110_13109": 0.004831211449059585, "13110_13111": 0.0026468691656622743, "13110_13112": 0.011613813686069162, "13110_13113": 0.00646862413445015, "13110_13114": 0.0002228231695583037,