{"13101_13102": 0.014349937974510856, "13101_13103": 0.011266113143375646, "13101_13104": 0.01115824272747174, "13101_13105": 0.00883902878553775, "13101_13106": 0.008877100697033246, "13101_13107": 0.0026523431675195834, "13101_13108": 0.004178392286630731, "13101_13109": 0.0014625959332853205, "13101_13110": 0.0005107981458979102, "13101_13111": 0.0013166536058859175, "13101_13112": 0.0016910274022582988, "13101_13113": 0.002934709844444515, "13101_13114": 0.0008090281192792987, "13101_13115": 0.0010850494776216478, "13101_13116": 0.0017608259066667089, "13101_13117": 0.0013610708359639966, "13101_13118": 0.0012817543536817126, "13101_13119": 0.0010247689510871117, "13101_13120": 0.0006154959025105253, "13101_13121": 0.0018845596190270723, "13101_13122": 0.0009803517210090326, "13101_13123": 0.0017227539951712126, "13102_13101": 0.015907713686534916, "13102_13103": 0.009007179727976192, "13102_13104": 0.001440387318246281, "13102_13105": 0.0008819992829790002, "13102_13106": 0.0028617386807448133, "13102_13107": 0.003610486273489576, "13102_13108": 0.01169124948840869, "13102_13109": 0.0009898696988829066, "13102_13110": 0.0004029277299940037, "13102_13111": 0.0007836468449489678, "13102_13112": 0.0005330067609369498, "13102_13113": 0.0012405097828949248, "13102_13114": 0.00025064008401201804, "13102_13115": 0.00021256817251652163, "13102_13116": 0.0004695535751111224, "13102_13117": 0.00024746742472072665, "13102_13118": 0.0003934097521201296, "13102_13119": 0.00026015806188589216, "13102_13120": 0.00019987753535135615, "13102_13121": 0.001053322884708734, "13102_13122": 0.0006694311104624785, "13102_13123": 0.0013927974288769104, "13103_13101": 0.011326393669910182, "13103_13102": 0.0087470216660903, "13103_13104": 0.005510909188973105, "13103_13105": 0.0010723588404564822, "13103_13106": 0.0014879772076156514, "13103_13107": 0.0011167760705345614, "13103_13108": 0.003677112118606695, "13103_13109": 0.01269063716516547, "13103_13110": 0.002398530424216274, "13103_13111": 0.003991205388444541, "13103_13112": 0.002192307570282335, "13103_13113": 0.0124590330369012, "13103_13114": 0.0005361794202282411, "13103_13115": 0.0005996326060540685, "13103_13116": 0.0006694311104624785, "13103_13117": 0.0007297116369970146, "13103_13118": 0.0005901146281801944, "13103_13119": 0.00038706443353754685, "13103_13120": 0.00034899252204205044, "13103_13121": 0.0007519202520360541, "13103_13122": 0.0004949348494414533, "13103_13123": 0.0007804741856576764, "13104_13101": 0.00948625128096119, "13104_13102": 0.001545085074858896, "13104_13103": 0.0051238447554355585, "13104_13105": 0.005955081489753897, "13104_13106": 0.0011960925528168456, "13104_13107": 0.0007297116369970146, "13104_13108": 0.0014435599775375722, "13104_13109": 0.0010469775661261513, "13104_13110": 0.000777301526366385, "13104_13111": 0.0005361794202282411, "13104_13112": 0.0028522207028709393, "13104_13113": 0.016107591221886274, "13104_13114": 0.013426694120745068, "13104_13115": 0.004029277299940037, "13104_13116": 0.010491984276300553, "13104_13117": 0.0012341644643123419, "13104_13118": 0.0004695535751111224, "13104_13119": 0.0015863296456456837, "13104_13120": 0.0031218967426307055, "13104_13121": 0.0005456973981021152, "13104_13122": 0.00020622285393393888, "13104_13123": 0.0005710786724324461, "13105_13101": 0.007852331745946135, "13105_13102": 0.0007868195042402592, "13105_13103": 0.001018423632504529, "13105_13104": 0.005352276224408537, "13105_13106": 0.005713959383615753, "13105_13107": 0.000561560694558572, "13105_13108": 0.0006440498361321476, "13105_13109": 0.00021256817251652163, "13105_13110": 8.248914157357555e-05, "13105_13111": 0.00014911498669069426, "13105_13112": 0.00021256817251652163, "13105_13113": 0.000491762190150162, "13105_13114": 0.0002918846547988058, "13105_13115": 0.00016180562385585974, "13105_13116": 0.009130913440336556, "13105_13117": 0.002960091118774846, "13105_13118": 0.001710063358006047, "13105_13119": 0.0013356895616336657, "13105_13120": 0.0005107981458979102, "13105_13121": 0.0010342869289609858, "13105_13122": 0.0002696760397597662, "13105_13123": 0.0002728486990510576, "13106_13101": 0.0069830231001323, "13106_13102": 0.0026301345524805436, "13106_13103": 0.001510185822654691, "13106_13104": 0.0010691861811651909, "13106_13105": 0.005479182596060192, "13106_13107": 0.00783964110878097, "13106_13108": 0.0012658910572252557, "13106_13109": 0.000466380915819831, "13106_13110": 9.517977873874103e-05, "13106_13111": 0.00034899252204205044, "13106_13112": 0.00016180562385585974, "13106_13113": 0.0006345318582582735, "13106_13114": 0.0001459423273994029, "13106_13115": 0.0001078704159039065, "13106_13116": 0.0009422798095135361, "13106_13117": 0.0017735165438318744, "13106_13118": 0.008775575599711923, "13106_13119": 0.00027919401763364034, "13106_13120": 0.0001364243495255288, "13106_13121": 0.003315428959399479, "13106_13122": 0.001449905296120155, "13106_13123": 0.0006662584511711872, "13107_13101": 0.00236680383130336, "13107_13102": 0.003014026326726799, "13107_13103": 0.0009422798095135361, "13107_13104": 0.0005932872874714857, "13107_13105": 0.0005583880352672807, "13107_13106": 0.006672102489585746, "13107_13108": 0.01141522813006634, "13107_13109": 0.00028871199550751446, "13107_13110": 6.345318582582735e-05, "13107_13111": 0.00027919401763364034, "13107_13112": 0.00020305019464264752, "13107_13113": 0.00040610038928529503, "13107_13114": 8.566180086486693e-05, "13107_13115": 0.00011421573448648922, "13107_13116": 0.000215740831807813, "13107_13117": 0.000215740831807813, "13107_13118": 0.0013103082873033348, "13107_13119": 0.0001078704159039065, "13107_13120": 2.538127433033094e-05, "13107_13121": 0.0021447176809129644, "13107_13122": 0.005802793843771911, "13107_13123": 0.0042767447246607635, "13108_13101": 0.0037342199858499394, "13108_13102": 0.010606200010787041, "13108_13103": 0.0035977956363244107, "13108_13104": 0.0014023154067507844, "13108_13105": 0.0007487475927447627, "13108_13106": 0.0012405097828949248, "13108_13107": 0.010901257324877138, "13108_13109": 0.0015831569863543923, "13108_13110": 0.0001840142388948993, "13108_13111": 0.0014879772076156514, "13108_13112": 0.0005044528273153274, "13108_13113": 0.0009359344909309535, "13108_13114": 0.00022208615039039572, "13108_13115": 0.00028553933621622307, "13108_13116": 0.0005234887830630757, "13108_13117": 0.00020939551322523027, "13108_13118": 0.0002728486990510576, "13108_13119": 0.00020939551322523027, "13108_13120": 0.00019353221676877343, "13108_13121": 0.0007741288670750937, "13108_13122": 0.0011865745749429714, "13108_13123": 0.014955915899147507, "13109_13101": 0.0013229989244685002, "13109_13102": 0.0010818768183303562, "13109_13103": 0.011402537492901176, "13109_13104": 0.0010818768183303562, "13109_13105": 0.00021891349109910436, "13109_13106": 0.0004283090043243346, "13109_13107": 0.00027919401763364034, "13109_13108": 0.0016148835792673061, "13109_13110": 0.006513469525021178, "13109_13111": 0.01652320958904544, "13109_13112": 0.0015609483713153528, "13109_13113": 0.0028331847471231913, "13109_13114": 0.00019035955747748206, "13109_13115": 0.00028236667692493173, "13109_13116": 0.00045051761936337417, "13109_13117": 0.00022208615039039572, "13109_13118": 0.0001364243495255288, "13109_13119": 0.00022525880968168708, "13109_13120": 0.0001078704159039065, "13109_13121": 0.0001459423273994029, "13109_13122": 0.00017449626102102522, "13109_13123": 0.00031409326983784536, "13110_13101": 0.0005488700573934066, "13110_13102": 0.0003807191149549641, "13110_13103": 0.0024112210613814393, "13110_13104": 0.0008375820529009211, "13110_13105": 9.517977873874103e-05, "13110_13106": 9.517977873874103e-05, "13110_13107": 5.076254866066188e-05, "13110_13108": 0.00014276966810811153, "13110_13109": 0.006345318582582735, "13110_13111": 0.0033376375744385185, "13110_13112": 0.013591672403892219, "13110_13113": 0.008068072577753948, "13110_13114": 0.0002538127433033094,