{"13101_13102": 0.021325966357277494, "13101_13103": 0.01714519255679331, "13101_13104": 0.013453515691301668, "13101_13105": 0.012082257617852261, "13101_13106": 0.011887958835457964, "13101_13107": 0.003001581190091209, "13101_13108": 0.0036358438820450058, "13101_13109": 0.0007526286168606677, "13101_13110": 0.00027469827855745437, "13101_13111": 0.00039753084214005593, "13101_13112": 0.0008017616422937082, "13101_13113": 0.0025504506838423813, "13101_13114": 0.0005069634896954645, "13101_13115": 0.0004868636156546752, "13101_13116": 0.0009178942478627134, "13101_13117": 0.0009893604666744089, "13101_13118": 0.0014002912248416576, "13101_13119": 0.00047346369962748233, "13101_13120": 0.0002434318078273376, "13101_13121": 0.0015365237044514522, "13101_13122": 0.0005583298344663707, "13101_13123": 0.0008866277771325966, "13102_13101": 0.023900983553836398, "13102_13103": 0.01105939736110987, "13102_13104": 0.0007213621461305509, "13102_13105": 0.0005292966830741194, "13102_13106": 0.0033566789648118204, "13102_13107": 0.0046877372901796485, "13102_13108": 0.014306643678366282, "13102_13109": 0.0005203634057226574, "13102_13110": 0.00015409903431271832, "13102_13111": 0.0003774309680992666, "13102_13112": 0.00028809819458464726, "13102_13113": 0.0009357608025656372, "13102_13114": 0.0001518657149748528, "13102_13115": 0.00013623247960979444, "13102_13116": 0.00013623247960979444, "13102_13117": 0.00013399916027192896, "13102_13118": 0.0004756970189653478, "13102_13119": 8.93327735146193e-05, "13102_13120": 0.0001786655470292386, "13102_13121": 0.0005538631957906397, "13102_13122": 0.0003774309680992666, "13102_13123": 0.0009357608025656372, "13103_13101": 0.016057566039252822, "13103_13102": 0.011016964293690427, "13103_13104": 0.004397405776257135, "13103_13105": 0.0009178942478627134, "13103_13106": 0.0007794284489150534, "13103_13107": 0.0009558606766064266, "13103_13108": 0.0027469827855745436, "13103_13109": 0.014914106538265694, "13103_13110": 0.0014136911408688506, "13103_13111": 0.002686683163452176, "13103_13112": 0.0011702593330415129, "13103_13113": 0.01519773809417461, "13103_13114": 0.00022779857246227924, "13103_13115": 0.00020323205974575893, "13103_13116": 0.00033946453935555337, "13103_13117": 0.00048463029631680974, "13103_13118": 0.00018983214371856604, "13103_13119": 0.00025459840451666504, "13103_13120": 0.00019653210173216248, "13103_13121": 0.00039753084214005593, "13103_13122": 0.0002858648752467818, "13103_13123": 0.0005962962632100839, "13104_13101": 0.012276556400246559, "13104_13102": 0.0008285614743480941, "13104_13103": 0.003970841782724829, "13104_13105": 0.007816617682529189, "13104_13106": 0.0005806630278450255, "13104_13107": 0.0002702316398817234, "13104_13108": 0.0005739630698314291, "13104_13109": 0.0003863642454507285, "13104_13110": 0.0004131640775051143, "13104_13111": 0.00016303231166418024, "13104_13112": 0.0014293243762339089, "13104_13113": 0.019932375090449435, "13104_13114": 0.014130211450674909, "13104_13115": 0.0022891523213121197, "13104_13116": 0.011651226985644223, "13104_13117": 0.0008508946677267489, "13104_13118": 0.00016973226967777669, "13104_13119": 0.0010630600048239698, "13104_13120": 0.0014404909729232363, "13104_13121": 0.00028809819458464726, "13104_13122": 8.93327735146193e-05, "13104_13123": 0.0002970314719361092, "13105_13101": 0.010543500594062944, "13105_13102": 0.0005114301283711955, "13105_13103": 0.0007995283229558428, "13105_13104": 0.006588292046703174, "13105_13106": 0.007557552639336793, "13105_13107": 0.00028809819458464726, "13105_13108": 0.0002344985304758757, "13105_13109": 8.93327735146193e-05, "13105_13110": 4.243306741944417e-05, "13105_13111": 8.93327735146193e-05, "13105_13112": 0.00010943264755540865, "13105_13113": 0.00022556525312441376, "13105_13114": 0.00021216533709722085, "13105_13115": 0.00018313218570496957, "13105_13116": 0.010771299166525224, "13105_13117": 0.0033946453935555336, "13105_13118": 0.001683922780750574, "13105_13119": 0.0006811623980489723, "13105_13120": 0.0003126647073011676, "13105_13121": 0.0009268275252141753, "13105_13122": 0.00014739907629912185, "13105_13123": 0.00015856567298844928, "13106_13101": 0.009505007101955494, "13106_13102": 0.002923415013265917, "13106_13103": 0.0007883617262665154, "13106_13104": 0.0005761963891692945, "13106_13105": 0.0065525589372973266, "13106_13107": 0.008714412056351114, "13106_13108": 0.0006677624820217793, "13106_13109": 0.00013623247960979444, "13106_13110": 2.679983205438579e-05, "13106_13111": 8.263281550102286e-05, "13106_13112": 7.81661768252919e-05, "13106_13113": 0.000587362985858622, "13106_13114": 9.156609285248479e-05, "13106_13115": 8.039949616315738e-05, "13106_13116": 0.00039753084214005593, "13106_13117": 0.0017844221509545207, "13106_13118": 0.011872325600092905, "13106_13119": 8.263281550102286e-05, "13106_13120": 9.379941219035028e-05, "13106_13121": 0.0023851850528403356, "13106_13122": 0.0008933277351461931, "13106_13123": 0.00027693159789531985, "13107_13101": 0.00194298782394297, "13107_13102": 0.0033656122421632825, "13107_13103": 0.0007950616842801119, "13107_13104": 0.00027916491723318533, "13107_13105": 0.00026799832054385793, "13107_13106": 0.007604452345431969, "13107_13108": 0.014384809855191574, "13107_13109": 0.00015409903431271832, "13107_13110": 2.9033151392251276e-05, "13107_13111": 6.4766260798099e-05, "13107_13112": 7.369953814956092e-05, "13107_13113": 0.00017643222769137313, "13107_13114": 5.583298344663707e-05, "13107_13115": 3.126647073011676e-05, "13107_13116": 8.486613483888834e-05, "13107_13117": 8.486613483888834e-05, "13107_13118": 0.001101026433567683, "13107_13119": 4.019974808157869e-05, "13107_13120": 3.349979006798224e-05, "13107_13121": 0.001532057065775721, "13107_13122": 0.005261700360011078, "13107_13123": 0.004274573212674534, "13108_13101": 0.0035844775372740998, "13108_13102": 0.012479788459992317, "13108_13103": 0.0027648493402774674, "13108_13104": 0.0005940629438722184, "13108_13105": 0.0002456651271652031, "13108_13106": 0.0007526286168606677, "13108_13107": 0.013256983589569506, "13108_13109": 0.0010518934081346423, "13108_13110": 0.00016973226967777669, "13108_13111": 0.000772728490901457, "13108_13112": 0.00031936466531476404, "13108_13113": 0.00040646411949151785, "13108_13114": 9.826605086608124e-05, "13108_13115": 8.263281550102286e-05, "13108_13116": 0.000129532521596198, "13108_13117": 0.00014963239563698733, "13108_13118": 0.00014516575696125637, "13108_13119": 0.0001027326895418122, "13108_13120": 0.00013399916027192896, "13108_13121": 0.00040646411949151785, "13108_13122": 0.00064766260798099, "13108_13123": 0.013904646197550495, "13109_13101": 0.0007503952975228022, "13109_13102": 0.0006119294985751423, "13109_13103": 0.014572408679572275, "13109_13104": 0.0004153973968429798, "13109_13105": 0.00012506588292046704, "13109_13106": 0.00013846579894765993, "13109_13107": 0.00015856567298844928, "13109_13108": 0.0009312941638899062, "13109_13110": 0.007546386042647466, "13109_13111": 0.016763294950018312, "13109_13112": 0.0006923289947382996, "13109_13113": 0.0019876542107002794, "13109_13114": 7.146621881169544e-05, "13109_13115": 0.00010719932821754317, "13109_13116": 0.00025236508517879956, "13109_13117": 0.0001563323536505838, "13109_13118": 8.263281550102286e-05, "13109_13119": 8.93327735146193e-05, "13109_13120": 4.019974808157869e-05, "13109_13121": 0.0001161326055690051, "13109_13122": 7.81661768252919e-05, "13109_13123": 0.0001518657149748528, "13110_13101": 0.00038413092611286304, "13110_13102": 0.00019876542107002796, "13110_13103": 0.0013734913927872718, "13110_13104": 0.0003506311360448808, "13110_13105": 3.349979006798224e-05, "13110_13106": 4.466638675730965e-05, "13110_13107": 1.3399916027192896e-05, "13110_13108": 0.0001518657149748528, "13110_13109": 0.007289554318792936, "13110_13111": 0.003081980686254366, "13110_13112": 0.01404087867716029, "13110_13113": 0.009219142226708712,