{"13101_13102": 0.014465911659430336, "13101_13103": 0.011132814476707116, "13101_13104": 0.01112944089656266, "13101_13105": 0.007816585194706177, "13101_13106": 0.008342863697241423, "13101_13107": 0.0026988641155653616, "13101_13108": 0.004159624318115113, "13101_13109": 0.0014506394621163817, "13101_13110": 0.0005296520826797022, "13101_13111": 0.001153764409404192, "13101_13112": 0.0015855826678946498, "13101_13113": 0.002739347077298842, "13101_13114": 0.0009074930588588528, "13101_13115": 0.0011166550278151684, "13101_13116": 0.0019499293234959737, "13101_13117": 0.0014573866224052952, "13101_13118": 0.0013494320577826808, "13101_13119": 0.0009749646617479869, "13101_13120": 0.0006409802274467733, "13101_13121": 0.0018689634000290127, "13101_13122": 0.001018821203625924, "13101_13123": 0.0017576352552619416, "13102_13101": 0.01574112495403497, "13102_13103": 0.009290839717833756, "13102_13104": 0.0014944960039943189, "13102_13105": 0.0007894177538028683, "13102_13106": 0.002759588558165582, "13102_13107": 0.0038560021051140102, "13102_13108": 0.011308240644218865, "13102_13109": 0.0011436436689708218, "13102_13110": 0.0003609730754568671, "13102_13111": 0.0009209873794366796, "13102_13112": 0.0005836293649910094, "13102_13113": 0.0012144888520044127, "13102_13114": 0.0002125355491007722, "13102_13115": 0.00021928270938968562, "13102_13116": 0.00041832393791263104, "13102_13117": 0.00032723727401230007, "13102_13118": 0.00043856541877937123, "13102_13119": 0.0002395241902564258, "13102_13120": 0.000192294068234032, "13102_13121": 0.001096413546948428, "13102_13122": 0.0006376066473023167, "13102_13123": 0.0014169036606718147, "13103_13101": 0.01094389398861754, "13103_13102": 0.008993964665121567, "13103_13104": 0.0051615776210187534, "13103_13105": 0.000985085402181357, "13103_13106": 0.001504616744427689, "13103_13107": 0.0010458098447815776, "13103_13108": 0.0033465915033010483, "13103_13109": 0.012114526298744016, "13103_13110": 0.0027089848559987318, "13103_13111": 0.004055043333636955, "13103_13112": 0.002182706353463486, "13103_13113": 0.012279831725822395, "13103_13114": 0.0004992898613795919, "13103_13115": 0.0005971236855688363, "13103_13116": 0.0007894177538028683, "13103_13117": 0.0006814631891802538, "13103_13118": 0.00046218047979056814, "13103_13119": 0.00045880689964611143, "13103_13120": 0.00023277702996751242, "13103_13121": 0.0007185725707692774, "13103_13122": 0.0005465199834019857, "13103_13123": 0.0006477273877356867, "13104_13101": 0.009415662183178655, "13104_13102": 0.0014641337826942085, "13104_13103": 0.004750000843395036, "13104_13105": 0.0057452069860097635, "13104_13106": 0.0012684661343157198, "13104_13107": 0.0007658026927916714, "13104_13108": 0.0013089490960492003, "13104_13109": 0.0008906251581365693, "13104_13110": 0.0007961649140917816, "13104_13111": 0.0005161577621018754, "13104_13112": 0.0030058599087109212, "13104_13113": 0.015842332358368672, "13104_13114": 0.012910691212835798, "13104_13115": 0.003963956669736625, "13104_13116": 0.010748226340239052, "13104_13117": 0.001120028607959625, "13104_13118": 0.0003575994953124104, "13104_13119": 0.0015518468664500829, "13104_13120": 0.0032791199004119143, "13104_13121": 0.0005870029451354661, "13104_13122": 0.0002665128314120794, "13104_13123": 0.0006342330671578599, "13105_13101": 0.006585228441979482, "13105_13102": 0.0008906251581365693, "13105_13103": 0.001008700463192554, "13105_13104": 0.005097479598274076, "13105_13106": 0.005512429956042251, "13105_13107": 0.0005195313422463321, "13105_13108": 0.0006511009678801435, "13105_13109": 0.0001787997476562052, "13105_13110": 0.00012144888520044126, "13105_13111": 0.00012482246534489797, "13105_13112": 0.00018554690794511859, "13105_13113": 0.00046218047979056814, "13105_13114": 0.00022265628953414233, "13105_13115": 0.00011132814476707116, "13105_13116": 0.008400214559697187, "13105_13117": 0.0028742902830771098, "13105_13118": 0.0016395599502059572, "13105_13119": 0.0013258169967714838, "13105_13120": 0.0006376066473023167, "13105_13121": 0.0010458098447815776, "13105_13122": 0.00029687505271218975, "13105_13123": 0.0002631392512676227, "13106_13101": 0.0069596958380141755, "13106_13102": 0.002520064367909156, "13106_13103": 0.001393288599660618, "13106_13104": 0.0009918325624702702, "13106_13105": 0.005006392934373745, "13106_13107": 0.007054156082058964, "13106_13108": 0.001302201935760287, "13106_13109": 0.0004048296173348042, "13106_13110": 7.759234332250415e-05, "13106_13111": 0.00037109381589023717, "13106_13112": 0.00013831678592272478, "13106_13113": 0.0006612217083135136, "13106_13114": 0.00013831678592272478, "13106_13115": 0.00014506394621163817, "13106_13116": 0.0010795456462261445, "13106_13117": 0.001663175011217154, "13106_13118": 0.008177558270163044, "13106_13119": 0.00027663357184544955, "13106_13120": 0.00012482246534489797, "13106_13121": 0.003329723602578765, "13106_13122": 0.0015855826678946498, "13106_13123": 0.0006713424487468836, "13107_13101": 0.002344638200397408, "13107_13102": 0.003080078671888969, "13107_13103": 0.0011031607072373416, "13107_13104": 0.0005903765252799228, "13107_13105": 0.0005498935635464423, "13107_13106": 0.006069070679877607, "13107_13108": 0.011524149773464094, "13107_13109": 0.0003306108541567568, "13107_13110": 8.096592346696084e-05, "13107_13111": 0.0002125355491007722, "13107_13112": 0.00022940344982305572, "13107_13113": 0.00041832393791263104, "13107_13114": 8.433950361141755e-05, "13107_13115": 8.433950361141755e-05, "13107_13116": 0.00022940344982305572, "13107_13117": 0.0002125355491007722, "13107_13118": 0.00127858687474909, "13107_13119": 0.00010458098447815776, "13107_13120": 2.6988641155653614e-05, "13107_13121": 0.0019971594455183675, "13107_13122": 0.00573845982572085, "13107_13123": 0.0043721598672158855, "13108_13101": 0.003832387044102813, "13108_13102": 0.010137608334092389, "13108_13103": 0.003505149770090513, "13108_13104": 0.0013190698364825705, "13108_13105": 0.0007286933112026476, "13108_13106": 0.0012650925541712631, "13108_13107": 0.011085584354684722, "13108_13109": 0.0015248582252944292, "13108_13110": 0.00020916196895631552, "13108_13111": 0.0015788355076057365, "13108_13112": 0.0004082031974792609, "13108_13113": 0.0008130328148140652, "13108_13114": 0.000192294068234032, "13108_13115": 0.00022265628953414233, "13108_13116": 0.0004891691209462218, "13108_13117": 0.0002631392512676227, "13108_13118": 0.0003103693732900166, "13108_13119": 0.00024964493068979594, "13108_13120": 0.00012482246534489797, "13108_13121": 0.000701704670046994, "13108_13122": 0.0011031607072373416, "13108_13123": 0.0148504997958984, "13109_13101": 0.0013393113173493106, "13109_13102": 0.0011672587299820189, "13109_13103": 0.011045101392951241, "13109_13104": 0.0011234021881040817, "13109_13105": 0.0001787997476562052, "13109_13106": 0.00045880689964611143, "13109_13107": 0.00025976567112316606, "13109_13108": 0.0015619676068834528, "13109_13110": 0.005937501054243795, "13109_13111": 0.016159448891947602, "13109_13112": 0.0014877488437054056, "13109_13113": 0.0025807888105093767, "13109_13114": 0.0002159091292452289, "13109_13115": 0.00027663357184544955, "13109_13116": 0.00046892764007948156, "13109_13117": 0.0002057883888118588, "13109_13118": 0.00013831678592272478, "13109_13119": 0.0002125355491007722, "13109_13120": 7.759234332250415e-05, "13109_13121": 0.00018554690794511859, "13109_13122": 0.0001754261675117485, "13109_13123": 0.00029687505271218975, "13110_13101": 0.00044868615921274136, "13110_13102": 0.0003677202357457805, "13110_13103": 0.002337891040108494, "13110_13104": 0.0008805044177031991, "13110_13105": 7.759234332250415e-05, "13110_13106": 6.409802274467734e-05, "13110_13107": 3.710938158902372e-05, "13110_13108": 0.0001686790072228351, "13110_13109": 0.005718218344854109, "13110_13111": 0.003322976442289851, "13110_13112": 0.013251422807425925, "13110_13113": 0.007830079515284005, "13110_13114": 0.00025301851083425265,