{"13101_13102": 0.010039331257000182, "13101_13103": 0.007639268743744023, "13101_13104": 0.008595572721894151, "13101_13105": 0.0064150508106257656, "13101_13106": 0.006768548390097603, "13101_13107": 0.0018902817933862464, "13101_13108": 0.002820538581470029, "13101_13109": 0.000941419869540788, "13101_13110": 0.0003646606609288428, "13101_13111": 0.0009637460324547989, "13101_13112": 0.001108866091395869, "13101_13113": 0.0019498182278236084, "13101_13114": 0.0006883900231819992, "13101_13115": 0.0008483941907324098, "13101_13116": 0.0011349132814622148, "13101_13117": 0.0010716558198725177, "13101_13118": 0.0009860721953688096, "13101_13119": 0.0007776946748380423, "13101_13120": 0.0005135017470222481, "13101_13121": 0.00142887442649669, "13101_13122": 0.0006400166702016424, "13101_13123": 0.0012651492317939444, "13102_13101": 0.011148197348396052, "13102_13103": 0.006705290928507905, "13102_13104": 0.0009302567880837827, "13102_13105": 0.0005172227741745832, "13102_13106": 0.0022623845086197593, "13102_13107": 0.002708907766899975, "13102_13108": 0.009142563713287416, "13102_13109": 0.0008893254894080962, "13102_13110": 0.00026419292781579425, "13102_13111": 0.0009637460324547989, "13102_13112": 0.00041675504106153464, "13102_13113": 0.0008669993264940854, "13102_13114": 0.00018605135761675653, "13102_13115": 0.0001934934119214268, "13102_13116": 0.0002716349821204645, "13102_13117": 0.00022698265629244297, "13102_13118": 0.00030140319933914556, "13102_13119": 0.00018605135761675653, "13102_13120": 0.00013767800463639984, "13102_13121": 0.0006921110503343343, "13102_13122": 0.0005321068827839237, "13102_13123": 0.0010456086298061718, "13103_13101": 0.0077992729112944335, "13103_13102": 0.0062810938331417, "13103_13104": 0.004052198568892957, "13103_13105": 0.0007032741317913397, "13103_13106": 0.0009823511682164744, "13103_13107": 0.0007590895390763667, "13103_13108": 0.002418667649017835, "13103_13109": 0.00937698842388453, "13103_13110": 0.0020019126079563, "13103_13111": 0.003386134708624969, "13103_13112": 0.0017153935172264953, "13103_13113": 0.008889533866928628, "13103_13114": 0.0003200083351008212, "13103_13115": 0.0004241970953662049, "13103_13116": 0.0005209438013269183, "13103_13117": 0.0005581540728502696, "13103_13118": 0.00036838168808117795, "13103_13119": 0.0003534975794718374, "13103_13120": 0.00021209854768310246, "13103_13121": 0.0006586218059633181, "13103_13122": 0.00046512839404189133, "13103_13123": 0.0005469909913932642, "13104_13101": 0.007051346453675072, "13104_13102": 0.001142355335766885, "13104_13103": 0.003672653799354774, "13104_13105": 0.004829893243731, "13104_13106": 0.0007739736476857072, "13104_13107": 0.000543269964240929, "13104_13108": 0.001108866091395869, "13104_13109": 0.0008297890549707342, "13104_13110": 0.0005916433172212858, "13104_13111": 0.0005060596927175777, "13104_13112": 0.002042843906631987, "13104_13113": 0.01154634725369591, "13104_13114": 0.010645858682830809, "13104_13115": 0.003047521237762472, "13104_13116": 0.008178817680832617, "13104_13117": 0.0009860721953688096, "13104_13118": 0.00040559195960452926, "13104_13119": 0.0011535184172238905, "13104_13120": 0.002723791875509316, "13104_13121": 0.00046512839404189133, "13104_13122": 0.0002195406019877727, "13104_13123": 0.0003869868238428536, "13105_13101": 0.005239206230487864, "13105_13102": 0.000740484403314691, "13105_13103": 0.0007442054304670261, "13105_13104": 0.0039368467271705685, "13105_13106": 0.0047070993477039405, "13105_13107": 0.0004874545569559021, "13105_13108": 0.0005172227741745832, "13105_13109": 0.00017488827615975115, "13105_13110": 8.930465165604313e-05, "13105_13111": 0.0001227938960270593, "13105_13112": 0.00015256211324574036, "13105_13113": 0.00033489244371016176, "13105_13114": 0.0002418667649017835, "13105_13115": 0.0001339569774840647, "13105_13116": 0.0072076295940731476, "13105_13117": 0.0023256419702094564, "13105_13118": 0.0014139903178873496, "13105_13119": 0.001053050684110842, "13105_13120": 0.0004018709324521941, "13105_13121": 0.0008409521364277395, "13105_13122": 0.00023814573774944836, "13105_13123": 0.00018605135761675653, "13106_13101": 0.005116412334460804, "13106_13102": 0.002080054178155338, "13106_13103": 0.001023282466892161, "13106_13104": 0.0007442054304670261, "13106_13105": 0.004338717659622762, "13106_13107": 0.006080158366915603, "13106_13108": 0.0011274712271575446, "13106_13109": 0.0004130340139091995, "13106_13110": 8.186259735137287e-05, "13106_13111": 0.00033489244371016176, "13106_13112": 8.930465165604313e-05, "13106_13113": 0.0004353601768232103, "13106_13114": 0.00010418876026538366, "13106_13115": 7.442054304670261e-05, "13106_13116": 0.0007814157019903774, "13106_13117": 0.0013842221006686686, "13106_13118": 0.0072299557569871584, "13106_13119": 0.00025675087351112404, "13106_13120": 0.00013767800463639984, "13106_13121": 0.0027126287940523104, "13106_13122": 0.001198170743051912, "13106_13123": 0.0005060596927175777, "13107_13101": 0.0016930673543124844, "13107_13102": 0.0024149466218655, "13107_13103": 0.0006846689960296641, "13107_13104": 0.0005135017470222481, "13107_13105": 0.0004502442854325508, "13107_13106": 0.005228043149030859, "13107_13108": 0.009045817007326703, "13107_13109": 0.00026419292781579425, "13107_13110": 5.209438013269183e-05, "13107_13111": 0.00017860930331208626, "13107_13112": 0.0001227938960270593, "13107_13113": 0.0002716349821204645, "13107_13114": 4.0931298675686436e-05, "13107_13115": 9.67467059607134e-05, "13107_13116": 0.00015256211324574036, "13107_13117": 0.00018977238476909167, "13107_13118": 0.001164681498680896, "13107_13119": 8.186259735137287e-05, "13107_13120": 5.953643443736209e-05, "13107_13121": 0.0018009771417302031, "13107_13122": 0.004841056325188005, "13107_13123": 0.0036019542834604063, "13108_13101": 0.0028689119344503856, "13108_13102": 0.00843556855434374, "13108_13103": 0.002307036834447781, "13108_13104": 0.0010195614397398257, "13108_13105": 0.0005209438013269183, "13108_13106": 0.0010121193854351555, "13108_13107": 0.009302567880837826, "13108_13109": 0.0012986384761649605, "13108_13110": 0.00016372519470274574, "13108_13111": 0.0014772477794770468, "13108_13112": 0.000398149905299859, "13108_13113": 0.000599085371525956, "13108_13114": 0.0001562831403980755, "13108_13115": 0.0001972144390737619, "13108_13116": 0.000398149905299859, "13108_13117": 0.00018605135761675653, "13108_13118": 0.00025675087351112404, "13108_13119": 0.00020093546622609705, "13108_13120": 0.00015256211324574036, "13108_13121": 0.0007479264576193612, "13108_13122": 0.0010344455483491664, "13108_13123": 0.01225706343979192, "13109_13101": 0.0009153726794744421, "13109_13102": 0.0009153726794744421, "13109_13103": 0.008640225047722173, "13109_13104": 0.0008446731635800746, "13109_13105": 0.00016744622185508088, "13109_13106": 0.00034605552516716714, "13109_13107": 0.0002790770364251348, "13109_13108": 0.0013544538834499875, "13109_13110": 0.00526525342055421, "13109_13111": 0.014411538160993961, "13109_13112": 0.0013432908019929822, "13109_13113": 0.0018084191960348734, "13109_13114": 0.0001600041675504106, "13109_13115": 0.0001972144390737619, "13109_13116": 0.0003274503894054915, "13109_13117": 0.00016744622185508088, "13109_13118": 0.00014139903178873495, "13109_13119": 0.00017116724900741601, "13109_13120": 0.00010790978741771878, "13109_13121": 0.00018605135761675653, "13109_13122": 0.00013767800463639984, "13109_13123": 0.00029396114503447534, "13110_13101": 0.00036838168808117795, "13110_13102": 0.0003274503894054915, "13110_13103": 0.0018158612503395438, "13110_13104": 0.0006176905072876317, "13110_13105": 7.814157019903775e-05, "13110_13106": 4.4652325828021565e-05, "13110_13107": 5.581540728502696e-05, "13110_13108": 0.00017488827615975115, "13110_13109": 0.004681052157637595, "13110_13111": 0.0029284483688877478, "13110_13112": 0.011211454809985748, "13110_13113": 0.00599085371525956, "13110_13114": 0.0001451200589410701,