{"13101_13102": 0.03095836170444077, "13101_13103": 0.028952834345156695, "13101_13104": 0.025439585276396573, "13101_13105": 0.01711421492615883, "13101_13106": 0.016141491242625896, "13101_13107": 0.004245652783420211, "13101_13108": 0.006917781961125384, "13101_13109": 0.002554830145279143, "13101_13110": 0.001038525579771925, "13101_13111": 0.002177184479907534, "13101_13112": 0.0031584910194716394, "13101_13113": 0.005538803092116933, "13101_13114": 0.001670795974068331, "13101_13115": 0.002180045431917925, "13101_13116": 0.0032958167159704062, "13101_13117": 0.002966807234775444, "13101_13118": 0.002011249263304857, "13101_13119": 0.001788095006494361, "13101_13120": 0.0013789788690084512, "13101_13121": 0.0034131157483964364, "13101_13122": 0.001670795974068331, "13101_13123": 0.00280945487420394, "13102_13101": 0.03499230403909205, "13102_13103": 0.01928281655003519, "13102_13104": 0.002660685369663609, "13102_13105": 0.0014333369572058798, "13102_13106": 0.005452974531805203, "13102_13107": 0.00737553428278794, "13102_13108": 0.021085216316581504, "13102_13109": 0.0019511692710866468, "13102_13110": 0.0006723237224418797, "13102_13111": 0.0016250207419020754, "13102_13112": 0.00102422081971997, "13102_13113": 0.0019683349831489927, "13102_13114": 0.0005006666018184211, "13102_13115": 0.0004634742256833384, "13102_13116": 0.0008210932269822106, "13102_13117": 0.000637992298317188, "13102_13118": 0.0007839008508471279, "13102_13119": 0.0004720570817145113, "13102_13120": 0.00044344756161060153, "13102_13121": 0.0018424530946917895, "13102_13122": 0.0013045941167382858, "13102_13123": 0.0024031996887284215, "13103_13101": 0.02707032792231943, "13103_13102": 0.01898813849296492, "13103_13104": 0.010290844381376348, "13103_13105": 0.001659352166026767, "13103_13106": 0.0025061939611024965, "13103_13107": 0.0016994054941722409, "13103_13108": 0.005653241172532572, "13103_13109": 0.024000526415169914, "13103_13110": 0.003956696630370722, "13103_13111": 0.0070007495694267225, "13103_13112": 0.0037964833177888276, "13103_13113": 0.023127936052000662, "13103_13114": 0.0008067884669302558, "13103_13115": 0.0009441141634290226, "13103_13116": 0.0013217598288006317, "13103_13117": 0.0014361979092162708, "13103_13118": 0.0009784455875537143, "13103_13119": 0.000758152282753609, "13103_13120": 0.0005464418339846767, "13103_13121": 0.0013560912529253235, "13103_13122": 0.0009326703553874587, "13103_13123": 0.001172990324260301, "13104_13101": 0.019268511789983234, "13104_13102": 0.00310127197926382, "13104_13103": 0.008991972168658843, "13104_13105": 0.010576939582415444, "13104_13106": 0.001796677862525534, "13104_13107": 0.0010699960518862257, "13104_13108": 0.002308788272385519, "13104_13109": 0.0015678017016942558, "13104_13110": 0.0011157712840524814, "13104_13111": 0.0006980722905353986, "13104_13112": 0.003827953789903128, "13104_13113": 0.02559979858897847, "13104_13114": 0.0201983211933603, "13104_13115": 0.005518776428044196, "13104_13116": 0.015220264695280001, "13104_13117": 0.0018567578547437444, "13104_13118": 0.0006809065784730527, "13104_13119": 0.002451835872905068, "13104_13120": 0.00474059748121785, "13104_13121": 0.0007953446588886918, "13104_13122": 0.000389089473413173, "13104_13123": 0.0008468417950757294, "13105_13101": 0.013615270617450662, "13105_13102": 0.001421893149164316, "13105_13103": 0.0017280150142761506, "13105_13104": 0.008073606573323339, "13105_13106": 0.00886895123221203, "13105_13107": 0.0006780456264626618, "13105_13108": 0.0009612798754913685, "13105_13109": 0.0002946780570702707, "13105_13110": 0.0001144380804156391, "13105_13111": 0.00019740568871697746, "13105_13112": 0.0002946780570702707, "13105_13113": 0.0006952113385250076, "13105_13114": 0.0003547580492884812, "13105_13115": 0.00021457140077932332, "13105_13116": 0.014593716205004378, "13105_13117": 0.004803538425446452, "13105_13118": 0.0022572911361984816, "13105_13119": 0.0020684683035126768, "13105_13120": 0.0009498360674498045, "13105_13121": 0.0014733902853513534, "13105_13122": 0.00042914280155864664, "13105_13123": 0.0003147047211430075, "13106_13101": 0.011621187066208152, "13106_13102": 0.004757763193280196, "13106_13103": 0.002660685369663609, "13106_13104": 0.0017108493022138047, "13106_13105": 0.00755005235542179, "13106_13107": 0.010948863343766272, "13106_13108": 0.0016364645499436393, "13106_13109": 0.0006751846744522707, "13106_13110": 8.86895123221203e-05, "13106_13111": 0.0005464418339846767, "13106_13112": 0.00016879616861306768, "13106_13113": 0.0007724570428055639, "13106_13114": 0.00015163045655072183, "13106_13115": 0.000128742840467594, "13106_13116": 0.0012130436524057746, "13106_13117": 0.002557691097289534, "13106_13118": 0.013409282072702512, "13106_13119": 0.0004377256575898196, "13106_13120": 0.0002288761608312782, "13106_13121": 0.004577523216625565, "13106_13122": 0.0022401254241361354, "13106_13123": 0.0008411198910549475, "13107_13101": 0.00409688327887988, "13107_13102": 0.0052956221712337, "13107_13103": 0.0018453140467021806, "13107_13104": 0.0009212265473458948, "13107_13105": 0.000649436106358752, "13107_13106": 0.00842550367060143, "13107_13108": 0.015140158038989054, "13107_13109": 0.0005292761219223309, "13107_13110": 9.441141634290227e-05, "13107_13111": 0.0003747847133612181, "13107_13112": 0.00022601520882088724, "13107_13113": 0.0005292761219223309, "13107_13114": 0.00010585522438446618, "13107_13115": 0.00011157712840524812, "13107_13116": 0.00029181710505987973, "13107_13117": 0.0003147047211430075, "13107_13118": 0.0015048607574656542, "13107_13119": 0.00015735236057150376, "13107_13120": 6.866284824938347e-05, "13107_13121": 0.0023803120726452933, "13107_13122": 0.008763096007827565, "13107_13123": 0.005767679252948211, "13108_13101": 0.006806204832720136, "13108_13102": 0.016994054941722406, "13108_13103": 0.005936475421561279, "13108_13104": 0.0021714625758867522, "13108_13105": 0.0009441141634290226, "13108_13106": 0.0017680683424216243, "13108_13107": 0.014296177195923715, "13108_13109": 0.0026835729857467372, "13108_13110": 0.0003204266251637895, "13108_13111": 0.002054163543460722, "13108_13112": 0.0006151046822340603, "13108_13113": 0.0012645407885928121, "13108_13114": 0.0003147047211430075, "13108_13115": 0.00029753900908066166, "13108_13116": 0.0007409865706912632, "13108_13117": 0.000383367569392391, "13108_13118": 0.00044058660960021056, "13108_13119": 0.00037764566537160907, "13108_13120": 0.00020884949675854138, "13108_13121": 0.0010785789079173986, "13108_13122": 0.001547775037621519, "13108_13123": 0.021823341935262378, "13109_13101": 0.0025433863372375794, "13109_13102": 0.002039858783408767, "13109_13103": 0.020418614498160407, "13109_13104": 0.0017394588223177145, "13109_13105": 0.0003547580492884812, "13109_13106": 0.000775317994815955, "13109_13107": 0.00044344756161060153, "13109_13108": 0.0026377977535804813, "13109_13110": 0.008754513151796392, "13109_13111": 0.025860145221924046, "13109_13112": 0.002085634015575023, "13109_13113": 0.003928087110266812, "13109_13114": 0.0003976723294443459, "13109_13115": 0.00041483804150669175, "13109_13116": 0.000769596090795173, "13109_13117": 0.00038622852140278197, "13109_13118": 0.00022029330480010528, "13109_13119": 0.0002860952010390978, "13109_13120": 0.0002174323527897143, "13109_13121": 0.0002174323527897143, "13109_13122": 0.0002059885447481504, "13109_13123": 0.00036620185733004514, "13110_13101": 0.0010585522438446618, "13110_13102": 0.000640853250327579, "13110_13103": 0.0035504414448952032, "13110_13104": 0.0010986055719901355, "13110_13105": 0.00011729903242603009, "13110_13106": 8.296760830133836e-05, "13110_13107": 8.296760830133836e-05, "13110_13108": 0.00027465139299753387, "13110_13109": 0.007670212339858211, "13110_13111": 0.0041397975590357445, "13110_13112": 0.019557467943032723, "13110_13113": 0.010983194767890963, "13110_13114": 0.00032614852918457144, "13110_13115": 0.0004920837457872482,