{"13101_13102": 0.010612115723236561, "13101_13103": 0.008406869594201045, "13101_13104": 0.008164460859406301, "13101_13105": 0.006575336931307425, "13101_13106": 0.006740309542487181, "13101_13107": 0.0020301731539059792, "13101_13108": 0.002969507001235611, "13101_13109": 0.0011413411263252518, "13101_13110": 0.00040064777000797927, "13101_13111": 0.0008517973597648636, "13101_13112": 0.0011447079143085122, "13101_13113": 0.0024005198320646154, "13101_13114": 0.000693558324551628, "13101_13115": 0.0008046623279992189, "13101_13116": 0.0014409852568354213, "13101_13117": 0.0011817425821243758, "13101_13118": 0.0009090327554802892, "13101_13119": 0.0007002919005181487, "13101_13120": 0.00048481746958948754, "13101_13121": 0.0013837498611199957, "13101_13122": 0.0007171258404344503, "13101_13123": 0.0012760126456556652, "13102_13101": 0.011790491517377676, "13102_13103": 0.006720108814587619, "13102_13104": 0.001050437850777223, "13102_13105": 0.0006598904447190247, "13102_13106": 0.002296149404583545, "13102_13107": 0.002818001541988896, "13102_13108": 0.008800783788242504, "13102_13109": 0.0007844616000996569, "13102_13110": 0.0003232116463929917, "13102_13111": 0.0007103922644679297, "13102_13112": 0.0003703466781586363, "13102_13113": 0.0009258666953965908, "13102_13114": 0.00018517333907931816, "13102_13115": 0.00013130473134715287, "13102_13116": 0.00032994522235951237, "13102_13117": 0.00023230837084496278, "13102_13118": 0.0002929105545436487, "13102_13119": 0.00021884121891192147, "13102_13120": 0.0001111040034475909, "13102_13121": 0.000744060144300533, "13102_13122": 0.0004949178335392685, "13102_13123": 0.0010538046387604833, "13103_13101": 0.008070190795875011, "13103_13102": 0.006437298623993751, "13103_13104": 0.004457627289836677, "13103_13105": 0.0008450637837983429, "13103_13106": 0.0011548082782582931, "13103_13107": 0.0007575272962335743, "13103_13108": 0.0028483026338382393, "13103_13109": 0.009329369501614376, "13103_13110": 0.0018887680586090452, "13103_13111": 0.0030839777926664623, "13103_13112": 0.0017372625993623304, "13103_13113": 0.009807453395237342, "13103_13114": 0.00034004558630929335, "13103_13115": 0.00037708025412515697, "13103_13116": 0.0005723539571542561, "13103_13117": 0.00048481746958948754, "13103_13118": 0.0004040145579912396, "13103_13119": 0.0002929105545436487, "13103_13120": 0.00018517333907931816, "13103_13121": 0.0005959214730370784, "13103_13122": 0.0003905474060581983, "13103_13123": 0.0005083849854723098, "13104_13101": 0.006952417185432581, "13104_13102": 0.0011750090061578551, "13104_13103": 0.004191651039159111, "13104_13105": 0.004737070692447285, "13104_13106": 0.001040337486827442, "13104_13107": 0.0005521532292546941, "13104_13108": 0.001090839306576347, "13104_13109": 0.0007575272962335743, "13104_13110": 0.0006329561408529421, "13104_13111": 0.00036361310219211565, "13104_13112": 0.002080674973654884, "13104_13113": 0.012925099067736407, "13104_13114": 0.01081412300223218, "13104_13115": 0.003067143852750161, "13104_13116": 0.008676212632861871, "13104_13117": 0.0009864688790952767, "13104_13118": 0.00028617697857712804, "13104_13119": 0.0011480747022917725, "13104_13120": 0.002518357411478727, "13104_13121": 0.0004477828017736239, "13104_13122": 0.00020537406697888013, "13104_13123": 0.0004982846215225289, "13105_13101": 0.005804342483140809, "13105_13102": 0.0006194889889199008, "13105_13103": 0.0008181294799322602, "13105_13104": 0.004050245943862177, "13105_13106": 0.004602399173116872, "13105_13107": 0.0004814506816062272, "13105_13108": 0.00044104922580710327, "13105_13109": 0.00014140509529693386, "13105_13110": 7.74361236149876e-05, "13105_13111": 9.763685151454957e-05, "13105_13112": 0.00017507297512953717, "13105_13113": 0.0003905474060581983, "13105_13114": 0.00019864049101235947, "13105_13115": 0.00013803830731367353, "13105_13116": 0.007103922644679296, "13105_13117": 0.0022086129170187764, "13105_13118": 0.0013635491332204337, "13105_13119": 0.0009359670593463718, "13105_13120": 0.0004141149219410206, "13105_13121": 0.0008383302078318223, "13105_13122": 0.0002592426747110454, "13105_13123": 0.00022894158286170245, "13106_13101": 0.005662937387843875, "13106_13102": 0.002020072789956198, "13106_13103": 0.0011144068224591692, "13106_13104": 0.0009258666953965908, "13106_13105": 0.004296021466640181, "13106_13107": 0.006548402627441342, "13106_13108": 0.0011278739743922105, "13106_13109": 0.00038718061807493795, "13106_13110": 6.73357596652066e-05, "13106_13111": 0.00036361310219211565, "13106_13112": 9.427006353128924e-05, "13106_13113": 0.0006363229288362024, "13106_13114": 0.0001111040034475909, "13106_13115": 8.416969958150826e-05, "13106_13116": 0.0008955656035472478, "13106_13117": 0.0013938502250697767, "13106_13118": 0.00703658688501409, "13106_13119": 0.00026260946269430574, "13106_13120": 0.00012793794336389254, "13106_13121": 0.002528457775428508, "13106_13122": 0.0011615418542248138, "13106_13123": 0.0005588868052212148, "13107_13101": 0.00183489945087688, "13107_13102": 0.0023230837084496276, "13107_13103": 0.0007608940842168346, "13107_13104": 0.0006497900807692437, "13107_13105": 0.0004309488618573223, "13107_13106": 0.005891878970705578, "13107_13108": 0.009743484423555396, "13107_13109": 0.00024240873479474377, "13107_13110": 7.070254764846693e-05, "13107_13111": 0.00018854012706257848, "13107_13112": 0.00012120436739737188, "13107_13113": 0.000366979890175376, "13107_13114": 8.753648756476858e-05, "13107_13115": 7.070254764846693e-05, "13107_13116": 0.00016160582319649585, "13107_13117": 0.00021547443092866114, "13107_13118": 0.0011144068224591692, "13107_13119": 6.060218369868594e-05, "13107_13120": 2.0200727899561982e-05, "13107_13121": 0.0016598264757473427, "13107_13122": 0.0043397897104225655, "13107_13123": 0.0037068335695696233, "13108_13101": 0.003046943124850599, "13108_13102": 0.008339533834535838, "13108_13103": 0.0029728737892188717, "13108_13104": 0.000989835667078537, "13108_13105": 0.00048481746958948754, "13108_13106": 0.0009831020911120164, "13108_13107": 0.009612179692208242, "13108_13109": 0.0011447079143085122, "13108_13110": 0.00013803830731367353, "13108_13111": 0.000999936031028318, "13108_13112": 0.0003198448584097314, "13108_13113": 0.0008686312996811652, "13108_13114": 0.0001784397631127975, "13108_13115": 0.0001784397631127975, "13108_13116": 0.0003198448584097314, "13108_13117": 0.00013803830731367353, "13108_13118": 0.0002558758867277851, "13108_13119": 0.00013130473134715287, "13108_13120": 9.427006353128924e-05, "13108_13121": 0.0005622535932044751, "13108_13122": 0.0009932024550617974, "13108_13123": 0.012295509714866726, "13109_13101": 0.0010134031829613593, "13109_13102": 0.0008383302078318223, "13109_13103": 0.008639177965046008, "13109_13104": 0.0008012955400159585, "13109_13105": 0.00016497261117975618, "13109_13106": 0.0003434123742925537, "13109_13107": 0.00023904194681148344, "13109_13108": 0.001050437850777223, "13109_13110": 0.005208421010103731, "13109_13111": 0.012598520633360156, "13109_13112": 0.0010773721546433056, "13109_13113": 0.00214127715735357, "13109_13114": 0.00017170618714627684, "13109_13115": 0.00022557479487844213, "13109_13116": 0.0004040145579912396, "13109_13117": 0.0001346715193304132, "13109_13118": 6.396897168194627e-05, "13109_13119": 0.00018180655109605783, "13109_13120": 9.090327554802891e-05, "13109_13121": 0.0001346715193304132, "13109_13122": 0.00011783757941411156, "13109_13123": 0.0002693430386608264, "13110_13101": 0.0003804470421084173, "13110_13102": 0.00026597625067756607, "13110_13103": 0.0018113319349940577, "13110_13104": 0.000723859416400971, "13110_13105": 0.00010437042748107023, "13110_13106": 6.060218369868594e-05, "13110_13107": 6.73357596652066e-05, "13110_13108": 0.00014477188328019418, "13110_13109": 0.005023247671024413, "13110_13111": 0.0027169979024910863, "13110_13112": 0.011332608351654271, "13110_13113": 0.006390163592228107, "13110_13114": 0.00022894158286170245,