{"13101_13102": 0.030378609403890353, "13101_13103": 0.027360332701645652, "13101_13104": 0.02478846142769096, "13101_13105": 0.01679348420876798, "13101_13106": 0.016231877379628935, "13101_13107": 0.004222131341117108, "13101_13108": 0.006626960583840699, "13101_13109": 0.0024854702233179154, "13101_13110": 0.0010396926426625348, "13101_13111": 0.002070745180261392, "13101_13112": 0.0029289956165866977, "13101_13113": 0.004993980726805638, "13101_13114": 0.0015955394017591253, "13101_13115": 0.002105305600516102, "13101_13116": 0.003450281955428578, "13101_13117": 0.0027792337954829533, "13101_13118": 0.002128345880685909, "13101_13119": 0.0020419448300491336, "13101_13120": 0.001316176004700217, "13101_13121": 0.0031593984182847665, "13101_13122": 0.0016416199620987392, "13101_13123": 0.0026294719743792084, "13102_13101": 0.034580580499858876, "13102_13103": 0.01861366634218272, "13102_13104": 0.002640992114464112, "13102_13105": 0.0014227373004855738, "13102_13106": 0.005497986855520163, "13102_13107": 0.007502491230293361, "13102_13108": 0.02031864707474843, "13102_13109": 0.0018950630439666146, "13102_13110": 0.0006249675996060113, "13102_13111": 0.0015753791566105444, "13102_13112": 0.0010195323975139537, "13102_13113": 0.0019584238144335834, "13102_13114": 0.0005299264439055579, "13102_13115": 0.00045216549833245975, "13102_13116": 0.0009187311717710488, "13102_13117": 0.0005817670742876233, "13102_13118": 0.0008294500861130472, "13102_13119": 0.0003772845877805874, "13102_13120": 0.000406084937992846, "13102_13121": 0.001702100697544482, "13102_13122": 0.0011520140084903432, "13102_13123": 0.0022579474566410728, "13103_13101": 0.026000956171627048, "13103_13102": 0.01848982483627001, "13103_13104": 0.0100686024342056, "13103_13105": 0.0014774579658888651, "13103_13106": 0.0026093117292306273, "13103_13107": 0.0016070595418440287, "13103_13108": 0.005575747801093261, "13103_13109": 0.02317564181580448, "13103_13110": 0.0040694894849921375, "13103_13111": 0.006589520128564764, "13103_13112": 0.00352516286598045, "13103_13113": 0.023138201360528545, "13103_13114": 0.0007833695257734334, "13103_13115": 0.0009302513118559522, "13103_13116": 0.0012902556895091845, "13103_13117": 0.0013248161097638947, "13103_13118": 0.0008668905413889833, "13103_13119": 0.0007660893156460782, "13103_13120": 0.00045792556837491146, "13103_13121": 0.0012643353743181517, "13103_13122": 0.0008438502612191764, "13103_13123": 0.0012355350241058931, "13104_13101": 0.018558945676779428, "13104_13102": 0.0031593984182847665, "13104_13103": 0.00878986688478132, "13104_13105": 0.010754050769257353, "13104_13106": 0.0016761803823534495, "13104_13107": 0.001074253062917245, "13104_13108": 0.002272347631747202, "13104_13109": 0.0015955394017591253, "13104_13110": 0.001157774078532795, "13104_13111": 0.0006163274945423336, "13104_13112": 0.003749805597636067, "13104_13113": 0.024578218871141474, "13104_13114": 0.01995576266207397, "13104_13115": 0.005745669867345587, "13104_13116": 0.01596691415767616, "13104_13117": 0.0018979430789878406, "13104_13118": 0.0005500866890541389, "13104_13119": 0.0024048292427235915, "13104_13120": 0.004884539395999055, "13104_13121": 0.0008812907164951125, "13104_13122": 0.0003974448329291684, "13104_13123": 0.0009446514869620815, "13105_13101": 0.013170400152065848, "13105_13102": 0.0015753791566105444, "13105_13103": 0.0017683415030326768, "13105_13104": 0.008343461456491312, "13105_13106": 0.008746666359462932, "13105_13107": 0.0007142486852640129, "13105_13108": 0.0009100910667073712, "13105_13109": 0.0002707232919952307, "13105_13110": 7.200087553064645e-05, "13105_13111": 0.00018432224135845492, "13105_13112": 0.00024192294178297208, "13105_13113": 0.0005760070042451716, "13105_13114": 0.000365764447695684, "13105_13115": 0.00023040280169806866, "13105_13116": 0.015114423791393303, "13105_13117": 0.004870139220892926, "13105_13118": 0.002494110328381593, "13105_13119": 0.0021197057756222317, "13105_13120": 0.0009273712768347263, "13105_13121": 0.0013824168101884118, "13105_13122": 0.00042336514812020115, "13105_13123": 0.00035136427258955467, "13106_13101": 0.012021266178596732, "13106_13102": 0.004737657609916537, "13106_13103": 0.0024912302933603673, "13106_13104": 0.0016156996469077064, "13106_13105": 0.007476570915102327, "13106_13107": 0.010912452695424776, "13106_13108": 0.0017136208376293857, "13106_13109": 0.000650887914797044, "13106_13110": 0.0001094413308065826, "13106_13111": 0.0005500866890541389, "13106_13112": 0.00019008231140090663, "13106_13113": 0.0007862495607946592, "13106_13114": 0.00019008231140090663, "13106_13115": 0.0001497618211037446, "13106_13116": 0.0011692942186176984, "13106_13117": 0.002675552534718822, "13106_13118": 0.01327408141282998, "13106_13119": 0.00039456479790794254, "13106_13120": 0.0002880035021225858, "13106_13121": 0.004530295088388275, "13106_13122": 0.002168666370983071, "13106_13123": 0.0008582504363253057, "13107_13101": 0.0038621269634638755, "13107_13102": 0.005077501742421188, "13107_13103": 0.0017712215380539028, "13107_13104": 0.0009993721523653728, "13107_13105": 0.0006422478097333664, "13107_13106": 0.008519143592786087, "13107_13108": 0.015249785437390919, "13107_13109": 0.0005241663738631062, "13107_13110": 5.184063038206545e-05, "13107_13111": 0.0003312040274409737, "13107_13112": 0.0001987224164645842, "13107_13113": 0.0005817670742876233, "13107_13114": 9.216112067922746e-05, "13107_13115": 0.00013536164599761534, "13107_13116": 0.00025056304684664964, "13107_13117": 0.00036288441267445814, "13107_13118": 0.0014140971954218963, "13107_13119": 0.00012096147089148604, "13107_13120": 2.8800350212258582e-05, "13107_13121": 0.0025257907136150776, "13107_13122": 0.00906059017677655, "13107_13123": 0.005832070917982363, "13108_13101": 0.006664401039116636, "13108_13102": 0.01692308578472314, "13108_13103": 0.005693829236963522, "13108_13104": 0.002229147106428814, "13108_13105": 0.0010396926426625348, "13108_13106": 0.0018000218882661613, "13108_13107": 0.014570097172381617, "13108_13109": 0.002514270573530174, "13108_13110": 0.00031968388735607026, "13108_13111": 0.0022665875617047504, "13108_13112": 0.0006364877396909147, "13108_13113": 0.0012672154093393776, "13108_13114": 0.00035136427258955467, "13108_13115": 0.0003225639223772961, "13108_13116": 0.0007488091055187231, "13108_13117": 0.00031392381731361855, "13108_13118": 0.00046368563841736317, "13108_13119": 0.00029664360718626337, "13108_13120": 0.0002620831869315531, "13108_13121": 0.0008899308215587901, "13108_13122": 0.0016416199620987392, "13108_13123": 0.02171546406004297, "13109_13101": 0.0024883502583391416, "13109_13102": 0.0021945866861741038, "13109_13103": 0.01999032308232868, "13109_13104": 0.001644499997119965, "13109_13105": 0.00029088353714381166, "13109_13106": 0.000650887914797044, "13109_13107": 0.00040320490297162016, "13109_13108": 0.002655392289570241, "13109_13110": 0.008617064783507768, "13109_13111": 0.02590303498090537, "13109_13112": 0.0021456260908132643, "13109_13113": 0.004150130465586462, "13109_13114": 0.0003772845877805874, "13109_13115": 0.00047232574348104073, "13109_13116": 0.000751689140539949, "13109_13117": 0.00034560420254710296, "13109_13118": 0.0002332828367192945, "13109_13119": 0.00036288441267445814, "13109_13120": 0.00018432224135845492, "13109_13121": 0.0003081637472711668, "13109_13122": 0.00016992206625232562, "13109_13123": 0.00042912521816265286, "13110_13101": 0.0009302513118559522, "13110_13102": 0.0006393677747121405, "13110_13103": 0.0034819623406620623, "13110_13104": 0.001114573553214407, "13110_13105": 0.0001036812607641309, "13110_13106": 0.00011520140084903433, "13110_13107": 5.47206654032913e-05, "13110_13108": 0.0002707232919952307, "13110_13109": 0.007781854627352269, "13110_13111": 0.00426245183141427, "13110_13112": 0.01879510854851995, "13110_13113": 0.011128455322016716, "13110_13114": 0.00029664360718626337, "13110_13115": 0.00047808581352349244,