{"13101_13102": 0.009462331732661576, "13101_13103": 0.0073250413288199635, "13101_13104": 0.007494292686766905, "13101_13105": 0.005479020703770762, "13101_13106": 0.006045815948988428, "13101_13107": 0.001869637093599937, "13101_13108": 0.002652916633866016, "13101_13109": 0.0008698732582854444, "13101_13110": 0.0002991419349759899, "13101_13111": 0.0007635991498071322, "13101_13112": 0.0009761473667637566, "13101_13113": 0.001960166889711092, "13101_13114": 0.0005038179957490357, "13101_13115": 0.0006337085727780839, "13101_13116": 0.0011060379437928048, "13101_13117": 0.0008029599307250256, "13101_13118": 0.0007124301346138707, "13101_13119": 0.0006140281823191372, "13101_13120": 0.0003621191844446194, "13101_13121": 0.0012870975360151145, "13101_13122": 0.0006415807289616626, "13101_13123": 0.0011965677399039597, "13102_13101": 0.009781154058096512, "13102_13103": 0.005624655593166969, "13102_13104": 0.0010548689285995434, "13102_13105": 0.000519562308116193, "13102_13106": 0.002007399826812564, "13102_13107": 0.0024954735101944425, "13102_13108": 0.008399590647878454, "13102_13109": 0.0006612611194206093, "13102_13110": 0.0002401007635991498, "13102_13111": 0.0006061560261355585, "13102_13112": 0.0003817995749035661, "13102_13113": 0.0007793434621742896, "13102_13114": 0.0001810595922223097, "13102_13115": 0.00016531527985515232, "13102_13116": 0.0002558450759663072, "13102_13117": 0.00015744312367157364, "13102_13118": 0.0002991419349759899, "13102_13119": 0.00012595449893725892, "13102_13120": 0.00017712351413052036, "13102_13121": 0.0005510509328505078, "13102_13122": 0.0004211603558214595, "13102_13123": 0.0008344485554593403, "13103_13101": 0.007269936235534913, "13103_13102": 0.005581358734157286, "13103_13104": 0.004026607887900496, "13103_13105": 0.0006022199480437692, "13103_13106": 0.0010942297095174367, "13103_13107": 0.0006415807289616626, "13103_13108": 0.002515153900653389, "13103_13109": 0.008383846335511296, "13103_13110": 0.0016767692671022594, "13103_13111": 0.0026844052586003308, "13103_13112": 0.001464221050145635, "13103_13113": 0.008730221207588758, "13103_13114": 0.00035818310635283006, "13103_13115": 0.00040541604345430214, "13103_13116": 0.00039754388727072346, "13103_13117": 0.0005156262300244036, "13103_13118": 0.0003188223254349366, "13103_13119": 0.00022435645123199244, "13103_13120": 0.0001810595922223097, "13103_13121": 0.0005116901519326144, "13103_13122": 0.00031095016925135793, "13103_13123": 0.000507754073840825, "13104_13101": 0.00615209005746674, "13104_13102": 0.0010824214752420689, "13104_13103": 0.0036408722349051403, "13104_13105": 0.004376918838069747, "13104_13106": 0.0008029599307250256, "13104_13107": 0.00045658505864756355, "13104_13108": 0.0009446587420294418, "13104_13109": 0.0006297724946862945, "13104_13110": 0.0006337085727780839, "13104_13111": 0.00033456663780209397, "13104_13112": 0.0019483586554357238, "13104_13113": 0.012115248366527592, "13104_13114": 0.010166889711091868, "13104_13115": 0.0030465244430449502, "13104_13116": 0.007990238526332362, "13104_13117": 0.0007163662127056601, "13104_13118": 0.0003621191844446194, "13104_13119": 0.0011847595056285916, "13104_13120": 0.002176651184759506, "13104_13121": 0.0003739274187199874, "13104_13122": 0.00020861213886483508, "13104_13123": 0.0004014799653625128, "13105_13101": 0.004325749822876486, "13105_13102": 0.0005116901519326144, "13105_13103": 0.0006533889632370306, "13105_13104": 0.0038573565299535543, "13105_13106": 0.004097457293552704, "13105_13107": 0.00039754388727072346, "13105_13108": 0.0004329685900968275, "13105_13109": 0.00010233803038652287, "13105_13110": 9.052979611115485e-05, "13105_13111": 0.00012595449893725892, "13105_13112": 0.00016925135794694166, "13105_13113": 0.0003936078091789341, "13105_13114": 0.00014957096748799496, "13105_13115": 0.00012201842084546958, "13105_13116": 0.00669133275604188, "13105_13117": 0.001983783358261828, "13105_13118": 0.0013540108635755332, "13105_13119": 0.0008580650240100763, "13105_13120": 0.00034637487207746204, "13105_13121": 0.0005904117137684012, "13105_13122": 0.00017712351413052036, "13105_13123": 0.00018499567031409904, "13106_13101": 0.0049200976147366765, "13106_13102": 0.0017830433755805714, "13106_13103": 0.0009013618830197591, "13106_13104": 0.0007399826812563962, "13106_13105": 0.004054160434543022, "13106_13107": 0.006136345745099582, "13106_13108": 0.0008501928678264977, "13106_13109": 0.0003621191844446194, "13106_13110": 7.478548374399748e-05, "13106_13111": 0.0002952058568842006, "13106_13112": 0.00012201842084546958, "13106_13113": 0.00044477682437219553, "13106_13114": 0.00012989057702904826, "13106_13115": 0.00011021018657010155, "13106_13116": 0.000704557978430292, "13106_13117": 0.0013776273321262694, "13106_13118": 0.006537825710462096, "13106_13119": 0.00021254821695662442, "13106_13120": 0.00010627410847831221, "13106_13121": 0.0022553727465952924, "13106_13122": 0.001141462646618909, "13106_13123": 0.00046839329292293157, "13107_13101": 0.001601983783358262, "13107_13102": 0.0019522947335275133, "13107_13103": 0.0005825395575848225, "13107_13104": 0.0005904117137684012, "13107_13105": 0.0004329685900968275, "13107_13106": 0.005679760686452019, "13107_13108": 0.009422970951743683, "13107_13109": 0.0002558450759663072, "13107_13110": 4.7232937101472095e-05, "13107_13111": 0.00022435645123199244, "13107_13112": 0.00012201842084546958, "13107_13113": 0.0002794615445170432, "13107_13114": 0.00010233803038652287, "13107_13115": 6.69133275604188e-05, "13107_13116": 0.00019286782649767772, "13107_13117": 0.00017712351413052036, "13107_13118": 0.000980083444855546, "13107_13119": 8.265763992757616e-05, "13107_13120": 3.148862473431473e-05, "13107_13121": 0.001499645752971739, "13107_13122": 0.004376918838069747, "13107_13123": 0.0033889632370306226, "13108_13101": 0.0026017476186727543, "13108_13102": 0.007510036999134063, "13108_13103": 0.002515153900653389, "13108_13104": 0.0008934897268361805, "13108_13105": 0.000507754073840825, "13108_13106": 0.0009328505077540739, "13108_13107": 0.008757773754231283, "13108_13109": 0.0010076359914980714, "13108_13110": 0.00014169881130441628, "13108_13111": 0.001003699913406282, "13108_13112": 0.0003896717310871448, "13108_13113": 0.0006927497441549241, "13108_13114": 0.00012201842084546958, "13108_13115": 0.00012989057702904826, "13108_13116": 0.0003188223254349366, "13108_13117": 0.00014169881130441628, "13108_13118": 0.00027158938833346454, "13108_13119": 0.00016531527985515232, "13108_13120": 8.659371801936551e-05, "13108_13121": 0.0005156262300244036, "13108_13122": 0.0009210422734787058, "13108_13123": 0.012056207195150753, "13109_13101": 0.0008226403211839722, "13109_13102": 0.0007439187593481854, "13109_13103": 0.007659607966622058, "13109_13104": 0.000680941509879556, "13109_13105": 0.00014169881130441628, "13109_13106": 0.0002873337007006219, "13109_13107": 0.0002007399826812564, "13109_13108": 0.0010706132409667008, "13109_13110": 0.004794143115799418, "13109_13111": 0.012481303629064001, "13109_13112": 0.0010942297095174367, "13109_13113": 0.0018302763126820437, "13109_13114": 0.00016531527985515232, "13109_13115": 0.00016925135794694166, "13109_13116": 0.00029126977879241124, "13109_13117": 0.0001810595922223097, "13109_13118": 9.446587420294419e-05, "13109_13119": 0.00019286782649767772, "13109_13120": 9.052979611115485e-05, "13109_13121": 0.00013776273321262694, "13109_13122": 9.446587420294419e-05, "13109_13123": 0.0001810595922223097, "13110_13101": 0.00030307801306777925, "13110_13102": 0.0002597811540580965, "13110_13103": 0.001464221050145635, "13110_13104": 0.0005353066204833504, "13110_13105": 8.265763992757616e-05, "13110_13106": 6.297724946862946e-05, "13110_13107": 4.7232937101472095e-05, "13110_13108": 0.00015744312367157364, "13110_13109": 0.004983074864205306, "13110_13111": 0.002790679367078643, "13110_13112": 0.010733684956309534, "13110_13113": 0.005604975202708022,