{"13101_13102": 0.027690028677601716, "13101_13103": 0.025198938992042442, "13101_13104": 0.022726841095699626, "13101_13105": 0.015930945854408945, "13101_13106": 0.015190266074966922, "13101_13107": 0.003874325000158265, "13101_13108": 0.005884289358900502, "13101_13109": 0.002199882250906858, "13101_13110": 0.0008071510416996385, "13101_13111": 0.001744079309711768, "13101_13112": 0.00267467698131841, "13101_13113": 0.004836575653792344, "13101_13114": 0.0016079714869937896, "13101_13115": 0.001902344219848952, "13101_13116": 0.002934231433943392, "13101_13117": 0.0025797180352360996, "13101_13118": 0.0018295423611858473, "13101_13119": 0.001614302083399277, "13101_13120": 0.0011616644404069307, "13101_13121": 0.002842437786063825, "13101_13122": 0.0015035166463032482, "13101_13123": 0.0023739736520577604, "13102_13101": 0.03096927761564417, "13102_13103": 0.01667479093205371, "13102_13104": 0.0022980064951919122, "13102_13105": 0.0013009375613276526, "13102_13106": 0.004855567443008806, "13102_13107": 0.007033292606496458, "13102_13108": 0.02002367643055652, "13102_13109": 0.0016491203636294575, "13102_13110": 0.000623563745940505, "13102_13111": 0.001395896507409963, "13102_13112": 0.0009369282680121294, "13102_13113": 0.0017820628881446922, "13102_13114": 0.00033868690769357383, "13102_13115": 0.00043048055557314056, "13102_13116": 0.0006457208333597108, "13102_13117": 0.0005602577818856314, "13102_13118": 0.0007944898488886638, "13102_13119": 0.0004019928717484474, "13102_13120": 0.0003703398897210106, "13102_13121": 0.0014433759804511183, "13102_13122": 0.0011205155637712628, "13102_13123": 0.001987807271323031, "13103_13101": 0.02307502389800143, "13103_13102": 0.01665896444103999, "13103_13104": 0.009223678962795086, "13103_13105": 0.001357912928977039, "13103_13106": 0.002301171793394656, "13103_13107": 0.001535169628330685, "13103_13108": 0.00480808796996765, "13103_13109": 0.022410311275425258, "13103_13110": 0.003624266442141514, "13103_13111": 0.006052050163645917, "13103_13112": 0.003228604166798554, "13103_13113": 0.021742433354646342, "13103_13114": 0.000693200306400866, "13103_13115": 0.0008261428309161006, "13103_13116": 0.001079366687135595, "13103_13117": 0.0012439621936782665, "13103_13118": 0.0009305976716066421, "13103_13119": 0.0006488861315624545, "13103_13120": 0.0003830010825319853, "13103_13121": 0.0012123092116508296, "13103_13122": 0.0008261428309161006, "13103_13123": 0.0010318872140944399, "13104_13101": 0.017298354677994215, "13104_13102": 0.0027664706291979767, "13104_13103": 0.0077676417895329915, "13104_13105": 0.009850408006938333, "13104_13106": 0.0015130125409114792, "13104_13107": 0.0010255566176889525, "13104_13108": 0.001981476674917544, "13104_13109": 0.0014243841912346563, "13104_13110": 0.001000234232067003, "13104_13111": 0.0006488861315624545, "13104_13112": 0.003418522058963175, "13104_13113": 0.023369396630856593, "13104_13114": 0.019194368301437677, "13104_13115": 0.005086634211809094, "13104_13116": 0.014417933313497465, "13104_13117": 0.0017124263276843312, "13104_13118": 0.0006172331495350177, "13104_13119": 0.0022410311275425257, "13104_13120": 0.004111722365364041, "13104_13121": 0.0007533409722529959, "13104_13122": 0.0004051581699511911, "13104_13123": 0.000683704411792635, "13105_13101": 0.01243645663857992, "13105_13102": 0.001357912928977039, "13105_13103": 0.001585814399574584, "13105_13104": 0.007815121262574148, "13105_13106": 0.008676082373720428, "13105_13107": 0.0008198122345106132, "13105_13108": 0.0008704570057545121, "13105_13109": 0.00031652982027436803, "13105_13110": 8.862834967682305e-05, "13105_13111": 0.00020890968138108292, "13105_13112": 0.00029753803105790594, "13105_13113": 0.0005697536764938624, "13105_13114": 0.0002848768382469312, "13105_13115": 0.0001614302083399277, "13105_13116": 0.014351462051239848, "13105_13117": 0.0046276659724112604, "13105_13118": 0.002250527022150757, "13105_13119": 0.0018675259396187715, "13105_13120": 0.0008831181985654869, "13105_13121": 0.0012249704044618042, "13105_13122": 0.00039882757354570375, "13105_13123": 0.0002627197508277255, "13106_13101": 0.010711369118084615, "13106_13102": 0.004048416401309167, "13106_13103": 0.0023233288808138615, "13106_13104": 0.0013230946487468585, "13106_13105": 0.0072263757968638225, "13106_13107": 0.010834815747991618, "13106_13108": 0.0015225084355197102, "13106_13109": 0.0005665883782911188, "13106_13110": 9.81242442850541e-05, "13106_13111": 0.0005096130106417325, "13106_13112": 0.0001772566993536461, "13106_13113": 0.0007406797794420212, "13106_13114": 0.00016459550654267138, "13106_13115": 0.0001962484885701082, "13106_13116": 0.0009780771446477974, "13106_13117": 0.00251957736938397, "13106_13118": 0.013230946487468585, "13106_13119": 0.0003830010825319853, "13106_13120": 0.00017092610294815874, "13106_13121": 0.004209846609649095, "13106_13122": 0.002180890461690396, "13106_13123": 0.0008356387255243317, "13107_13101": 0.003662250020574438, "13107_13102": 0.004928369301671911, "13107_13103": 0.001544665522938916, "13107_13104": 0.0009052752859846926, "13107_13105": 0.0006773738153871477, "13107_13106": 0.008210783537917108, "13107_13108": 0.015003513481005046, "13107_13109": 0.0004241499591676532, "13107_13110": 7.280185866310465e-05, "13107_13111": 0.00032919101308534276, "13107_13112": 0.00018358729575913347, "13107_13113": 0.000623563745940505, "13107_13114": 0.0001456037173262093, "13107_13115": 0.00011078543709602882, "13107_13116": 0.0002563891544222381, "13107_13117": 0.0002912074346524186, "13107_13118": 0.0014402106822483747, "13107_13119": 9.81242442850541e-05, "13107_13120": 7.280185866310465e-05, "13107_13121": 0.002506916176572995, "13107_13122": 0.008663421180909453, "13107_13123": 0.0056057431170590585, "13108_13101": 0.005947595322955376, "13108_13102": 0.016250640972886057, "13108_13103": 0.005124617790242019, "13108_13104": 0.002019460253350468, "13108_13105": 0.0009527547590258478, "13108_13106": 0.0016617815564404323, "13108_13107": 0.014278660192576743, "13108_13109": 0.002301171793394656, "13108_13110": 0.00023423206700303234, "13108_13111": 0.002041617340769674, "13108_13112": 0.0005887454657103246, "13108_13113": 0.0012629539828947285, "13108_13114": 0.0003260257148825991, "13108_13115": 0.00033235631128808647, "13108_13116": 0.0007026962010090971, "13108_13117": 0.00040832346815393477, "13108_13118": 0.00034818280230180485, "13108_13119": 0.00022473617239480133, "13108_13120": 0.00020574438317833924, "13108_13121": 0.0010160607230807214, "13108_13122": 0.0014022271038154504, "13108_13123": 0.020925786418338473, "13109_13101": 0.002187221058095883, "13109_13102": 0.0016997651348733564, "13109_13103": 0.018577135151902662, "13109_13104": 0.0014908554534922736, "13109_13105": 0.0003133645220716244, "13109_13106": 0.0005760842728993499, "13109_13107": 0.00041781936276216584, "13109_13108": 0.002408791932287941, "13109_13110": 0.008055683925982667, "13109_13111": 0.02461335882453486, "13109_13112": 0.0017757322917392048, "13109_13113": 0.0035767869691003588, "13109_13114": 0.0002753809436387002, "13109_13115": 0.00041781936276216584, "13109_13116": 0.0007691674632667143, "13109_13117": 0.0003640092933155233, "13109_13118": 0.0002120749795838266, "13109_13119": 0.0003830010825319853, "13109_13120": 0.00020890968138108292, "13109_13121": 0.0002595544526249818, "13109_13122": 0.00021840557598931396, "13109_13123": 0.0003893316789374727, "13110_13101": 0.0008862834967682306, "13110_13102": 0.0005887454657103246, "13110_13103": 0.003418522058963175, "13110_13104": 0.0010445484069054145, "13110_13105": 8.546305147407937e-05, "13110_13106": 5.381006944664257e-05, "13110_13107": 5.697536764938625e-05, "13110_13108": 0.00025005855801675075, "13110_13109": 0.006979482537049816, "13110_13111": 0.004108557067161297, "13110_13112": 0.018304919506466705, "13110_13113": 0.01020808670384837, "13110_13114": 0.0002848768382469312, "13110_13115": 0.00045896823939783367,