{"13101_13102": 0.008274858388742513, "13101_13103": 0.006135135281356005, "13101_13104": 0.005753718140848423, "13101_13105": 0.004311907248007704, "13101_13106": 0.005418287464089982, "13101_13107": 0.0016365770922488463, "13101_13108": 0.003089208329501128, "13101_13109": 0.001122610732699622, "13101_13110": 0.0004274036042567235, "13101_13111": 0.0010144072885839956, "13101_13112": 0.0012524548656383733, "13101_13113": 0.002085621385328695, "13101_13114": 0.0007222579894718049, "13101_13115": 0.0008439868641018844, "13101_13116": 0.0012903260710788425, "13101_13117": 0.0011658921103458724, "13101_13118": 0.0010062920302753237, "13101_13119": 0.0008737428112336815, "13101_13120": 0.0005247867039607871, "13101_13121": 0.0013931193429886873, "13101_13122": 0.000697912214545789, "13101_13123": 0.00152837364813322, "13102_13101": 0.008680621304176113, "13102_13103": 0.005472389186147795, "13102_13104": 0.001011702202481105, "13102_13105": 0.0005031460151376618, "13102_13106": 0.0020342247493737725, "13102_13107": 0.0022803875847368224, "13102_13108": 0.007993529434041885, "13102_13109": 0.0008818580695423536, "13102_13110": 0.00027321369639195616, "13102_13111": 0.0007952953142498526, "13102_13112": 0.000462569723594302, "13102_13113": 0.0010171123746868863, "13102_13114": 0.00022722723264281502, "13102_13115": 0.00017042042448211126, "13102_13116": 0.00037059679609601973, "13102_13117": 0.0002596882658775029, "13102_13118": 0.00035166119337578513, "13102_13119": 0.00017853568279078323, "13102_13120": 0.00017042042448211126, "13102_13121": 0.0008575122946163377, "13102_13122": 0.00047339006800586463, "13102_13123": 0.0011577768520372002, "13103_13101": 0.006062097956577958, "13103_13102": 0.005507555305485374, "13103_13104": 0.0032461033234687862, "13103_13105": 0.000792590228146962, "13103_13106": 0.001276800640564389, "13103_13107": 0.0008223461752787591, "13103_13108": 0.002986415057591283, "13103_13109": 0.008039515897791026, "13103_13110": 0.0017285500197471286, "13103_13111": 0.0032001168597196447, "13103_13112": 0.0016636279532777527, "13103_13113": 0.0076418682406661, "13103_13114": 0.00041928834594805154, "13103_13115": 0.0004030578293307076, "13103_13116": 0.000627579975870632, "13103_13117": 0.0006465155785908666, "13103_13118": 0.0004679798958000833, "13103_13119": 0.00035707136558156647, "13103_13120": 0.00021911197433414307, "13103_13121": 0.0006492206646937572, "13103_13122": 0.0003678917099931291, "13103_13123": 0.00061946471756196, "13104_13101": 0.005318199278283028, "13104_13102": 0.0011307259910082938, "13104_13103": 0.0029810048853855017, "13104_13105": 0.0036275204639763686, "13104_13106": 0.0008602173807192283, "13104_13107": 0.0005978240287388347, "13104_13108": 0.0010225225468926675, "13104_13109": 0.0008169360030729778, "13104_13110": 0.0006843867840313357, "13104_13111": 0.00043822394866828613, "13104_13112": 0.0021613637962096333, "13104_13113": 0.010260391588264254, "13104_13114": 0.008439868641018844, "13104_13115": 0.00301346591862019, "13104_13116": 0.006722138965683278, "13104_13117": 0.0010766242689504808, "13104_13118": 0.0003678917099931291, "13104_13119": 0.0012145836601979041, "13104_13120": 0.0021505434517980707, "13104_13121": 0.00039223748491914496, "13104_13122": 0.00020288145771679914, "13104_13123": 0.0004896205846232085, "13105_13101": 0.003949425710220356, "13105_13102": 0.0006086443731503974, "13105_13103": 0.0007438986782949301, "13105_13104": 0.0032974999594237086, "13105_13106": 0.0036167001195648056, "13105_13107": 0.000384122226610473, "13105_13108": 0.0005031460151376618, "13105_13109": 0.0001920611133052365, "13105_13110": 8.115258308671965e-05, "13105_13111": 0.00015418990786476733, "13105_13112": 0.00018394585499656454, "13105_13113": 0.00043010869035961416, "13105_13114": 0.00025427809367172156, "13105_13115": 0.00021911197433414307, "13105_13116": 0.005264097556225215, "13105_13117": 0.0016879737282037687, "13105_13118": 0.00107391918284759, "13105_13119": 0.0009765360831435264, "13105_13120": 0.0004869154985203179, "13105_13121": 0.0007655393671180553, "13105_13122": 0.0003029696435237534, "13105_13123": 0.0001623051661734393, "13106_13101": 0.004861039726894507, "13106_13102": 0.001912495874743693, "13106_13103": 0.0011415463354198564, "13106_13104": 0.0007844749698382899, "13106_13105": 0.003394883059127772, "13106_13107": 0.004974653343215915, "13106_13108": 0.0011875327991689975, "13106_13109": 0.0004571595513885207, "13106_13110": 7.8447496983829e-05, "13106_13111": 0.00037600696830180106, "13106_13112": 0.00011361361632140751, "13106_13113": 0.0006654511813111012, "13106_13114": 0.00014066447735031407, "13106_13115": 8.926784139539162e-05, "13106_13116": 0.0008710377251307909, "13106_13117": 0.001301146415490405, "13106_13118": 0.00590249787650741, "13106_13119": 0.000305674729626644, "13106_13120": 0.000156894993967658, "13106_13121": 0.0026780352418617486, "13106_13122": 0.0011848277130661069, "13106_13123": 0.0005951189426359441, "13107_13101": 0.0016501025227632995, "13107_13102": 0.002118082418563383, "13107_13103": 0.0007438986782949301, "13107_13104": 0.000549132478886803, "13107_13105": 0.0004138781737422702, "13107_13106": 0.004704144732926849, "13107_13108": 0.00896195025887674, "13107_13109": 0.0002867391269064094, "13107_13110": 6.221698036648507e-05, "13107_13111": 0.00018935602720234585, "13107_13112": 0.00012172887463007947, "13107_13113": 0.00036518662389023845, "13107_13114": 0.00010008818580695424, "13107_13115": 6.762715257226638e-05, "13107_13116": 0.00018394585499656454, "13107_13117": 0.00020017637161390847, "13107_13118": 0.001003586944172433, "13107_13119": 8.926784139539162e-05, "13107_13120": 4.869154985203179e-05, "13107_13121": 0.001639282178351737, "13107_13122": 0.003527432278169414, "13107_13123": 0.003170360912587848, "13108_13101": 0.0030080557464144085, "13108_13102": 0.007544485140962036, "13108_13103": 0.003254218581777458, "13108_13104": 0.0010225225468926675, "13108_13105": 0.0006086443731503974, "13108_13106": 0.0011875327991689975, "13108_13107": 0.008721197595719472, "13108_13109": 0.0011713022825516537, "13108_13110": 0.00014607464955609538, "13108_13111": 0.0013038515015932957, "13108_13112": 0.00038141714050758235, "13108_13113": 0.0007871800559411806, "13108_13114": 0.0001974712855110178, "13108_13115": 0.0001514848217618767, "13108_13116": 0.0004084680015364889, "13108_13117": 0.00018124076889367387, "13108_13118": 0.00026239335198039354, "13108_13119": 0.00020558654381968978, "13108_13120": 0.00011361361632140751, "13108_13121": 0.0007060274728544609, "13108_13122": 0.0010495734079215742, "13108_13123": 0.01073648674237301, "13109_13101": 0.0013254921904164209, "13109_13102": 0.0008223461752787591, "13109_13103": 0.007925902281469619, "13109_13104": 0.0008493970363076656, "13109_13105": 0.00017583059668789257, "13109_13106": 0.0004923256707260992, "13109_13107": 0.00031108490183242535, "13109_13108": 0.0012091734879921229, "13109_13110": 0.0044688022419753625, "13109_13111": 0.01234601297359295, "13109_13112": 0.0013768888263713435, "13109_13113": 0.0020639806965055698, "13109_13114": 0.0001974712855110178, "13109_13115": 0.00025427809367172156, "13109_13116": 0.00043822394866828613, "13109_13117": 0.00020558654381968978, "13109_13118": 0.00015418990786476733, "13109_13119": 0.00018665094109945518, "13109_13120": 0.00012443396073297014, "13109_13121": 0.00016501025227632995, "13109_13122": 0.0001325492190416421, "13109_13123": 0.0002407526631572683, "13110_13101": 0.0003868273127133637, "13110_13102": 0.0003300205045526599, "13110_13103": 0.0017447805363644724, "13110_13104": 0.0006329901480764133, "13110_13105": 3.516611933757852e-05, "13110_13106": 4.328137764625048e-05, "13110_13107": 8.385766918961031e-05, "13110_13108": 0.00020017637161390847, "13110_13109": 0.0046635684413834895, "13110_13111": 0.002358835081720651, "13110_13112": 0.009213523266445572, "13110_13113": 0.005212700920270292, "13110_13114": 0.0002218170604370337,