{"13101_13102": 0.017602858975533767, "13101_13103": 0.014954641253550812, "13101_13104": 0.011811600843031247, "13101_13105": 0.010606615962613397, "13101_13106": 0.009873545312929534, "13101_13107": 0.0023435352332081003, "13101_13108": 0.003177403097223495, "13101_13109": 0.000565838907724732, "13101_13110": 0.0002038852744433245, "13101_13111": 0.0003871529368642903, "13101_13112": 0.0005841656739668285, "13101_13113": 0.002137359112984514, "13101_13114": 0.00041693393200769723, "13101_13115": 0.00038944378264455236, "13101_13116": 0.0008224136351140841, "13101_13117": 0.0008888481627416842, "13101_13118": 0.001168331347933657, "13101_13119": 0.0003871529368642903, "13101_13120": 0.0002611564189498763, "13101_13121": 0.0011774947310547053, "13101_13122": 0.0004192247777879593, "13101_13123": 0.0007261981123430771, "13102_13101": 0.019866214606432696, "13102_13103": 0.009335196554567946, "13102_13104": 0.000627691743791808, "13102_13105": 0.00041693393200769723, "13102_13106": 0.0028818839915696875, "13102_13107": 0.0039173462842481445, "13102_13108": 0.012075048107761386, "13102_13109": 0.00047420507651424904, "13102_13110": 0.0001282873636946761, "13102_13111": 0.0004283881609090076, "13102_13112": 0.00020617612022358654, "13102_13113": 0.0007743058737285806, "13102_13114": 0.0001282873636946761, "13102_13115": 9.392467699074499e-05, "13102_13116": 0.0001282873636946761, "13102_13117": 0.00012370567213415193, "13102_13118": 0.0003688261706221937, "13102_13119": 9.163383121048291e-05, "13102_13120": 0.0001007972143315312, "13102_13121": 0.0003688261706221937, "13102_13122": 0.00035737194172088334, "13102_13123": 0.0006208192064510217, "13103_13101": 0.01393521488133419, "13103_13102": 0.009557408595253367, "13103_13104": 0.00371346100980482, "13103_13105": 0.0006643452762760011, "13103_13106": 0.0006574727389352149, "13103_13107": 0.0007697241821680564, "13103_13108": 0.002426005681297535, "13103_13109": 0.013820672592321085, "13103_13110": 0.0012026940346375882, "13103_13111": 0.002554293044992211, "13103_13112": 0.0009850636855126913, "13103_13113": 0.013000549802987264, "13103_13114": 0.00018784935398148998, "13103_13115": 0.00021992119490515897, "13103_13116": 0.0002611564189498763, "13103_13117": 0.0002794831851919729, "13103_13118": 0.00016035920461834508, "13103_13119": 0.00019014019976175203, "13103_13120": 0.00021533950334463485, "13103_13121": 0.00034133602125904886, "13103_13122": 0.00022221204068542105, "13103_13123": 0.00034362686703931093, "13104_13101": 0.010427929991752955, "13104_13102": 0.0007101621918812425, "13104_13103": 0.003495830660679923, "13104_13105": 0.006961880326216439, "13104_13106": 0.00043296985246953177, "13104_13107": 0.000251993035828828, "13104_13108": 0.0004764959222945111, "13104_13109": 0.00030697333455511776, "13104_13110": 0.0003619536332814075, "13104_13111": 0.0002267937322459452, "13104_13112": 0.0009736094566113809, "13104_13113": 0.017144689819481352, "13104_13114": 0.012766883533400532, "13104_13115": 0.0018120590121872995, "13104_13116": 0.01022404471730963, "13104_13117": 0.0007605607990470081, "13104_13118": 0.00013974159259598644, "13104_13119": 0.000788050948410153, "13104_13120": 0.0013126546320901677, "13104_13121": 0.00023824796114725556, "13104_13122": 0.00010996059745257949, "13104_13123": 0.0001855585082012279, "13105_13101": 0.009518464216988912, "13105_13102": 0.0004444240813708421, "13105_13103": 0.0006368551269128562, "13105_13104": 0.006036378630990562, "13105_13106": 0.006570145697791624, "13105_13107": 0.00021533950334463485, "13105_13108": 0.00020846696600384861, "13105_13109": 8.934298543022083e-05, "13105_13110": 2.9780995143406945e-05, "13105_13111": 9.163383121048291e-05, "13105_13112": 4.8107761385503526e-05, "13105_13113": 0.00026344726473013835, "13105_13114": 0.00018097681664070375, "13105_13115": 0.00014661412993677265, "13105_13116": 0.009266471181160084, "13105_13117": 0.0031682397141024467, "13105_13118": 0.0013767983139375058, "13105_13119": 0.0005841656739668285, "13105_13120": 0.0002703198020709246, "13105_13121": 0.0007101621918812425, "13105_13122": 0.0001282873636946761, "13105_13123": 9.392467699074499e-05, "13106_13101": 0.008288280032988178, "13106_13102": 0.0027215247869513425, "13106_13103": 0.0006849628882983598, "13106_13104": 0.0004192247777879593, "13106_13105": 0.00566984330614863, "13106_13107": 0.0073467424173004675, "13106_13108": 0.0006116558233299734, "13106_13109": 0.00011683313479336572, "13106_13110": 2.51993035828828e-05, "13106_13111": 8.247044808943462e-05, "13106_13112": 5.498029872628974e-05, "13106_13113": 0.00043984238981031794, "13106_13114": 0.00010766975167231742, "13106_13115": 4.8107761385503526e-05, "13106_13116": 0.0003871529368642903, "13106_13117": 0.001699807568954458, "13106_13118": 0.010377531384587189, "13106_13119": 7.55979107486484e-05, "13106_13120": 0.00011912398057362778, "13106_13121": 0.002086960505818748, "13106_13122": 0.0007468157243654358, "13106_13123": 0.0003482085585998351, "13107_13101": 0.0017891505543846788, "13107_13102": 0.0029666452854393843, "13107_13103": 0.0006460185100339045, "13107_13104": 0.00021992119490515897, "13107_13105": 0.0002428296527077797, "13107_13106": 0.006599926692935031, "13107_13108": 0.012945569504260974, "13107_13109": 0.00020846696600384861, "13107_13110": 9.16338312104829e-06, "13107_13111": 5.956199028681389e-05, "13107_13112": 5.727114450655182e-05, "13107_13113": 0.00014661412993677265, "13107_13114": 3.894437826445524e-05, "13107_13115": 2.749014936314487e-05, "13107_13116": 4.8107761385503526e-05, "13107_13117": 6.643452762760011e-05, "13107_13118": 0.0011477137359112986, "13107_13119": 2.9780995143406945e-05, "13107_13120": 1.603592046183451e-05, "13107_13121": 0.0013630532392559333, "13107_13122": 0.004732887382021442, "13107_13123": 0.003921927975808669, "13108_13101": 0.0030399523504077704, "13108_13102": 0.011041876660863191, "13108_13103": 0.0024076789150554384, "13108_13104": 0.0004283881609090076, "13108_13105": 0.00019930358288280033, "13108_13106": 0.0006735086593970494, "13108_13107": 0.012473655273526986, "13108_13109": 0.0010217172179968845, "13108_13110": 8.247044808943462e-05, "13108_13111": 0.0007949234857509393, "13108_13112": 0.0001924310455420141, "13108_13113": 0.0003688261706221937, "13108_13114": 0.00013057820947493814, "13108_13115": 7.55979107486484e-05, "13108_13116": 9.621552277100705e-05, "13108_13117": 0.00010308806011179327, "13108_13118": 0.00011912398057362778, "13108_13119": 7.788875652891048e-05, "13108_13120": 0.00010537890589205535, "13108_13121": 0.0004558783102721525, "13108_13122": 0.0006689269678365253, "13108_13123": 0.011967378356089069, "13109_13101": 0.0006964171171996702, "13109_13102": 0.0005223128378997525, "13109_13103": 0.012947860350041236, "13109_13104": 0.000410061394666911, "13109_13105": 0.00011225144323284156, "13109_13106": 0.00011912398057362778, "13109_13107": 0.00015348666727755888, "13109_13108": 0.000914047466324567, "13109_13110": 0.006810684504719142, "13109_13111": 0.01631311280124622, "13109_13112": 0.0005635480619444699, "13109_13113": 0.0016562814991294785, "13109_13114": 7.330706496838632e-05, "13109_13115": 8.247044808943462e-05, "13109_13116": 0.0002015944286630624, "13109_13117": 0.00011225144323284156, "13109_13118": 2.749014936314487e-05, "13109_13119": 0.00011683313479336572, "13109_13120": 8.934298543022083e-05, "13109_13121": 5.727114450655182e-05, "13109_13122": 8.705213964995877e-05, "13109_13123": 0.00014203243837624852, "13110_13101": 0.00017868597086044167, "13110_13102": 0.00014661412993677265, "13110_13103": 0.001321818015211216, "13110_13104": 0.0003940254742050765, "13110_13105": 5.268945294602767e-05, "13110_13106": 2.0617612022358654e-05, "13110_13107": 1.832676624209658e-05, "13110_13108": 8.247044808943462e-05, "13110_13109": 0.006437276642536425, "13110_13111": 0.002645926876202694, "13110_13112": 0.012682122239530835, "13110_13113": 0.007965270777971227,