{"13101_13102": 0.0276543903426832, "13101_13103": 0.025292972577505454, "13101_13104": 0.023228773369217304, "13101_13105": 0.01590935813856264, "13101_13106": 0.015452098820270958, "13101_13107": 0.0036874697882236128, "13101_13108": 0.006006427759559986, "13101_13109": 0.00230915955737298, "13101_13110": 0.0008687927047541904, "13101_13111": 0.0017081901676182015, "13101_13112": 0.002619442666213762, "13101_13113": 0.004507270423160838, "13101_13114": 0.0015416171302405184, "13101_13115": 0.0019629489306664228, "13101_13116": 0.002857870739322995, "13101_13117": 0.002563918320421201, "13101_13118": 0.0018453679631057053, "13101_13119": 0.0016069398899964725, "13101_13120": 0.001290124505180095, "13101_13121": 0.0027566204617012658, "13101_13122": 0.0014860927844479574, "13101_13123": 0.0023548854892021477, "13102_13101": 0.03068863253334727, "13102_13103": 0.017173353539840352, "13102_13104": 0.002253635211580419, "13102_13105": 0.0011758096756071751, "13102_13106": 0.005180094848647165, "13102_13107": 0.007028728949740669, "13102_13108": 0.020406830147760083, "13102_13109": 0.0017637145134107627, "13102_13110": 0.0005585095959134081, "13102_13111": 0.0013129874710946787, "13102_13112": 0.0009733091203637171, "13102_13113": 0.0016591980978012358, "13102_13114": 0.0004605254562794769, "13102_13115": 0.0003952026965235227, "13102_13116": 0.0007479455992056753, "13102_13117": 0.0005291143540232288, "13102_13118": 0.0007316149092666867, "13102_13119": 0.0004278640764014998, "13102_13120": 0.0004278640764014998, "13102_13121": 0.0015383509922527207, "13102_13122": 0.0010810916739610414, "13102_13123": 0.0017963758932887396, "13103_13101": 0.02417595338567864, "13103_13102": 0.016709561945573076, "13103_13104": 0.009318291679186862, "13103_13105": 0.0014371007146309917, "13103_13106": 0.0022797643154828006, "13103_13107": 0.0014273023006675985, "13103_13108": 0.004699972564440902, "13103_13109": 0.022281593352755966, "13103_13110": 0.003661340684321231, "13103_13111": 0.006153403969010883, "13103_13112": 0.003282468677736697, "13103_13113": 0.02156630913342827, "13103_13114": 0.000682622839449721, "13103_13115": 0.0008524620148152019, "13103_13116": 0.0010614948460342553, "13103_13117": 0.0012966567811556902, "13103_13118": 0.0008165344969494271, "13103_13119": 0.0007120180813399004, "13103_13120": 0.0005029852501208471, "13103_13121": 0.0011594789856681864, "13103_13122": 0.00078387311707145, "13103_13123": 0.0011790758135949728, "13104_13101": 0.017297466783376663, "13104_13102": 0.0027958141175548385, "13104_13103": 0.00802490103601897, "13104_13105": 0.01038958493918451, "13104_13106": 0.0014175038867042056, "13104_13107": 0.0010288334661562781, "13104_13108": 0.0019106907228616595, "13104_13109": 0.0015187541643259344, "13104_13110": 0.0010059705002416941, "13104_13111": 0.000672824425486328, "13104_13112": 0.0034425094391387846, "13104_13113": 0.023258168611107483, "13104_13114": 0.019518440615079107, "13104_13115": 0.004938400637550135, "13104_13116": 0.014403668526187895, "13104_13117": 0.001770246789386358, "13104_13118": 0.0006140339417059692, "13104_13119": 0.002214441555726846, "13104_13120": 0.004275374626027201, "13104_13121": 0.0008361313248762133, "13104_13122": 0.0003462106267065571, "13104_13123": 0.000705485805364305, "13105_13101": 0.01188547613759586, "13105_13102": 0.0013521811269482512, "13105_13103": 0.0014926250604235527, "13105_13104": 0.007672158133336817, "13105_13106": 0.008449498974432671, "13105_13107": 0.0005879048378035876, "13105_13108": 0.0008687927047541904, "13105_13109": 0.00028088786695060295, "13105_13110": 0.00010125027762172896, "13105_13111": 0.00017963758932887396, "13105_13112": 0.00026129103902381665, "13105_13113": 0.0005487111819500151, "13105_13114": 0.0003788720065845342, "13105_13115": 0.00018616986530446938, "13105_13116": 0.015050363847771841, "13105_13117": 0.004601988424806971, "13105_13118": 0.002260167487556014, "13105_13119": 0.0017800452033497512, "13105_13120": 0.000862260428778595, "13105_13121": 0.00125419698731432, "13105_13122": 0.00037233973060893876, "13105_13123": 0.0003429444887187594, "13106_13101": 0.010882771775341965, "13106_13102": 0.004249245522124819, "13106_13103": 0.002410409834994709, "13106_13104": 0.0013358504370092627, "13106_13105": 0.006826228394497211, "13106_13107": 0.010650875978208327, "13106_13108": 0.0014730282324967666, "13106_13109": 0.0006956873914009119, "13106_13110": 7.8387311707145e-05, "13106_13111": 0.0004899206981696562, "13106_13112": 0.00012084710554851522, "13106_13113": 0.0006336307696327555, "13106_13114": 0.0001502423474386946, "13106_13115": 0.0001110486915851221, "13106_13116": 0.001064760984022053, "13106_13117": 0.002410409834994709, "13106_13118": 0.013306246162287864, "13106_13119": 0.00032334766079197315, "13106_13120": 0.00025475876304822124, "13106_13121": 0.003997752897064395, "13106_13122": 0.0019988764485321976, "13106_13123": 0.0007806069790836524, "13107_13101": 0.0033967835073096166, "13107_13102": 0.00461831911474596, "13107_13103": 0.001646133545850045, "13107_13104": 0.0008002038070104386, "13107_13105": 0.0006924212534131142, "13107_13106": 0.00796937669022641, "13107_13108": 0.014429797630090276, "13107_13109": 0.0004572593182916792, "13107_13110": 7.51211737193473e-05, "13107_13111": 0.0003821381445723319, "13107_13112": 0.00017310531335327855, "13107_13113": 0.0005127836640842402, "13107_13114": 0.0001110486915851221, "13107_13115": 0.00010451641560952667, "13107_13116": 0.00023516193512143502, "13107_13117": 0.0003004846948773892, "13107_13118": 0.0014403668526187894, "13107_13119": 0.0001241132435363129, "13107_13120": 5.552434579256105e-05, "13107_13121": 0.0021883124518244645, "13107_13122": 0.008740185255346668, "13107_13123": 0.005594894373097474, "13108_13101": 0.0061011457612061195, "13108_13102": 0.016196778281488838, "13108_13103": 0.004922069947611147, "13108_13104": 0.0019531505167030296, "13108_13105": 0.0009177847745711561, "13108_13106": 0.0015416171302405184, "13108_13107": 0.013485883751616738, "13108_13109": 0.0022242399696902394, "13108_13110": 0.0002318957971336373, "13108_13111": 0.002106659002129522, "13108_13112": 0.0005781064238401944, "13108_13113": 0.0011006885018878278, "13108_13114": 0.0003429444887187594, "13108_13115": 0.00021556510719464875, "13108_13116": 0.0006597598735351371, "13108_13117": 0.0003494767646943548, "13108_13118": 0.00040826724847471354, "13108_13119": 0.0002972185568895915, "13108_13120": 0.00031681538481637773, "13108_13121": 0.0010125027762172896, "13108_13122": 0.0013913747828018237, "13108_13123": 0.021004533399527063, "13109_13101": 0.0021229896920685106, "13109_13102": 0.0018780293429836823, "13109_13103": 0.019119971780567787, "13109_13104": 0.0014599636805455757, "13109_13105": 0.00029068628091399607, "13109_13106": 0.000594437113779183, "13109_13107": 0.0004866545601818586, "13109_13108": 0.0023254902473119686, "13109_13110": 0.008126151313640698, "13109_13111": 0.02462668042799472, "13109_13112": 0.001959682792678625, "13109_13113": 0.003573154958650693, "13109_13114": 0.00032334766079197315, "13109_13115": 0.0003984688345113204, "13109_13116": 0.0006695582874985302, "13109_13117": 0.00037560586859673647, "13109_13118": 0.0001927021412800648, "13109_13119": 0.0003004846948773892, "13109_13120": 0.00020903283121905333, "13109_13121": 0.00021229896920685104, "13109_13122": 0.00021883124518244648, "13109_13123": 0.00029068628091399607, "13110_13101": 0.0008198006349372248, "13110_13102": 0.0006075016657303738, "13110_13103": 0.0030211776387128802, "13110_13104": 0.0009439138784735377, "13110_13105": 0.00010778255359732437, "13110_13106": 5.8790483780358755e-05, "13110_13107": 7.51211737193473e-05, "13110_13108": 0.00021556510719464875, "13110_13109": 0.007195301987118352, "13110_13111": 0.003945494689259632, "13110_13112": 0.018845616189592778, "13110_13113": 0.010552891838574396, "13110_13114": 0.00021556510719464875, "13110_13115": 0.0003788720065845342,