{"13101_13102": 0.02797125512784416, "13101_13103": 0.025810916420416122, "13101_13104": 0.022129657161351776, "13101_13105": 0.016593295845360796, "13101_13106": 0.015230256319845908, "13101_13107": 0.0042891012096317955, "13101_13108": 0.006659947951888389, "13101_13109": 0.002576092076214434, "13101_13110": 0.0010314893706599164, "13101_13111": 0.002126131151768399, "13101_13112": 0.0030839427102383214, "13101_13113": 0.005233756015924933, "13101_13114": 0.0018182631508316383, "13101_13115": 0.002126131151768399, "13101_13116": 0.0032391923859243802, "13101_13117": 0.002944481137164404, "13101_13118": 0.002239279220488747, "13101_13119": 0.0019840382282591247, "13101_13120": 0.0014682935429291668, "13101_13121": 0.0036891533103704153, "13101_13122": 0.0018366826038791369, "13101_13123": 0.0030207902997897553, "13102_13101": 0.03099730812850463, "13102_13103": 0.01783266190041391, "13102_13104": 0.0022998002805019566, "13102_13105": 0.001457768141187739, "13102_13106": 0.005410056495093847, "13102_13107": 0.007349361765951904, "13102_13108": 0.020064047069596587, "13102_13109": 0.0020077203821773373, "13102_13110": 0.0006788884123220878, "13102_13111": 0.0016130178168737978, "13102_13112": 0.001226209302876329, "13102_13113": 0.002241910570924104, "13102_13114": 0.0005525835914249552, "13102_13115": 0.00048416848010567504, "13102_13116": 0.0009420234558577807, "13102_13117": 0.0006499435575331616, "13102_13118": 0.000823612686266719, "13102_13119": 0.0004973252322824597, "13102_13120": 0.00046838037749353346, "13102_13121": 0.0020787668439319743, "13102_13122": 0.0012419974054884708, "13102_13123": 0.00239979159704552, "13103_13101": 0.02419263590267161, "13103_13102": 0.017398489078580017, "13103_13104": 0.008812392608010358, "13103_13105": 0.0018603647577973492, "13103_13106": 0.0027471298545126343, "13103_13107": 0.0019603560743409127, "13103_13108": 0.005562674820344549, "13103_13109": 0.022348059247486403, "13103_13110": 0.0036496830538400612, "13103_13111": 0.006949396499777651, "13103_13112": 0.003320764249420445, "13103_13113": 0.022150707964834634, "13103_13114": 0.0007604602758181526, "13103_13115": 0.00089992184889207, "13103_13116": 0.001378827628127031, "13103_13117": 0.0017024837316759335, "13103_13118": 0.001044646122836701, "13103_13119": 0.0008446634897495744, "13103_13120": 0.0006209987027442354, "13103_13121": 0.0015630221586020161, "13103_13122": 0.0010235953193538456, "13103_13123": 0.00126831090984204, "13104_13101": 0.017193243744622177, "13104_13102": 0.002581354777085148, "13104_13103": 0.0075888146555693845, "13104_13105": 0.010301736954422379, "13104_13106": 0.0015551281072959454, "13104_13107": 0.0010157012680477749, "13104_13108": 0.0018840469117155615, "13104_13109": 0.0018024750482194968, "13104_13110": 0.0011367433880741936, "13104_13111": 0.0007920364810424358, "13104_13112": 0.0035944246946975657, "13104_13113": 0.02268487210321209, "13104_13114": 0.017556370104701433, "13104_13115": 0.0054074251446584905, "13104_13116": 0.014217186402233491, "13104_13117": 0.0019971949804359094, "13104_13118": 0.0006815197627574448, "13104_13119": 0.0023761094431273074, "13104_13120": 0.004147008286122521, "13104_13121": 0.0008604515923617159, "13104_13122": 0.0003841771635621117, "13104_13123": 0.00089992184889207, "13105_13101": 0.01311201921938358, "13105_13102": 0.0016288059194859393, "13105_13103": 0.00197088147608234, "13105_13104": 0.007749327032126157, "13105_13106": 0.008146660947865054, "13105_13107": 0.0007209900192877987, "13105_13108": 0.001044646122836701, "13105_13109": 0.00038680851399746865, "13105_13110": 0.00012630482089713262, "13105_13111": 0.0002315588383114098, "13105_13112": 0.00033155015485497315, "13105_13113": 0.0007420408227706541, "13105_13114": 0.0003999652661742533, "13105_13115": 0.0002947112487599761, "13105_13116": 0.013596187699489256, "13105_13117": 0.004889049108893175, "13105_13118": 0.002328745135290883, "13105_13119": 0.002205071664829107, "13105_13120": 0.0010367520715306303, "13105_13121": 0.001713009133417361, "13105_13122": 0.00044206687313996416, "13105_13123": 0.0004078593174803241, "13106_13101": 0.011167451247654808, "13106_13102": 0.004931150715858886, "13106_13103": 0.0025708293753437203, "13106_13104": 0.0014630308420584528, "13106_13105": 0.006830985730186589, "13106_13107": 0.010285948851810238, "13106_13108": 0.0020682414421905465, "13106_13109": 0.000784142429736365, "13106_13110": 7.630916262535096e-05, "13106_13111": 0.0005815284462138814, "13106_13112": 0.0002315588383114098, "13106_13113": 0.0008472948401849313, "13106_13114": 0.0002394528896174806, "13106_13115": 0.00022103343656998208, "13106_13116": 0.0012604168585359692, "13106_13117": 0.002531359118813366, "13106_13118": 0.012772575013222535, "13106_13119": 0.00046048632618746264, "13106_13120": 0.0002447155904881944, "13106_13121": 0.004612757313180698, "13106_13122": 0.0021366565535098267, "13106_13123": 0.0009420234558577807, "13107_13101": 0.003949657003470751, "13107_13102": 0.005067980938497446, "13107_13103": 0.0019129917665044879, "13107_13104": 0.0010551715245781287, "13107_13105": 0.0007367781218999402, "13107_13106": 0.008154554999171124, "13107_13108": 0.014811871600624157, "13107_13109": 0.0005788970957785245, "13107_13110": 7.894051306070789e-05, "13107_13111": 0.0003289188044196162, "13107_13112": 0.0002683977444064068, "13107_13113": 0.0006315241044856631, "13107_13114": 0.00013946157307391727, "13107_13115": 0.0001710377782982004, "13107_13116": 0.0003210247531135454, "13107_13117": 0.00041312201835103795, "13107_13118": 0.0014656621924938097, "13107_13119": 9.999131654356332e-05, "13107_13120": 8.683456436677867e-05, "13107_13121": 0.002505045614459797, "13107_13122": 0.00847557975228467, "13107_13123": 0.005815284462138815, "13108_13101": 0.0067678333197380225, "13108_13102": 0.016590664494925442, "13108_13103": 0.005854754718669168, "13108_13104": 0.001978775527388411, "13108_13105": 0.0011262179863327658, "13108_13106": 0.0019603560743409127, "13108_13107": 0.014377698778790263, "13108_13109": 0.0024471559048819445, "13108_13110": 0.0002762917957124776, "13108_13111": 0.00220244031439375, "13108_13112": 0.0005762657453431676, "13108_13113": 0.0014867129959766651, "13108_13114": 0.0003657577105146132, "13108_13115": 0.00031576205224283156, "13108_13116": 0.0008867650967152853, "13108_13117": 0.0004446982235753211, "13108_13118": 0.0004894311809763888, "13108_13119": 0.0003578636592085424, "13108_13120": 0.00028155449658319145, "13108_13121": 0.00126831090984204, "13108_13122": 0.0015919670133909423, "13108_13123": 0.020616630661021543, "13109_13101": 0.0026234563840508585, "13109_13102": 0.002155076006557325, "13109_13103": 0.01977986122257804, "13109_13104": 0.0017077464325466472, "13109_13105": 0.0003262874539842593, "13109_13106": 0.0007709856775595803, "13109_13107": 0.0004762744287996042, "13109_13108": 0.002460312657058729, "13109_13110": 0.008122978793946842, "13109_13111": 0.024034754876550195, "13109_13112": 0.002128762502203756, "13109_13113": 0.00413911423481645, "13109_13114": 0.00034470690703175777, "13109_13115": 0.0004762744287996042, "13109_13116": 0.000823612686266719, "13109_13117": 0.0005052192835885305, "13109_13118": 0.000223664787005339, "13109_13119": 0.0003289188044196162, "13109_13120": 0.0002052453339578405, "13109_13121": 0.0002710290948417637, "13109_13122": 0.00029207989832461917, "13109_13123": 0.0004815371296703181, "13110_13101": 0.0009867564132588487, "13110_13102": 0.0006525749079685186, "13110_13103": 0.003628632250357206, "13110_13104": 0.001044646122836701, "13110_13105": 0.0001341988722032034, "13110_13106": 9.999131654356332e-05, "13110_13107": 0.0001157794191557049, "13110_13108": 0.0003104993513721177, "13110_13109": 0.0073230482615983345, "13110_13111": 0.003986495909565748, "13110_13112": 0.017103777829820043, "13110_13113": 0.010199114287443458, "13110_13114": 0.0003131307018074746, "13110_13115": 0.0004657490270581765,