{"13101_13102": 0.013508156176689884, "13101_13103": 0.010234774227572787, "13101_13104": 0.009958355307425122, "13101_13105": 0.0076815363072614525, "13101_13106": 0.008336212697084872, "13101_13107": 0.0025059557366018657, "13101_13108": 0.003306115768608267, "13101_13109": 0.0012038771390641765, "13101_13110": 0.0004546363818218189, "13101_13111": 0.0008947243994253397, "13101_13112": 0.0012875302333193912, "13101_13113": 0.002564149193475059, "13101_13114": 0.0008183454872792741, "13101_13115": 0.0008692647620433178, "13101_13116": 0.0015857716997945044, "13101_13117": 0.0013311753259742857, "13101_13118": 0.0011638691374638564, "13101_13119": 0.0008656276709887432, "13101_13120": 0.0005201040208041609, "13101_13121": 0.0014766589681572677, "13101_13122": 0.0008692647620433178, "13101_13123": 0.001676698976158868, "13102_13101": 0.01462474313044427, "13102_13103": 0.00823073705650221, "13102_13104": 0.001312989870701413, "13102_13105": 0.0007565149393515066, "13102_13106": 0.002567786284529633, "13102_13107": 0.0034079543181363544, "13102_13108": 0.010911273163723654, "13102_13109": 0.000956554947353107, "13102_13110": 0.00032370110385713505, "13102_13111": 0.0007456036661877831, "13102_13112": 0.0004437251086580953, "13102_13113": 0.0009456436741893834, "13102_13114": 0.0001927658258924512, "13102_13115": 0.00018185455272872757, "13102_13116": 0.00042190256233064796, "13102_13117": 0.00025095928276564405, "13102_13118": 0.0003673461965120297, "13102_13119": 0.00022186255432904764, "13102_13120": 0.00016730618851042937, "13102_13121": 0.000883813126261616, "13102_13122": 0.0005310152939678845, "13102_13123": 0.0013311753259742857, "13103_13101": 0.010391169142919493, "13103_13102": 0.007845205404717307, "13103_13104": 0.004811871465202132, "13103_13105": 0.0008074342141155504, "13103_13106": 0.0013239011438651368, "13103_13107": 0.0008292567604429976, "13103_13108": 0.003040608121624325, "13103_13109": 0.01158777209987452, "13103_13110": 0.0023059157286002656, "13103_13111": 0.003669824874065722, "13103_13112": 0.002011311353179727, "13103_13113": 0.011485933550346434, "13103_13114": 0.00045099929076724437, "13103_13115": 0.0004437251086580953, "13103_13116": 0.0005964829329502264, "13103_13117": 0.0004800960192038408, "13103_13118": 0.0004691847460401171, "13103_13119": 0.00040735419811234973, "13103_13120": 0.00025095928276564405, "13103_13121": 0.0006546763898234192, "13103_13122": 0.0004182654712760734, "13103_13123": 0.0006874102093145902, "13104_13101": 0.008467147975049555, "13104_13102": 0.0014439251486660968, "13104_13103": 0.004386331811816909, "13104_13105": 0.005619305679317682, "13104_13106": 0.001142046591136409, "13104_13107": 0.0006364909345505465, "13104_13108": 0.001280256051210242, "13104_13109": 0.0008183454872792741, "13104_13110": 0.0008147083962246995, "13104_13111": 0.00039280583389405155, "13104_13112": 0.0025095928276564405, "13104_13113": 0.014541090036189057, "13104_13114": 0.012486133590354434, "13104_13115": 0.0035134299587190167, "13104_13116": 0.010060193856953208, "13104_13117": 0.0011274982269181108, "13104_13118": 0.000389168742839477, "13104_13119": 0.0014912073323755661, "13104_13120": 0.002749640837258361, "13104_13121": 0.0005419265671316081, "13104_13122": 0.00022186255432904764, "13104_13123": 0.0005346523850224591, "13105_13101": 0.006339449708123443, "13105_13102": 0.0006837731182600156, "13105_13103": 0.0009274582189165106, "13105_13104": 0.004800960192038408, "13105_13106": 0.005586571859826511, "13105_13107": 0.0005091927476404372, "13105_13108": 0.0005710232955682045, "13105_13109": 0.00013093527796468384, "13105_13110": 4.000800160032006e-05, "13105_13111": 9.456436741893833e-05, "13105_13112": 0.0001709432795650039, "13105_13113": 0.0005201040208041609, "13105_13114": 0.00021095128116532398, "13105_13115": 0.00010547564058266199, "13105_13116": 0.00895088108530797, "13105_13117": 0.00267689901616687, "13105_13118": 0.0016985215224863154, "13105_13119": 0.0011202240448089618, "13105_13120": 0.00048737020131298987, "13105_13121": 0.000883813126261616, "13105_13122": 0.0002618705559293677, "13105_13123": 0.00025823346487479314, "13106_13101": 0.0066085944461619596, "13106_13102": 0.0023786575496917567, "13106_13103": 0.0013566349633563077, "13106_13104": 0.0008583534888795941, "13106_13105": 0.005244685300696503, "13106_13107": 0.00745603666187783, "13106_13108": 0.0011711433195730056, "13106_13109": 0.0003418865591300078, "13106_13110": 4.7282183709469165e-05, "13106_13111": 0.00034552365018458237, "13106_13112": 0.00013820946007383296, "13106_13113": 0.0005455636581861827, "13106_13114": 0.00011274982269181109, "13106_13115": 0.00010911273163723653, "13106_13116": 0.0007965229409518267, "13106_13117": 0.0014439251486660968, "13106_13118": 0.008561712342468494, "13106_13119": 0.00018912873483787666, "13106_13120": 8.729018530978923e-05, "13106_13121": 0.002902398661550492, "13106_13122": 0.0014002800560112022, "13106_13123": 0.0005746603866227791, "13107_13101": 0.0020767789921620687, "13107_13102": 0.002698721562494317, "13107_13103": 0.0008547163978250195, "13107_13104": 0.0005928458418956519, "13107_13105": 0.0005637491134590554, "13107_13106": 0.006575860626670788, "13107_13108": 0.011551401189328774, "13107_13109": 0.0002764189201476659, "13107_13110": 6.910473003691648e-05, "13107_13111": 0.00017458037061957846, "13107_13112": 0.0001927658258924512, "13107_13113": 0.0002545963738202186, "13107_13114": 0.0001200240048009602, "13107_13115": 7.274182109149102e-05, "13107_13116": 0.00020367709905617487, "13107_13117": 0.00023641091854734585, "13107_13118": 0.0012511593227736457, "13107_13119": 0.00011274982269181109, "13107_13120": 5.819345687319282e-05, "13107_13121": 0.001807634254123552, "13107_13122": 0.005957555147393115, "13107_13123": 0.004164469257487861, "13108_13101": 0.0032770190401716706, "13108_13102": 0.009252759642837659, "13108_13103": 0.003218825583298478, "13108_13104": 0.001167506228518431, "13108_13105": 0.0006219425703322482, "13108_13106": 0.0012293367764461983, "13108_13107": 0.010878539344232482, "13108_13109": 0.0014075542381203514, "13108_13110": 0.00021822546327447307, "13108_13111": 0.0014221026023386496, "13108_13112": 0.0003127898306934114, "13108_13113": 0.000778337485678954, "13108_13114": 0.00018912873483787666, "13108_13115": 0.0001636690974558548, "13108_13116": 0.0004473621997126698, "13108_13117": 0.00029460437542053864, "13108_13118": 0.0002400480096019204, "13108_13119": 0.00021458837221989853, "13108_13120": 0.00011638691374638564, "13108_13121": 0.0007165069377511866, "13108_13122": 0.0011456836821909836, "13108_13123": 0.014661114040990016, "13109_13101": 0.0012038771390641765, "13109_13102": 0.0010729418610994927, "13109_13103": 0.009754678208368946, "13109_13104": 0.0009201840368073615, "13109_13105": 0.0001709432795650039, "13109_13106": 0.0003491607412391569, "13109_13107": 0.00035279783229373146, "13109_13108": 0.0013239011438651368, "13109_13110": 0.005921184236847369, "13109_13111": 0.01642874029351325, "13109_13112": 0.0013348124170288603, "13109_13113": 0.002407754278128353, "13109_13114": 0.00020004000800160032, "13109_13115": 0.00020367709905617487, "13109_13116": 0.00038189456073032787, "13109_13117": 0.00018912873483787666, "13109_13118": 0.00013820946007383296, "13109_13119": 0.00021822546327447307, "13109_13120": 8.365309425521468e-05, "13109_13121": 0.00026550764698394223, "13109_13122": 0.00013457236901925839, "13109_13123": 0.00031642692174798596, "13110_13101": 0.00040008001600320064, "13110_13102": 0.0003600720144028806, "13110_13103": 0.002091327356380367, "13110_13104": 0.0007383294840786339, "13110_13105": 7.637891214606558e-05, "13110_13106": 8.729018530978923e-05, "13110_13107": 6.183054792776738e-05, "13110_13108": 0.0001563949153467057, "13110_13109": 0.005481096219243849, "13110_13111": 0.0032806561312262454, "13110_13112": 0.013780938005782974, "13110_13113": 0.00749604466347815, "13110_13114": 0.00018912873483787666,