{"13101_13102": 0.009959405898397545, "13101_13103": 0.00775922690078418, "13101_13104": 0.007551461813842482, "13101_13105": 0.005481801909307876, "13101_13106": 0.006523290998977156, "13101_13107": 0.0021815334128878284, "13101_13108": 0.0037690717695192636, "13101_13109": 0.0013238365155131264, "13101_13110": 0.0005433856120013638, "13101_13111": 0.0011533625980225026, "13101_13112": 0.0015236106375724513, "13101_13113": 0.002551781452437777, "13101_13114": 0.0008976517217865667, "13101_13115": 0.0010787802591203546, "13101_13116": 0.0016168385612001363, "13101_13117": 0.0014516919536310944, "13101_13118": 0.0011293897033753835, "13101_13119": 0.0010015342652574155, "13101_13120": 0.0006312862257074667, "13101_13121": 0.0018352582679849983, "13101_13122": 0.0010334981247869077, "13101_13123": 0.0018219399931810433, "13102_13101": 0.010899676099556768, "13102_13103": 0.006994757927037163, "13102_13104": 0.0012279449369246506, "13102_13105": 0.0006925502898056597, "13102_13106": 0.002445235254006137, "13102_13107": 0.002828801568360041, "13102_13108": 0.009738322536651892, "13102_13109": 0.0011400443232185476, "13102_13110": 0.0003755753494715309, "13102_13111": 0.0009669067507671326, "13102_13112": 0.0005966587112171838, "13102_13113": 0.0012998636208660075, "13102_13114": 0.0002477199113535629, "13102_13115": 0.00020510143198090692, "13102_13116": 0.0004634759631776338, "13102_13117": 0.00035160245482441187, "13102_13118": 0.0004581486532560518, "13102_13119": 0.0002157560518240709, "13102_13120": 0.0002344016365496079, "13102_13121": 0.0011906537674735765, "13102_13122": 0.0007964328332765087, "13102_13123": 0.0013611276849642005, "13103_13101": 0.00783913654960791, "13103_13102": 0.006813629389703375, "13103_13104": 0.003939545687009887, "13103_13105": 0.0009908796454142516, "13103_13106": 0.0015688927719058985, "13103_13107": 0.0011160714285714285, "13103_13108": 0.0037131350153426527, "13103_13109": 0.009517239174906239, "13103_13110": 0.0020403596999659054, "13103_13111": 0.0038036992840095466, "13103_13112": 0.002144242243436754, "13103_13113": 0.009831550460279578, "13103_13114": 0.0004927761677463348, "13103_13115": 0.0005087580975110808, "13103_13116": 0.0007724599386293897, "13103_13117": 0.0007564780088646437, "13103_13118": 0.0005753494715308558, "13103_13119": 0.0004714669280600068, "13103_13120": 0.00030898397545175586, "13103_13121": 0.0007964328332765087, "13103_13122": 0.00047945789294237984, "13103_13123": 0.0007964328332765087, "13104_13101": 0.006395435560859189, "13104_13102": 0.0014809921581997955, "13104_13103": 0.0038303358336174566, "13104_13105": 0.004259184282304807, "13104_13106": 0.0013051909307875895, "13104_13107": 0.0007245141493351518, "13104_13108": 0.0014064098192976475, "13104_13109": 0.0010441527446300716, "13104_13110": 0.0008150784180020456, "13104_13111": 0.0005487129219229458, "13104_13112": 0.002466544493692465, "13104_13113": 0.011815973406068872, "13104_13114": 0.009421347596317763, "13104_13115": 0.0037504261847937266, "13104_13116": 0.00799895584725537, "13104_13117": 0.0012572451414933515, "13104_13118": 0.0004395030685305148, "13104_13119": 0.0014064098192976475, "13104_13120": 0.002594399931810433, "13104_13121": 0.0005433856120013638, "13104_13122": 0.00022374701670644392, "13104_13123": 0.0006419408455506307, "13105_13101": 0.0050875809751108085, "13105_13102": 0.0007697962836685987, "13105_13103": 0.0010441527446300716, "13105_13104": 0.0034947153085577907, "13105_13106": 0.004293811796795091, "13105_13107": 0.0005220763723150358, "13105_13108": 0.0007591416638254347, "13105_13109": 0.00023706529151039892, "13105_13110": 7.724599386293897e-05, "13105_13111": 0.00015449198772587793, "13105_13112": 0.00023972894647118992, "13105_13113": 0.0004821215479031708, "13105_13114": 0.0003196385952949199, "13105_13115": 0.00023706529151039892, "13105_13116": 0.006448708660075009, "13105_13117": 0.002082978179338561, "13105_13118": 0.0013744459597681555, "13105_13119": 0.0013558003750426184, "13105_13120": 0.0005860040913740198, "13105_13121": 0.0010548073644732355, "13105_13122": 0.0003169749403341289, "13105_13123": 0.0003382841800204569, "13106_13101": 0.005726858165700648, "13106_13102": 0.002434580634162973, "13106_13103": 0.0016035202863961813, "13106_13104": 0.0011000894988066826, "13106_13105": 0.004136656154108421, "13106_13107": 0.005793449539720423, "13106_13108": 0.0013797732696897375, "13106_13109": 0.0005060944425502898, "13106_13110": 8.523695874531196e-05, "13106_13111": 0.0004981034776679168, "13106_13112": 0.00014117371292192294, "13106_13113": 0.0006845593249232867, "13106_13114": 0.0002344016365496079, "13106_13115": 0.00011453716331401295, "13106_13116": 0.0009908796454142516, "13106_13117": 0.0015875383566314354, "13106_13118": 0.006659137401977497, "13106_13119": 0.00041553017388339586, "13106_13120": 0.00017580122741220593, "13106_13121": 0.0032150315376747356, "13106_13122": 0.0015795473917490624, "13106_13123": 0.0007857782134333447, "13107_13101": 0.0019071769519263552, "13107_13102": 0.002469208148653256, "13107_13103": 0.0010494800545516535, "13107_13104": 0.0006978775997272418, "13107_13105": 0.0005327309921581998, "13107_13106": 0.005463156324582339, "13107_13108": 0.010207125809751107, "13107_13109": 0.0003569297647459939, "13107_13110": 7.724599386293897e-05, "13107_13111": 0.0002903383907262189, "13107_13112": 0.00019977412205932492, "13107_13113": 0.0004581486532560518, "13107_13114": 0.00012252812819638596, "13107_13115": 0.00011453716331401295, "13107_13116": 0.0002290743266280259, "13107_13117": 0.0002743564609614729, "13107_13118": 0.0010414890896692805, "13107_13119": 0.00011986447323559496, "13107_13120": 3.9954824411864985e-05, "13107_13121": 0.002136251278554381, "13107_13122": 0.00431778469144221, "13107_13123": 0.003995482441186499, "13108_13101": 0.0038676270030685305, "13108_13102": 0.009218909819297648, "13108_13103": 0.0037823900443232188, "13108_13104": 0.0012838816911012615, "13108_13105": 0.0008576968973747017, "13108_13106": 0.0015289379474940335, "13108_13107": 0.009911460109103307, "13108_13109": 0.0015236106375724513, "13108_13110": 0.0002290743266280259, "13108_13111": 0.0016541297306512104, "13108_13112": 0.0004688032730992158, "13108_13113": 0.0009775613706102966, "13108_13114": 0.0002743564609614729, "13108_13115": 0.00022374701670644392, "13108_13116": 0.0004874488578247528, "13108_13117": 0.0002344016365496079, "13108_13118": 0.0003569297647459939, "13108_13119": 0.0002317379815888169, "13108_13120": 0.00015182833276508695, "13108_13121": 0.0009242882713944767, "13108_13122": 0.0014010825093760655, "13108_13123": 0.01269231588816911, "13109_13101": 0.0013025272758267984, "13109_13102": 0.0011533625980225026, "13109_13103": 0.009432002216160928, "13109_13104": 0.0010920985339243096, "13109_13105": 0.00020776508694169793, "13109_13106": 0.0005966587112171838, "13109_13107": 0.0003755753494715309, "13109_13108": 0.0014570192635526764, "13109_13110": 0.005417874190248892, "13109_13111": 0.01373380497783839, "13109_13112": 0.0015715564268666893, "13109_13113": 0.0024825264234572112, "13109_13114": 0.0002530472212751449, "13109_13115": 0.00030898397545175586, "13109_13116": 0.00042085748380497786, "13109_13117": 0.00023972894647118992, "13109_13118": 0.00013584640300034096, "13109_13119": 0.0002716928060006819, "13109_13120": 0.00011187350835322196, "13109_13121": 0.00018112853733378794, "13109_13122": 0.00013051909307875895, "13109_13123": 0.0002743564609614729, "13110_13101": 0.00045548499829526083, "13110_13102": 0.0003942209341970678, "13110_13103": 0.0021122783839072623, "13110_13104": 0.0008097511080804637, "13110_13105": 7.990964882372997e-05, "13110_13106": 7.458233890214797e-05, "13110_13107": 8.257330378452097e-05, "13110_13108": 0.0002716928060006819, "13110_13109": 0.005375255710876236, "13110_13111": 0.00303923031026253, "13110_13112": 0.011107441186498465, "13110_13113": 0.006232952608250937, "13110_13114": 0.0002610381861575179,