{"13101_13102": 0.030997842471498064, "13101_13103": 0.02794375386822302, "13101_13104": 0.025086330061370985, "13101_13105": 0.01695655443276667, "13101_13106": 0.016164110988356288, "13101_13107": 0.0039332959284602885, "13101_13108": 0.006744445665565729, "13101_13109": 0.0024120358855410887, "13101_13110": 0.0008820994545444029, "13101_13111": 0.0021604206312939964, "13101_13112": 0.0030338436977609133, "13101_13113": 0.005341762926372171, "13101_13114": 0.001735277615497186, "13101_13115": 0.0020331669394908695, "13101_13116": 0.0032999195988038152, "13101_13117": 0.002868992324288681, "13101_13118": 0.002226939606554722, "13101_13119": 0.001850962789863665, "13101_13120": 0.0014663095850951222, "13101_13121": 0.003461878842916886, "13101_13122": 0.0015906711475390872, "13101_13123": 0.0026607590104290183, "13102_13101": 0.03434114401068931, "13102_13103": 0.018396834853629335, "13102_13104": 0.0025277210599075678, "13102_13105": 0.0013911142217569107, "13102_13106": 0.005549996240231833, "13102_13107": 0.007542673368694435, "13102_13108": 0.02086092906763534, "13102_13109": 0.001963755834870982, "13102_13110": 0.000613131424142339, "13102_13111": 0.0014171433859893686, "13102_13112": 0.000864746678389431, "13102_13113": 0.0018075808494762353, "13102_13114": 0.0005408281901632897, "13102_13115": 0.0004396036625926204, "13102_13116": 0.0008531781609527831, "13102_13117": 0.0006333763296564729, "13102_13118": 0.0008531781609527831, "13102_13119": 0.0004222508864376486, "13102_13120": 0.00042514301579681053, "13102_13121": 0.001709248451264728, "13102_13122": 0.0011742045198197624, "13102_13123": 0.002235615994632208, "13103_13101": 0.026214260511444158, "13103_13102": 0.017751890006536212, "13103_13104": 0.010310441165412446, "13103_13105": 0.0016918956751097564, "13103_13106": 0.0025132604131117577, "13103_13107": 0.0016716507695956225, "13103_13108": 0.005249214786878988, "13103_13109": 0.024036487103995186, "13103_13110": 0.004127068595524141, "13103_13111": 0.0064899382819594755, "13103_13112": 0.003444526066761914, "13103_13113": 0.022772626574041405, "13103_13114": 0.0007808749269737336, "13103_13115": 0.0009110207481360227, "13103_13116": 0.0013274873758553473, "13103_13117": 0.001480770231890932, "13103_13118": 0.0008849915839035648, "13103_13119": 0.0007866591856920576, "13103_13120": 0.00042514301579681053, "13103_13121": 0.0014952308786867418, "13103_13122": 0.0008416096435161352, "13103_13123": 0.0013332716345736712, "13104_13101": 0.018619528814284806, "13104_13102": 0.002949971946345216, "13104_13103": 0.008424772823238837, "13104_13105": 0.011021904987766293, "13104_13106": 0.0015299364309966856, "13104_13107": 0.0010238137931433398, "13104_13108": 0.0021980183129631024, "13104_13109": 0.0015819947594616012, "13104_13110": 0.001122146191354847, "13104_13111": 0.0006941110461988743, "13104_13112": 0.0038870218587136966, "13104_13113": 0.024964860628286182, "13104_13114": 0.02041264901696523, "13104_13115": 0.005466124488816136, "13104_13116": 0.015117160160339652, "13104_13117": 0.0017844438146029395, "13104_13118": 0.0005784258718323954, "13104_13119": 0.0023657618157944967, "13104_13120": 0.004546427352602627, "13104_13121": 0.0008473939022344591, "13104_13122": 0.0003441633937402752, "13104_13123": 0.0008792073251852408, "13105_13101": 0.012913357588658225, "13105_13102": 0.001602239664975735, "13105_13103": 0.0016629743815181365, "13105_13104": 0.007641005766905943, "13105_13106": 0.008575163549915261, "13105_13107": 0.0006738661406847405, "13105_13108": 0.0010209216637841777, "13105_13109": 0.0003239184882261414, "13105_13110": 9.544026885234523e-05, "13105_13111": 0.00013882220923977487, "13105_13112": 0.0002602916423245779, "13105_13113": 0.0006391605883747969, "13105_13114": 0.0003094578414303315, "13105_13115": 0.0001850962789863665, "13105_13116": 0.015094023125466356, "13105_13117": 0.004595593551708381, "13105_13118": 0.002452525696569356, "13105_13119": 0.0019521873174343342, "13105_13120": 0.001006461016988368, "13105_13121": 0.0017034641925464042, "13105_13122": 0.0003933295928460288, "13105_13123": 0.00032970274694446534, "13106_13101": 0.01144126374484478, "13106_13102": 0.0044654477305460915, "13106_13103": 0.0024322807910552224, "13106_13104": 0.0014663095850951222, "13106_13105": 0.007013413695967793, "13106_13107": 0.011108668868541153, "13106_13108": 0.0016282688292081928, "13106_13109": 0.0006507291058114447, "13106_13110": 7.808749269737336e-05, "13106_13111": 0.0005234754140083178, "13106_13112": 0.00017641989090888058, "13106_13113": 0.0006970031755580364, "13106_13114": 0.00022558609001463418, "13106_13115": 0.0001850962789863665, "13106_13116": 0.0011366068381506568, "13106_13117": 0.0027619835379996877, "13106_13118": 0.013173649230982803, "13106_13119": 0.00041646662771932465, "13106_13120": 0.00016774350283139464, "13106_13121": 0.004427850048876986, "13106_13122": 0.0021257150789840526, "13106_13123": 0.0008618545490302691, "13107_13101": 0.003953540833974422, "13107_13102": 0.005237646269442339, "13107_13103": 0.0017641989090888058, "13107_13104": 0.0009717554646784241, "13107_13105": 0.0006767582700439026, "13107_13106": 0.00823967654425247, "13107_13108": 0.014934956010712448, "13107_13109": 0.0005408281901632897, "13107_13110": 9.254813949318325e-05, "13107_13111": 0.00037886894605021894, "13107_13112": 0.00017352776154971858, "13107_13113": 0.0005350439314449657, "13107_13114": 0.00012146943308480302, "13107_13115": 0.00013014582116228896, "13107_13116": 0.00026318377168373986, "13107_13117": 0.0002978893239936836, "13107_13118": 0.0015386128190741715, "13107_13119": 0.00012146943308480302, "13107_13120": 7.230323397904942e-05, "13107_13121": 0.002576887259013321, "13107_13122": 0.009014767212507881, "13107_13123": 0.005787150847683115, "13108_13101": 0.006683710949023328, "13108_13102": 0.01676856602442114, "13108_13103": 0.005541319852154347, "13108_13104": 0.0021922340542447783, "13108_13105": 0.0010151374050658538, "13108_13106": 0.0016774350283139464, "13108_13107": 0.014420156984781616, "13108_13109": 0.002478554860801814, "13108_13110": 0.0002747522891203878, "13108_13111": 0.0020244905514133836, "13108_13112": 0.0005784258718323954, "13108_13113": 0.0012927818235454035, "13108_13114": 0.00039911385156435276, "13108_13115": 0.00027764441847954975, "13108_13116": 0.0006941110461988743, "13108_13117": 0.00036151616989524705, "13108_13118": 0.0004743092149025642, "13108_13119": 0.00026607590104290186, "13108_13120": 0.00020823331385966232, "13108_13121": 0.0009341577830093184, "13108_13122": 0.0014605253263767983, "13108_13123": 0.021476952621136837, "13109_13101": 0.002519044671830082, "13109_13102": 0.0019377266706385244, "13109_13103": 0.020181278668232272, "13109_13104": 0.0017670910384479676, "13109_13105": 0.0002978893239936836, "13109_13106": 0.0007114638223538462, "13109_13107": 0.0004453879213109444, "13109_13108": 0.0024264965323368983, "13109_13110": 0.00885280796839481, "13109_13111": 0.026118820242591812, "13109_13112": 0.0020765488798782992, "13109_13113": 0.004083686655136711, "13109_13114": 0.00037597681669105694, "13109_13115": 0.0004048981102826767, "13109_13116": 0.000737492986586304, "13109_13117": 0.0003846532047685429, "13109_13118": 0.0001706356321905566, "13109_13119": 0.00032681061758530334, "13109_13120": 0.00016774350283139464, "13109_13121": 0.0002602916423245779, "13109_13122": 0.00018220414962720453, "13109_13123": 0.0003586240405360851, "13110_13101": 0.0008965601013402127, "13110_13102": 0.0006738661406847405, "13110_13103": 0.003592024664079175, "13110_13104": 0.0010035688876292059, "13110_13105": 0.00010411665692983116, "13110_13106": 5.205832846491558e-05, "13110_13107": 6.073471654240151e-05, "13110_13108": 0.00031524210014865546, "13110_13109": 0.0075108599457436535, "13110_13111": 0.0042167246056581615, "13110_13112": 0.019672263901019765, "13110_13113": 0.010729799922490933, "13110_13114": 0.0002747522891203878, "13110_13115": 0.0004569564387475923,