{"13101_13102": 0.010989573058009456, "13101_13103": 0.007404322273126938, "13101_13104": 0.0064032773868587895, "13101_13105": 0.005382747441977149, "13101_13106": 0.006325337152404822, "13101_13107": 0.001517398939525685, "13101_13108": 0.0019217139057556428, "13101_13109": 0.0003604735843496009, "13101_13110": 0.00014857357192787606, "13101_13111": 0.00022407817405515734, "13101_13112": 0.0002995827761824386, "13101_13113": 0.0014029242201714198, "13101_13114": 0.00026061265895545473, "13101_13115": 0.00023625633568858978, "13101_13116": 0.00044572071578362815, "13101_13117": 0.0003994437015765848, "13101_13118": 0.0007038977424123964, "13101_13119": 0.00019485058613491943, "13101_13120": 0.00010960345470089217, "13101_13121": 0.0007233828010258884, "13101_13122": 0.00018023679217480046, "13101_13123": 0.0004676414067238066, "13102_13101": 0.011803074255122744, "13102_13103": 0.006001398052955518, "13102_13104": 0.0004676414067238066, "13102_13105": 0.00025574139430208174, "13102_13106": 0.0017682690691743937, "13102_13107": 0.002535493252080639, "13102_13108": 0.008066814265985664, "13102_13109": 0.00038726553994315234, "13102_13110": 9.742529306745971e-05, "13102_13111": 0.0002338207033619033, "13102_13112": 0.00011691035168095164, "13102_13113": 0.0005626310674645798, "13102_13114": 7.063333747390829e-05, "13102_13115": 0.0001363954102944436, "13102_13116": 9.742529306745971e-05, "13102_13117": 5.358391118710284e-05, "13102_13118": 0.00024356323266864927, "13102_13119": 8.037586678065427e-05, "13102_13120": 8.281149910734075e-05, "13102_13121": 0.00032393909944930353, "13102_13122": 0.0001656229982146815, "13102_13123": 0.00048469083301061206, "13103_13101": 0.00694398776338319, "13103_13102": 0.005752963555633496, "13103_13104": 0.0025038300318337143, "13103_13105": 0.0002849689822223197, "13103_13106": 0.0005017402592974175, "13103_13107": 0.00041649312786339027, "13103_13108": 0.001858387465261794, "13103_13109": 0.008975305123839726, "13103_13110": 0.0009693816660212241, "13103_13111": 0.0015904679093262798, "13103_13112": 0.0005772448614246988, "13103_13113": 0.009045938461313635, "13103_13114": 0.00011447471935426516, "13103_13115": 0.00011203908702757867, "13103_13116": 0.00019485058613491943, "13103_13117": 0.00013883104262113008, "13103_13118": 8.037586678065427e-05, "13103_13119": 0.0001339597779677571, "13103_13120": 0.00011447471935426516, "13103_13121": 0.00023625633568858978, "13103_13122": 0.00010716782237420568, "13103_13123": 0.00018510805682817345, "13104_13101": 0.006271753241217719, "13104_13102": 0.0005553241704845203, "13104_13103": 0.002255395534511692, "13104_13105": 0.004673978434911379, "13104_13106": 0.00041649312786339027, "13104_13107": 0.00023138507103521682, "13104_13108": 0.0002533057619753952, "13104_13109": 0.0003068896731624981, "13104_13110": 0.00035803795202291446, "13104_13111": 0.0001315241456410706, "13104_13112": 0.0008865701669138834, "13104_13113": 0.013595699647564002, "13104_13114": 0.010648584532273346, "13104_13115": 0.0015393196304658635, "13104_13116": 0.00861726717181681, "13104_13117": 0.0005017402592974175, "13104_13118": 0.00010716782237420568, "13104_13119": 0.0006454425665719205, "13104_13120": 0.0009961736216147754, "13104_13121": 0.00017049426286805448, "13104_13122": 6.33264404938488e-05, "13104_13123": 0.00016075173356130853, "13105_13101": 0.004946769255500267, "13105_13102": 0.00022164254172847084, "13105_13103": 0.0002995827761824386, "13105_13104": 0.004086991044179935, "13105_13106": 0.005129441680001754, "13105_13107": 0.00017292989519474098, "13105_13108": 0.000163187365887995, "13105_13109": 5.845517584047582e-05, "13105_13110": 2.922758792023791e-05, "13105_13111": 8.524713143402724e-05, "13105_13112": 3.653448490029739e-05, "13105_13113": 0.000168058630541368, "13105_13114": 0.00022407817405515734, "13105_13115": 0.00010960345470089217, "13105_13116": 0.007172937202091721, "13105_13117": 0.0021190001242172487, "13105_13118": 0.0012592219128969167, "13105_13119": 0.00042623565717013625, "13105_13120": 0.00014857357192787606, "13105_13121": 0.000523660950237596, "13105_13122": 0.00010473219004751918, "13105_13123": 8.524713143402724e-05, "13106_13101": 0.005580033660438755, "13106_13102": 0.0015709828507127878, "13106_13103": 0.000489562097663985, "13106_13104": 0.00031906783479593054, "13106_13105": 0.004581424406497293, "13106_13107": 0.005640924468605917, "13106_13108": 0.0004116218632100173, "13106_13109": 0.00011203908702757867, "13106_13110": 5.6019543513789334e-05, "13106_13111": 6.57620728205353e-05, "13106_13112": 3.8970117226983886e-05, "13106_13113": 0.0004432850834569417, "13106_13114": 7.306896980059478e-05, "13106_13115": 4.871264653372986e-05, "13106_13116": 0.0003385528934094225, "13106_13117": 0.0010156586802282674, "13106_13118": 0.008334733821921177, "13106_13119": 8.768276376071374e-05, "13106_13120": 3.8970117226983886e-05, "13106_13121": 0.0015247058365057443, "13106_13122": 0.0005504529058311474, "13106_13123": 0.00021920690940178435, "13107_13101": 0.0010692425914153702, "13107_13102": 0.0017950610247679452, "13107_13103": 0.00040431496622995777, "13107_13104": 0.00023625633568858978, "13107_13105": 0.00020215748311497889, "13107_13106": 0.004885878447333104, "13107_13108": 0.011067513292463423, "13107_13109": 0.00018997932148154644, "13107_13110": 2.922758792023791e-05, "13107_13111": 9.011839608740023e-05, "13107_13112": 3.16632202469244e-05, "13107_13113": 0.00016075173356130853, "13107_13114": 2.435632326686493e-05, "13107_13115": 2.1920690940178434e-05, "13107_13116": 8.281149910734075e-05, "13107_13117": 6.33264404938488e-05, "13107_13118": 0.0008914414315672563, "13107_13119": 3.8970117226983886e-05, "13107_13120": 3.8970117226983886e-05, "13107_13121": 0.0013322908826975115, "13107_13122": 0.003692418607256723, "13107_13123": 0.0031711932893458135, "13108_13101": 0.0018121104510547506, "13108_13102": 0.00783299356262376, "13108_13103": 0.002106821962583816, "13108_13104": 0.00029227587920237913, "13108_13105": 0.00013883104262113008, "13108_13106": 0.00045789887741706065, "13108_13107": 0.010066468406195274, "13108_13109": 0.0006697988898387855, "13108_13110": 6.81977051472218e-05, "13108_13111": 0.0006405713019185476, "13108_13112": 0.00012421724866101114, "13108_13113": 0.0002533057619753952, "13108_13114": 5.6019543513789334e-05, "13108_13115": 8.524713143402724e-05, "13108_13116": 0.00010473219004751918, "13108_13117": 7.550460212728128e-05, "13108_13118": 9.255402841408673e-05, "13108_13119": 9.498966074077322e-05, "13108_13120": 7.063333747390829e-05, "13108_13121": 0.0003020184085091251, "13108_13122": 0.000504175891624104, "13108_13123": 0.009788806320953015, "13109_13101": 0.0003166322024692441, "13109_13102": 0.0003336816287560495, "13109_13103": 0.008607524642510066, "13109_13104": 0.0003020184085091251, "13109_13105": 7.306896980059478e-05, "13109_13106": 9.98609253941462e-05, "13109_13107": 0.00017049426286805448, "13109_13108": 0.0006259575079584286, "13109_13110": 0.005701815276773079, "13109_13111": 0.012100221398978496, "13109_13112": 0.0004067505985566443, "13109_13113": 0.0013810035292312413, "13109_13114": 4.384138188035687e-05, "13109_13115": 6.0890808167162316e-05, "13109_13116": 0.00015344483658124905, "13109_13117": 7.306896980059478e-05, "13109_13118": 1.4613793960118955e-05, "13109_13119": 0.00010473219004751918, "13109_13120": 3.40988525736109e-05, "13109_13121": 5.845517584047582e-05, "13109_13122": 3.8970117226983886e-05, "13109_13123": 0.00010960345470089217, "13110_13101": 0.00011447471935426516, "13110_13102": 7.306896980059478e-05, "13110_13103": 0.0009742529306745971, "13110_13104": 0.0002800977175689467, "13110_13105": 2.922758792023791e-05, "13110_13106": 2.922758792023791e-05, "13110_13107": 1.704942628680545e-05, "13110_13108": 9.498966074077322e-05, "13110_13109": 0.005297500310543122, "13110_13111": 0.002581770266287682, "13110_13112": 0.011057770763156676, "13110_13113": 0.006732087750961466,