{"13101_13102": 0.013556195321016295, "13101_13103": 0.011214529508405463, "13101_13104": 0.010407058538539658, "13101_13105": 0.007975328656213023, "13101_13106": 0.008077815356234452, "13101_13107": 0.0025404278975008775, "13101_13108": 0.0038913889432378966, "13101_13109": 0.0014161798548415648, "13101_13110": 0.0005652296789060632, "13101_13111": 0.0012888478942088804, "13101_13112": 0.0016522098306484924, "13101_13113": 0.0027360843248145144, "13101_13114": 0.00083231623047706, "13101_13115": 0.00109629712447165, "13101_13116": 0.001878922833726199, "13101_13117": 0.0015963079942731674, "13101_13118": 0.0012795309214796596, "13101_13119": 0.0010776631790132083, "13101_13120": 0.0006335541455870159, "13101_13121": 0.0018168096821980602, "13101_13122": 0.0009254859577692683, "13101_13123": 0.0016956890367181895, "13102_13101": 0.014835726242495954, "13102_13103": 0.008705158186668654, "13102_13104": 0.0014813986639461106, "13102_13105": 0.0008633728062411295, "13102_13106": 0.0030124878491147324, "13102_13107": 0.0037298947492647354, "13102_13108": 0.0116337932812204, "13102_13109": 0.0011832555366110443, "13102_13110": 0.0004441090334261925, "13102_13111": 0.0010062330547558488, "13102_13112": 0.0006397654607398298, "13102_13113": 0.0013664893336190539, "13102_13114": 0.00022671300307770665, "13102_13115": 0.0002360299758069275, "13102_13116": 0.0004658486364610411, "13102_13117": 0.0002826148394530316, "13102_13118": 0.0005000108698015174, "13102_13119": 0.0002888261546058455, "13102_13120": 0.00018012813943160254, "13102_13121": 0.0011180367275064986, "13102_13122": 0.0007546747910668866, "13102_13123": 0.0014969269518281454, "13103_13101": 0.01092259769622321, "13103_13102": 0.008450494265403286, "13103_13104": 0.005571549692074051, "13103_13105": 0.0010435009456727321, "13103_13106": 0.0016366815427664577, "13103_13107": 0.0010714518638603944, "13103_13108": 0.0036149854189376786, "13103_13109": 0.012108958890410661, "13103_13110": 0.002441046855055855, "13103_13111": 0.004242328249371881, "13103_13112": 0.0023820393611041235, "13103_13113": 0.011860506284298106, "13103_13114": 0.00045032034857900636, "13103_13115": 0.00046895429403744803, "13103_13116": 0.000835421888053467, "13103_13117": 0.0006521880910454575, "13103_13118": 0.0005900749395173187, "13103_13119": 0.00043168640312056473, "13103_13120": 0.0002577695788417761, "13103_13121": 0.0007764143941017351, "13103_13122": 0.0005559127061768424, "13103_13123": 0.0007702030789489212, "13104_13101": 0.008816961859419305, "13104_13102": 0.0014720816912168898, "13104_13103": 0.005319991428385089, "13104_13105": 0.0059877078073125815, "13104_13106": 0.0012422630305627762, "13104_13107": 0.0007670974213725144, "13104_13108": 0.001363383676042647, "13104_13109": 0.001093191466895243, "13104_13110": 0.0008820067516995711, "13104_13111": 0.0005279617879891798, "13104_13112": 0.0026894994611684105, "13104_13113": 0.015400955921402018, "13104_13114": 0.012643131993552655, "13104_13115": 0.004071517082669499, "13104_13116": 0.010456749059762169, "13104_13117": 0.0013416440730077983, "13104_13118": 0.0005062221849543313, "13104_13119": 0.0014876099790989245, "13104_13120": 0.0033727441279779373, "13104_13121": 0.00046895429403744803, "13104_13122": 0.00021739603034848584, "13104_13123": 0.0006118145425521673, "13105_13101": 0.006711326022615398, "13105_13102": 0.0008820067516995711, "13105_13103": 0.0010248670002142904, "13105_13104": 0.005155391576835522, "13105_13106": 0.006040503986111499, "13105_13107": 0.0006677163789274922, "13105_13108": 0.0006583994061982714, "13105_13109": 0.0002236073455012997, "13105_13110": 6.521880910454576e-05, "13105_13111": 0.00016459985154956784, "13105_13112": 0.00018944511216082338, "13105_13113": 0.0005062221849543313, "13105_13114": 0.00030435444248788017, "13105_13115": 0.00013664893336190538, "13105_13116": 0.00892255421701714, "13105_13117": 0.0028540993127179784, "13105_13118": 0.0018447606003857227, "13105_13119": 0.0013136931548201358, "13105_13120": 0.0005838636243645049, "13105_13121": 0.0011397763305413472, "13105_13122": 0.00032298838794632184, "13105_13123": 0.0002701922091474038, "13106_13101": 0.006978412574186395, "13106_13102": 0.002866521943023606, "13106_13103": 0.001559040103356284, "13106_13104": 0.0010745575214368014, "13106_13105": 0.005695775995130329, "13106_13107": 0.007611966719773411, "13106_13108": 0.00136027801846624, "13106_13109": 0.0005310674455655868, "13106_13110": 9.93810424450221e-05, "13106_13111": 0.0005341731031419937, "13106_13112": 0.00018012813943160254, "13106_13113": 0.0006956672971151547, "13106_13114": 0.00017081116670238173, "13106_13115": 0.00011180367275064985, "13106_13116": 0.0010559235759783597, "13106_13117": 0.0017640135033991423, "13106_13118": 0.009143055904942033, "13106_13119": 0.00028572049702943854, "13106_13120": 0.00017081116670238173, "13106_13121": 0.003661570282583783, "13106_13122": 0.0014813986639461106, "13106_13123": 0.0005931805970937256, "13107_13101": 0.002509371321736808, "13107_13102": 0.0031025519188305336, "13107_13103": 0.0010838744941660222, "13107_13104": 0.0007143012425735963, "13107_13105": 0.00046274297888463414, "13107_13106": 0.006990835204492023, "13107_13108": 0.011534412238775377, "13107_13109": 0.0002888261546058455, "13107_13110": 9.006406971580127e-05, "13107_13111": 0.0003385166758283565, "13107_13112": 0.00018012813943160254, "13107_13113": 0.000574546651635284, "13107_13114": 0.00010559235759783597, "13107_13115": 9.316972729220822e-05, "13107_13116": 0.0002142903727720789, "13107_13117": 0.0003074601000642871, "13107_13118": 0.001357172360889833, "13107_13119": 0.00014907156366753314, "13107_13120": 5.279617879891799e-05, "13107_13121": 0.0023323488398816123, "13107_13122": 0.0059255946557844425, "13107_13123": 0.0043634488948517515, "13108_13101": 0.003757845667452398, "13108_13102": 0.010447432087032948, "13108_13103": 0.003919339861425559, "13108_13104": 0.0014534477457584481, "13108_13105": 0.0006242371728577951, "13108_13106": 0.0014410251154528203, "13108_13107": 0.011171050302335766, "13108_13109": 0.0016273645700372369, "13108_13110": 0.0002298186606541136, "13108_13111": 0.0018975567791846407, "13108_13112": 0.00041615811523853, "13108_13113": 0.0009751764789917793, "13108_13114": 0.00030435444248788017, "13108_13115": 0.0002360299758069275, "13108_13116": 0.0004906938970722966, "13108_13117": 0.00027950918187662465, "13108_13118": 0.00031056575764069406, "13108_13119": 0.00024224129095974135, "13108_13120": 0.0001149093303270568, "13108_13121": 0.0007950483395601768, "13108_13122": 0.0012919535517852874, "13108_13123": 0.014984797806163488, "13109_13101": 0.0013447497305842052, "13109_13102": 0.0011366706729649403, "13109_13103": 0.010956759929563686, "13109_13104": 0.000996916082026628, "13109_13105": 0.00025466392126536914, "13109_13106": 0.00041615811523853, "13109_13107": 0.00033541101825194957, "13109_13108": 0.0016335758851900508, "13109_13110": 0.006490824334690505, "13109_13111": 0.01712459587630787, "13109_13112": 0.001726745612482259, "13109_13113": 0.0027919861611898395, "13109_13114": 0.00024845260611255525, "13109_13115": 0.0002639808939945899, "13109_13116": 0.0005962862546701325, "13109_13117": 0.00021739603034848584, "13109_13118": 0.0001987620848900442, "13109_13119": 0.000208079057619265, "13109_13120": 6.211315152813881e-05, "13109_13121": 0.00017391682427878868, "13109_13122": 0.00017391682427878868, "13109_13123": 0.0003447279909811704, "13110_13101": 0.000472059951613855, "13110_13102": 0.00037889022432164676, "13110_13103": 0.0021273754398387543, "13110_13104": 0.0008261049153242462, "13110_13105": 6.832446668095269e-05, "13110_13106": 8.074709698658046e-05, "13110_13107": 8.074709698658046e-05, "13110_13108": 0.0002298186606541136, "13110_13109": 0.005962862546701326, "13110_13111": 0.0033665328128251234, "13110_13112": 0.014105896712040324, "13110_13113": 0.007453578183376657, "13110_13114": 0.0002764035243002177,