{"13101_13102": 0.027341974715954554, "13101_13103": 0.0242918867018723, "13101_13104": 0.023203712594015043, "13101_13105": 0.016066570651304207, "13101_13106": 0.015388062089934389, "13101_13107": 0.003718995039206273, "13101_13108": 0.006212193951032165, "13101_13109": 0.002185949751960314, "13101_13110": 0.000819331092974876, "13101_13111": 0.0016930708913426148, "13101_13112": 0.0028228516562650023, "13101_13113": 0.004227876460233637, "13101_13114": 0.0016514642342774844, "13101_13115": 0.0019491118578972635, "13101_13116": 0.0026980316850696113, "13101_13117": 0.002602016322611618, "13101_13118": 0.0019107057129140663, "13101_13119": 0.0017218755000800129, "13101_13120": 0.0012834053448551768, "13101_13121": 0.0029988798207713236, "13101_13122": 0.0016642662826052168, "13101_13123": 0.0024547927668426947, "13102_13101": 0.0309521523443751, "13102_13103": 0.016226596255400863, "13102_13104": 0.0022435589694351095, "13102_13105": 0.001225796127380381, "13102_13106": 0.005108017282765242, "13102_13107": 0.007015522483597375, "13102_13108": 0.020326452232357177, "13102_13109": 0.001757081132981277, "13102_13110": 0.0004928788606176988, "13102_13111": 0.0013442150744119058, "13102_13112": 0.0008993438950232037, "13102_13113": 0.001549047847655625, "13102_13114": 0.00042886861897903665, "13102_13115": 0.0004512722035525684, "13102_13116": 0.0007713234117458793, "13102_13117": 0.0005536885901744279, "13102_13118": 0.0007457193150904144, "13102_13119": 0.00039686349815970556, "13102_13120": 0.00039366298607777247, "13102_13121": 0.0015362457993278924, "13102_13122": 0.0011361817890862538, "13102_13123": 0.0019491118578972635, "13103_13101": 0.02269483117298768, "13103_13102": 0.01602816450632101, "13103_13104": 0.008881421027364379, "13103_13105": 0.0014210273643783006, "13103_13106": 0.0020611297807649224, "13103_13107": 0.0013378140502480398, "13103_13108": 0.004787966074571931, "13103_13109": 0.021763482157145145, "13103_13110": 0.0034053448551768285, "13103_13111": 0.005984957593214915, "13103_13112": 0.0029988798207713236, "13103_13113": 0.020598495759321492, "13103_13114": 0.0006785085613698192, "13103_13115": 0.0008129300688110097, "13103_13116": 0.0010689710353656585, "13103_13117": 0.0012578012481997119, "13103_13118": 0.0009121459433509362, "13103_13119": 0.0007489198271723476, "13103_13120": 0.0004160665706513042, "13103_13121": 0.0011809889582333173, "13103_13122": 0.0008001280204832773, "13103_13123": 0.0010657705232837253, "13104_13101": 0.017340374459913585, "13104_13102": 0.0026244199071851497, "13104_13103": 0.007357977276364218, "13104_13105": 0.010353656585053609, "13104_13106": 0.0014242278764602337, "13104_13107": 0.0008961433829412706, "13104_13108": 0.001731477036325812, "13104_13109": 0.0014562329972795647, "13104_13110": 0.0009793566970715314, "13104_13111": 0.0006945111217794847, "13104_13112": 0.003434149463914226, "13104_13113": 0.02273003680588894, "13104_13114": 0.019644743158905426, "13104_13115": 0.005191230596895503, "13104_13116": 0.014703152504400704, "13104_13117": 0.0016514642342774844, "13104_13118": 0.000585693710993759, "13104_13119": 0.002217954872779645, "13104_13120": 0.004250280044807169, "13104_13121": 0.0008097295567290766, "13104_13122": 0.00036805888942230755, "13104_13123": 0.0007649223875820132, "13105_13101": 0.012200352056329012, "13105_13102": 0.0013602176348215715, "13105_13103": 0.0014274283885421667, "13105_13104": 0.007636421827492398, "13105_13106": 0.00829572731637062, "13105_13107": 0.0005600896143382942, "13105_13108": 0.0009441510641702673, "13105_13109": 0.0002720435269643143, "13105_13110": 9.281485037606017e-05, "13105_13111": 0.00018242918867018723, "13105_13112": 0.00022403584573531764, "13105_13113": 0.0005984957593214914, "13105_13114": 0.00035845735317650823, "13105_13115": 0.0002016322611617859, "13105_13116": 0.014610337654024644, "13105_13117": 0.0048455752920467275, "13105_13118": 0.0023779804768763, "13105_13119": 0.0018274923987838055, "13105_13120": 0.0009441510641702673, "13105_13121": 0.0012546007361177787, "13105_13122": 0.0003616578652584414, "13105_13123": 0.0003200512081933109, "13106_13101": 0.010878540566490638, "13106_13102": 0.004237477996479437, "13106_13103": 0.0021123379740758523, "13106_13104": 0.001318610977756441, "13106_13105": 0.00700912145943351, "13106_13107": 0.010699311889902384, "13106_13108": 0.0014146263402144343, "13106_13109": 0.0006945111217794847, "13106_13110": 8.961433829412706e-05, "13106_13111": 0.00041926708273323733, "13106_13112": 0.00012802048327732437, "13106_13113": 0.0006881100976156185, "13106_13114": 0.0002016322611617859, "13106_13115": 0.00012481997119539125, "13106_13116": 0.001113778204512722, "13106_13117": 0.0022627620419267084, "13106_13118": 0.013061289806369019, "13106_13119": 0.0004032645223235718, "13106_13120": 0.0002496399423907825, "13106_13121": 0.004125460073611778, "13106_13122": 0.0020067210753720597, "13106_13123": 0.0008289326292206753, "13107_13101": 0.0034597535605696912, "13107_13102": 0.004954392702832453, "13107_13103": 0.0014978396543446951, "13107_13104": 0.0008609377500400064, "13107_13105": 0.0006785085613698192, "13107_13106": 0.007940470475276044, "13107_13108": 0.01451432229156665, "13107_13109": 0.0005088814210273644, "13107_13110": 5.120819331092975e-05, "13107_13111": 0.0003008481357017123, "13107_13112": 0.00017282765242438792, "13107_13113": 0.00047047527604416705, "13107_13114": 0.00012481997119539125, "13107_13115": 0.0001056168987037926, "13107_13116": 0.0002496399423907825, "13107_13117": 0.0003008481357017123, "13107_13118": 0.00128660585693711, "13107_13119": 0.00015682509201472234, "13107_13120": 7.04112658025284e-05, "13107_13121": 0.0021763482157145142, "13107_13122": 0.0090382461193791, "13107_13123": 0.005559289486317811, "13108_13101": 0.005693710993759002, "13108_13102": 0.015884141462634022, "13108_13103": 0.004938390142422788, "13108_13104": 0.0018370939350296047, "13108_13105": 0.0009153464554328693, "13108_13106": 0.0016034565530484877, "13108_13107": 0.013967034725556089, "13108_13109": 0.0021283405344855177, "13108_13110": 0.0002816450632101136, "13108_13111": 0.0018979036645863337, "13108_13112": 0.0005952952472395583, "13108_13113": 0.0011937910065610497, "13108_13114": 0.00035525684109457515, "13108_13115": 0.0002464394303088494, "13108_13116": 0.0006337013922227557, "13108_13117": 0.0004480716914706353, "13108_13118": 0.0003776604256681069, "13108_13119": 0.0003168506961113778, "13108_13120": 0.00022403584573531764, "13108_13121": 0.0009313490158425348, "13108_13122": 0.0014210273643783006, "13108_13123": 0.02182109137461994, "13109_13101": 0.0020931349015842534, "13109_13102": 0.0018050888142102737, "13109_13103": 0.018060489678348536, "13109_13104": 0.0015394463114098255, "13109_13105": 0.00025284045447271564, "13109_13106": 0.0005952952472395583, "13109_13107": 0.00045767322771643465, "13109_13108": 0.0022723635781725076, "13109_13110": 0.008036485837734038, "13109_13111": 0.024352696431429028, "13109_13112": 0.001814690350456073, "13109_13113": 0.0037349975996159384, "13109_13114": 0.0003200512081933109, "13109_13115": 0.00038086093775004, "13109_13116": 0.0006305008801408225, "13109_13117": 0.0003200512081933109, "13109_13118": 0.00016002560409665546, "13109_13119": 0.00032325172027524406, "13109_13120": 0.0002080332853256521, "13109_13121": 0.0002464394303088494, "13109_13122": 0.00018242918867018723, "13109_13123": 0.00035845735317650823, "13110_13101": 0.0008513362137942071, "13110_13102": 0.0005664906385021603, "13110_13103": 0.003043686989918387, "13110_13104": 0.0010177628420547289, "13110_13105": 0.00010881741078572572, "13110_13106": 6.72107537205953e-05, "13110_13107": 4.480716914706353e-05, "13110_13108": 0.0002368378940630501, "13110_13109": 0.007117938870219235, "13110_13111": 0.004019843174907985, "13110_13112": 0.01869419107057129, "13110_13113": 0.010404864778364538, "13110_13114": 0.0003424547927668427, "13110_13115": 0.0004832773243718995,