{"13101_13102": 0.011630201381231501, "13101_13103": 0.009161782059466465, "13101_13104": 0.00921981699649856, "13101_13105": 0.0063374151239045905, "13101_13106": 0.006728183699920685, "13101_13107": 0.002066043758342522, "13101_13108": 0.003180314549358714, "13101_13109": 0.001180043719652564, "13101_13110": 0.00045654150465246747, "13101_13111": 0.0009014760218985162, "13101_13112": 0.001180043719652564, "13101_13113": 0.0023330044686901514, "13101_13114": 0.0007389781982086549, "13101_13115": 0.0007699301646257714, "13101_13116": 0.0014779563964173099, "13101_13117": 0.0010910568162033544, "13101_13118": 0.0008976070260963767, "13101_13119": 0.0008318340974600043, "13101_13120": 0.00048749347106958387, "13101_13121": 0.0013115895769253091, "13101_13122": 0.0007273712108022363, "13101_13123": 0.0014392664383959144, "13102_13101": 0.01190103108738127, "13102_13103": 0.007142166250749618, "13102_13104": 0.0010639738455883775, "13102_13105": 0.0006190393283423287, "13102_13106": 0.0021666376491981504, "13102_13107": 0.003006209738262434, "13102_13108": 0.009041843189600138, "13102_13109": 0.0008434410848664229, "13102_13110": 0.00022440175652409418, "13102_13111": 0.0006538602905615847, "13102_13112": 0.0003520786179946995, "13102_13113": 0.0007428471940107944, "13102_13114": 0.00017410481109627997, "13102_13115": 0.00020118778171125684, "13102_13116": 0.00031338865997330393, "13102_13117": 0.00017797380689841953, "13102_13118": 0.00028630568935832703, "13102_13119": 0.00015862882788772174, "13102_13120": 0.0001857117985026986, "13102_13121": 0.0006422533031551661, "13102_13122": 0.0005223144332888399, "13102_13123": 0.0009865939295455864, "13103_13101": 0.008670419592594743, "13103_13102": 0.006534733909813708, "13103_13104": 0.004847851740080862, "13103_13105": 0.0007970131352407482, "13103_13106": 0.0011839127154547038, "13103_13107": 0.000677074265374422, "13103_13108": 0.0029249608264175033, "13103_13109": 0.009757607412995957, "13103_13110": 0.002058305766738243, "13103_13111": 0.0034782272261234598, "13103_13112": 0.0016984891571392646, "13103_13113": 0.010179327955429168, "13103_13114": 0.00032886464318186215, "13103_13115": 0.00043332752983963013, "13103_13116": 0.0005958253535294914, "13103_13117": 0.0005493974039038167, "13103_13118": 0.0004101135550267928, "13103_13119": 0.0003404716305882808, "13103_13120": 0.00025535372294121063, "13103_13121": 0.0005803493703209332, "13103_13122": 0.00043332752983963013, "13103_13123": 0.0005416594122995376, "13104_13101": 0.007714777629466272, "13104_13102": 0.0010987948078076334, "13104_13103": 0.004132087516685044, "13104_13105": 0.004809161782059467, "13104_13106": 0.0011026638036097732, "13104_13107": 0.0006383843073530265, "13104_13108": 0.0011065327994119127, "13104_13109": 0.0008589170680749811, "13104_13110": 0.0006848122569787012, "13104_13111": 0.0005687423829145146, "13104_13112": 0.0023291354728880117, "13104_13113": 0.013823922001044629, "13104_13114": 0.011053721006712708, "13104_13115": 0.0032460874779950866, "13104_13116": 0.008794227458263209, "13104_13117": 0.0008550480722728415, "13104_13118": 0.00029404368096260614, "13104_13119": 0.001269030623101774, "13104_13120": 0.002406515388930803, "13104_13121": 0.00046041050045460703, "13104_13122": 0.00020118778171125684, "13104_13123": 0.00047975547946530476, "13105_13101": 0.005838314665428588, "13105_13102": 0.000677074265374422, "13105_13103": 0.0008240961058557252, "13105_13104": 0.004193991449519277, "13105_13106": 0.004638925966765326, "13105_13107": 0.00043332752983963013, "13105_13108": 0.0004449345172460488, "13105_13109": 0.0001624978236898613, "13105_13110": 6.190393283423288e-05, "13105_13111": 0.0001354148530748844, "13105_13112": 0.0001624978236898613, "13105_13113": 0.0003520786179946995, "13105_13114": 0.0002321397481283733, "13105_13115": 0.00010059389085562842, "13105_13116": 0.007312402066043758, "13105_13117": 0.002356218443502989, "13105_13118": 0.0012806376105081927, "13105_13119": 0.0008666550596792603, "13105_13120": 0.00040624455922465323, "13105_13121": 0.0006499912947594452, "13105_13122": 0.0002901746851604666, "13105_13123": 0.0001857117985026986, "13106_13101": 0.005757065753583658, "13106_13102": 0.0021588996575938714, "13106_13103": 0.001122008782620471, "13106_13104": 0.0008395720890642834, "13106_13105": 0.00468922291219314, "13106_13107": 0.006561816880428685, "13106_13108": 0.0010059389085562843, "13106_13109": 0.0003830305844118159, "13106_13110": 8.51179076470702e-05, "13106_13111": 0.00032886464318186215, "13106_13112": 0.00013154585727274485, "13106_13113": 0.0004526725088503279, "13106_13114": 0.00014315284467916352, "13106_13115": 0.00012380786566846576, "13106_13116": 0.0008434410848664229, "13106_13117": 0.001354148530748844, "13106_13118": 0.006832646586578454, "13106_13119": 0.00019344979010697773, "13106_13120": 0.00011606987406418665, "13106_13121": 0.002483895304973594, "13106_13122": 0.0012496856440910762, "13106_13123": 0.0004836244752674443, "13107_13101": 0.0019731878590911727, "13107_13102": 0.0022788385274601975, "13107_13103": 0.0009014760218985162, "13107_13104": 0.0005261834290909794, "13107_13105": 0.0004023755634225137, "13107_13106": 0.005927301568877798, "13107_13108": 0.009479039715241909, "13107_13109": 0.00021666376491981507, "13107_13110": 5.029694542781421e-05, "13107_13111": 0.00022827075232623374, "13107_13112": 0.0001702358152941404, "13107_13113": 0.0003327336389840017, "13107_13114": 0.00013154585727274485, "13107_13115": 8.51179076470702e-05, "13107_13116": 0.00016636681949200086, "13107_13117": 0.00017410481109627997, "13107_13118": 0.0010717118371926567, "13107_13119": 7.351092024065154e-05, "13107_13120": 5.029694542781421e-05, "13107_13121": 0.0015359913334494033, "13107_13122": 0.0045654150465246745, "13107_13123": 0.003362157352059273, "13108_13101": 0.00286692588938541, "13108_13102": 0.00806685624746097, "13108_13103": 0.0027237730447062466, "13108_13104": 0.0011258777784226104, "13108_13105": 0.0005416594122995376, "13108_13106": 0.0009788559379413074, "13108_13107": 0.00894898729034879, "13108_13109": 0.0011761747238504246, "13108_13110": 0.00020892577331553595, "13108_13111": 0.0010214148917648425, "13108_13112": 0.0003172576557754435, "13108_13113": 0.0007196332191979572, "13108_13114": 0.00018958079430483817, "13108_13115": 0.00016636681949200086, "13108_13116": 0.0003752925928075368, "13108_13117": 0.0002050567775133964, "13108_13118": 0.00019344979010697773, "13108_13119": 0.00017797380689841953, "13108_13120": 8.898690344920976e-05, "13108_13121": 0.0005377904164973981, "13108_13122": 0.0009208210009092141, "13108_13123": 0.012098349873290387, "13109_13101": 0.001094925812005494, "13109_13102": 0.0007970131352407482, "13109_13103": 0.008732323525428975, "13109_13104": 0.0009362969841177723, "13109_13105": 0.00017410481109627997, "13109_13106": 0.00036368560540111816, "13109_13107": 0.00021666376491981507, "13109_13108": 0.0011839127154547038, "13109_13110": 0.005049039521792119, "13109_13111": 0.013220358655910858, "13109_13112": 0.0011104017952140522, "13109_13113": 0.0019577118758826147, "13109_13114": 0.0002050567775133964, "13109_13115": 0.0002050567775133964, "13109_13116": 0.00037916158860967634, "13109_13117": 0.0001857117985026986, "13109_13118": 0.00015475983208558219, "13109_13119": 0.00016636681949200086, "13109_13120": 0.00010059389085562842, "13109_13121": 0.00017410481109627997, "13109_13122": 8.898690344920976e-05, "13109_13123": 0.0002127947691176755, "13110_13101": 0.0004526725088503279, "13110_13102": 0.00027469870195190836, "13110_13103": 0.001806821039599172, "13110_13104": 0.0006538602905615847, "13110_13105": 6.964192443851198e-05, "13110_13106": 9.28558992513493e-05, "13110_13107": 5.029694542781421e-05, "13110_13108": 0.0001857117985026986, "13110_13109": 0.004758864836631653, "13110_13111": 0.0027392490279148046, "13110_13112": 0.011804306192327781, "13110_13113": 0.006546340897220127, "13110_13114": 0.0001624978236898613,