{"13101_13102": 0.02603560300475834, "13101_13103": 0.022697519383589767, "13101_13104": 0.016987512378928045, "13101_13105": 0.014678389410883796, "13101_13106": 0.014366802734233472, "13101_13107": 0.003565131277022294, "13101_13108": 0.004871862998478298, "13101_13109": 0.0010313760537185093, "13101_13110": 0.0003719716915050361, "13101_13111": 0.000734281780633318, "13101_13112": 0.0010965918697616, "13101_13113": 0.003710055312673607, "13101_13114": 0.0007753435907345233, "13101_13115": 0.0007318663800391295, "13101_13116": 0.0013333011279920775, "13101_13117": 0.0016956112171203593, "13101_13118": 0.0019033356682205743, "13101_13119": 0.0005652037390401198, "13101_13120": 0.0004589261128958238, "13101_13121": 0.002079659911596338, "13101_13122": 0.0005362189319098572, "13101_13123": 0.001091761068573223, "13102_13101": 0.029653873094852783, "13102_13103": 0.014159078283133258, "13102_13104": 0.0010990072703557885, "13102_13105": 0.0006038501485471366, "13102_13106": 0.004253520446366029, "13102_13107": 0.005548175164851091, "13102_13108": 0.015115576918431921, "13102_13109": 0.0008767904156904423, "13102_13110": 0.00022463225525953478, "13102_13111": 0.0005869423443878167, "13102_13112": 0.0004082027004178643, "13102_13113": 0.0012898239172966838, "13102_13114": 0.00023670925823047751, "13102_13115": 0.00014009323446293568, "13102_13116": 0.00024637086060723173, "13102_13117": 0.00015217023743387841, "13102_13118": 0.0006135117509238907, "13102_13119": 0.0001570010386222555, "13102_13120": 0.00021738605347696916, "13102_13121": 0.0007391125818216951, "13102_13122": 0.00046858771527257795, "13102_13123": 0.001065191662037149, "13103_13101": 0.020526074249414265, "13103_13102": 0.01377261418806309, "13103_13104": 0.005359773918504384, "13103_13105": 0.0010337914543126978, "13103_13106": 0.0010362068549068864, "13103_13107": 0.0013115625226443805, "13103_13108": 0.002949204125504215, "13103_13109": 0.017434361488852926, "13103_13110": 0.002002367092582305, "13103_13111": 0.0038573947489191083, "13103_13112": 0.0015313639767155383, "13103_13113": 0.01877007801743919, "13103_13114": 0.00028984807130262553, "13103_13115": 0.000340571483780585, "13103_13116": 0.0004903263206202749, "13103_13117": 0.0006400811574599647, "13103_13118": 0.0002826018695200599, "13103_13119": 0.0003212482790270766, "13103_13120": 0.00027294026714330574, "13103_13121": 0.0005531267360691771, "13103_13122": 0.00036472548972247046, "13103_13123": 0.0004927417212144635, "13104_13101": 0.013613197748846647, "13104_13102": 0.0011666384869930678, "13104_13103": 0.004263182048742784, "13104_13105": 0.008147146204197967, "13104_13106": 0.0007197893770681868, "13104_13107": 0.0004347721069539383, "13104_13108": 0.0006666505639960388, "13104_13109": 0.0006908045699379242, "13104_13110": 0.000521726528344726, "13104_13111": 0.0002560324629839859, "13104_13112": 0.0016666264099900968, "13104_13113": 0.022914905437066736, "13104_13114": 0.013598705345281514, "13104_13115": 0.0027970338880703364, "13104_13116": 0.011270259172483756, "13104_13117": 0.0011110842733267313, "13104_13118": 0.00022463225525953478, "13104_13119": 0.001367116736310717, "13104_13120": 0.0017970580420762783, "13104_13121": 0.0002487862612014203, "13104_13122": 7.729281901403348e-05, "13104_13123": 0.0002681094659549286, "13105_13101": 0.010973164899398565, "13105_13102": 0.0006714813651844158, "13105_13103": 0.0009709910388637956, "13105_13104": 0.005929808458732881, "13105_13106": 0.006801768073234946, "13105_13107": 0.000367140890316659, "13105_13108": 0.00031158667665032245, "13105_13109": 0.00014492403565131276, "13105_13110": 4.5892611289582376e-05, "13105_13111": 0.00019564744812927223, "13105_13112": 0.0001256008308978044, "13105_13113": 0.0004347721069539383, "13105_13114": 0.000260863264172363, "13105_13115": 0.00021497065288278062, "13105_13116": 0.009874157629042776, "13105_13117": 0.003666578101978213, "13105_13118": 0.0017173498224680563, "13105_13119": 0.0008429748073718026, "13105_13120": 0.00037921789328760176, "13105_13121": 0.0009999758459940582, "13105_13122": 0.0001666626409990097, "13105_13123": 0.0002101398516944035, "13106_13101": 0.01021955991401174, "13106_13102": 0.0031376053718509215, "13106_13103": 0.0012221927006594044, "13106_13104": 0.0006521581604309075, "13106_13105": 0.005410497330982343, "13106_13107": 0.008098838192314195, "13106_13108": 0.001021714451341755, "13106_13109": 0.0001570010386222555, "13106_13110": 3.14002077244511e-05, "13106_13111": 0.0001666626409990097, "13106_13112": 0.00010869302673848458, "13106_13113": 0.0006642351634018502, "13106_13114": 0.00011110842733267312, "13106_13115": 7.970821960822202e-05, "13106_13116": 0.0005796961426052511, "13106_13117": 0.00245887780488394, "13106_13118": 0.011898263326972778, "13106_13119": 7.004661723146784e-05, "13106_13120": 8.453902079659911e-05, "13106_13121": 0.002963696529069346, "13106_13122": 0.000888867418661385, "13106_13123": 0.0003623100891282819, "13107_13101": 0.002490278012608391, "13107_13102": 0.003335668220574382, "13107_13103": 0.001256008308978044, "13107_13104": 0.00035264848675152776, "13107_13105": 0.000314002077244511, "13107_13106": 0.006243810535977392, "13107_13108": 0.012429651457694259, "13107_13109": 0.00025844786357817444, "13107_13110": 3.381560831863964e-05, "13107_13111": 7.729281901403348e-05, "13107_13112": 8.453902079659911e-05, "13107_13113": 0.00023429385763628897, "13107_13114": 5.555421366633656e-05, "13107_13115": 6.28004154489022e-05, "13107_13116": 9.178522257916475e-05, "13107_13117": 5.555421366633656e-05, "13107_13118": 0.0007487741841984494, "13107_13119": 3.14002077244511e-05, "13107_13120": 2.1738605347696914e-05, "13107_13121": 0.0015651795850341779, "13107_13122": 0.005301804304243859, "13107_13123": 0.003760778725151566, "13108_13101": 0.0046375691408420084, "13108_13102": 0.012086664573319484, "13108_13103": 0.003326006618197628, "13108_13104": 0.0006473273592425304, "13108_13105": 0.0003284944808096423, "13108_13106": 0.0010941764691674114, "13108_13107": 0.011608415255670152, "13108_13109": 0.0013719475374990942, "13108_13110": 0.0001304316320861815, "13108_13111": 0.0009250984275742132, "13108_13112": 0.00019806284872346078, "13108_13113": 0.0005434651336924229, "13108_13114": 0.0001473394362455013, "13108_13115": 0.00011593922852105022, "13108_13116": 0.00014975483683968987, "13108_13117": 0.00014250863505712422, "13108_13118": 0.0002753556677374943, "13108_13119": 7.004661723146784e-05, "13108_13120": 0.00015941643921644404, "13108_13121": 0.000495157121808652, "13108_13122": 0.0007366971812275066, "13108_13123": 0.013361996087051038, "13109_13101": 0.0011666384869930678, "13109_13102": 0.0008864520180671964, "13109_13103": 0.015598657037269632, "13109_13104": 0.0007608511871693921, "13109_13105": 0.00016907804159319823, "13109_13106": 0.00014492403565131276, "13109_13107": 0.00019564744812927223, "13109_13108": 0.0012415159054129127, "13109_13110": 0.007067462138595686, "13109_13111": 0.016178353179874882, "13109_13112": 0.0007680973889519577, "13109_13113": 0.002582063235187556, "13109_13114": 7.004661723146784e-05, "13109_13115": 0.0001473394362455013, "13109_13116": 0.00021497065288278062, "13109_13117": 0.00010386222555010748, "13109_13118": 2.8984807130262554e-05, "13109_13119": 0.00017632424337576388, "13109_13120": 6.763121663727929e-05, "13109_13121": 0.0001256008308978044, "13109_13122": 7.246201782565638e-05, "13109_13123": 0.0001304316320861815, "13110_13101": 0.00041544890220042993, "13110_13102": 0.00022463225525953478, "13110_13103": 0.0016400570034540228, "13110_13104": 0.00046858771527257795, "13110_13105": 5.072341247795947e-05, "13110_13106": 4.106181010120529e-05, "13110_13107": 2.4154005941885462e-05, "13110_13108": 0.0001256008308978044, "13110_13109": 0.005908069853385184, "13110_13111": 0.002507185816767711, "13110_13112": 0.012700176324243376, "13110_13113": 0.008212362020241056, "13110_13114": 9.903142436173039e-05,