{"13101_13102": 0.029182455003240765, "13101_13103": 0.02631562546741786, "13101_13104": 0.024037742434062922, "13101_13105": 0.017085680809692378, "13101_13106": 0.0161446128533679, "13101_13107": 0.004203644612853368, "13101_13108": 0.006603056289574712, "13101_13109": 0.0024523857007528542, "13101_13110": 0.0008226554320187466, "13101_13111": 0.0020628708181682207, "13101_13112": 0.0027764620830632697, "13101_13113": 0.005085506307024978, "13101_13114": 0.0016453108640374931, "13101_13115": 0.0019631550082265543, "13101_13116": 0.003278157251832278, "13101_13117": 0.002779578202123947, "13101_13118": 0.002215560652141397, "13101_13119": 0.0017169816024330657, "13101_13120": 0.00110622226654036, "13101_13121": 0.0030756095128882683, "13101_13122": 0.001639078625916139, "13101_13123": 0.002704791344667697, "13102_13101": 0.03329573216333449, "13102_13103": 0.018142045171261903, "13102_13104": 0.002168818866231241, "13102_13105": 0.0012900732911203072, "13102_13106": 0.005431395522760133, "13102_13107": 0.00705177743431221, "13102_13108": 0.01977489155905669, "13102_13109": 0.0018946003888916589, "13102_13110": 0.0006512688836815077, "13102_13111": 0.001551827292217181, "13102_13112": 0.0009130228847783816, "13102_13113": 0.0017574911502218676, "13102_13114": 0.0003863987635239567, "13102_13115": 0.00044872114473749815, "13102_13116": 0.0007291718601984344, "13102_13117": 0.0005546691928005185, "13102_13118": 0.0007416363364411428, "13102_13119": 0.0003895148825846338, "13102_13120": 0.000355237572917186, "13102_13121": 0.0015455950540958269, "13102_13122": 0.0010781771949942664, "13102_13123": 0.002128309318442439, "13103_13101": 0.025246796629605623, "13103_13102": 0.01771825297900982, "13103_13104": 0.010289425138355686, "13103_13105": 0.001589220720945306, "13103_13106": 0.0024960113676023334, "13103_13107": 0.0017014010071296805, "13103_13108": 0.0052381961409981555, "13103_13109": 0.02268846288078975, "13103_13110": 0.004069651493244254, "13103_13111": 0.006263399311960911, "13103_13112": 0.0035274467766864435, "13103_13113": 0.0216352146382809, "13103_13114": 0.0008195393129580695, "13103_13115": 0.0008974422894749963, "13103_13116": 0.0010875255521762975, "13103_13117": 0.0011841252430572868, "13103_13118": 0.0008226554320187466, "13103_13119": 0.0006138754549533829, "13103_13120": 0.0004736500972229147, "13103_13121": 0.0011778930049359327, "13103_13122": 0.0008943261704143192, "13103_13123": 0.0012121703146033803, "13104_13101": 0.018319663957720497, "13104_13102": 0.002982125941067956, "13104_13103": 0.00918943510993668, "13104_13105": 0.010507553472603081, "13104_13106": 0.001685820411826295, "13104_13107": 0.0008725133369895797, "13104_13108": 0.001994316198833325, "13104_13109": 0.0015736401256419205, "13104_13110": 0.001237099267088797, "13104_13111": 0.000623223812135414, "13104_13112": 0.003723762277509099, "13104_13113": 0.02407201974373037, "13104_13114": 0.01958169217729471, "13104_13115": 0.005537343570823154, "13104_13116": 0.015072667896494989, "13104_13117": 0.0016827042927656179, "13104_13118": 0.0006014109787106746, "13104_13119": 0.002184399461534626, "13104_13120": 0.004543301590467169, "13104_13121": 0.0008631649798075485, "13104_13122": 0.00036146981103854015, "13104_13123": 0.0007478685745624969, "13105_13101": 0.013424240913396819, "13105_13102": 0.001592336840005983, "13105_13103": 0.0016453108640374931, "13105_13104": 0.008267063867976267, "13105_13106": 0.008968190656628608, "13105_13107": 0.0007354040983197886, "13105_13108": 0.0008849778132322879, "13105_13109": 0.00030849578700702996, "13105_13110": 0.00014334147679114523, "13105_13111": 0.0001464575958518223, "13105_13112": 0.00026487012015755096, "13105_13113": 0.0005982948596499975, "13105_13114": 0.0004331405494341128, "13105_13115": 0.00016203819115520767, "13105_13116": 0.014695617490153063, "13105_13117": 0.004692875305379668, "13105_13118": 0.0022809991524156154, "13105_13119": 0.0020877997706536373, "13105_13120": 0.0009036745275963504, "13105_13121": 0.0013305828389091091, "13105_13122": 0.00035212145385650896, "13105_13123": 0.00032407638231041533, "13106_13101": 0.011797626763723389, "13106_13102": 0.004699107543501022, "13106_13103": 0.0026487012015755096, "13106_13104": 0.0014271825297900982, "13106_13105": 0.007516079174353094, "13106_13107": 0.011196215785012714, "13106_13108": 0.0015674078875205664, "13106_13109": 0.000710475145834372, "13106_13110": 9.971580994166626e-05, "13106_13111": 0.0005577853118611956, "13106_13112": 0.00015892207209453058, "13106_13113": 0.0007634491698658822, "13106_13114": 0.00020254773894400958, "13106_13115": 0.00014334147679114523, "13106_13116": 0.001149847933389839, "13106_13117": 0.0026206561300294163, "13106_13118": 0.012863339482474947, "13106_13119": 0.0003770504063419255, "13106_13120": 0.0001900832627013013, "13106_13121": 0.0048050555915640425, "13106_13122": 0.002168818866231241, "13106_13123": 0.0008133070748367154, "13107_13101": 0.003938774492695817, "13107_13102": 0.005266241212544249, "13107_13103": 0.00177618786458593, "13107_13104": 0.0009504163135065065, "13107_13105": 0.0007914942414119759, "13107_13106": 0.008949493942264545, "13107_13108": 0.014390237822206711, "13107_13109": 0.0005297402403151019, "13107_13110": 0.00010906416712369746, "13107_13111": 0.0003863987635239567, "13107_13112": 0.00024928952485416564, "13107_13113": 0.0005016951687690083, "13107_13114": 0.00012464476242708282, "13107_13115": 0.00012776088148775988, "13107_13116": 0.0002305928104901032, "13107_13117": 0.00035212145385650896, "13107_13118": 0.0013617440295158798, "13107_13119": 0.0001558059530338535, "13107_13120": 3.1161190606770705e-05, "13107_13121": 0.0025084758438450416, "13107_13122": 0.008606720845590068, "13107_13123": 0.00583960711970883, "13108_13101": 0.006696539861395024, "13108_13102": 0.01648738595004238, "13108_13103": 0.005247544498180186, "13108_13104": 0.0019132971032557212, "13108_13105": 0.0009223712419604128, "13108_13106": 0.0017232138405544198, "13108_13107": 0.014430747369995512, "13108_13109": 0.0024773146532382708, "13108_13110": 0.00031784414418906115, "13108_13111": 0.002003664556015356, "13108_13112": 0.0005266241212544249, "13108_13113": 0.0012184025527247344, "13108_13114": 0.00030226354888567583, "13108_13115": 0.00024928952485416564, "13108_13116": 0.000576482026225258, "13108_13117": 0.000311611906067707, "13108_13118": 0.0004331405494341128, "13108_13119": 0.00023370892955078027, "13108_13120": 0.00015268983397317645, "13108_13121": 0.0009504163135065065, "13108_13122": 0.0014676920775789002, "13108_13123": 0.020298399561250437, "13109_13101": 0.002436805105449469, "13109_13102": 0.002094032008774991, "13109_13103": 0.019862142892755646, "13109_13104": 0.001729446078675774, "13109_13105": 0.00029914742982499877, "13109_13106": 0.0006419205264994765, "13109_13107": 0.0004300244303734357, "13109_13108": 0.0024648501769955625, "13109_13110": 0.008640998155257516, "13109_13111": 0.025340280201425935, "13109_13112": 0.002044174103804158, "13109_13113": 0.003870219873360921, "13109_13114": 0.0003271925013710924, "13109_13115": 0.00036146981103854015, "13109_13116": 0.0007572169317445281, "13109_13117": 0.0004705339781622376, "13109_13118": 0.00024305728673281149, "13109_13119": 0.0003271925013710924, "13109_13120": 0.00012776088148775988, "13109_13121": 0.00022124445330807199, "13109_13122": 0.00025863788203619683, "13109_13123": 0.00039263100164531084, "13110_13101": 0.0009161390038390587, "13110_13102": 0.0005920626215286434, "13110_13103": 0.0037393428728124843, "13110_13104": 0.0010906416712369747, "13110_13105": 9.971580994166626e-05, "13110_13106": 0.00012152864336640574, "13110_13107": 7.790297651692676e-05, "13110_13108": 0.0002617540010968739, "13110_13109": 0.007410131126290073, "13110_13111": 0.004409308470858055, "13110_13112": 0.019073764770404348, "13110_13113": 0.011227376975619485, "13110_13114": 0.00033965697761380065, "13110_13115": 0.0005609014309218727,