{"13101_13102": 0.013296659879038386, "13101_13103": 0.010599337446433457, "13101_13104": 0.01050816035012005, "13101_13105": 0.007848828374312373, "13101_13106": 0.008080570160775614, "13101_13107": 0.0025187672856578427, "13101_13108": 0.0035407105735039356, "13101_13109": 0.0011131203841594991, "13101_13110": 0.0004672826186062061, "13101_13111": 0.0009649576026502142, "13101_13112": 0.0013904507187794425, "13101_13113": 0.00277710239187916, "13101_13114": 0.0009915509224082911, "13101_13115": 0.0010143451964866425, "13101_13116": 0.0015880010941251557, "13101_13117": 0.0013448621706227395, "13101_13118": 0.0011397137039175758, "13101_13119": 0.0009269671458529618, "13101_13120": 0.0005318663951615354, "13101_13121": 0.0016145944138832326, "13101_13122": 0.0007864024557031274, "13101_13123": 0.0015690058657265296, "13102_13101": 0.014193234659453545, "13102_13103": 0.008399689997872535, "13102_13104": 0.0013144698051849376, "13102_13105": 0.0006838282223505456, "13102_13106": 0.002564355833814546, "13102_13107": 0.00345713156854998, "13102_13108": 0.010751299273622466, "13102_13109": 0.0010295413792055436, "13102_13110": 0.0003571102938941738, "13102_13111": 0.0008433881408990061, "13102_13112": 0.0005128711667629092, "13102_13113": 0.0010865270644014225, "13102_13114": 0.0001861532383065374, "13102_13115": 0.00023554083214296568, "13102_13116": 0.0004292921618089536, "13102_13117": 0.00020134942102543842, "13102_13118": 0.00036850743093334957, "13102_13119": 0.00021274655806461417, "13102_13120": 0.00014816278150928488, "13102_13121": 0.000900373826094885, "13102_13122": 0.000539464486520986, "13102_13123": 0.0012498860286296082, "13103_13101": 0.010546150806917303, "13103_13102": 0.00802738352125946, "13103_13104": 0.005189496398504695, "13103_13105": 0.0007446129532261496, "13103_13106": 0.0012346898459107073, "13103_13107": 0.0008851776433759839, "13103_13108": 0.0032367869191259157, "13103_13109": 0.01126037139470565, "13103_13110": 0.002222441722639273, "13103_13111": 0.0033887487463149257, "13103_13112": 0.0019565085250585054, "13103_13113": 0.011765644470109108, "13103_13114": 0.00045588548156703034, "13103_13115": 0.0004520864358873051, "13103_13116": 0.0006534358569127435, "13103_13117": 0.000630641582834392, "13103_13118": 0.00044068929884812937, "13103_13119": 0.0004216940704495031, "13103_13120": 0.00020514846670516366, "13103_13121": 0.0006952253593897213, "13103_13122": 0.0004140959790900526, "13103_13123": 0.000630641582834392, "13104_13101": 0.008809986931282862, "13104_13102": 0.0015652068200468043, "13104_13103": 0.0047716013737349175, "13104_13105": 0.005501018144242167, "13104_13106": 0.0010941251557608728, "13104_13107": 0.00060024921739659, "13104_13108": 0.0012878764854268607, "13104_13109": 0.0008585843236179072, "13104_13110": 0.0007332158161869739, "13104_13111": 0.0005128711667629092, "13104_13112": 0.0024769777831808648, "13104_13113": 0.01479728292252986, "13104_13114": 0.012928152448105036, "13104_13115": 0.003939610369875088, "13104_13116": 0.009528006564750934, "13104_13117": 0.0010903261100811475, "13104_13118": 0.0003951007506914263, "13104_13119": 0.0014284411755766952, "13104_13120": 0.0027884995289183356, "13104_13121": 0.0005622587605993375, "13104_13122": 0.00024693796918214147, "13104_13123": 0.0005280673494818101, "13105_13101": 0.006652128985198918, "13105_13102": 0.0007674072273045011, "13105_13103": 0.0008205938668206546, "13105_13104": 0.004900768926845577, "13105_13106": 0.005128711667629092, "13105_13107": 0.0004178950247697778, "13105_13108": 0.0005660578062790627, "13105_13109": 0.0001709570555876364, "13105_13110": 9.117709631340607e-05, "13105_13111": 0.00010257423335258183, "13105_13112": 0.00018995228398626266, "13105_13113": 0.0004672826186062061, "13105_13114": 0.00020134942102543842, "13105_13115": 0.0001443637358295596, "13105_13116": 0.008608637510257424, "13105_13117": 0.0026783272042063032, "13105_13118": 0.0016487858250007598, "13105_13119": 0.0012726803027079598, "13105_13120": 0.0005014740297237334, "13105_13121": 0.0008129957754612041, "13105_13122": 0.000300124608698295, "13105_13123": 0.00022414369510378993, "13106_13101": 0.006465975746892381, "13106_13102": 0.002131264626325867, "13106_13103": 0.0013904507187794425, "13106_13104": 0.0009231681001732365, "13106_13105": 0.004665228094702611, "13106_13107": 0.006819286995106829, "13106_13108": 0.0010827280187216972, "13106_13109": 0.0004140959790900526, "13106_13110": 8.357900495395556e-05, "13106_13111": 0.00033051697413609703, "13106_13112": 0.00013296659879038385, "13106_13113": 0.000585053034677689, "13106_13114": 0.00016715800990791112, "13106_13115": 0.00010257423335258183, "13106_13116": 0.0010181442421663678, "13106_13117": 0.001561407774367079, "13106_13118": 0.008137555845971492, "13106_13119": 0.0002089475123848889, "13106_13120": 0.0001215694617512081, "13106_13121": 0.003289973558642069, "13106_13122": 0.00135246026198219, "13106_13123": 0.0006496368112330182, "13107_13101": 0.0023212169103121296, "13107_13102": 0.002731513843722457, "13107_13103": 0.0008509862322584567, "13107_13104": 0.0006116463544357658, "13107_13105": 0.0005166702124426344, "13107_13106": 0.005911315077652493, "13107_13108": 0.01080448591313862, "13107_13109": 0.00022794274078351517, "13107_13110": 6.838282223505455e-05, "13107_13111": 0.0001709570555876364, "13107_13112": 0.00018235419262681215, "13107_13113": 0.0004102969334103273, "13107_13114": 6.838282223505455e-05, "13107_13115": 0.00013296659879038385, "13107_13116": 0.00020514846670516366, "13107_13117": 0.00027733033461994346, "13107_13118": 0.00120049843479318, "13107_13119": 0.00011777041607148284, "13107_13120": 4.178950247697778e-05, "13107_13121": 0.0018273409719478466, "13107_13122": 0.005542807646719144, "13107_13123": 0.0038370361365225054, "13108_13101": 0.003422940157432453, "13108_13102": 0.009505212290672582, "13108_13103": 0.003210193599367839, "13108_13104": 0.0012118955718323557, "13108_13105": 0.0005584597149196122, "13108_13106": 0.0011815032063945538, "13108_13107": 0.01041318420812692, "13108_13109": 0.0014208430842172447, "13108_13110": 0.0002089475123848889, "13108_13111": 0.0012498860286296082, "13108_13112": 0.0004178950247697778, "13108_13113": 0.0008015986384220284, "13108_13114": 0.00019755037534571315, "13108_13115": 0.00021654560374433942, "13108_13116": 0.0004216940704495031, "13108_13117": 0.0001937513296659879, "13108_13118": 0.00034951220253472327, "13108_13119": 0.0001937513296659879, "13108_13120": 9.117709631340607e-05, "13108_13121": 0.0005888520803574143, "13108_13122": 0.0010599337446433456, "13108_13123": 0.014288210801446677, "13109_13101": 0.0012574841199890587, "13109_13102": 0.000915570008813786, "13109_13103": 0.010162447193265051, "13109_13104": 0.000915570008813786, "13109_13105": 0.00021274655806461417, "13109_13106": 0.00044828739020757986, "13109_13107": 0.00022414369510378993, "13109_13108": 0.0014968239978117497, "13109_13110": 0.005656779017110902, "13109_13111": 0.01546211591648178, "13109_13112": 0.0013562593076619153, "13109_13113": 0.0023212169103121296, "13109_13114": 0.00019755037534571315, "13109_13115": 0.00029632556301856976, "13109_13116": 0.0004178950247697778, "13109_13117": 0.0001861532383065374, "13109_13118": 0.0001291675531106586, "13109_13119": 0.0001785551469470869, "13109_13120": 0.0001443637358295596, "13109_13121": 0.00015955991854846064, "13109_13122": 0.0001215694617512081, "13109_13123": 0.00022414369510378993, "13110_13101": 0.0004520864358873051, "13110_13102": 0.00034951220253472327, "13110_13103": 0.002070479895450263, "13110_13104": 0.000721818679147798, "13110_13105": 0.00013296659879038385, "13110_13106": 6.838282223505455e-05, "13110_13107": 4.558854815670304e-05, "13110_13108": 0.00016335896422818588, "13110_13109": 0.0055124152812813425, "13110_13111": 0.0034039449290338268, "13110_13112": 0.012802783940674103, "13110_13113": 0.007575297085372155, "13110_13114": 0.00022034464942406469,