{"13101_13102": 0.00921640427912703, "13101_13103": 0.005919900126855003, "13101_13104": 0.004524782750020855, "13101_13105": 0.004061661311525395, "13101_13106": 0.00560923481407544, "13101_13107": 0.0015073020731156566, "13101_13108": 0.00180646126319968, "13101_13109": 0.0003221714354751022, "13101_13110": 0.00010643163493373911, "13101_13111": 0.00020998673919359338, "13101_13112": 0.00026176429132352053, "13101_13113": 0.0012714265578570997, "13101_13114": 0.0001956040858241692, "13101_13115": 0.0002646408219974054, "13101_13116": 0.00034806021154006576, "13101_13117": 0.0003998377636699929, "13101_13118": 0.0005580469507336592, "13101_13119": 0.00015533265638978142, "13101_13120": 9.20489815643149e-05, "13101_13121": 0.0004947632759081926, "13101_13122": 0.00021573980054136307, "13101_13123": 0.0003653193955833748, "13102_13101": 0.009342971628777964, "13102_13103": 0.004674362345062867, "13102_13104": 0.0003509367422139506, "13102_13105": 0.00023299898458467211, "13102_13106": 0.001337586763356451, "13102_13107": 0.0017029061589398258, "13102_13108": 0.006190294010200177, "13102_13109": 0.00024450510728021147, "13102_13110": 4.89010214560423e-05, "13102_13111": 0.00020998673919359338, "13102_13112": 0.00011793775762927848, "13102_13113": 0.0005753061347769682, "13102_13114": 7.191326684712102e-05, "13102_13115": 7.478979752100586e-05, "13102_13116": 6.040714415158166e-05, "13102_13117": 5.465408280381198e-05, "13102_13118": 0.00017834490178086015, "13102_13119": 5.753061347769682e-05, "13102_13120": 9.492551223819975e-05, "13102_13121": 0.00029340612873625377, "13102_13122": 0.0001409500030203572, "13102_13123": 0.0003912081716483384, "13103_13101": 0.005085706231428399, "13103_13102": 0.004168092946459134, "13103_13104": 0.0017633133030914075, "13103_13105": 0.00027614694469294476, "13103_13106": 0.0004055908250177626, "13103_13107": 0.00035956633423560514, "13103_13108": 0.0015475735025500443, "13103_13109": 0.007056129743039515, "13103_13110": 0.000687490831058477, "13103_13111": 0.0014210061528991114, "13103_13112": 0.000560923481407544, "13103_13113": 0.006759847083629376, "13103_13114": 9.78020429120846e-05, "13103_13115": 6.616020549935134e-05, "13103_13116": 9.20489815643149e-05, "13103_13117": 8.629592021654523e-05, "13103_13118": 7.478979752100586e-05, "13103_13119": 8.917245089043007e-05, "13103_13120": 7.478979752100586e-05, "13103_13121": 0.00011506122695539363, "13103_13122": 0.00010355510425985427, "13103_13123": 0.00017834490178086015, "13104_13101": 0.004113438863655322, "13104_13102": 0.00042572653973495646, "13104_13103": 0.0016568816681576683, "13104_13105": 0.0034086888485535365, "13104_13106": 0.00029340612873625377, "13104_13107": 0.00015820918706366626, "13104_13108": 0.00025601122997575084, "13104_13109": 0.00024450510728021147, "13104_13110": 0.00021861633121524792, "13104_13111": 0.00014382653369424204, "13104_13112": 0.0008600826714915674, "13104_13113": 0.011647072698559722, "13104_13114": 0.007435831791992314, "13104_13115": 0.0012771796192048695, "13104_13116": 0.0063341205438944195, "13104_13117": 0.0003681959262572596, "13104_13118": 0.0001121846962815088, "13104_13119": 0.0005810591961247379, "13104_13120": 0.0007018734844279012, "13104_13121": 0.00015533265638978142, "13104_13122": 6.32836748254665e-05, "13104_13123": 0.0001610857177375511, "13105_13101": 0.003253356192163755, "13105_13102": 0.00021286326986747823, "13105_13103": 0.0002732704140190599, "13105_13104": 0.0025831245451485873, "13105_13106": 0.003578404158312742, "13105_13107": 0.00017259184043309046, "13105_13108": 0.000126567349650933, "13105_13109": 4.602449078215745e-05, "13105_13110": 2.013571471719389e-05, "13105_13111": 3.4518368086618095e-05, "13105_13112": 8.341938954266038e-05, "13105_13113": 0.0001754683711069753, "13105_13114": 0.00015245612571589657, "13105_13115": 7.191326684712102e-05, "13105_13116": 0.004513276627325315, "13105_13117": 0.0015619561559194687, "13105_13118": 0.0008428234874482584, "13105_13119": 0.0003451836808661809, "13105_13120": 0.000126567349650933, "13105_13121": 0.00046024490782157454, "13105_13122": 5.1777552129927135e-05, "13105_13123": 0.00010930816560762396, "13106_13101": 0.004403968461717691, "13106_13102": 0.0011851306376405545, "13106_13103": 0.0003998377636699929, "13106_13104": 0.0002646408219974054, "13106_13105": 0.0032648623148592943, "13106_13107": 0.004245759274654025, "13106_13108": 0.0004142204170394171, "13106_13109": 5.1777552129927135e-05, "13106_13110": 2.013571471719389e-05, "13106_13111": 8.917245089043007e-05, "13106_13112": 6.32836748254665e-05, "13106_13113": 0.0004890102145604229, "13106_13114": 6.32836748254665e-05, "13106_13115": 5.1777552129927135e-05, "13106_13116": 0.00033367755817064154, "13106_13117": 0.0009176132849692643, "13106_13118": 0.005862369513377306, "13106_13119": 6.903673617323619e-05, "13106_13120": 4.3147960108272615e-05, "13106_13121": 0.0013174510486392572, "13106_13122": 0.00044586225445215037, "13106_13123": 0.00020135714717193888, "13107_13101": 0.0009895265518163852, "13107_13102": 0.0012570439044876755, "13107_13103": 0.000325047966148987, "13107_13104": 0.00014382653369424204, "13107_13105": 0.0001754683711069753, "13107_13106": 0.003331022520358646, "13107_13108": 0.00786731139307504, "13107_13109": 0.000126567349650933, "13107_13110": 1.4382653369424204e-05, "13107_13111": 5.1777552129927135e-05, "13107_13112": 8.054285886877555e-05, "13107_13113": 9.492551223819975e-05, "13107_13114": 2.5888776064963568e-05, "13107_13115": 5.1777552129927135e-05, "13107_13116": 3.4518368086618095e-05, "13107_13117": 4.3147960108272615e-05, "13107_13118": 0.0006817377697107074, "13107_13119": 2.5888776064963568e-05, "13107_13120": 1.7259184043309047e-05, "13107_13121": 0.0009176132849692643, "13107_13122": 0.0026320255666046296, "13107_13123": 0.0021573980054136305, "13108_13101": 0.0015130551344634264, "13108_13102": 0.005566086853967167, "13108_13103": 0.0016914000362442865, "13108_13104": 0.0002646408219974054, "13108_13105": 0.00011506122695539363, "13108_13106": 0.00038833164097445353, "13108_13107": 0.006984216476192394, "13108_13109": 0.0005264051133209259, "13108_13110": 8.054285886877555e-05, "13108_13111": 0.000506269398603732, "13108_13112": 9.492551223819975e-05, "13108_13113": 0.0002646408219974054, "13108_13114": 5.1777552129927135e-05, "13108_13115": 4.89010214560423e-05, "13108_13116": 5.753061347769682e-05, "13108_13117": 2.5888776064963568e-05, "13108_13118": 5.753061347769682e-05, "13108_13119": 4.89010214560423e-05, "13108_13120": 6.903673617323619e-05, "13108_13121": 0.00025025816862798115, "13108_13122": 0.0004487387851260352, "13108_13123": 0.007133796071234406, "13109_13101": 0.0003566898035617203, "13109_13102": 0.000253134699301866, "13109_13103": 0.00632836748254665, "13109_13104": 0.00025025816862798115, "13109_13105": 3.164183741273325e-05, "13109_13106": 6.32836748254665e-05, "13109_13107": 0.00010355510425985427, "13109_13108": 0.0004487387851260352, "13109_13110": 0.00443273376845654, "13109_13111": 0.007988125681378203, "13109_13112": 0.00037107245693114447, "13109_13113": 0.0012225255364010574, "13109_13114": 7.191326684712102e-05, "13109_13115": 6.040714415158166e-05, "13109_13116": 0.0001323204109987027, "13109_13117": 4.89010214560423e-05, "13109_13118": 2.013571471719389e-05, "13109_13119": 5.753061347769682e-05, "13109_13120": 1.1506122695539363e-05, "13109_13121": 9.492551223819975e-05, "13109_13122": 3.4518368086618095e-05, "13109_13123": 8.917245089043007e-05, "13110_13101": 0.00011793775762927848, "13110_13102": 7.191326684712102e-05, "13110_13103": 0.0007105030764495557, "13110_13104": 0.00025601122997575084, "13110_13105": 4.3147960108272615e-05, "13110_13106": 3.164183741273325e-05, "13110_13107": 2.013571471719389e-05, "13110_13108": 8.917245089043007e-05, "13110_13109": 0.0036589470171815176, "13110_13111": 0.0017460541190480986, "13110_13112": 0.007691843021968065, "13110_13113": 0.004311919480153376,