{"13101_13102": 0.014515574968719675, "13101_13103": 0.01357026977555897, "13101_13104": 0.011273453974669832, "13101_13105": 0.00837735981525176, "13101_13106": 0.00814667525883058, "13101_13107": 0.002713050978779528, "13101_13108": 0.005210462046121867, "13101_13109": 0.0018529987738614337, "13101_13110": 0.0006669792609568896, "13101_13111": 0.0017827904306028138, "13101_13112": 0.0024773515406970184, "13101_13113": 0.0034326864971803827, "13101_13114": 0.0013038692319457992, "13101_13115": 0.001720104409836189, "13101_13116": 0.0022767562742438186, "13101_13117": 0.0022792637150744837, "13101_13118": 0.001682492797376214, "13101_13119": 0.0014066743060030642, "13101_13120": 0.0011584376637672293, "13101_13121": 0.002911138804402063, "13101_13122": 0.001381599897696414, "13101_13123": 0.0023519794991637686, "13102_13101": 0.01589215998475476, "13102_13103": 0.00920481528937121, "13102_13104": 0.001730134173158849, "13102_13105": 0.0010781995571859492, "13102_13106": 0.0036232520003109227, "13102_13107": 0.0039943532432493425, "13102_13108": 0.013113915544377942, "13102_13109": 0.001474375208431019, "13102_13110": 0.0005390997785929746, "13102_13111": 0.0013013617911151341, "13102_13112": 0.0009979614506046694, "13102_13113": 0.001642373744085574, "13102_13114": 0.0004413095861970397, "13102_13115": 0.00040369797373706473, "13102_13116": 0.0007221429592315196, "13102_13117": 0.0006143230035129246, "13102_13118": 0.0007622620125221595, "13102_13119": 0.00033850451213977476, "13102_13120": 0.0002908631363571398, "13102_13121": 0.001740163936481509, "13102_13122": 0.0011057814063232642, "13102_13123": 0.0018956252679827388, "13103_13101": 0.012765381268915507, "13103_13102": 0.009611020703938938, "13103_13104": 0.004663839945036897, "13103_13105": 0.0011759897495818843, "13103_13106": 0.0020260121911773185, "13103_13107": 0.001336465962744444, "13103_13108": 0.004265156852961163, "13103_13109": 0.012298997274411817, "13103_13110": 0.0022015330493238686, "13103_13111": 0.005498817741648341, "13103_13112": 0.0026980063337955383, "13103_13113": 0.011376259048727098, "13103_13114": 0.0006093081218515946, "13103_13115": 0.0007497248083688346, "13103_13116": 0.0010130060955886593, "13103_13117": 0.0012637501786551591, "13103_13118": 0.0009202307848540544, "13103_13119": 0.0004789211986570147, "13103_13120": 0.00042375750038238475, "13103_13121": 0.0011784971904125491, "13103_13122": 0.0007221429592315196, "13103_13123": 0.0010330656222339793, "13104_13101": 0.009949525216078713, "13104_13102": 0.0018504913330307689, "13104_13103": 0.004545990225995642, "13104_13105": 0.005910038037877401, "13104_13106": 0.0011935418353965393, "13104_13107": 0.0007547396900301646, "13104_13108": 0.0016323439807629139, "13104_13109": 0.0013214213177604542, "13104_13110": 0.0008525298824260994, "13104_13111": 0.0005090104886249947, "13104_13112": 0.002580156614754283, "13104_13113": 0.012439413960929057, "13104_13114": 0.010373282716461098, "13104_13115": 0.0038062951809494676, "13104_13116": 0.00852279138343033, "13104_13117": 0.0014718677676003541, "13104_13118": 0.0005817262727142796, "13104_13119": 0.0016674481523922238, "13104_13120": 0.003309821896477798, "13104_13121": 0.0006870387876022095, "13104_13122": 0.0003134301038331248, "13104_13123": 0.0006293676484969146, "13105_13101": 0.0075549192227936405, "13105_13102": 0.0011910343945658742, "13105_13103": 0.0013314510810831142, "13105_13104": 0.005105149531233937, "13105_13106": 0.004881987297304752, "13105_13107": 0.0005917560360369396, "13105_13108": 0.0008575447640874294, "13105_13109": 0.00023319199725184485, "13105_13110": 9.277531073460494e-05, "13105_13111": 0.0001454315681785699, "13105_13112": 0.0002557589647278298, "13105_13113": 0.0004538467903503647, "13105_13114": 0.0003986830920757347, "13105_13115": 0.00024572920140516986, "13105_13116": 0.00772542519927886, "13105_13117": 0.002783259322038148, "13105_13118": 0.001491927294245674, "13105_13119": 0.0017451788181428389, "13105_13120": 0.0008374852374421095, "13105_13121": 0.0011835120720738793, "13105_13122": 0.00034853427546243477, "13105_13123": 0.0003259673079864498, "13106_13101": 0.006699881899536876, "13106_13102": 0.0033223591006311228, "13106_13103": 0.0019457740845960387, "13106_13104": 0.0011032739654925994, "13106_13105": 0.004390528894494412, "13106_13107": 0.00652185360055966, "13106_13108": 0.0017827904306028138, "13106_13109": 0.0006544420568035645, "13106_13110": 7.271578408928495e-05, "13106_13111": 0.0004688914353343547, "13106_13112": 0.0001278794823639149, "13106_13113": 0.0007221429592315196, "13106_13114": 0.00020811758894519487, "13106_13115": 0.0001629836539932249, "13106_13116": 0.0008575447640874294, "13106_13117": 0.0017351490548201788, "13106_13118": 0.00774046984426285, "13106_13119": 0.0003635789204464248, "13106_13120": 0.00023319199725184485, "13106_13121": 0.0035630734203749626, "13106_13122": 0.0016498960665775689, "13106_13123": 0.0007873364208288095, "13107_13101": 0.002713050978779528, "13107_13102": 0.0033223591006311228, "13107_13103": 0.001374077575204419, "13107_13104": 0.0007447099267075045, "13107_13105": 0.0005616667460689596, "13107_13106": 0.005990276144458681, "13107_13108": 0.010704264906108879, "13107_13109": 0.0004814286394876797, "13107_13110": 8.023810658127995e-05, "13107_13111": 0.0003159375446637898, "13107_13112": 0.00017301341731588488, "13107_13113": 0.0004563542311810297, "13107_13114": 0.00013540180485590992, "13107_13115": 0.00013038692319457991, "13107_13116": 0.00021313247060652485, "13107_13117": 0.00034602683463176977, "13107_13118": 0.0011659599862592243, "13107_13119": 0.00012286460070258493, "13107_13120": 3.0089289967979982e-05, "13107_13121": 0.0023043381233811334, "13107_13122": 0.004774167341586157, "13107_13123": 0.003999368124910673, "13108_13101": 0.0053182820018404615, "13108_13102": 0.011679659389237563, "13108_13103": 0.004596139042608942, "13108_13104": 0.001624821658270919, "13108_13105": 0.0009728870422980193, "13108_13106": 0.0017702532264494888, "13108_13107": 0.010651608648664913, "13108_13109": 0.0021062502977585986, "13108_13110": 0.00026578872805048983, "13108_13111": 0.0021764586410172185, "13108_13112": 0.0005115179294556596, "13108_13113": 0.0011559302229365643, "13108_13114": 0.0003109226630024598, "13108_13115": 0.00022566967475984987, "13108_13116": 0.0006093081218515946, "13108_13117": 0.0003986830920757347, "13108_13118": 0.0004889509619796747, "13108_13119": 0.0002958780180184698, "13108_13120": 0.00020059526645319986, "13108_13121": 0.0011208260513072543, "13108_13122": 0.001466852885939024, "13108_13123": 0.013540180485590992, "13109_13101": 0.0019006401496440687, "13109_13102": 0.001567150519165624, "13109_13103": 0.011952970439780048, "13109_13104": 0.0012487055336711692, "13109_13105": 0.00024823664223583487, "13109_13106": 0.0006093081218515946, "13109_13107": 0.0003560565979544298, "13109_13108": 0.0020310270728386487, "13109_13110": 0.0058498594579414415, "13109_13111": 0.016852509822899455, "13109_13112": 0.001577180282488284, "13109_13113": 0.002695498892964873, "13109_13114": 0.00036608636127708974, "13109_13115": 0.00038865332875307477, "13109_13116": 0.0006368899709889096, "13109_13117": 0.0003560565979544298, "13109_13118": 0.00018805806229987487, "13109_13119": 0.0002507440830664998, "13109_13120": 0.0001479390090092349, "13109_13121": 0.00021563991143718985, "13109_13122": 0.0001554613315012299, "13109_13123": 0.00034853427546243477, "13110_13101": 0.0006920536692635395, "13110_13102": 0.0005541444235769646, "13110_13103": 0.0021814735226785486, "13110_13104": 0.0008399926782727744, "13110_13105": 0.00010531251488792994, "13110_13106": 0.00010280507405726493, "13110_13107": 5.265625744396497e-05, "13110_13108": 0.0002908631363571398, "13110_13109": 0.005609145138197601, "13110_13111": 0.002876034632772753, "13110_13112": 0.010709279787770209, "13110_13113": 0.005970216617813361, "13110_13114": 0.00024071431974383986,