{"13101_13102": 0.014110895434213858, "13101_13103": 0.011278588910456579, "13101_13104": 0.011143556418263145, "13101_13105": 0.007936534728669085, "13101_13106": 0.008345008017554225, "13101_13107": 0.0026196303485526203, "13101_13108": 0.003953076208962782, "13101_13109": 0.001340197485019833, "13101_13110": 0.0005468815933834079, "13101_13111": 0.001110642248290995, "13101_13112": 0.0014887332264326104, "13101_13113": 0.0028896953329394888, "13101_13114": 0.0008709595746476496, "13101_13115": 0.0011747826820828762, "13101_13116": 0.001836441893830703, "13101_13117": 0.0014448476664697444, "13101_13118": 0.0012152924297409065, "13101_13119": 0.0009486032576588742, "13101_13120": 0.0006616592117478268, "13101_13121": 0.0018870790784032408, "13101_13122": 0.001019495316060427, "13101_13123": 0.001681154527808254, "13102_13101": 0.015569246349902945, "13102_13103": 0.009344248459785636, "13102_13104": 0.0014651025402987593, "13102_13105": 0.000840577263904127, "13102_13106": 0.002771541902270234, "13102_13107": 0.0037302725968436155, "13102_13108": 0.011565532956367626, "13102_13109": 0.0011038906236813233, "13102_13110": 0.0003510844797029285, "13102_13111": 0.0009553548822685458, "13102_13112": 0.0005806397164317664, "13102_13113": 0.0011376487467296818, "13102_13114": 0.00020254873829015106, "13102_13115": 0.00026331335977719636, "13102_13116": 0.0004658620980673475, "13102_13117": 0.00025656173516752466, "13102_13118": 0.0004489830365431682, "13102_13119": 0.00023293104903367374, "13102_13120": 0.0001654148029369567, "13102_13121": 0.0009857371930120686, "13102_13122": 0.0006852898978816778, "13102_13123": 0.0014009621065068781, "13103_13101": 0.011322474470419445, "13103_13102": 0.008902017047852139, "13103_13104": 0.00531352856781163, "13103_13105": 0.0009621065068782176, "13103_13106": 0.001542746223309984, "13103_13107": 0.001063380876023293, "13103_13108": 0.0036593805384420625, "13103_13109": 0.011967254620643093, "13103_13110": 0.002585872225504262, "13103_13111": 0.003858553464427378, "13103_13112": 0.0022617942442400203, "13103_13113": 0.012274453540383154, "13103_13114": 0.0004726137226770192, "13103_13115": 0.0005097476580302135, "13103_13116": 0.0007190480209300363, "13103_13117": 0.0007055447717106929, "13103_13118": 0.0005266267195543927, "13103_13119": 0.0004388555996286606, "13103_13120": 0.0003375812304835851, "13103_13121": 0.0007460545193687231, "13103_13122": 0.0004523588488480041, "13103_13123": 0.0007224238332348722, "13104_13101": 0.009057304413874588, "13104_13102": 0.001498860663347118, "13104_13103": 0.004982698961937716, "13104_13105": 0.005857034348890202, "13104_13106": 0.0012321714912650857, "13104_13107": 0.0007291754578445438, "13104_13108": 0.0013672039834585197, "13104_13109": 0.0010059920668410837, "13104_13110": 0.000837201451599291, "13104_13111": 0.0004928685965060343, "13104_13112": 0.0027985484007089206, "13104_13113": 0.01592370664191071, "13104_13114": 0.013202801924213014, "13104_13115": 0.004064478015022365, "13104_13116": 0.010498776268039496, "13104_13117": 0.0012726812389231158, "13104_13118": 0.0004557346611528399, "13104_13119": 0.001519115537176133, "13104_13120": 0.003166511941936028, "13104_13121": 0.0005198750949447211, "13104_13122": 0.0002970714828255549, "13104_13123": 0.0005873913410414381, "13105_13101": 0.0068427715419022705, "13105_13102": 0.0007663093931977382, "13105_13103": 0.0009857371930120686, "13105_13104": 0.00513461051565533, "13105_13106": 0.005448561060005064, "13105_13107": 0.0005603848426027513, "13105_13108": 0.0007190480209300363, "13105_13109": 0.00016203899063212086, "13105_13110": 5.738880918220947e-05, "13105_13111": 0.0001181534306692548, "13105_13112": 0.00018229386446113596, "13105_13113": 0.0004624862857625116, "13105_13114": 0.00026668917208203224, "13105_13115": 0.00018904548907080766, "13105_13116": 0.008770360367963541, "13105_13117": 0.0029673390159507132, "13105_13118": 0.0017790530846484936, "13105_13119": 0.0013807072326778632, "13105_13120": 0.0005502574056882437, "13105_13121": 0.0010735083129378006, "13105_13122": 0.00027344079669170394, "13105_13123": 0.0002363068613385096, "13106_13101": 0.006727993923537851, "13106_13102": 0.0024643429825301714, "13106_13103": 0.0015461220356148197, "13106_13104": 0.0011005148113764874, "13106_13105": 0.005242636509410077, "13106_13107": 0.007369398261456663, "13106_13108": 0.0011275213098151742, "13106_13109": 0.0004557346611528399, "13106_13110": 9.789855684023968e-05, "13106_13111": 0.0004118491011899738, "13106_13112": 0.0001451599291079416, "13106_13113": 0.0005367541564689003, "13106_13114": 0.00016879061524179256, "13106_13115": 0.0001181534306692548, "13106_13116": 0.000860832137733142, "13106_13117": 0.0017317917123807916, "13106_13118": 0.00841252426365094, "13106_13119": 0.00028694404591104734, "13106_13120": 0.000158663178327285, "13106_13121": 0.003261034686471432, "13106_13122": 0.0014110895434213857, "13106_13123": 0.0006008945902607815, "13107_13101": 0.0022989281795932144, "13107_13102": 0.0028221790868427714, "13107_13103": 0.0009452274453540384, "13107_13104": 0.0007291754578445438, "13107_13105": 0.0005705122795172589, "13107_13106": 0.006569330745210566, "13107_13108": 0.01158578783019664, "13107_13109": 0.0002768166089965398, "13107_13110": 7.089205840155288e-05, "13107_13111": 0.0002194277998143303, "13107_13112": 0.00018904548907080766, "13107_13113": 0.0004557346611528399, "13107_13114": 7.764368301122458e-05, "13107_13115": 0.0001114018060595831, "13107_13116": 0.00021605198750949446, "13107_13117": 0.0003105747320448983, "13107_13118": 0.0010566292514136214, "13107_13119": 0.00010802599375474723, "13107_13120": 7.764368301122458e-05, "13107_13121": 0.0020356148198160183, "13107_13122": 0.0057084986074774245, "13107_13123": 0.004202886319520635, "13108_13101": 0.003720145159929108, "13108_13102": 0.010367119588150899, "13108_13103": 0.0037032660984049285, "13108_13104": 0.0013030635496666385, "13108_13105": 0.0006920415224913495, "13108_13106": 0.0013503249219343405, "13108_13107": 0.011197569415140518, "13108_13109": 0.0015292429740906405, "13108_13110": 0.0002059245505949869, "13108_13111": 0.0015663769094438349, "13108_13112": 0.0004219765381044814, "13108_13113": 0.0009452274453540384, "13108_13114": 0.0002228036121191662, "13108_13115": 0.00019579711368047936, "13108_13116": 0.0004557346611528399, "13108_13117": 0.00027344079669170394, "13108_13118": 0.00030719891974006244, "13108_13119": 0.0001991729259853152, "13108_13120": 0.00017554223985146426, "13108_13121": 0.0007190480209300363, "13108_13122": 0.0012861844881424593, "13108_13123": 0.014927842011984134, "13109_13101": 0.0013807072326778632, "13109_13102": 0.0011072664359861593, "13109_13103": 0.011096295045995443, "13109_13104": 0.0010701325006329649, "13109_13105": 0.00018904548907080766, "13109_13106": 0.0004253523504093172, "13109_13107": 0.00031732635665457, "13109_13108": 0.0013874588572875348, "13109_13110": 0.006116971896362562, "13109_13111": 0.016318676681576504, "13109_13112": 0.0014583509156890877, "13109_13113": 0.0025318592286268883, "13109_13114": 0.0002059245505949869, "13109_13115": 0.0002835682336062115, "13109_13116": 0.0004354797873238248, "13109_13117": 0.0002228036121191662, "13109_13118": 0.00013165667988859818, "13109_13119": 0.00023968267364334544, "13109_13120": 0.00010465018144991138, "13109_13121": 0.0001519115537176133, "13109_13122": 0.00013165667988859818, "13109_13123": 0.0003105747320448983, "13110_13101": 0.0004658620980673475, "13110_13102": 0.0003443328550932568, "13110_13103": 0.002265170056544856, "13110_13104": 0.0008473288885137986, "13110_13105": 8.777111992573213e-05, "13110_13106": 8.777111992573213e-05, "13110_13107": 5.738880918220947e-05, "13110_13108": 0.0001721664275466284, "13110_13109": 0.005765887416659634, "13110_13111": 0.0033656848679213436, "13110_13112": 0.013236560047261372, "13110_13113": 0.007987171913241624, "13110_13114": 0.0002903198582158832,