{"13101_13102": 0.033990802082040875, "13101_13103": 0.03030716001570277, "13101_13104": 0.023857226833837435, "13101_13105": 0.014921699723167484, "13101_13106": 0.015582761938275095, "13101_13107": 0.00496711978243934, "13101_13108": 0.009616929701627027, "13101_13109": 0.00425317259012312, "13101_13110": 0.0014299284222173856, "13101_13111": 0.0034354894809746294, "13101_13112": 0.005074923774441504, "13101_13113": 0.007668321695248285, "13101_13114": 0.002705269987978838, "13101_13115": 0.0031263157680627624, "13101_13116": 0.004993562271043644, "13101_13117": 0.0046131972426586496, "13101_13118": 0.0029432523854175776, "13101_13119": 0.002768325153112179, "13101_13120": 0.0021276033138540335, "13101_13121": 0.005182727766443669, "13101_13122": 0.0025791596577121553, "13101_13123": 0.004163674936385474, "13102_13101": 0.03672658263379391, "13102_13103": 0.02162588760315113, "13102_13104": 0.003716186667697246, "13102_13105": 0.001739102135129253, "13102_13106": 0.006338061114693277, "13102_13107": 0.006958442578101958, "13102_13108": 0.0207715918174736, "13102_13109": 0.003046988302249849, "13102_13110": 0.0010719378072668027, "13102_13111": 0.00251813853016376, "13102_13112": 0.0016923192706754836, "13102_13113": 0.003055124452589635, "13102_13114": 0.0009600657400947454, "13102_13115": 0.0006488579895979318, "13102_13116": 0.0014828133994259946, "13102_13117": 0.001179741799268967, "13102_13118": 0.0012305927388926293, "13102_13119": 0.0005878368620495369, "13102_13120": 0.0004922370955570517, "13102_13121": 0.0029371502726627382, "13102_13122": 0.0018062253754324872, "13102_13123": 0.0034965106085230245, "13103_13101": 0.029648131838180106, "13103_13102": 0.021701146993794152, "13103_13104": 0.010650220794779846, "13103_13105": 0.0022272711555164117, "13103_13106": 0.004348772356615606, "13103_13107": 0.002745950739677768, "13103_13108": 0.007527973101886977, "13103_13109": 0.024030120028557887, "13103_13110": 0.0045542101526952015, "13103_13111": 0.010487497787984126, "13103_13112": 0.00503627706032752, "13103_13113": 0.019524726777901402, "13103_13114": 0.0013851795953485628, "13103_13115": 0.0013546690315743655, "13103_13116": 0.0021153990883443544, "13103_13117": 0.0026849296121293728, "13103_13118": 0.001722829834449681, "13103_13119": 0.000994644379038836, "13103_13120": 0.0008542957856775277, "13103_13121": 0.0020909906373249966, "13103_13122": 0.001348566918819526, "13103_13123": 0.0018652124653959355, "13104_13101": 0.02013493805338535, "13104_13102": 0.004151470710875796, "13104_13103": 0.00978372078359264, "13104_13105": 0.008787042366968856, "13104_13106": 0.0022435434561959835, "13104_13107": 0.0012570352274969337, "13104_13108": 0.0028029037920562698, "13104_13109": 0.002998171400211133, "13104_13110": 0.0015601068276539613, "13104_13111": 0.0010027805293786219, "13104_13112": 0.0051379789395748455, "13104_13113": 0.025396993285641933, "13104_13114": 0.017155072991438737, "13104_13115": 0.006765209007532041, "13104_13116": 0.013190733738378018, "13104_13117": 0.0026625551986949616, "13104_13118": 0.0009214190259807621, "13104_13119": 0.002575091582542262, "13104_13120": 0.005510207817620054, "13104_13121": 0.0009804061159442105, "13104_13122": 0.0005288497720860886, "13104_13123": 0.0010495633938323913, "13105_13101": 0.013510077639214618, "13105_13102": 0.002237441343441144, "13105_13103": 0.0025140704549938674, "13105_13104": 0.007658151507323552, "13105_13106": 0.00728795666686329, "13105_13107": 0.0008014108084689189, "13105_13108": 0.0014543368732367436, "13105_13109": 0.00040477347940435246, "13105_13110": 0.000189165495400024, "13105_13111": 0.00021153990883443545, "13105_13112": 0.00040680751698929894, "13105_13113": 0.0009092148004710831, "13105_13114": 0.0005410539975957676, "13105_13115": 0.0003051056377419742, "13105_13116": 0.01103668793591968, "13105_13117": 0.0036165188260348677, "13105_13118": 0.0019262335929443304, "13105_13119": 0.0025852617704669946, "13105_13120": 0.001377043445008777, "13105_13121": 0.0016394342934668747, "13105_13122": 0.00047189671970758674, "13105_13123": 0.00036002465253552954, "13106_13101": 0.012594760725988694, "13106_13102": 0.006368571678467475, "13106_13103": 0.004503359213071539, "13106_13104": 0.0021276033138540335, "13106_13105": 0.006289244212654562, "13106_13107": 0.008951799411349524, "13106_13108": 0.0022842242078949136, "13106_13109": 0.0012997500167808102, "13106_13110": 0.0001464507061161476, "13106_13111": 0.0008420915601678487, "13106_13112": 0.00024205047260863287, "13106_13113": 0.0009600657400947454, "13106_13114": 0.00026035681087315134, "13106_13115": 0.00021560798400432844, "13106_13116": 0.00185097420230131, "13106_13117": 0.0032870047372735352, "13106_13118": 0.010526144502098109, "13106_13119": 0.0006386878016731993, "13106_13120": 0.00031730986325165315, "13106_13121": 0.00547766321626091, "13106_13122": 0.002693065762469159, "13106_13123": 0.001134992972400144, "13107_13101": 0.00492033691798557, "13107_13102": 0.005620045847207164, "13107_13103": 0.002939184310247685, "13107_13104": 0.0014319624598023322, "13107_13105": 0.0008258192594882768, "13107_13106": 0.007922576393366597, "13107_13108": 0.01389247670518456, "13107_13109": 0.0008319213722431163, "13107_13110": 0.0001139061047570037, "13107_13111": 0.0004922370955570517, "13107_13112": 0.00022171009675916791, "13107_13113": 0.0008563298232624742, "13107_13114": 0.00016882511955055907, "13107_13115": 0.0001139061047570037, "13107_13116": 0.00039867136664951296, "13107_13117": 0.00048410094521726573, "13107_13118": 0.0011980481375334854, "13107_13119": 0.0001871314578150775, "13107_13120": 5.085093962366237e-05, "13107_13121": 0.0029676608364369358, "13107_13122": 0.006791651496136346, "13107_13123": 0.005316974247050137, "13108_13101": 0.01017832407507226, "13108_13102": 0.018709077706337857, "13108_13103": 0.008038516535708546, "13108_13104": 0.003018511776060598, "13108_13105": 0.00149705166252062, "13108_13106": 0.0024367770267659005, "13108_13107": 0.013611779518461943, "13108_13109": 0.003203609196290729, "13108_13110": 0.0003885011787247805, "13108_13111": 0.002644248860430443, "13108_13112": 0.0008400575225829023, "13108_13113": 0.002032003547361548, "13108_13114": 0.0005329178472559816, "13108_13115": 0.0003966373290645665, "13108_13116": 0.0010536314690022842, "13108_13117": 0.0005044413210667307, "13108_13118": 0.0006691983654473967, "13108_13119": 0.00040680751698929894, "13108_13120": 0.00024205047260863287, "13108_13121": 0.001476711286671155, "13108_13122": 0.0017635105861486108, "13108_13123": 0.018229044836290485, "13109_13101": 0.004100619771252133, "13109_13102": 0.00303478407674017, "13109_13103": 0.023133109453596482, "13109_13104": 0.0026584871235250684, "13109_13105": 0.00043325000559360337, "13109_13106": 0.0012550011899119871, "13109_13107": 0.0008054788836388118, "13109_13108": 0.003018511776060598, "13109_13110": 0.007969359257820366, "13109_13111": 0.024471506184491277, "13109_13112": 0.0028842652954541295, "13109_13113": 0.0057197136888695425, "13109_13114": 0.0006061432003140555, "13109_13115": 0.0005980070499742694, "13109_13116": 0.0013058521295356495, "13109_13117": 0.0006875047037119152, "13109_13118": 0.000362058690120476, "13109_13119": 0.00043325000559360337, "13109_13120": 0.00024611854777852586, "13109_13121": 0.0003112077504968137, "13109_13122": 0.00024408451019357935, "13109_13123": 0.0005369859224258746, "13110_13101": 0.0014319624598023322, "13110_13102": 0.001139061047570037, "13110_13103": 0.004159606861215581, "13110_13104": 0.0015845152786733193, "13110_13105": 0.00012000821751184318, "13110_13106": 0.00012407629268173617, "13110_13107": 8.949765373764576e-05, "13110_13108": 0.000374262915630155, "13110_13109": 0.007847317002723576, "13110_13111": 0.0037324589683768177, "13110_13112": 0.015021367564829862, "13110_13113": 0.01068276539613899, "13110_13114": 0.00036409272770542256, "13110_13115": 0.0006814025909570757, "13110_13116": 0.0005878368620495369,