{"13101_13102": 0.02632417632266424, "13101_13103": 0.02282312600756971, "13101_13104": 0.017609934143033606, "13101_13105": 0.014790483656724925, "13101_13106": 0.014085621035147754, "13101_13107": 0.003635974513284218, "13101_13108": 0.004815398107804434, "13101_13109": 0.0012166440629863377, "13101_13110": 0.00039779375673167067, "13101_13111": 0.0007141677386937012, "13101_13112": 0.0011515082431706257, "13101_13113": 0.003738330801566051, "13101_13114": 0.0007932612341842088, "13101_13115": 0.0009212065945365005, "13101_13116": 0.0013399368647803644, "13101_13117": 0.0014864924593657168, "13101_13118": 0.0017842562070946866, "13101_13119": 0.0005396967927587578, "13101_13120": 0.00047688725222217826, "13101_13121": 0.002007579017891414, "13101_13122": 0.0006722947116693148, "13101_13123": 0.001314347792709906, "13102_13101": 0.03018579992602432, "13102_13103": 0.014771873422491864, "13102_13104": 0.001072414747680118, "13102_13105": 0.0007141677386937012, "13102_13106": 0.0040291157114576235, "13102_13107": 0.00536207373840059, "13102_13108": 0.015311570215250621, "13102_13109": 0.0009444693873278263, "13102_13110": 0.00023495420719239028, "13102_13111": 0.0005885486576205419, "13102_13112": 0.0003140477026828979, "13102_13113": 0.0014260091981082696, "13102_13114": 0.00012561908107315916, "13102_13115": 0.00018842862160973873, "13102_13116": 0.00026752211710024635, "13102_13117": 0.00015586071170188266, "13102_13118": 0.0005699384233874814, "13102_13119": 0.00018377606305147357, "13102_13120": 0.00014190303602708718, "13102_13121": 0.0007304516936476292, "13102_13122": 0.0005536544684335533, "13102_13123": 0.0010235628828183338, "13103_13101": 0.021083069106778544, "13103_13102": 0.014292659890990553, "13103_13104": 0.005406273044704109, "13103_13105": 0.0011096352161462392, "13103_13106": 0.0012119915044280726, "13103_13107": 0.0012073389458698075, "13103_13108": 0.003156760981782907, "13103_13109": 0.017903045332204312, "13103_13110": 0.0021704185674306944, "13103_13111": 0.003822076855614824, "13103_13112": 0.001572564792693622, "13103_13113": 0.01837993258442649, "13103_13114": 0.0003326579369159585, "13103_13115": 0.00032800537835769335, "13103_13116": 0.00046525585582651537, "13103_13117": 0.0006211165675283981, "13103_13118": 0.00027682723421677667, "13103_13119": 0.0003326579369159585, "13103_13120": 0.000302416306287235, "13103_13121": 0.0004908449278969737, "13103_13122": 0.0002907849098915721, "13103_13123": 0.0005955274954579397, "13104_13101": 0.01410888382793908, "13104_13102": 0.0011910549909158795, "13104_13103": 0.004422256909631029, "13104_13105": 0.008081494215706572, "13104_13106": 0.0007164940179728338, "13104_13107": 0.00041640399096473126, "13104_13108": 0.0007327779729267617, "13104_13109": 0.0006722947116693148, "13104_13110": 0.0006560107567153867, "13104_13111": 0.0002977637477289699, "13104_13112": 0.0017191203872789745, "13104_13113": 0.02243231108867544, "13104_13114": 0.013832056593722303, "13104_13115": 0.0029334381709861797, "13104_13116": 0.011826803855110021, "13104_13117": 0.001100330099029709, "13104_13118": 0.00022564909007585996, "13104_13119": 0.0013003901170351106, "13104_13120": 0.0019470957566339669, "13104_13121": 0.000302416306287235, "13104_13122": 0.00013725047746882205, "13104_13123": 0.00033963677475335624, "13105_13101": 0.011435988936215748, "13105_13102": 0.0006746209909484473, "13105_13103": 0.0009281854323738982, "13105_13104": 0.005950622396021132, "13105_13106": 0.007016058305863852, "13105_13107": 0.00033731049547422367, "13105_13108": 0.00037918352249861003, "13105_13109": 0.00016981838737667812, "13105_13110": 6.0483261257447e-05, "13105_13111": 0.00014655559458535234, "13105_13112": 0.00015353443242275007, "13105_13113": 0.0003349842161950911, "13105_13114": 0.0002651958378211138, "13105_13115": 0.00022099653151759483, "13105_13116": 0.010261217900253796, "13105_13117": 0.003480113801582335, "13105_13118": 0.0018540445854686638, "13105_13119": 0.000967732180119152, "13105_13120": 0.0003582470089864169, "13105_13121": 0.0009584270630026218, "13105_13122": 0.00017912350449320844, "13105_13123": 0.00016981838737667812, "13106_13101": 0.01033565883718604, "13106_13102": 0.003161413540341172, "13106_13103": 0.0012422331350567962, "13106_13104": 0.0005699384233874814, "13106_13105": 0.005987842864487253, "13106_13107": 0.008374605404877278, "13106_13108": 0.0008281554233711974, "13106_13109": 0.000181449783772341, "13106_13110": 5.583070269918185e-05, "13106_13111": 0.0001325979189105569, "13106_13112": 6.280954053657958e-05, "13106_13113": 0.0006839261080649776, "13106_13114": 8.839861260703792e-05, "13106_13115": 4.187302702438639e-05, "13106_13116": 0.0005885486576205419, "13106_13117": 0.002524013017858846, "13106_13118": 0.011659311747012477, "13106_13119": 0.00010700884684009854, "13106_13120": 0.00013725047746882205, "13106_13121": 0.0029171542160322515, "13106_13122": 0.0010258891620974664, "13106_13123": 0.00040942515312733356, "13107_13101": 0.0026961576845146566, "13107_13102": 0.003503376594373661, "13107_13103": 0.0011096352161462392, "13107_13104": 0.00037220468466121233, "13107_13105": 0.0004187302702438639, "13107_13106": 0.00634608987347367, "13107_13108": 0.012503751125337602, "13107_13109": 0.00029543746844983725, "13107_13110": 1.8610234233060617e-05, "13107_13111": 0.00011864024323576142, "13107_13112": 7.444093693224247e-05, "13107_13113": 0.0002651958378211138, "13107_13114": 9.537745044443566e-05, "13107_13115": 6.280954053657958e-05, "13107_13116": 5.350442342004927e-05, "13107_13117": 7.909349549050762e-05, "13107_13118": 0.0008793335675121141, "13107_13119": 2.5589072070458347e-05, "13107_13120": 1.8610234233060617e-05, "13107_13121": 0.0016121115404388758, "13107_13122": 0.005429535837495435, "13107_13123": 0.0038011403421026307, "13108_13101": 0.0048782076483410135, "13108_13102": 0.012175745746979908, "13108_13103": 0.0033405370448343808, "13108_13104": 0.0007095151801354359, "13108_13105": 0.00040012003601080324, "13108_13106": 0.0008932912431869096, "13108_13107": 0.011575565692963703, "13108_13109": 0.001298063837755978, "13108_13110": 0.0001325979189105569, "13108_13111": 0.0010514782341679249, "13108_13112": 0.0002721746756585115, "13108_13113": 0.00060483261257447, "13108_13114": 0.00011631396395662884, "13108_13115": 7.444093693224247e-05, "13108_13116": 0.00016051327026014782, "13108_13117": 0.00018842862160973873, "13108_13118": 0.0002907849098915721, "13108_13119": 8.374605404877278e-05, "13108_13120": 8.374605404877278e-05, "13108_13121": 0.0004885186486178411, "13108_13122": 0.0009025963603034398, "13108_13123": 0.013973959629749389, "13109_13101": 0.0010072789278644059, "13109_13102": 0.0009467956666069588, "13109_13103": 0.016009453998990394, "13109_13104": 0.0007071889008563034, "13109_13105": 0.00021401769368019707, "13109_13106": 0.00016051327026014782, "13109_13107": 0.0002116914144010645, "13109_13108": 0.0012073389458698075, "13109_13110": 0.00711376203558742, "13109_13111": 0.01718887759351061, "13109_13112": 0.0008490919368833906, "13109_13113": 0.002865976071891335, "13109_13114": 8.607233332790534e-05, "13109_13115": 0.00010468256756096597, "13109_13116": 0.00028845863061243955, "13109_13117": 0.00014888187386448494, "13109_13118": 3.954674774525381e-05, "13109_13119": 0.00014888187386448494, "13109_13120": 6.280954053657958e-05, "13109_13121": 0.00014190303602708718, "13109_13122": 8.374605404877278e-05, "13109_13123": 0.00020238629728453419, "13110_13101": 0.0004140777116855987, "13110_13102": 0.0002745009549376441, "13110_13103": 0.0017865824863738191, "13110_13104": 0.0005676121441083487, "13110_13105": 7.444093693224247e-05, "13110_13106": 3.02416306287235e-05, "13110_13107": 2.7915351349590924e-05, "13110_13108": 0.0001116614053983637, "13110_13109": 0.006153008693305666, "13110_13111": 0.0026635897746068006, "13110_13112": 0.013020185125305034, "13110_13113": 0.008760767765213284, "13110_13114": 0.00012329280179402657,