{"13101_13102": 0.026448999665936678, "13101_13103": 0.024834360268735384, "13101_13104": 0.019384952303181026, "13101_13105": 0.014654708436954827, "13101_13106": 0.013687316729148882, "13101_13107": 0.004366022048179355, "13101_13108": 0.007688096210237185, "13101_13109": 0.003247837867933633, "13101_13110": 0.0011413830221595337, "13101_13111": 0.002774581492891875, "13101_13112": 0.003983241156601462, "13101_13113": 0.005913384803830593, "13101_13114": 0.0021134144983482425, "13101_13115": 0.002681786125236628, "13101_13116": 0.0035842210756839017, "13101_13117": 0.0035517426970045657, "13101_13118": 0.0026748264726624846, "13101_13119": 0.002273486507553543, "13101_13120": 0.0014940054192494711, "13101_13121": 0.004553932667681229, "13101_13122": 0.0022270888237259194, "13101_13123": 0.0037999703054823505, "13102_13101": 0.029249099884933745, "13102_13103": 0.016503656137485615, "13102_13104": 0.0026701867042797224, "13102_13105": 0.0014360083144649418, "13102_13106": 0.005581641364463086, "13102_13107": 0.006446958167848261, "13102_13108": 0.01832012545933707, "13102_13109": 0.0022758063917449243, "13102_13110": 0.000781800972495453, "13102_13111": 0.0020530975093723323, "13102_13112": 0.0012921754945993096, "13102_13113": 0.002746742882595301, "13102_13114": 0.0006611669945436324, "13102_13115": 0.00065652722616087, "13102_13116": 0.001018429160016332, "13102_13117": 0.0008165992353661706, "13102_13118": 0.00121329943209235, "13102_13119": 0.0006194090790987714, "13102_13120": 0.0005196540588693812, "13102_13121": 0.002424278979993319, "13102_13122": 0.0015821610185219554, "13102_13123": 0.0028859359340781708, "13103_13101": 0.02384608960320701, "13103_13102": 0.016631249768011582, "13103_13104": 0.008397980772799822, "13103_13105": 0.0022154894027690136, "13103_13106": 0.003324394046249211, "13103_13107": 0.002192290560855202, "13103_13108": 0.005894825730299543, "13103_13109": 0.01974685423703649, "13103_13110": 0.003892765673137597, "13103_13111": 0.007815689840763149, "13103_13112": 0.0040713967558739465, "13103_13113": 0.020185312349207528, "13103_13114": 0.0009372332133179912, "13103_13115": 0.0011506625589250584, "13103_13116": 0.0015798411343305742, "13103_13117": 0.0021435729928361976, "13103_13118": 0.00131305445232174, "13103_13119": 0.000879236108533462, "13103_13120": 0.000712204446754018, "13103_13121": 0.001939423183994655, "13103_13122": 0.0010903455699491481, "13103_13123": 0.0015798411343305742, "13104_13101": 0.016083757098845627, "13104_13102": 0.00308312609034557, "13104_13103": 0.007504825359118073, "13104_13105": 0.008980271704836494, "13104_13106": 0.001732953490961731, "13104_13107": 0.001157622211499202, "13104_13108": 0.0021806911398982963, "13104_13109": 0.0021250139193051483, "13104_13110": 0.0013780112096804127, "13104_13111": 0.0007516424780074979, "13104_13112": 0.004138673397424001, "13104_13113": 0.02131045618202739, "13104_13114": 0.014805500909394602, "13104_13115": 0.00568835603726662, "13104_13116": 0.012947273672098289, "13104_13117": 0.0022966853494673545, "13104_13118": 0.0008073196986006459, "13104_13119": 0.0026029100627296686, "13104_13120": 0.004667606993058906, "13104_13121": 0.001048587654504287, "13104_13122": 0.0004686166066589956, "13104_13123": 0.0011622619798819644, "13105_13101": 0.012084276752904495, "13105_13102": 0.0018350283953825026, "13105_13103": 0.0024729965480123233, "13105_13104": 0.006996770721205597, "13105_13106": 0.00710116550981775, "13105_13107": 0.0008351583088972199, "13105_13108": 0.0012434579265803052, "13105_13109": 0.00047325637504175793, "13105_13110": 0.00020414980884154264, "13105_13111": 0.0002459077242864036, "13105_13112": 0.00036886158642960546, "13105_13113": 0.0008606770350024127, "13105_13114": 0.0005080546379124754, "13105_13115": 0.00035494228128131846, "13105_13116": 0.01104032886678297, "13105_13117": 0.004217549459930961, "13105_13118": 0.002217809286960395, "13105_13119": 0.0023616421068260274, "13105_13120": 0.0012341783898147806, "13105_13121": 0.001786310827363498, "13105_13122": 0.0005335733640176682, "13105_13123": 0.0004268586912141346, "13106_13101": 0.011102965739950262, "13106_13102": 0.005096785568464423, "13106_13103": 0.003445028024201032, "13106_13104": 0.0017259938383875878, "13106_13105": 0.005969062024423741, "13106_13107": 0.008866597379458817, "13106_13108": 0.002162132066367247, "13106_13109": 0.0009952303181025204, "13106_13110": 0.00011135444118629598, "13106_13111": 0.0007910805092609777, "13106_13112": 0.0002203889981812108, "13106_13113": 0.0011785011692216324, "13106_13114": 0.00028302587134850226, "13106_13115": 0.0002459077242864036, "13106_13116": 0.001422089009316655, "13106_13117": 0.002698025314576296, "13106_13118": 0.01079906091087933, "13106_13119": 0.0005405330165918117, "13106_13120": 0.00032014401841060097, "13106_13121": 0.005055027653019561, "13106_13122": 0.0024196392116105562, "13106_13123": 0.001018429160016332, "13107_13101": 0.004319624364351731, "13107_13102": 0.004929753906684978, "13107_13103": 0.0022456478972569687, "13107_13104": 0.0011761812850302512, "13107_13105": 0.0008954752978731302, "13107_13106": 0.007706655283768234, "13107_13108": 0.0138821870012249, "13107_13109": 0.0006913254890315876, "13107_13110": 0.00010439478861215249, "13107_13111": 0.0003920604283434171, "13107_13112": 0.0003015849448795516, "13107_13113": 0.0007702015515385472, "13107_13114": 0.0002134293456070673, "13107_13115": 0.00014847258824839463, "13107_13116": 0.0003317434393675068, "13107_13117": 0.00045933706989347093, "13107_13118": 0.0013617720203407445, "13107_13119": 0.00016935154597082515, "13107_13120": 7.423629412419731e-05, "13107_13121": 0.0028928955866523143, "13107_13122": 0.007347073234104154, "13107_13123": 0.0053194944508370146, "13108_13101": 0.008152073048513418, "13108_13102": 0.0155571433874021, "13108_13103": 0.006256727664155005, "13108_13104": 0.0023825210645484576, "13108_13105": 0.0013780112096804127, "13108_13106": 0.0024219590958019376, "13108_13107": 0.013392691436843473, "13108_13109": 0.002635388441409005, "13108_13110": 0.00033406332355888796, "13108_13111": 0.0025286737686054713, "13108_13112": 0.0007702015515385472, "13108_13113": 0.0016842359229427267, "13108_13114": 0.00043845811217104044, "13108_13115": 0.0003572621654726996, "13108_13116": 0.0009140343714041795, "13108_13117": 0.0005799710478452915, "13108_13118": 0.0006472476893953454, "13108_13119": 0.0004616569540848521, "13108_13120": 0.00027142645039159643, "13108_13121": 0.001368731672914888, "13108_13122": 0.0017932704799376415, "13108_13123": 0.01838508221669574, "13109_13101": 0.0031040050480680005, "13109_13102": 0.0024219590958019376, "13109_13103": 0.01921096098882744, "13109_13104": 0.002278126275936305, "13109_13105": 0.0004477376489365651, "13109_13106": 0.0010091496232508073, "13109_13107": 0.0006008500055677221, "13109_13108": 0.0025217141160313278, "13109_13110": 0.007646338294792324, "13109_13111": 0.022031940165546937, "13109_13112": 0.0023662818752087896, "13109_13113": 0.004187390965443005, "13109_13114": 0.0005474926691659552, "13109_13115": 0.00046629672246761443, "13109_13116": 0.0009998700864852826, "13109_13117": 0.0005335733640176682, "13109_13118": 0.0002737463345829776, "13109_13119": 0.0004338183437882781, "13109_13120": 0.0002528673768605471, "13109_13121": 0.00034334286032441263, "13109_13122": 0.00023894807171226013, "13109_13123": 0.0004755762592331391, "13110_13101": 0.0012480976949630674, "13110_13102": 0.0008699565717679373, "13110_13103": 0.0037744515793771576, "13110_13104": 0.00131305445232174, "13110_13105": 0.00015775212501391932, "13110_13106": 0.00012063397795182065, "13110_13107": 0.00010439478861215249, "13110_13108": 0.0003317434393675068, "13110_13109": 0.007263557403214432, "13110_13111": 0.003616699454363238, "13110_13112": 0.014689506699825544, "13110_13113": 0.00952544448981107, "13110_13114": 0.00032942355517612563, "13110_13115": 0.0005730113952711481,