{"13101_13102": 0.030527353980229797, "13101_13103": 0.02747378275066588, "13101_13104": 0.024166675953683787, "13101_13105": 0.01737415163098595, "13101_13106": 0.015942093590843743, "13101_13107": 0.0040287080273261194, "13101_13108": 0.006761877166196743, "13101_13109": 0.002652372089913185, "13101_13110": 0.0008943397488047609, "13101_13111": 0.0020533594855735478, "13101_13112": 0.0030340684936086748, "13101_13113": 0.005413402280148444, "13101_13114": 0.0017050963435156189, "13101_13115": 0.0021843064269873287, "13101_13116": 0.003178945960704773, "13101_13117": 0.002813966187828064, "13101_13118": 0.0019753485417525717, "13101_13119": 0.0018694765465669613, "13101_13120": 0.0013401165706389095, "13101_13121": 0.0034659147897605066, "13101_13122": 0.0016577325561957406, "13101_13123": 0.0029086937624678206, "13102_13101": 0.03445576222264323, "13102_13103": 0.01812361391269461, "13102_13104": 0.0025632167255463553, "13102_13105": 0.0014041969887775684, "13102_13106": 0.005366038492828565, "13102_13107": 0.007154717990438087, "13102_13108": 0.020486231068415597, "13102_13109": 0.0018248988643835464, "13102_13110": 0.00067423744302415, "13102_13111": 0.0014320580401422029, "13102_13112": 0.0010392172159008593, "13102_13113": 0.0019558458057973276, "13102_13114": 0.0004792100834717099, "13102_13115": 0.00042070187560597786, "13102_13116": 0.0007996121741650043, "13102_13117": 0.0006268736557042717, "13102_13118": 0.0007940399638920774, "13102_13119": 0.00034547703692146525, "13102_13120": 0.00035662145746731896, "13102_13121": 0.0017858933924730584, "13102_13122": 0.001089367108357201, "13102_13123": 0.0022734617913541585, "13103_13101": 0.025788189143105503, "13103_13102": 0.018131972228104, "13103_13104": 0.010169283748091519, "13103_13105": 0.0016660908716051308, "13103_13106": 0.002384905996812696, "13103_13107": 0.0016688769767415944, "13103_13108": 0.005438477226376614, "13103_13109": 0.02331412778192598, "13103_13110": 0.004031494132462583, "13103_13111": 0.006408041813865888, "13103_13112": 0.0033628288997113597, "13103_13113": 0.022642676444038293, "13103_13114": 0.0007661789125274431, "13103_13115": 0.0008553342768942728, "13103_13116": 0.0012676778370908604, "13103_13117": 0.0013930525682317148, "13103_13118": 0.0009389174309881758, "13103_13119": 0.0007940399638920774, "13103_13120": 0.0004903545040175636, "13103_13121": 0.0013735498322764708, "13103_13122": 0.0008804092231224438, "13103_13123": 0.0012481751011356164, "13104_13101": 0.018430085477705586, "13104_13102": 0.0030340684936086748, "13104_13103": 0.008806878336360902, "13104_13105": 0.010612274464789203, "13104_13106": 0.0014459885658245199, "13104_13107": 0.0010475755313102495, "13104_13108": 0.0022456007399895245, "13104_13109": 0.001680021397287448, "13104_13110": 0.0011450892110864697, "13104_13111": 0.00067423744302415, "13104_13112": 0.003733380882860996, "13104_13113": 0.024353344997826838, "13104_13114": 0.019469302693606447, "13104_13115": 0.005435691121240151, "13104_13116": 0.014875015323578251, "13104_13117": 0.001802610023291839, "13104_13118": 0.0006575208122053693, "13104_13119": 0.002379333786539769, "13104_13120": 0.004516276426207219, "13104_13121": 0.0008023982793014678, "13104_13122": 0.00045970734751646586, "13104_13123": 0.0008469759614848826, "13105_13101": 0.013601765276214463, "13105_13102": 0.0015072828788267154, "13105_13103": 0.0017775350770636682, "13105_13104": 0.007962688480012482, "13105_13106": 0.008951755803457, "13105_13107": 0.0006268736557042717, "13105_13108": 0.0010085700593997615, "13105_13109": 0.00024239114687231837, "13105_13110": 0.0001420913619596349, "13105_13111": 0.00017273851846073262, "13105_13112": 0.0002813966187828064, "13105_13113": 0.0006213014454313448, "13105_13114": 0.000415129665333051, "13105_13115": 0.00021731620064414751, "13105_13116": 0.015125764785859959, "13105_13117": 0.004794886939853562, "13105_13118": 0.0024796335714524524, "13105_13119": 0.0019474874903879372, "13105_13120": 0.0010420033210373227, "13105_13121": 0.001406983093914032, "13105_13122": 0.0003733380882860996, "13105_13123": 0.00035383535233085556, "13106_13101": 0.011331089589996768, "13106_13102": 0.00472802041657844, "13106_13103": 0.002485205781725379, "13106_13104": 0.0015462883507372034, "13106_13105": 0.007413825768129186, "13106_13107": 0.010854665611661521, "13106_13108": 0.001680021397287448, "13106_13109": 0.0006240875505678082, "13106_13110": 8.636925923036631e-05, "13106_13111": 0.0005042850296998807, "13106_13112": 0.0002256745160535378, "13106_13113": 0.0007996121741650043, "13106_13114": 0.00020059956982536694, "13106_13115": 0.00011423031059500062, "13106_13116": 0.0012593195216814702, "13106_13117": 0.002574361146092209, "13106_13118": 0.012732500473637873, "13106_13119": 0.00044577682183414874, "13106_13120": 0.00017552462359719605, "13106_13121": 0.004641651157348074, "13106_13122": 0.0022149535834884264, "13106_13123": 0.0009054841693506146, "13107_13101": 0.003677658780131727, "13107_13102": 0.005101358504864539, "13107_13103": 0.0018527599157481807, "13107_13104": 0.0009472757463975661, "13107_13105": 0.0007188151252075648, "13107_13106": 0.008246871203931751, "13107_13108": 0.014771929433529103, "13107_13109": 0.0005767237632479299, "13107_13110": 9.472757463975661e-05, "13107_13111": 0.0003204020906932944, "13107_13112": 0.00019502735955244008, "13107_13113": 0.0005042850296998807, "13107_13114": 0.00012816083627731776, "13107_13115": 0.00011980252086792747, "13107_13116": 0.0002340328314629281, "13107_13117": 0.0003844825088319533, "13107_13118": 0.0014292719350057395, "13107_13119": 9.751367977622004e-05, "13107_13120": 7.243873354804917e-05, "13107_13121": 0.0023821198916762322, "13107_13122": 0.008614637081944924, "13107_13123": 0.005831318050617958, "13108_13101": 0.007001482207932599, "13108_13102": 0.016485384092454113, "13108_13103": 0.005530418695879908, "13108_13104": 0.0020617178009829378, "13108_13105": 0.0010280727953550055, "13108_13106": 0.0017803211822001316, "13108_13107": 0.014150627988097759, "13108_13109": 0.002334756104356354, "13108_13110": 0.0002841827239192698, "13108_13111": 0.002075648326665255, "13108_13112": 0.0006575208122053693, "13108_13113": 0.0013150416244107387, "13108_13114": 0.0004011991396507339, "13108_13115": 0.00026467998796402583, "13108_13116": 0.0007633928073909797, "13108_13117": 0.0003482631420579287, "13108_13118": 0.0003872686139684167, "13108_13119": 0.00031761598555683096, "13108_13120": 0.00023960504173585495, "13108_13121": 0.001025286690218542, "13108_13122": 0.0015741494021018377, "13108_13123": 0.02121061840389609, "13109_13101": 0.002719238613188307, "13109_13102": 0.0020784344318017186, "13109_13103": 0.020071101403082547, "13109_13104": 0.001744101815426107, "13109_13105": 0.00028975493419219667, "13109_13106": 0.0006435902865230522, "13109_13107": 0.00043741850642475843, "13109_13108": 0.0021508731653497675, "13109_13110": 0.008494834561076997, "13109_13111": 0.025548584101369648, "13109_13112": 0.002036642854754767, "13109_13113": 0.004073285709509534, "13109_13114": 0.0002813966187828064, "13109_13115": 0.000395626929377807, "13109_13116": 0.0008023982793014678, "13109_13117": 0.00040677134992366074, "13109_13118": 0.00023960504173585495, "13109_13119": 0.00033433261637561153, "13109_13120": 0.0001866690441430498, "13109_13121": 0.0002953271444651235, "13109_13122": 0.0001504496773690252, "13109_13123": 0.00042906019101536817, "13110_13101": 0.0009389174309881758, "13110_13102": 0.0007355317560263454, "13110_13103": 0.003708305936632825, "13110_13104": 0.0010837948980842742, "13110_13105": 0.00012537473114085433, "13110_13106": 8.079704895743945e-05, "13110_13107": 0.00010865810032207376, "13110_13108": 0.0002618938828275624, "13110_13109": 0.007617211443091017, "13110_13111": 0.004165227179012828, "13110_13112": 0.018650187783486198, "13110_13113": 0.010876954452753228, "13110_13114": 0.00033433261637561153, "13110_13115": 0.0005655793427020762,