{"13101_13102": 0.031916878345603535, "13101_13103": 0.0282602144056486, "13101_13104": 0.02563396047703104, "13101_13105": 0.017250039465564502, "13101_13106": 0.016239721014336763, "13101_13107": 0.004101548485239879, "13101_13108": 0.006963160689427534, "13101_13109": 0.002545887688178987, "13101_13110": 0.0009615246623900346, "13101_13111": 0.002224422726424707, "13101_13112": 0.003091230034012141, "13101_13113": 0.005418980783857867, "13101_13114": 0.0018685150901967538, "13101_13115": 0.002230163172170319, "13101_13116": 0.003214649617542802, "13101_13117": 0.0028357801983324004, "13101_13118": 0.0021670182689685854, "13101_13119": 0.0018168510784862444, "13101_13120": 0.0014207603220390064, "13101_13121": 0.0033036265265997903, "13101_13122": 0.0017737977353941533, "13101_13123": 0.0027094903919289335, "13102_13101": 0.03473256698382629, "13102_13103": 0.019316599933984872, "13102_13104": 0.002649215711600006, "13102_13105": 0.0015585310199336979, "13102_13106": 0.005751926637103371, "13102_13107": 0.007482671029405434, "13102_13108": 0.02132288572207632, "13102_13109": 0.0019775835593633844, "13102_13110": 0.000743387724056773, "13102_13111": 0.0015355692369512493, "13102_13112": 0.0009701353310084529, "13102_13113": 0.002086652028530015, "13102_13114": 0.0005051592256138689, "13102_13115": 0.00045636543677616566, "13102_13116": 0.0008065326272585066, "13102_13117": 0.000588395688925245, "13102_13118": 0.0008495859703505978, "13102_13119": 0.000430533430920911, "13102_13120": 0.0004047014250656563, "13102_13121": 0.0017336146151748684, "13102_13122": 0.0011480891491224294, "13102_13123": 0.0023650636471922045, "13103_13101": 0.02684806475222801, "13103_13102": 0.01893199006902886, "13103_13104": 0.010703061092693847, "13103_13105": 0.0017393550609204804, "13103_13106": 0.002543017465306181, "13103_13107": 0.0016331568146266558, "13103_13108": 0.005493606578550824, "13103_13109": 0.023957750319312295, "13103_13110": 0.0040441440277837575, "13103_13111": 0.006492444138287338, "13103_13112": 0.003754251517630344, "13103_13113": 0.023739613380979033, "13103_13114": 0.0008352348559865673, "13103_13115": 0.0009242117650435556, "13103_13116": 0.0011940127150873265, "13103_13117": 0.0013576154188372728, "13103_13118": 0.0008897690905698828, "13103_13119": 0.0008180135187497309, "13103_13120": 0.0005223805628507054, "13103_13121": 0.001254287395416254, "13103_13122": 0.0009443033251531982, "13103_13123": 0.0012370660581794177, "13104_13101": 0.019784446262252262, "13104_13102": 0.0031084513712489777, "13104_13103": 0.00898379759188301, "13104_13105": 0.011087670957649861, "13104_13106": 0.0016905612720827772, "13104_13107": 0.0009730055538812589, "13104_13108": 0.0022043311663150645, "13104_13109": 0.0015872332486617587, "13104_13110": 0.0010820740230478897, "13104_13111": 0.0007261663868199365, "13104_13112": 0.0038173964208320778, "13104_13113": 0.02572293738608803, "13104_13114": 0.020786154044861584, "13104_13115": 0.005571102596116588, "13104_13116": 0.015324119917911626, "13104_13117": 0.0019747133364905784, "13104_13118": 0.0006859832666006515, "13104_13119": 0.0022588654008983797, "13104_13120": 0.004844936209296652, "13104_13121": 0.0008926393134426888, "13104_13122": 0.0004075716479384624, "13104_13123": 0.0009270819879163617, "13105_13101": 0.013822993355434049, "13105_13102": 0.001604454585898595, "13105_13103": 0.001753706175284511, "13105_13104": 0.008386791234339346, "13105_13106": 0.009069904278067193, "13105_13107": 0.0006515405921269787, "13105_13108": 0.0010074482283549317, "13105_13109": 0.0002841520644078013, "13105_13110": 0.00011193869203943686, "13105_13111": 0.00020952626971484337, "13105_13112": 0.0003042436245174438, "13105_13113": 0.0005625636830699904, "13105_13114": 0.0003989609793200442, "13105_13115": 0.00023248805269729194, "13105_13116": 0.01528393679769234, "13105_13117": 0.004761699745985276, "13105_13118": 0.0024052467674114896, "13105_13119": 0.002187109829078228, "13105_13120": 0.0010246695655917683, "13105_13121": 0.0013834474246925273, "13105_13122": 0.0003989609793200442, "13105_13123": 0.00032720540749989235, "13106_13101": 0.01235343924455734, "13106_13102": 0.004847806432169458, "13106_13103": 0.0026176432599991388, "13106_13104": 0.0015700119114249221, "13106_13105": 0.007738120865085174, "13106_13107": 0.011409135919404142, "13106_13108": 0.001762316843902929, "13106_13109": 0.0007634792841664155, "13106_13110": 0.00011193869203943686, "13106_13111": 0.0005424721229603479, "13106_13112": 0.0002037858239692312, "13106_13113": 0.0008094028501313127, "13106_13114": 0.00016934314949555834, "13106_13115": 0.00017508359524117049, "13106_13116": 0.001133738034758399, "13106_13117": 0.002586070808398272, "13106_13118": 0.013556062628263085, "13106_13119": 0.00048506766550422643, "13106_13120": 0.00024970938993412837, "13106_13121": 0.004603837487980942, "13106_13122": 0.0023593232014465925, "13106_13123": 0.0008524561932234038, "13107_13101": 0.003955167118726769, "13107_13102": 0.00533574432054649, "13107_13103": 0.0018484235300871112, "13107_13104": 0.0010017077826093197, "13107_13105": 0.0007491281698023852, "13107_13106": 0.008980927369010204, "13107_13108": 0.015717340451486057, "13107_13109": 0.0005510827915787661, "13107_13110": 8.036624043857005e-05, "13107_13111": 0.00037025875059198347, "13107_13112": 0.0002152667154604555, "13107_13113": 0.0005510827915787661, "13107_13114": 0.00010045780054821256, "13107_13115": 0.00013777069789469153, "13107_13116": 0.000235358275570098, "13107_13117": 0.00029563295589902556, "13107_13118": 0.0013891878704381396, "13107_13119": 0.00013490047502188546, "13107_13120": 4.8793788837703246e-05, "13107_13121": 0.0023736743158106225, "13107_13122": 0.008989538037628622, "13107_13123": 0.005777758642958626, "13108_13101": 0.007212870079361663, "13108_13102": 0.017677702673612607, "13108_13103": 0.0057605373057217895, "13108_13104": 0.002138316040240525, "13108_13105": 0.001013188674100544, "13108_13106": 0.0019230493247800692, "13108_13107": 0.014844792698153012, "13108_13109": 0.00266069660309123, "13108_13110": 0.00029563295589902556, "13108_13111": 0.002083781805657209, "13108_13112": 0.0005396019000875418, "13108_13113": 0.0013346536358548242, "13108_13114": 0.00039035031070162597, "13108_13115": 0.00037025875059198347, "13108_13116": 0.0007175557182015184, "13108_13117": 0.0004075716479384624, "13108_13118": 0.0004908081112498386, "13108_13119": 0.000312854293135862, "13108_13120": 0.00028702228728060735, "13108_13121": 0.001018929119846156, "13108_13122": 0.0015700119114249221, "13108_13123": 0.02247097487119875, "13109_13101": 0.002577460139779854, "13109_13102": 0.002141186263113331, "13109_13103": 0.020582368220892353, "13109_13104": 0.00172500394655645, "13109_13105": 0.0003472969676095349, "13109_13106": 0.0007232961639471305, "13109_13107": 0.000508029448486675, "13109_13108": 0.00259468147701669, "13109_13110": 0.008920652688681276, "13109_13111": 0.026248188171811543, "13109_13112": 0.00195175155350813, "13109_13113": 0.004018312021928503, "13109_13114": 0.00035016719048234097, "13109_13115": 0.00039035031070162597, "13109_13116": 0.0007606090612936095, "13109_13117": 0.00041618231655688066, "13109_13118": 0.00018656448673239477, "13109_13119": 0.0003788694192104017, "13109_13120": 0.00023822849844290408, "13109_13121": 0.0002554498356797405, "13109_13122": 0.00022100716120606765, "13109_13123": 0.00039035031070162597, "13110_13101": 0.001018929119846156, "13110_13102": 0.000663021483618203, "13110_13103": 0.003871930655415393, "13110_13104": 0.0011452189262496234, "13110_13105": 0.00010619824629382472, "13110_13106": 8.323646331137612e-05, "13110_13107": 6.60151260745397e-05, "13110_13108": 0.0002841520644078013, "13110_13109": 0.007715159082102725, "13110_13111": 0.004339776983682783, "13110_13112": 0.0198963849542917, "13110_13113": 0.011426357256640977, "13110_13114": 0.0002927627330262195, "13110_13115": 0.0004621058825217778,