{"13101_13102": 0.03575677436954413, "13101_13103": 0.03512593962172648, "13101_13104": 0.025515655310378273, "13101_13105": 0.016253940349175558, "13101_13106": 0.016066394883608146, "13101_13107": 0.005148975509214355, "13101_13108": 0.010023263215324927, "13101_13109": 0.004660220659553831, "13101_13110": 0.0015515124878758488, "13101_13111": 0.003798269277400582, "13101_13112": 0.005264533826382153, "13101_13113": 0.008699078564500485, "13101_13114": 0.0027563500242483024, "13101_13115": 0.003731965324927255, "13101_13116": 0.005368725751697381, "13101_13117": 0.0048023005577109605, "13101_13118": 0.0031788009214354994, "13101_13119": 0.0030329322259941803, "13101_13120": 0.001996696168768186, "13101_13121": 0.0054482904946653735, "13101_13122": 0.0026426861057225995, "13101_13123": 0.004396899248302619, "13102_13101": 0.03904545041222114, "13102_13103": 0.023907310863239575, "13102_13104": 0.004019913918525703, "13102_13105": 0.0019228146217264792, "13102_13106": 0.006213627546071775, "13102_13107": 0.007196820441319108, "13102_13108": 0.02131577352085354, "13102_13109": 0.0032848872453928226, "13102_13110": 0.0011517943743937925, "13102_13111": 0.002847281159068865, "13102_13112": 0.0017276915615906886, "13102_13113": 0.0035766246362754607, "13102_13114": 0.00088847296314258, "13102_13115": 0.0007748090446168768, "13102_13116": 0.0015856116634335596, "13102_13117": 0.0012635638942774005, "13102_13118": 0.001314712657613967, "13102_13119": 0.0007009274975751697, "13102_13120": 0.0006706171193016488, "13102_13121": 0.0030859753879728417, "13102_13122": 0.0019569137972841903, "13102_13123": 0.003315197623666343, "13103_13101": 0.03281477327837051, "13103_13102": 0.023526536736178466, "13103_13104": 0.011652446047526674, "13103_13105": 0.0025384941804073714, "13103_13106": 0.004518140761396702, "13103_13107": 0.002936317895247333, "13103_13108": 0.008450912342386032, "13103_13109": 0.025701306377303588, "13103_13110": 0.004567395126091173, "13103_13111": 0.010828382638215325, "13103_13112": 0.005366831353055286, "13103_13113": 0.024259669010669255, "13103_13114": 0.0014454261639185258, "13103_13115": 0.0016253940349175557, "13103_13116": 0.002303588748787585, "13103_13117": 0.0027070956595538313, "13103_13118": 0.0019000818380213386, "13103_13119": 0.001168843962172648, "13103_13120": 0.0009547769156159069, "13103_13121": 0.0021122544859359846, "13103_13122": 0.00142458777885548, "13103_13123": 0.001996696168768186, "13104_13101": 0.021531734966052377, "13104_13102": 0.004203670586808923, "13104_13103": 0.010775339476236663, "13104_13105": 0.008890412827352085, "13104_13106": 0.0023945198836081475, "13104_13107": 0.0014359541707080505, "13104_13108": 0.0031674345295829294, "13104_13109": 0.0031806953200775945, "13104_13110": 0.001672754000969932, "13104_13111": 0.0010551800436469447, "13104_13112": 0.005092143549951503, "13104_13113": 0.02714862693986421, "13104_13114": 0.017087475751697383, "13104_13115": 0.006997908583899127, "13104_13116": 0.014003394762366634, "13104_13117": 0.002739300436469447, "13104_13118": 0.0009623545101842871, "13104_13119": 0.002762033220174588, "13104_13120": 0.00585558620271581, "13104_13121": 0.0011442167798254121, "13104_13122": 0.0004887548496605238, "13104_13123": 0.0011480055771096024, "13105_13101": 0.014963854873908826, "13105_13102": 0.0023206383365664404, "13105_13103": 0.0029571562803103785, "13105_13104": 0.0075719113724539286, "13105_13106": 0.007043374151309408, "13105_13107": 0.0008562681862269641, "13105_13108": 0.001490891731328807, "13105_13109": 0.0004357116876818623, "13105_13110": 0.0002027006547041707, "13105_13111": 0.00026900460717749756, "13105_13112": 0.0004792828564500485, "13105_13113": 0.001100645611057226, "13105_13114": 0.0005550588021338506, "13105_13115": 0.0003845629243452958, "13105_13116": 0.011646762851600387, "13105_13117": 0.0038588900339476236, "13105_13118": 0.00194933620271581, "13105_13119": 0.0026142701260911737, "13105_13120": 0.0014700533462657613, "13105_13121": 0.0016121332444228903, "13105_13122": 0.0005948411736178468, "13105_13123": 0.0004489724781765276, "13106_13101": 0.01316228176527643, "13106_13102": 0.006113224418040737, "13106_13103": 0.004336278491755577, "13106_13104": 0.002193713627546072, "13106_13105": 0.006355707444228904, "13106_13107": 0.009066591901066925, "13106_13108": 0.0023869422890397674, "13106_13109": 0.0012124151309408342, "13106_13110": 0.00017049587778855481, "13106_13111": 0.0009926648884578078, "13106_13112": 0.0002671102085354025, "13106_13113": 0.0014018549951503394, "13106_13114": 0.000284159796314258, "13106_13115": 0.00024248302618816683, "13106_13116": 0.0018697714597478176, "13106_13117": 0.003264048860329777, "13106_13118": 0.010924996968962172, "13106_13119": 0.0006440955383123181, "13106_13120": 0.0003334141610087294, "13106_13121": 0.00549186166343356, "13106_13122": 0.002701412463627546, "13106_13123": 0.00106086323957323, "13107_13101": 0.005071305164888458, "13107_13102": 0.005984405310378273, "13107_13103": 0.0032204776915615908, "13107_13104": 0.0013222902521823473, "13107_13105": 0.0008562681862269641, "13107_13106": 0.008060666222114451, "13107_13108": 0.014281871362754607, "13107_13109": 0.0009244665373423861, "13107_13110": 0.00010608632395732299, "13107_13111": 0.000566425193986421, "13107_13112": 0.0002273278370514064, "13107_13113": 0.0010002424830261882, "13107_13114": 0.00019322866149369545, "13107_13115": 0.00020459505334626576, "13107_13116": 0.0004091901066925315, "13107_13117": 0.0005095932347235694, "13107_13118": 0.0012900854752667314, "13107_13119": 0.0001875454655674103, "13107_13120": 6.440955383123181e-05, "13107_13121": 0.002974205868089234, "13107_13122": 0.006812257516973812, "13107_13123": 0.005279689015518914, "13108_13101": 0.011068971265761396, "13108_13102": 0.019360754122211447, "13108_13103": 0.00870476176042677, "13108_13104": 0.0032773096508244425, "13108_13105": 0.0015287797041707081, "13108_13106": 0.0025744877546071774, "13108_13107": 0.013980661978661494, "13108_13109": 0.0033909735693501454, "13108_13110": 0.0004300284917555771, "13108_13111": 0.002945789888457808, "13108_13112": 0.0009339385305528613, "13108_13113": 0.002557438166828322, "13108_13114": 0.000604313166828322, "13108_13115": 0.0004584444713870029, "13108_13116": 0.0012484087051406402, "13108_13117": 0.0005607419980601357, "13108_13118": 0.0006535675315227934, "13108_13119": 0.0004754940591658584, "13108_13120": 0.00035993574199806014, "13108_13121": 0.001523096508244423, "13108_13122": 0.0018489330746847721, "13108_13123": 0.018269580504364693, "13109_13101": 0.004705686226964112, "13109_13102": 0.0034629607177497574, "13109_13103": 0.024426376091173617, "13109_13104": 0.0029420010911736178, "13109_13105": 0.0005171708292919495, "13109_13106": 0.0012900854752667314, "13109_13107": 0.000852479388942774, "13109_13108": 0.0033133032250242484, "13109_13110": 0.008373241998060136, "13109_13111": 0.025142458777885547, "13109_13112": 0.002911690712900097, "13109_13113": 0.006245832322987391, "13109_13114": 0.000676300315227934, "13109_13115": 0.0008032250242483027, "13109_13116": 0.0014435317652764306, "13109_13117": 0.0007729146459747818, "13109_13118": 0.00035614694471387, "13109_13119": 0.0004982268428709991, "13109_13120": 0.00026900460717749756, "13109_13121": 0.0003239421677982541, "13109_13122": 0.00028984299224054316, "13109_13123": 0.0005758971871968962, "13110_13101": 0.001778840324927255, "13110_13102": 0.001246514306498545, "13110_13103": 0.00444615361299709, "13110_13104": 0.0014321653734238604, "13110_13105": 0.0002027006547041707, "13110_13106": 0.0001382911008729389, "13110_13107": 7.388154704170708e-05, "13110_13108": 0.0003864573229873909, "13110_13109": 0.00795836869544132, "13110_13111": 0.003946032371483996, "13110_13112": 0.015369256183317168, "13110_13113": 0.010860587415130941, "13110_13114": 0.00035614694471387, "13110_13115": 0.0006914555043646944, "13110_13116": 0.0005986299709020369,