{"13101_13102": 0.014313728833790904, "13101_13103": 0.010603141039851305, "13101_13104": 0.01087938884436335, "13101_13105": 0.007888409528844023, "13101_13106": 0.008570502873318214, "13101_13107": 0.002605596575891411, "13101_13108": 0.0036526098596592945, "13101_13109": 0.0013266715550023021, "13101_13110": 0.000542264208856982, "13101_13111": 0.0012209470866088024, "13101_13112": 0.0014801425575089952, "13101_13113": 0.00267380591033883, "13101_13114": 0.0008901318145388196, "13101_13115": 0.001091349351158706, "13101_13116": 0.001804136896134236, "13101_13117": 0.0015040158245655918, "13101_13118": 0.0012107156864416895, "13101_13119": 0.0010333714168783998, "13101_13120": 0.00048087580785430485, "13101_13121": 0.001657486827072285, "13101_13122": 0.0008833108810940777, "13101_13123": 0.00156881469229064, "13102_13101": 0.01586549119246969, "13102_13103": 0.009088893815118598, "13102_13104": 0.001561993758845898, "13102_13105": 0.0007980492130348038, "13102_13106": 0.002868202513513974, "13102_13107": 0.0037924389952765035, "13102_13108": 0.01180021485940351, "13102_13109": 0.0011425063519942705, "13102_13110": 0.0003683304060160633, "13102_13111": 0.0008219224800914005, "13102_13112": 0.0005593165424688369, "13102_13113": 0.001241409886943028, "13102_13114": 0.0002455536040107089, "13102_13115": 0.00028647920467916036, "13102_13116": 0.0005320328086898692, "13102_13117": 0.0002421431372883379, "13102_13118": 0.00037174087273843427, "13102_13119": 0.000310352471735757, "13102_13120": 0.00019780706989751547, "13102_13121": 0.0009992667496546903, "13102_13122": 0.0006957352113636751, "13102_13123": 0.0012959773545009635, "13103_13101": 0.01091008304486469, "13103_13102": 0.00859437614037481, "13103_13104": 0.005119110550278806, "13103_13105": 0.0009685725491533516, "13103_13106": 0.0012959773545009635, "13103_13107": 0.000937878348652013, "13103_13108": 0.0034036457889262146, "13103_13109": 0.011987790529133912, "13103_13110": 0.002356632505158331, "13103_13111": 0.003819722729055471, "13103_13112": 0.002114489367869993, "13103_13113": 0.012189008065753798, "13103_13114": 0.0004570025407977082, "13103_13115": 0.0005252118752451273, "13103_13116": 0.000702556144808417, "13103_13117": 0.0006172944767491431, "13103_13118": 0.00047405487440956294, "13103_13119": 0.00041266647340688575, "13103_13120": 0.0002591954709001927, "13103_13121": 0.000780996879422949, "13103_13122": 0.00048769674129904675, "13103_13123": 0.0005797793428030626, "13104_13101": 0.009000221680336954, "13104_13102": 0.0017598008287434135, "13104_13103": 0.004836041812322016, "13104_13105": 0.005794382961308255, "13104_13106": 0.0009992667496546903, "13104_13107": 0.0006548096106952237, "13104_13108": 0.001336902955169415, "13104_13109": 0.001012908616544174, "13104_13110": 0.0007264294118650138, "13104_13111": 0.0005695479426359498, "13104_13112": 0.0026431117098374914, "13104_13113": 0.015561959654178675, "13104_13114": 0.013467933086642908, "13104_13115": 0.004133485667513599, "13104_13116": 0.010180243166277305, "13104_13117": 0.0011595586856061252, "13104_13118": 0.00039561413979503094, "13104_13119": 0.0016881810275736235, "13104_13120": 0.003195607318861586, "13104_13121": 0.000545674675579353, "13104_13122": 0.0003308152720699828, "13104_13123": 0.000624115410193885, "13105_13101": 0.006459423972170591, "13105_13102": 0.0008560271473151101, "13105_13103": 0.0009583411489862387, "13105_13104": 0.005074774482887983, "13105_13106": 0.005654553825691046, "13105_13107": 0.0005593165424688369, "13105_13108": 0.0005934212096925464, "13105_13109": 0.00015347100250669304, "13105_13110": 8.185120133690296e-05, "13105_13111": 0.00013641866889483825, "13105_13112": 0.0002182698702317412, "13105_13113": 0.00041948740685162765, "13105_13114": 0.00026942687106730554, "13105_13115": 0.00012277680200535444, "13105_13116": 0.008932012345889535, "13105_13117": 0.0027863513121770714, "13105_13118": 0.0016097402929590914, "13105_13119": 0.001251641287110141, "13105_13120": 0.0004979281414661597, "13105_13121": 0.0009958562829323193, "13105_13122": 0.0002830687379567894, "13105_13123": 0.00023873267056596695, "13106_13101": 0.007127875449755299, "13106_13102": 0.0027113210442849104, "13106_13103": 0.0015040158245655918, "13106_13104": 0.0010299609501560288, "13106_13105": 0.005180498951281483, "13106_13107": 0.00741776512115683, "13106_13108": 0.001173200552495609, "13106_13109": 0.00036491993929369237, "13106_13110": 9.208260150401583e-05, "13106_13111": 0.0003512780724042085, "13106_13112": 0.00015006053578432208, "13106_13113": 0.0005695479426359498, "13106_13114": 0.00016029193595143497, "13106_13115": 8.526166805927391e-05, "13106_13116": 0.000859437614037481, "13106_13117": 0.0016199716931262042, "13106_13118": 0.008492062138703682, "13106_13119": 0.00032058387190286993, "13106_13120": 0.00011254540183824157, "13106_13121": 0.0031001142506351994, "13106_13122": 0.001408522756339205, "13106_13123": 0.0006036526098596593, "13107_13101": 0.002182698702317412, "13107_13102": 0.0030216735160206675, "13107_13103": 0.001019729549988916, "13107_13104": 0.0006684514775847075, "13107_13105": 0.0005900107429701755, "13107_13106": 0.006554917040396979, "13107_13108": 0.011558071722115171, "13107_13109": 0.00030012107156864417, "13107_13110": 6.138840100267722e-05, "13107_13111": 0.00021485940350937026, "13107_13112": 0.00017052333611854782, "13107_13113": 0.00034786760568183755, "13107_13114": 8.526166805927391e-05, "13107_13115": 7.8440734614532e-05, "13107_13116": 0.00023191173712122504, "13107_13117": 0.00023873267056596695, "13107_13118": 0.001244820353665399, "13107_13119": 0.00012277680200535444, "13107_13120": 5.797793428030626e-05, "13107_13121": 0.0020053544327541225, "13107_13122": 0.005944443497092577, "13107_13123": 0.00431424040379926, "13108_13101": 0.0036594307931040364, "13108_13102": 0.010439438637177497, "13108_13103": 0.00345821325648415, "13108_13104": 0.0012652831539996248, "13108_13105": 0.0005286223419674982, "13108_13106": 0.001330082021724673, "13108_13107": 0.011254540183824156, "13108_13109": 0.0015551728254011561, "13108_13110": 0.0002182698702317412, "13108_13111": 0.0015040158245655918, "13108_13112": 0.00038197227290554713, "13108_13113": 0.0008185120133690296, "13108_13114": 0.00023191173712122504, "13108_13115": 0.0002114489367869993, "13108_13116": 0.0004297188070187405, "13108_13117": 0.00028647920467916036, "13108_13118": 0.000310352471735757, "13108_13119": 0.00022168033695411216, "13108_13120": 0.0001261872687277254, "13108_13121": 0.0007775864127005781, "13108_13122": 0.0013130296881128183, "13108_13123": 0.01504697917910066, "13109_13101": 0.0013641866889483826, "13109_13102": 0.001173200552495609, "13109_13103": 0.010985113312756851, "13109_13104": 0.0009924458162099484, "13109_13105": 0.00015006053578432208, "13109_13106": 0.0004228978735739986, "13109_13107": 0.0003239943386252409, "13109_13108": 0.0014426274235629145, "13109_13110": 0.006244564568661222, "13109_13111": 0.016189485531094932, "13109_13112": 0.001340313421891786, "13109_13113": 0.002609007042613782, "13109_13114": 0.00017393380284091878, "13109_13115": 0.0003512780724042085, "13109_13116": 0.0004297188070187405, "13109_13117": 0.00020803847006462835, "13109_13118": 0.00012959773545009634, "13109_13119": 0.0002114489367869993, "13109_13120": 9.208260150401583e-05, "13109_13121": 0.000235322203843596, "13109_13122": 0.00012277680200535444, "13109_13123": 0.0002898896714015313, "13110_13101": 0.0005081595416332725, "13110_13102": 0.0003990246065174019, "13110_13103": 0.002223624302985864, "13110_13104": 0.00078440734614532, "13110_13105": 9.549306822638678e-05, "13110_13106": 0.0001023140016711287, "13110_13107": 4.092560066845148e-05, "13110_13108": 0.00019780706989751547, "13110_13109": 0.005869413229200416, "13110_13111": 0.003287689920365602, "13110_13112": 0.013556605221424552, "13110_13113": 0.007649676858278056, "13110_13114": 0.0002421431372883379, "13110_13115": 0.00034786760568183755,