{"13101_13102": 0.030644802684199432, "13101_13103": 0.028040297641219323, "13101_13104": 0.025121057509896832, "13101_13105": 0.017628052425048293, "13101_13106": 0.016129451408078584, "13101_13107": 0.004143530750195626, "13101_13108": 0.006817335262168553, "13101_13109": 0.0027979660605850607, "13101_13110": 0.0010135047340199756, "13101_13111": 0.0021020838927821714, "13101_13112": 0.0029625522994430054, "13101_13113": 0.005578607253921917, "13101_13114": 0.0017526990699433765, "13101_13115": 0.002203145618396699, "13101_13116": 0.003233975219664879, "13101_13117": 0.002887477874700785, "13101_13118": 0.002104971370656872, "13101_13119": 0.0019432726096736284, "13101_13120": 0.0014986010169697076, "13101_13121": 0.0034591984938915406, "13101_13122": 0.0017671364593168804, "13101_13123": 0.002927902564946596, "13102_13101": 0.03460930980616361, "13102_13103": 0.01927968976937714, "13102_13104": 0.002644929733225919, "13102_13105": 0.0013657770347334714, "13102_13106": 0.005347609023945854, "13102_13107": 0.0074294805716051205, "13102_13108": 0.02166474649387999, "13102_13109": 0.0020212345122905496, "13102_13110": 0.0006352451324341727, "13102_13111": 0.0015679004859625264, "13102_13112": 0.0011723160171285187, "13102_13113": 0.0020096846007917465, "13102_13114": 0.0005226334953208421, "13102_13115": 0.0004273467254557162, "13102_13116": 0.0008431435394126292, "13102_13117": 0.0005803830528148578, "13102_13118": 0.000886455707533141, "13102_13119": 0.0003869220352099052, "13102_13120": 0.0003695971679617005, "13102_13121": 0.0017267117690710695, "13102_13122": 0.0012214031409984321, "13102_13123": 0.0023157572555100297, "13103_13101": 0.025987300872307065, "13103_13102": 0.019169965610138513, "13103_13104": 0.010198571853443174, "13103_13105": 0.0016862870788252585, "13103_13106": 0.0027604288482139506, "13103_13107": 0.0016487498664541484, "13103_13108": 0.005460220661059185, "13103_13109": 0.02387077959015139, "13103_13110": 0.004117543449323319, "13103_13111": 0.007033896102771112, "13103_13112": 0.0035284979628843593, "13103_13113": 0.023296171493085934, "13103_13114": 0.0008546934509114324, "13103_13115": 0.0009268803977789521, "13103_13116": 0.0011838659286273218, "13103_13117": 0.0013773269462322745, "13103_13118": 0.0008980056190319442, "13103_13119": 0.0007709565925451096, "13103_13120": 0.000511083583822039, "13103_13121": 0.001463951282473298, "13103_13122": 0.0009326553535283536, "13103_13123": 0.001316689910863558, "13104_13101": 0.019213277778259024, "13104_13102": 0.0031820006179202652, "13104_13103": 0.008772157783340985, "13104_13105": 0.01055661910990607, "13104_13106": 0.00165452482220355, "13104_13107": 0.0010828042030127944, "13104_13108": 0.0024023815917510534, "13104_13109": 0.001720936813321668, "13104_13110": 0.0012040782737502275, "13104_13111": 0.0007449692916728025, "13104_13112": 0.0037161840247399106, "13104_13113": 0.02475146034193513, "13104_13114": 0.020059308795546352, "13104_13115": 0.005653681678664137, "13104_13116": 0.01588112831085432, "13104_13117": 0.0018595357513073057, "13104_13118": 0.000658344955431779, "13104_13119": 0.0023821692466281475, "13104_13120": 0.004894274997617831, "13104_13121": 0.0009095555305307473, "13104_13122": 0.00038980951308460596, "13104_13123": 0.0007767315482945112, "13105_13101": 0.013784819373821549, "13105_13102": 0.0016487498664541484, "13105_13103": 0.0017555865478180773, "13105_13104": 0.008336148624261167, "13105_13106": 0.0088270198629603, "13105_13107": 0.0006641199111811805, "13105_13108": 0.001007729778270574, "13105_13109": 0.00029741022109418085, "13105_13110": 0.00012127407073743298, "13105_13111": 0.0002309982299760628, "13105_13112": 0.0002165608406025589, "13105_13113": 0.0006496825218076767, "13105_13114": 0.0003291724777158895, "13105_13115": 0.00020789840697845653, "13105_13116": 0.014882060966207847, "13105_13117": 0.004960686988735949, "13105_13118": 0.0023042073440112266, "13105_13119": 0.002191595706897896, "13105_13120": 0.0010423795127669833, "13105_13121": 0.0014755011939721011, "13105_13122": 0.0003464973449640942, "13105_13123": 0.0003638222122122989, "13106_13101": 0.011827109374774415, "13106_13102": 0.004666164245516469, "13106_13103": 0.0027113417243440374, "13106_13104": 0.0016169876098324396, "13106_13105": 0.0074670177839762306, "13106_13107": 0.010559506587780772, "13106_13108": 0.0015967752647095342, "13106_13109": 0.0006208077430606688, "13106_13110": 0.00012416154861213377, "13106_13111": 0.0005081961059473382, "13106_13112": 0.00018479858398085024, "13106_13113": 0.0007680691146704088, "13106_13114": 0.00018768606185555104, "13106_13115": 0.00017036119460734633, "13106_13116": 0.001261827831244243, "13106_13117": 0.0025900676536066043, "13106_13118": 0.01316978658651028, "13106_13119": 0.0004215717697063146, "13106_13120": 0.00020501092910375575, "13106_13121": 0.004697926502138177, "13106_13122": 0.0020847590255339667, "13106_13123": 0.0008373685836632277, "13107_13101": 0.004062681369704005, "13107_13102": 0.005209010085960216, "13107_13103": 0.0018912980079290142, "13107_13104": 0.0010279421233934795, "13107_13105": 0.0007218694686751963, "13107_13106": 0.008157124996029719, "13107_13108": 0.015017772426318783, "13107_13109": 0.000537070884694346, "13107_13110": 8.951181411572434e-05, "13107_13111": 0.00034360986708939343, "13107_13112": 0.00019923597335435417, "13107_13113": 0.0005515082740678499, "13107_13114": 7.507442474222042e-05, "13107_13115": 0.00013282398223623613, "13107_13116": 0.00032051004409178717, "13107_13117": 0.0003551597785881966, "13107_13118": 0.001290702609991251, "13107_13119": 0.00010394920348922827, "13107_13120": 4.042469024581099e-05, "13107_13121": 0.0025727427863583997, "13107_13122": 0.008844344730208505, "13107_13123": 0.00566523159016294, "13108_13101": 0.006883747253286672, "13108_13102": 0.017668477115294103, "13108_13103": 0.005766293315777468, "13108_13104": 0.002113633804280975, "13108_13105": 0.0011030165481356999, "13108_13106": 0.0017498115920686758, "13108_13107": 0.014258365745272478, "13108_13109": 0.002566967830608998, "13108_13110": 0.00023677318572546438, "13108_13111": 0.0022782200431389196, "13108_13112": 0.0006352451324341727, "13108_13113": 0.001302252521490054, "13108_13114": 0.0003753721237111021, "13108_13115": 0.00028586030959537774, "13108_13116": 0.0007420818137981017, "13108_13117": 0.0004475590705786217, "13108_13118": 0.0004215717697063146, "13108_13119": 0.0003464973449640942, "13108_13120": 0.0002916352653447793, "13108_13121": 0.0011232288932586053, "13108_13122": 0.001489938583345605, "13108_13123": 0.021644534148757087, "13109_13101": 0.0025409805297366907, "13109_13102": 0.0022349078750184075, "13109_13103": 0.020616592025363607, "13109_13104": 0.0019172853088013212, "13109_13105": 0.00024543561934956676, "13109_13106": 0.0005948204421883617, "13109_13107": 0.0004619964599521256, "13109_13108": 0.0025611928748595966, "13109_13110": 0.008434322872000993, "13109_13111": 0.025741865252957498, "13109_13112": 0.0021165212821556757, "13109_13113": 0.00408289371482691, "13109_13114": 0.00032339752196648794, "13109_13115": 0.00047354637145092875, "13109_13116": 0.0007882814597933144, "13109_13117": 0.00043889663695451933, "13109_13118": 0.0002338857078507636, "13109_13119": 0.00035227230071349576, "13109_13120": 0.00018768606185555104, "13109_13121": 0.00024832309722426754, "13109_13122": 0.0002107858848531573, "13109_13123": 0.0004244592475810154, "13110_13101": 0.0010308296012681802, "13110_13102": 0.0007363068580487002, "13110_13103": 0.0036786468123688, "13110_13104": 0.0011780909728779203, "13110_13105": 0.00010394920348922827, "13110_13106": 0.00010683668136392906, "13110_13107": 4.3312168120511776e-05, "13110_13108": 0.0002540980529736691, "13110_13109": 0.007438143005229223, "13110_13111": 0.004212830219188445, "13110_13112": 0.01917285308801321, "13110_13113": 0.011324688224576478, "13110_13114": 0.000268535442347173, "13110_13115": 0.000537070884694346,