{"13101_13102": 0.026357971841704717, "13101_13103": 0.02278586377473364, "13101_13104": 0.016968702435312025, "13101_13105": 0.015051845509893455, "13101_13106": 0.01509703196347032, "13101_13107": 0.0035839992389649924, "13101_13108": 0.004794520547945206, "13101_13109": 0.001036910197869102, "13101_13110": 0.0004589992389649924, "13101_13111": 0.0007967085235920852, "13101_13112": 0.0011558219178082192, "13101_13113": 0.0038432267884322678, "13101_13114": 0.0007800608828006088, "13101_13115": 0.000815734398782344, "13101_13116": 0.0013199200913242008, "13101_13117": 0.0015981735159817352, "13101_13118": 0.0021404109589041095, "13101_13119": 0.0005636415525114156, "13101_13120": 0.00035197869101978693, "13101_13121": 0.002102359208523592, "13101_13122": 0.0006397450532724505, "13101_13123": 0.0014150494672754946, "13102_13101": 0.029754090563165907, "13102_13103": 0.014626141552511416, "13102_13104": 0.000967941400304414, "13102_13105": 0.0006825532724505328, "13102_13106": 0.00437357305936073, "13102_13107": 0.0053557838660578385, "13102_13108": 0.01587947108066971, "13102_13109": 0.0008894596651445966, "13102_13110": 0.00027825342465753424, "13102_13111": 0.0006112062404870624, "13102_13112": 0.00034722222222222224, "13102_13113": 0.0013532153729071538, "13102_13114": 0.0001783675799086758, "13102_13115": 0.00022831050228310502, "13102_13116": 0.0002592275494672755, "13102_13117": 0.0002449581430745814, "13102_13118": 0.0006421232876712328, "13102_13119": 0.0001355593607305936, "13102_13120": 0.00022355403348554034, "13102_13121": 0.0007824391171993912, "13102_13122": 0.0005065639269406393, "13102_13123": 0.0010702054794520547, "13103_13101": 0.020883276255707763, "13103_13102": 0.014233732876712328, "13103_13104": 0.005286815068493151, "13103_13105": 0.0012057648401826485, "13103_13106": 0.0011605783866057838, "13103_13107": 0.0011986301369863014, "13103_13108": 0.0029823059360730595, "13103_13109": 0.017981830289193302, "13103_13110": 0.0019739345509893454, "13103_13111": 0.003912195585996956, "13103_13112": 0.001610064687975647, "13103_13113": 0.018352834855403347, "13103_13114": 0.00027349695585996954, "13103_13115": 0.00033770928462709284, "13103_13116": 0.0003781392694063927, "13103_13117": 0.000518455098934551, "13103_13118": 0.00027825342465753424, "13103_13119": 0.0003020357686453577, "13103_13120": 0.0003139269406392694, "13103_13121": 0.0006088280060882801, "13103_13122": 0.0003091704718417047, "13103_13123": 0.0005802891933028919, "13104_13101": 0.013558314307458142, "13104_13102": 0.0010797184170471842, "13104_13103": 0.004173801369863014, "13104_13105": 0.008259608066971081, "13104_13106": 0.0007539003044140031, "13104_13107": 0.000504185692541857, "13104_13108": 0.0006445015220700153, "13104_13109": 0.0006040715372907154, "13104_13110": 0.0005303462709284627, "13104_13111": 0.0003400875190258752, "13104_13112": 0.0017598934550989345, "13104_13113": 0.023237728310502283, "13104_13114": 0.014119577625570777, "13104_13115": 0.0030251141552511416, "13104_13116": 0.01178890791476408, "13104_13117": 0.0011605783866057838, "13104_13118": 0.00022355403348554034, "13104_13119": 0.0013484589041095891, "13104_13120": 0.0017931887366818874, "13104_13121": 0.0003163051750380518, "13104_13122": 0.00011415525114155251, "13104_13123": 0.0003710045662100457, "13105_13101": 0.0110183599695586, "13105_13102": 0.0007087138508371385, "13105_13103": 0.0010321537290715374, "13105_13104": 0.005798135464231355, "13105_13106": 0.007194159056316591, "13105_13107": 0.0003353310502283105, "13105_13108": 0.0002592275494672755, "13105_13109": 0.00014982876712328768, "13105_13110": 5.7077625570776254e-05, "13105_13111": 0.0001902587519025875, "13105_13112": 0.00010702054794520547, "13105_13113": 0.00040192161339421613, "13105_13114": 0.0002639840182648402, "13105_13115": 0.00017361111111111112, "13105_13116": 0.010528443683409437, "13105_13117": 0.0036933980213089803, "13105_13118": 0.0017313546423135464, "13105_13119": 0.0009275114155251141, "13105_13120": 0.0003781392694063927, "13105_13121": 0.001167713089802131, "13105_13122": 0.00014982876712328768, "13105_13123": 0.00014982876712328768, "13106_13101": 0.010388127853881279, "13106_13102": 0.0032058599695585998, "13106_13103": 0.0011558219178082192, "13106_13104": 0.0006801750380517504, "13106_13105": 0.005510369101978691, "13106_13107": 0.008266742770167427, "13106_13108": 0.001044044901065449, "13106_13109": 0.0001783675799086758, "13106_13110": 2.8538812785388127e-05, "13106_13111": 0.00011177701674277017, "13106_13112": 7.610350076103501e-05, "13106_13113": 0.0006825532724505328, "13106_13114": 8.799467275494673e-05, "13106_13115": 4.5186453576864535e-05, "13106_13116": 0.0006230974124809742, "13106_13117": 0.0025185502283105025, "13106_13118": 0.012150399543378996, "13106_13119": 7.134703196347032e-05, "13106_13120": 6.896879756468798e-05, "13106_13121": 0.0030370053272450533, "13106_13122": 0.0010844748858447489, "13106_13123": 0.0003828957382039574, "13107_13101": 0.0026874048706240486, "13107_13102": 0.0033176369863013697, "13107_13103": 0.0011605783866057838, "13107_13104": 0.00039240867579908674, "13107_13105": 0.00035197869101978693, "13107_13106": 0.006128710045662101, "13107_13108": 0.012319254185692541, "13107_13109": 0.0003305745814307458, "13107_13110": 3.3295281582952815e-05, "13107_13111": 0.00010702054794520547, "13107_13112": 8.799467275494673e-05, "13107_13113": 0.00023068873668188736, "13107_13114": 0.00010702054794520547, "13107_13115": 5.9455859969558596e-05, "13107_13116": 7.848173515981735e-05, "13107_13117": 8.561643835616438e-05, "13107_13118": 0.0007943302891933029, "13107_13119": 4.280821917808219e-05, "13107_13120": 3.567351598173516e-05, "13107_13121": 0.0014578576864535768, "13107_13122": 0.005503234398782344, "13107_13123": 0.0038812785388127853, "13108_13101": 0.005010939878234399, "13108_13102": 0.012514269406392694, "13108_13103": 0.003248668188736682, "13108_13104": 0.0005993150684931507, "13108_13105": 0.0003567351598173516, "13108_13106": 0.0011272831050228311, "13108_13107": 0.011429794520547945, "13108_13109": 0.0012890030441400305, "13108_13110": 0.00017123287671232877, "13108_13111": 0.00106544901065449, "13108_13112": 0.00022355403348554034, "13108_13113": 0.0004922945205479452, "13108_13114": 0.00011415525114155251, "13108_13115": 8.799467275494673e-05, "13108_13116": 0.00017123287671232877, "13108_13117": 0.00014507229832572298, "13108_13118": 0.0001950152207001522, "13108_13119": 9.512937595129375e-05, "13108_13120": 0.0001355593607305936, "13108_13121": 0.000532724505327245, "13108_13122": 0.0007800608828006088, "13108_13123": 0.013451293759512938, "13109_13101": 0.0011463089802130897, "13109_13102": 0.0008466514459665145, "13109_13103": 0.015946061643835618, "13109_13104": 0.0006373668188736682, "13109_13105": 0.00015458523592085235, "13109_13106": 0.00017123287671232877, "13109_13107": 0.00030441400304414006, "13109_13108": 0.0012842465753424657, "13109_13110": 0.006884988584474886, "13109_13111": 0.016797469558599697, "13109_13112": 0.0008704337899543379, "13109_13113": 0.002661244292237443, "13109_13114": 0.00014031582952815828, "13109_13115": 0.00014269406392694063, "13109_13116": 0.00028538812785388126, "13109_13117": 0.00011653348554033486, "13109_13118": 3.567351598173516e-05, "13109_13119": 9.75076103500761e-05, "13109_13120": 0.00010702054794520547, "13109_13121": 0.00015458523592085235, "13109_13122": 7.372526636225266e-05, "13109_13123": 0.00016647640791476407, "13110_13101": 0.00043521689497716897, "13110_13102": 0.0003281963470319635, "13110_13103": 0.001721841704718417, "13110_13104": 0.0005493721461187214, "13110_13105": 6.421232876712328e-05, "13110_13106": 3.091704718417047e-05, "13110_13107": 3.805175038051751e-05, "13110_13108": 0.00013318112633181126, "13110_13109": 0.00602644596651446, "13110_13111": 0.002632705479452055, "13110_13112": 0.013018455098934551, "13110_13113": 0.008071727549467276, "13110_13114": 0.00013793759512937596,