{"13101_13102": 0.018554901423877328, "13101_13103": 0.013167442497261775, "13101_13104": 0.012660870755750274, "13101_13105": 0.00963855421686747, "13101_13106": 0.010525054764512596, "13101_13107": 0.0025362814895947424, "13101_13108": 0.004299014238773275, "13101_13109": 0.0013828039430449069, "13101_13110": 0.000571604600219058, "13101_13111": 0.0012561610076670317, "13101_13112": 0.0015984392113910185, "13101_13113": 0.002998357064622125, "13101_13114": 0.0010234118291347206, "13101_13115": 0.0012322015334063528, "13101_13116": 0.0020262869660460023, "13101_13117": 0.0016805859802847755, "13101_13118": 0.0012801204819277109, "13101_13119": 0.0009960295728368017, "13101_13120": 0.0008180449069003286, "13101_13121": 0.001879107338444688, "13101_13122": 0.0009412650602409639, "13101_13123": 0.0017148138006571742, "13102_13101": 0.020920043811610077, "13102_13103": 0.011226725082146768, "13102_13104": 0.0016771631982475355, "13102_13105": 0.0009446878422782037, "13102_13106": 0.0035870755750273824, "13102_13107": 0.004476998904709748, "13102_13108": 0.01434145673603505, "13102_13109": 0.0012595837897042717, "13102_13110": 0.00044496166484118293, "13102_13111": 0.001064485213581599, "13102_13112": 0.0007256297918948521, "13102_13113": 0.0013519989047097482, "13102_13114": 0.0003354326396495071, "13102_13115": 0.0002943592552026287, "13102_13116": 0.000677710843373494, "13102_13117": 0.0003354326396495071, "13102_13118": 0.0005305312157721796, "13102_13119": 0.0003251642935377875, "13102_13120": 0.00023617196056955093, "13102_13121": 0.001174014238773275, "13102_13122": 0.0007085158817086528, "13102_13123": 0.0015676341730558598, "13103_13101": 0.012818318729463308, "13103_13102": 0.010853641840087623, "13103_13104": 0.0054832968236582695, "13103_13105": 0.0008556955093099671, "13103_13106": 0.001458105147864184, "13103_13107": 0.0008488499452354874, "13103_13108": 0.003484392113910186, "13103_13109": 0.013454956188389924, "13103_13110": 0.0024027929901423877, "13103_13111": 0.004261363636363636, "13103_13112": 0.0021803121577217963, "13103_13113": 0.01355421686746988, "13103_13114": 0.0005544906900328587, "13103_13115": 0.0004791894852135816, "13103_13116": 0.0007358981380065718, "13103_13117": 0.000650328587075575, "13103_13118": 0.0005544906900328587, "13103_13119": 0.00038677437020810516, "13103_13120": 0.0003251642935377875, "13103_13121": 0.00078039430449069, "13103_13122": 0.0004586527929901424, "13103_13123": 0.0007256297918948521, "13104_13101": 0.009850766703176342, "13104_13102": 0.0019612541073384445, "13104_13103": 0.004819277108433735, "13104_13105": 0.006137048192771085, "13104_13106": 0.0011226725082146768, "13104_13107": 0.0006845564074479737, "13104_13108": 0.0013999178532311063, "13104_13109": 0.0010199890470974809, "13104_13110": 0.0007427437020810515, "13104_13111": 0.0005236856516976999, "13104_13112": 0.0026081599123767797, "13104_13113": 0.016063116100766703, "13104_13114": 0.013865690032858707, "13104_13115": 0.0038095564074479738, "13104_13116": 0.01069619386637459, "13104_13117": 0.0011671686746987952, "13104_13118": 0.00036966046002190583, "13104_13119": 0.0014478368017524644, "13104_13120": 0.0030360076670317634, "13104_13121": 0.0005305312157721796, "13104_13122": 0.00028751369112814894, "13104_13123": 0.0005442223439211391, "13105_13101": 0.00756434830230011, "13105_13102": 0.0010097207009857612, "13105_13103": 0.0009857612267250822, "13105_13104": 0.005096522453450165, "13105_13106": 0.006167853231106244, "13105_13107": 0.0005031489594742607, "13105_13108": 0.0006674424972617744, "13105_13109": 0.00015060240963855423, "13105_13110": 5.8187294633077766e-05, "13105_13111": 0.00012322015334063528, "13105_13112": 0.00020878970427163198, "13105_13113": 0.0004210021905805038, "13105_13114": 0.0002498630887185104, "13105_13115": 0.00016771631982475356, "13105_13116": 0.00936130887185104, "13105_13117": 0.0030325848849945235, "13105_13118": 0.0017353504928806134, "13105_13119": 0.0012356243154435925, "13105_13120": 0.0006126779846659365, "13105_13121": 0.0009001916757940855, "13105_13122": 0.00024644030668127055, "13105_13123": 0.0002395947426067908, "13106_13101": 0.007892935377875138, "13106_13102": 0.0032756024096385543, "13106_13103": 0.0016052847754654985, "13106_13104": 0.001067907995618839, "13106_13105": 0.005613362541073384, "13106_13107": 0.007667031763417305, "13106_13108": 0.0012424698795180723, "13106_13109": 0.0004381161007667032, "13106_13110": 5.8187294633077766e-05, "13106_13111": 0.00048261226725082146, "13106_13112": 0.00012664293537787514, "13106_13113": 0.0005579134720700986, "13106_13114": 0.00016087075575027383, "13106_13115": 9.583789704271632e-05, "13106_13116": 0.0009241511500547645, "13106_13117": 0.0017764238773274918, "13106_13118": 0.009819961664841182, "13106_13119": 0.0002635542168674699, "13106_13120": 0.00015744797371303396, "13106_13121": 0.003255065717415115, "13106_13122": 0.0016497809419496166, "13106_13123": 0.0006366374589266156, "13107_13101": 0.0025362814895947424, "13107_13102": 0.0032790251916757942, "13107_13103": 0.000989184008762322, "13107_13104": 0.0005168400876232202, "13107_13105": 0.00043469331872946333, "13107_13106": 0.006198658269441402, "13107_13108": 0.011746987951807229, "13107_13109": 0.0003148959474260679, "13107_13110": 4.791894852135816e-05, "13107_13111": 0.0002190580503833516, "13107_13112": 0.00015744797371303396, "13107_13113": 0.00043469331872946333, "13107_13114": 0.0001095290251916758, "13107_13115": 8.556955093099671e-05, "13107_13116": 0.00017798466593647316, "13107_13117": 0.00018825301204819278, "13107_13118": 0.0011637458926615552, "13107_13119": 0.00010268346111719605, "13107_13120": 3.080503833515882e-05, "13107_13121": 0.0019372946330777656, "13107_13122": 0.006010405257393209, "13107_13123": 0.004244249726177437, "13108_13101": 0.004203176341730558, "13108_13102": 0.012123493975903614, "13108_13103": 0.0035596933187294635, "13108_13104": 0.0014649507119386636, "13108_13105": 0.0007085158817086528, "13108_13106": 0.001358844468784228, "13108_13107": 0.011620345016429353, "13108_13109": 0.0015231380065717415, "13108_13110": 0.0002190580503833516, "13108_13111": 0.0014786418400876233, "13108_13112": 0.00045180722891566266, "13108_13113": 0.0008728094194961665, "13108_13114": 0.0002635542168674699, "13108_13115": 0.00022248083242059147, "13108_13116": 0.00045523001095290253, "13108_13117": 0.00018483023001095292, "13108_13118": 0.00033200985761226725, "13108_13119": 0.0002498630887185104, "13108_13120": 0.0001642935377875137, "13108_13121": 0.0006982475355969332, "13108_13122": 0.001146631982475356, "13108_13123": 0.016015197152245347, "13109_13101": 0.001509446878422782, "13109_13102": 0.0012903888280394304, "13109_13103": 0.012349397590361445, "13109_13104": 0.000992606790799562, "13109_13105": 0.00020194414019715224, "13109_13106": 0.00040731106243154435, "13109_13107": 0.00031147316538882806, "13109_13108": 0.001430722891566265, "13109_13110": 0.006414293537787514, "13109_13111": 0.01793537787513691, "13109_13112": 0.0014546823658269442, "13109_13113": 0.0026013143483023, "13109_13114": 0.0002293263964950712, "13109_13115": 0.0002806681270536692, "13109_13116": 0.00044153888280394307, "13109_13117": 0.00020878970427163198, "13109_13118": 0.00012322015334063528, "13109_13119": 0.00019167579408543265, "13109_13120": 0.000130065717415115, "13109_13121": 0.0001745618838992333, "13109_13122": 8.556955093099671e-05, "13109_13123": 0.00024301752464403066, "13110_13101": 0.00048261226725082146, "13110_13102": 0.0004928806133625411, "13110_13103": 0.0022179627601314348, "13110_13104": 0.0006914019715224534, "13110_13105": 4.107338444687842e-05, "13110_13106": 6.161007667031764e-05, "13110_13107": 5.134173055859803e-05, "13110_13108": 0.00018825301204819278, "13110_13109": 0.005839266155531216, "13110_13111": 0.0032139923329682365, "13110_13112": 0.013383077765607886, "13110_13113": 0.007584884994523549, "13110_13114": 0.00019167579408543265,