{"13101_13102": 0.02715964403362997, "13101_13103": 0.024239146467377945, "13101_13104": 0.022888703148302932, "13101_13105": 0.01603159775144632, "13101_13106": 0.015487487093760756, "13101_13107": 0.003756330203058164, "13101_13108": 0.006483439041578576, "13101_13109": 0.0021436648802792666, "13101_13110": 0.0008981103626858088, "13101_13111": 0.0018158873756494091, "13101_13112": 0.002559942311159185, "13101_13113": 0.0044118852123178785, "13101_13114": 0.001533998721667732, "13101_13115": 0.0018486651261123948, "13101_13116": 0.0029336086664372226, "13101_13117": 0.0027074421882426207, "13101_13118": 0.0018814428765753807, "13101_13119": 0.0014815543209269549, "13101_13120": 0.0011406657161119032, "13101_13121": 0.0029729419669928055, "13101_13122": 0.001579887572315912, "13101_13123": 0.0024714423849091236, "13102_13101": 0.03142402936886442, "13102_13103": 0.016562597308946686, "13102_13104": 0.0023796646836127637, "13102_13105": 0.0012947211432879362, "13102_13106": 0.004936329219725651, "13102_13107": 0.006427716865791501, "13102_13108": 0.01954209482603209, "13102_13109": 0.0016814985987511678, "13102_13110": 0.0004031663306947244, "13102_13111": 0.0013701099693528033, "13102_13112": 0.0008259993116672403, "13102_13113": 0.0016978874739826605, "13102_13114": 0.00038677745546323157, "13102_13115": 0.0004687218316206959, "13102_13116": 0.0007473327105560746, "13102_13117": 0.0005768884081485487, "13102_13118": 0.0006948883098152974, "13102_13119": 0.00033761082976875296, "13102_13120": 0.00034416637986135014, "13102_13121": 0.0015503875968992248, "13102_13122": 0.0010914990904174247, "13102_13123": 0.0020518871789829063, "13103_13101": 0.022783814346821377, "13103_13102": 0.016129931002835274, "13103_13104": 0.009282658931117557, "13103_13105": 0.0015372764967140305, "13103_13106": 0.0022190537063441337, "13103_13107": 0.0015307209466214333, "13103_13108": 0.0048674959437533805, "13103_13109": 0.021659537505940966, "13103_13110": 0.0037596079781044628, "13103_13111": 0.0059393283838930135, "13103_13112": 0.0031564973695855252, "13103_13113": 0.020797482668764442, "13103_13114": 0.0006883327597227003, "13103_13115": 0.0008522215120376289, "13103_13116": 0.0010062769392136617, "13103_13117": 0.001196387891898979, "13103_13118": 0.0008620548371765246, "13103_13119": 0.0005998328334726388, "13103_13120": 0.0004490551813429044, "13103_13121": 0.0012455545175934575, "13103_13122": 0.000904665912778406, "13103_13123": 0.0010193880393988561, "13104_13101": 0.017342707769965746, "13104_13102": 0.0027926643394463836, "13104_13103": 0.007846993460838782, "13104_13105": 0.009698936361997475, "13104_13106": 0.0015241653965288363, "13104_13107": 0.0009112214628710032, "13104_13108": 0.0018814428765753807, "13104_13109": 0.0015307209466214333, "13104_13110": 0.0009472769883802875, "13104_13111": 0.000681777209630103, "13104_13112": 0.0035989970008358328, "13104_13113": 0.023026369700247473, "13104_13114": 0.01917498402084665, "13104_13115": 0.005562384253568677, "13104_13116": 0.01504170968746415, "13104_13117": 0.0016880541488437648, "13104_13118": 0.0005965550584263402, "13104_13119": 0.0022419981316682235, "13104_13120": 0.00456921841454021, "13104_13121": 0.0006784994345838045, "13104_13122": 0.0003113886293983644, "13104_13123": 0.0007342216103708802, "13105_13101": 0.012553878427323533, "13105_13102": 0.0014979431961584476, "13105_13103": 0.0015471098218529263, "13105_13104": 0.007460216005375551, "13105_13106": 0.008581215071209663, "13105_13107": 0.0006850549846764017, "13105_13108": 0.0009144992379173018, "13105_13109": 0.00030155530425946865, "13105_13110": 0.00012127767671304718, "13105_13111": 0.0001769998525001229, "13105_13112": 0.00024911090351869154, "13105_13113": 0.0005572217578707574, "13105_13114": 0.00032777750462985723, "13105_13115": 0.00019994427782421293, "13105_13116": 0.014402543553435928, "13105_13117": 0.0045724961895865085, "13105_13118": 0.002261664781946015, "13105_13119": 0.0018257207007883049, "13105_13120": 0.0008653326122228231, "13105_13121": 0.0012389989675008605, "13105_13122": 0.00036383303013914155, "13105_13123": 0.0003736663552780373, "13106_13101": 0.01120671288329482, "13106_13102": 0.004480718488290149, "13106_13103": 0.002215775931297835, "13106_13104": 0.0013373322188898176, "13106_13105": 0.0073061605781995186, "13106_13107": 0.010397102446859072, "13106_13108": 0.001533998721667732, "13106_13109": 0.0006621105593523117, "13106_13110": 0.00013111100185194291, "13106_13111": 0.0004949440319910845, "13106_13112": 0.0001901109526853172, "13106_13113": 0.0006981660848615959, "13106_13114": 0.00021961092810200437, "13106_13115": 0.00014749987708343576, "13106_13116": 0.001173443466574889, "13106_13117": 0.002291164757362702, "13106_13118": 0.01260632282806431, "13106_13119": 0.00033105527967615584, "13106_13120": 0.0001901109526853172, "13106_13121": 0.0043856630119474905, "13106_13122": 0.002238720356621925, "13106_13123": 0.0007702771358801645, "13107_13101": 0.003549830375141354, "13107_13102": 0.004742940491994034, "13107_13103": 0.0015110542963436419, "13107_13104": 0.0008751659373617189, "13107_13105": 0.0006850549846764017, "13107_13106": 0.008338659717783569, "13107_13108": 0.014402543553435928, "13107_13109": 0.0004785551567595916, "13107_13110": 0.00011144435157415146, "13107_13111": 0.0003408886048150515, "13107_13112": 0.0001901109526853172, "13107_13113": 0.0004687218316206959, "13107_13114": 0.00010816657652785289, "13107_13115": 0.00012127767671304718, "13107_13116": 0.0002392775783797958, "13107_13117": 0.00030155530425946865, "13107_13118": 0.0013766655194454005, "13107_13119": 0.00014094432699083862, "13107_13120": 2.9499975416687152e-05, "13107_13121": 0.0023960535588442564, "13107_13122": 0.008735270498385695, "13107_13123": 0.005611550879263156, "13108_13101": 0.006090106036022748, "13108_13102": 0.016388875231492864, "13108_13103": 0.005382106626022256, "13108_13104": 0.0019207761771309634, "13108_13105": 0.0009308881131487946, "13108_13106": 0.0017109985741678548, "13108_13107": 0.01412393267450055, "13108_13109": 0.0022419981316682235, "13108_13110": 0.00030155530425946865, "13108_13111": 0.001979776127964338, "13108_13112": 0.0005309995575003688, "13108_13113": 0.0011373879410656047, "13108_13114": 0.0003539997050002458, "13108_13115": 0.00024255535342609436, "13108_13116": 0.0005506662077781601, "13108_13117": 0.00036383303013914155, "13108_13118": 0.0003966107806021273, "13108_13119": 0.0002720553288427815, "13108_13120": 0.00018355540259272005, "13108_13121": 0.0010390546896766476, "13108_13122": 0.0014520543455102677, "13108_13123": 0.02107609354769982, "13109_13101": 0.002255109231853418, "13109_13102": 0.0017241096743530492, "13109_13103": 0.018470262385892455, "13109_13104": 0.0014815543209269549, "13109_13105": 0.00024255535342609436, "13109_13106": 0.0005506662077781601, "13109_13107": 0.00038677745546323157, "13109_13108": 0.0023862202337053607, "13109_13110": 0.00817477096546864, "13109_13111": 0.024481701820804037, "13109_13112": 0.0021141649048625794, "13109_13113": 0.003664552501761804, "13109_13114": 0.0003113886293983644, "13109_13115": 0.00041299965583362015, "13109_13116": 0.0006686661094449088, "13109_13117": 0.00033761082976875296, "13109_13118": 0.00019338872773161578, "13109_13119": 0.00038677745546323157, "13109_13120": 0.0001671665273612272, "13109_13121": 0.00020649982791681008, "13109_13122": 0.00022288870314830293, "13109_13123": 0.000429388531065113, "13110_13101": 0.0008292770867135388, "13110_13102": 0.0005670550830096531, "13110_13103": 0.0032777750462985723, "13110_13104": 0.000989888063982169, "13110_13105": 9.50554763426586e-05, "13110_13106": 9.177770129636003e-05, "13110_13107": 4.261107560188144e-05, "13110_13108": 0.00024911090351869154, "13110_13109": 0.0071193274005605, "13110_13111": 0.004021829981808348, "13110_13112": 0.01765737417441041, "13110_13113": 0.010711768851303736, "13110_13114": 0.00031794417949096155,