{"13101_13102": 0.03672845482439155, "13101_13103": 0.03648827787542078, "13101_13104": 0.025994965593255683, "13101_13105": 0.016413953349816796, "13101_13106": 0.016568485805356133, "13101_13107": 0.005473800232357234, "13101_13108": 0.011187777413685245, "13101_13109": 0.005021373886621585, "13101_13110": 0.001470851082844291, "13101_13111": 0.003941508534659954, "13101_13112": 0.005591095951622032, "13101_13113": 0.008804626292114748, "13101_13114": 0.0027164199112276206, "13101_13115": 0.003794423426375525, "13101_13116": 0.005583648604367124, "13101_13117": 0.005121913074562841, "13101_13118": 0.003453707289463493, "13101_13119": 0.002991971759659209, "13101_13120": 0.002215585808335071, "13101_13121": 0.0057605231016711845, "13101_13122": 0.002841162977747326, "13101_13123": 0.004716032649170365, "13102_13101": 0.040705338258512316, "13102_13103": 0.025644940272275017, "13102_13104": 0.0041425869105424645, "13102_13105": 0.001994027227501564, "13102_13106": 0.006503395990348238, "13102_13107": 0.007413834192260717, "13102_13108": 0.02217447645148798, "13102_13109": 0.00323587238225744, "13102_13110": 0.0012046084184813368, "13102_13111": 0.0027666895051982484, "13102_13112": 0.0016682057850993476, "13102_13113": 0.003993639965444309, "13102_13114": 0.0009476749381870178, "13102_13115": 0.0007801096249515923, "13102_13116": 0.0014913312877952874, "13102_13117": 0.0012008847448538832, "13102_13118": 0.0013982394471089398, "13102_13119": 0.0006106824749024397, "13102_13120": 0.0006851559474515177, "13102_13121": 0.003129747683875004, "13102_13122": 0.0018860406923054008, "13102_13123": 0.0037069170961303586, "13103_13101": 0.0344383955435074, "13103_13102": 0.024766153296195897, "13103_13104": 0.011951130507313295, "13103_13105": 0.0025451309243647415, "13103_13106": 0.0046396973398075605, "13103_13107": 0.0030664452322082874, "13103_13108": 0.00874877118770294, "13103_13109": 0.025963314367422323, "13103_13110": 0.004796091632160625, "13103_13111": 0.011279007417557866, "13103_13112": 0.005449596353778784, "13103_13113": 0.02564680210908874, "13103_13114": 0.001394515773481486, "13103_13115": 0.00146526557240311, "13103_13116": 0.0022118621347076172, "13103_13117": 0.002705248890345259, "13103_13118": 0.001953066817599571, "13103_13119": 0.001163648008579344, "13103_13120": 0.0009904971849027376, "13103_13121": 0.0022528225446096103, "13103_13122": 0.001468989246030564, "13103_13123": 0.0019716851857368403, "13104_13101": 0.02248540319938038, "13104_13102": 0.004706723465101731, "13104_13103": 0.011038830468587089, "13104_13105": 0.008804626292114748, "13104_13106": 0.00233846703804105, "13104_13107": 0.0012679108701480534, "13104_13108": 0.0031707080937769965, "13104_13109": 0.003092510947600465, "13104_13110": 0.001541600881765915, "13104_13111": 0.0011375822931871666, "13104_13112": 0.005175906342160922, "13104_13113": 0.02797968363668861, "13104_13114": 0.016970642557121152, "13104_13115": 0.0073952158241234476, "13104_13116": 0.014313801423932794, "13104_13117": 0.0027126962376001667, "13104_13118": 0.0010053918794125532, "13104_13119": 0.0029435640025023088, "13104_13120": 0.005961601477553696, "13104_13121": 0.001016562900294915, "13104_13122": 0.00045615001936310287, "13104_13123": 0.0010593851470106347, "13105_13101": 0.015278232893443355, "13105_13102": 0.002593538681521642, "13105_13103": 0.0028057880782865145, "13105_13104": 0.008009621972653341, "13105_13106": 0.00719786112186839, "13105_13107": 0.0008880961601477554, "13105_13108": 0.001576975781226727, "13105_13109": 0.00048593940838273405, "13105_13110": 0.00017873633411778723, "13105_13111": 0.0002550716434805922, "13105_13112": 0.0004356698144121064, "13105_13113": 0.0011115165777949895, "13105_13114": 0.0005585510441180852, "13105_13115": 0.0003407161369120319, "13105_13116": 0.011429816199469749, "13105_13117": 0.003790699752748071, "13105_13118": 0.0019418957967172093, "13105_13119": 0.0027238672584825284, "13105_13120": 0.001468989246030564, "13105_13121": 0.0015974559861777235, "13105_13122": 0.0005455181864219965, "13105_13123": 0.0003984330781375674, "13106_13101": 0.013799934463344156, "13106_13102": 0.006475468438142334, "13106_13103": 0.004356698144121064, "13106_13104": 0.0021131847835800886, "13106_13105": 0.006510843337603146, "13106_13107": 0.009093210998242425, "13106_13108": 0.002474381125443117, "13106_13109": 0.0012902529119127766, "13106_13110": 0.00010984837200989008, "13106_13111": 0.0009904971849027376, "13106_13112": 0.00021969674401978016, "13106_13113": 0.0013684500580893085, "13106_13114": 0.0003034794006374929, "13106_13115": 0.00020480204950996456, "13106_13116": 0.0019344484494623014, "13106_13117": 0.003489082188924305, "13106_13118": 0.01030526676397867, "13106_13119": 0.0006181298221573475, "13106_13120": 0.00033326878965712415, "13106_13121": 0.005663707587357384, "13106_13122": 0.0027220054216688014, "13106_13123": 0.0011096547409812625, "13107_13101": 0.0053248532872590786, "13107_13102": 0.006049107807798862, "13107_13103": 0.0031837409514730852, "13107_13104": 0.0013572790372069468, "13107_13105": 0.0009048526914712979, "13107_13106": 0.00786998421162382, "13107_13108": 0.014205814888736632, "13107_13109": 0.0009979445321576454, "13107_13110": 0.00011543388245107093, "13107_13111": 0.0006404718639220709, "13107_13112": 0.00029044654294140427, "13107_13113": 0.0010351812684321845, "13107_13114": 0.00017501266049033335, "13107_13115": 0.00018618368137269506, "13107_13116": 0.0003928475676963865, "13107_13117": 0.0004933867556376418, "13107_13118": 0.0013051476064225923, "13107_13119": 0.00021969674401978016, "13107_13120": 5.9578778039262416e-05, "13107_13121": 0.002856057672257142, "13107_13122": 0.006723092734368018, "13107_13123": 0.005330438797700259, "13108_13101": 0.011902722750156395, "13108_13102": 0.020314501474574757, "13108_13103": 0.009204921207066043, "13108_13104": 0.0033122076916202448, "13108_13105": 0.0016588966010307128, "13108_13106": 0.0026642884804432662, "13108_13107": 0.013861375078197145, "13108_13109": 0.003794423426375525, "13108_13110": 0.0004840775715690071, "13108_13111": 0.003086925437159284, "13108_13112": 0.0010295957579910036, "13108_13113": 0.002675459501325628, "13108_13114": 0.0005566892073043582, "13108_13115": 0.00047476838750037237, "13108_13116": 0.0012250886234323334, "13108_13117": 0.0005808930858828085, "13108_13118": 0.0007019124787750604, "13108_13119": 0.00047476838750037237, "13108_13120": 0.0003798147100002979, "13108_13121": 0.0016030414966189043, "13108_13122": 0.0018562513032857697, "13108_13123": 0.01796300157883762, "13109_13101": 0.004937591230003873, "13109_13102": 0.003645476481277369, "13109_13103": 0.02516086270070601, "13109_13104": 0.00312602401024755, "13109_13105": 0.0004933867556376418, "13109_13106": 0.0013014239327951383, "13109_13107": 0.000902990854657571, "13109_13108": 0.0035933450504930142, "13109_13110": 0.008298206678781018, "13109_13111": 0.025479236795853316, "13109_13112": 0.0030962346212279187, "13109_13113": 0.006145923322112663, "13109_13114": 0.0006237153325985284, "13109_13115": 0.0006795704370103369, "13109_13116": 0.0014820221037266526, "13109_13117": 0.0007708004408829575, "13109_13118": 0.00040774226220620217, "13109_13119": 0.0006013732908338049, "13109_13120": 0.0002978938901963121, "13109_13121": 0.00030534123745121986, "13109_13122": 0.00028113735887276954, "13109_13123": 0.0006125443117161667, "13110_13101": 0.0017035806845601598, "13110_13102": 0.0012008847448538832, "13110_13103": 0.0045987369299055674, "13110_13104": 0.001502502308677649, "13110_13105": 0.00016384163960797164, "13110_13106": 0.00013777592421579434, "13110_13107": 0.00011543388245107093, "13110_13108": 0.0004580118561768298, "13110_13109": 0.008065477077065149, "13110_13111": 0.0038893771038755994, "13110_13112": 0.015093911048884388, "13110_13113": 0.011312520480204952, "13110_13114": 0.000336992463284578, "13110_13115": 0.0007428728886770533, "13110_13116": 0.0006441955375495248,