{"13101_13102": 0.026844011129079613, "13101_13103": 0.02449282994598575, "13101_13104": 0.019543465394061696, "13101_13105": 0.014771196748891985, "13101_13106": 0.01382979219193468, "13101_13107": 0.004508954994337591, "13101_13108": 0.007657067757826008, "13101_13109": 0.0033182180423445636, "13101_13110": 0.0011930671612924272, "13101_13111": 0.002733335508195346, "13101_13112": 0.0037912505301226154, "13101_13113": 0.005995628527354327, "13101_13114": 0.002148452974046129, "13101_13115": 0.002544588554944005, "13101_13116": 0.0035861921117754797, "13101_13117": 0.003826203669613605, "13101_13118": 0.002640127136219375, "13101_13119": 0.002390794741183653, "13101_13120": 0.0016334767188788896, "13101_13121": 0.004620805040708756, "13101_13122": 0.0022999165785070816, "13101_13123": 0.0037283348790388355, "13102_13101": 0.029526082032688177, "13102_13103": 0.017196944629566627, "13102_13104": 0.002765958438386936, "13102_13105": 0.0016148350444836956, "13102_13106": 0.005436378295498502, "13102_13107": 0.006284574480479837, "13102_13108": 0.018977224534307672, "13102_13109": 0.0023768134853872575, "13102_13110": 0.0008412055570831373, "13102_13111": 0.0020925279508605464, "13102_13112": 0.001421427672633556, "13102_13113": 0.0027776094848839324, "13102_13114": 0.0007316857200113714, "13102_13115": 0.0006408075573347998, "13102_13116": 0.0011930671612924272, "13102_13117": 0.0009297535104603095, "13102_13118": 0.001123160882310449, "13102_13119": 0.0005755616969516202, "13102_13120": 0.000556920022556426, "13102_13121": 0.00272168446169835, "13102_13122": 0.0016031839979866991, "13102_13123": 0.0029081012056502917, "13103_13101": 0.023022467878064806, "13103_13102": 0.016719251723189776, "13103_13104": 0.008626434826376105, "13103_13105": 0.0022649634390160926, "13103_13106": 0.0032086982052727977, "13103_13107": 0.0022090384158305098, "13103_13108": 0.006286904689779236, "13103_13109": 0.019802118626295013, "13103_13110": 0.0037819296929250184, "13103_13111": 0.007848144920376748, "13103_13112": 0.0038984401578949822, "13103_13113": 0.020340396974456245, "13103_13114": 0.0009973295801428885, "13103_13115": 0.001053254603328471, "13103_13116": 0.0017080434164596665, "13103_13117": 0.002237000927423301, "13103_13118": 0.0014400693470287501, "13103_13119": 0.0009017909988675183, "13103_13120": 0.0007316857200113714, "13103_13121": 0.0018129028349326336, "13103_13122": 0.0011091796265140536, "13103_13123": 0.0017196944629566627, "13104_13101": 0.016413994304968472, "13104_13102": 0.003092187740302834, "13104_13103": 0.007514924990562652, "13104_13105": 0.00902490061657338, "13104_13106": 0.0018641674395194177, "13104_13107": 0.001318898463459988, "13104_13108": 0.002306907206405279, "13104_13109": 0.0021274810903515354, "13104_13110": 0.0013911349517413654, "13104_13111": 0.0009647066499512986, "13104_13112": 0.004056894390254133, "13104_13113": 0.021878335112059766, "13104_13114": 0.015446957445717774, "13104_13115": 0.00592106182977355, "13104_13116": 0.013242579448486063, "13104_13117": 0.002507305206153617, "13104_13118": 0.0007946013710951518, "13104_13119": 0.0026424573455187746, "13104_13120": 0.004494973738541195, "13104_13121": 0.0009763576964482949, "13104_13122": 0.0004567210226822573, "13104_13123": 0.0009926691615440898, "13105_13101": 0.012475940588983702, "13105_13102": 0.001987668532387579, "13105_13103": 0.0025842021130337927, "13105_13104": 0.007156072758455164, "13105_13106": 0.007284234269922124, "13105_13107": 0.0008668378593765292, "13105_13108": 0.0012816151146695996, "13105_13109": 0.00047070227847865293, "13105_13110": 0.00017942611605374395, "13105_13111": 0.0003005969996225061, "13105_13112": 0.0003728334879038835, "13105_13113": 0.0009087816267657161, "13105_13114": 0.0005429387667600304, "13105_13115": 0.0004031262087960741, "13105_13116": 0.011098786893038733, "13105_13117": 0.004278264273697064, "13105_13118": 0.0023092374157046786, "13105_13119": 0.002544588554944005, "13105_13120": 0.0011767556961966323, "13105_13121": 0.0018222236721302308, "13105_13122": 0.000521966883065437, "13105_13123": 0.0005522596039576274, "13106_13101": 0.011119758776733326, "13106_13102": 0.005329188667726135, "13106_13103": 0.00329724615864997, "13106_13104": 0.0018641674395194177, "13106_13105": 0.006270593224683441, "13106_13107": 0.009164713174537337, "13106_13108": 0.0021507831833455283, "13106_13109": 0.0009810181150470935, "13106_13110": 0.00010951983707176579, "13106_13111": 0.0008272243012867415, "13106_13112": 0.00021204904624533375, "13106_13113": 0.0012303505100828157, "13106_13114": 0.00025632302293391993, "13106_13115": 0.00020971883694593447, "13106_13116": 0.0015635704398969115, "13106_13117": 0.0026960521594049575, "13106_13118": 0.0105605085448775, "13106_13119": 0.0005475991853588289, "13106_13120": 0.0002819553252273119, "13106_13121": 0.004928392668229461, "13106_13122": 0.0025049749968542173, "13106_13123": 0.0009926691615440898, "13107_13101": 0.004501964366439393, "13107_13102": 0.004979657272816245, "13107_13103": 0.002346520764495067, "13107_13104": 0.001242001556579812, "13107_13105": 0.0009367441383585074, "13107_13106": 0.007517255199862052, "13107_13108": 0.013909019308114254, "13107_13109": 0.0007806201152987561, "13107_13110": 0.00010252920917356797, "13107_13111": 0.0004753626970774515, "13107_13112": 0.000265643860131517, "13107_13113": 0.0008365451384843386, "13107_13114": 0.00019573758114953886, "13107_13115": 0.00018408653465254248, "13107_13116": 0.00035419181350868935, "13107_13117": 0.0004940043714726456, "13107_13118": 0.0012350109286816142, "13107_13119": 0.00017942611605374395, "13107_13120": 8.854795337717234e-05, "13107_13121": 0.0027776094848839324, "13107_13122": 0.007493953106868059, "13107_13123": 0.005527256458175073, "13108_13101": 0.008155732547897452, "13108_13102": 0.016311465095794904, "13108_13103": 0.006526916247617361, "13108_13104": 0.0025469187642434042, "13108_13105": 0.0014190974633341567, "13108_13106": 0.002295256159908283, "13108_13107": 0.013790178633844892, "13108_13109": 0.002679740694309163, "13108_13110": 0.0003145782554189017, "13108_13111": 0.002649447973416972, "13108_13112": 0.0008295545105861409, "13108_13113": 0.0018175632535314323, "13108_13114": 0.0005452689760594297, "13108_13115": 0.00035419181350868935, "13108_13116": 0.0009367441383585074, "13108_13117": 0.0005662408597540232, "13108_13118": 0.0006384773480354006, "13108_13119": 0.0004404095575864624, "13108_13120": 0.0002609834415327185, "13108_13121": 0.0015286173004059225, "13108_13122": 0.0017756194861422454, "13108_13123": 0.018616042092900784, "13109_13101": 0.003141122135590219, "13109_13102": 0.002581871903734393, "13109_13103": 0.019042470394690852, "13109_13104": 0.0021624342298425243, "13109_13105": 0.0004776929063768508, "13109_13106": 0.0009483951848555037, "13109_13107": 0.0006035242085444115, "13109_13108": 0.00268906153150676, "13109_13110": 0.007647746920628411, "13109_13111": 0.022940910552585833, "13109_13112": 0.0024443895550698364, "13109_13113": 0.0043738028549724335, "13109_13114": 0.0004474001854846602, "13109_13115": 0.0005406085574606311, "13109_13116": 0.001018301463837482, "13109_13117": 0.000556920022556426, "13109_13118": 0.00027030427873031554, "13109_13119": 0.0004497303947840595, "13109_13120": 0.00023069072064052794, "13109_13121": 0.0003052574182213046, "13109_13122": 0.00027263448802971484, "13109_13123": 0.00047070227847865293, "13110_13101": 0.001232680719382215, "13110_13102": 0.0008085826268915474, "13110_13103": 0.003632796297763465, "13110_13104": 0.0014307485098311531, "13110_13105": 0.0002167094648441323, "13110_13106": 0.00014447297656275488, "13110_13107": 8.854795337717234e-05, "13110_13108": 0.0003495313949098908, "13110_13109": 0.007214327990940146, "13110_13111": 0.003658428600056857, "13110_13112": 0.014992566632334916, "13110_13113": 0.00963774566231539, "13110_13114": 0.00039846579019727553, "13110_13115": 0.0006571190224305947,