{"13101_13102": 0.012205469137389579, "13101_13103": 0.009557216580044443, "13101_13104": 0.009197259921764522, "13101_13105": 0.00773906815301831, "13101_13106": 0.00740114965749022, "13101_13107": 0.0021744320581807497, "13101_13108": 0.0033498007382784523, "13101_13109": 0.0010504857578373216, "13101_13110": 0.0004958586619162183, "13101_13111": 0.000962333106829994, "13101_13112": 0.001248829222603809, "13101_13113": 0.0022993149804411304, "13101_13114": 0.0008411232116949184, "13101_13115": 0.0009219298084516354, "13101_13116": 0.0014067693889919376, "13101_13117": 0.0012010798699748399, "13101_13118": 0.001054158784962627, "13101_13119": 0.0007052212080586216, "13101_13120": 0.0005252428789186608, "13101_13121": 0.0015059411213751814, "13101_13122": 0.0008374501845696131, "13101_13123": 0.0014177884703678537, "13102_13101": 0.012693981745055188, "13102_13103": 0.007852931993902775, "13102_13104": 0.0013810581991148005, "13102_13105": 0.0007382784521863694, "13102_13106": 0.0024241979027015115, "13102_13107": 0.003268994141521735, "13102_13108": 0.010596683256505849, "13102_13109": 0.0009256028355769407, "13102_13110": 0.0003599566582799214, "13102_13111": 0.0006795100181814842, "13102_13112": 0.00041872509228480653, "13102_13113": 0.0010137554865842684, "13102_13114": 0.00018365135626526602, "13102_13115": 0.00020936254614240327, "13102_13116": 0.00034159152265339477, "13102_13117": 0.0002534388716460671, "13102_13118": 0.0003452645497787001, "13102_13119": 0.0002130355732677086, "13102_13120": 0.0001652862206387394, "13102_13121": 0.0008447962388202237, "13102_13122": 0.0005289159060439661, "13102_13123": 0.0012378101412278929, "13103_13101": 0.009634350149675855, "13103_13102": 0.007588474040880792, "13103_13104": 0.004653725367761841, "13103_13105": 0.0008631613744467503, "13103_13106": 0.0012378101412278929, "13103_13107": 0.0008668344015720556, "13103_13108": 0.002784154560981433, "13103_13109": 0.010681162880387871, "13103_13110": 0.002189124166681971, "13103_13111": 0.0033277625755266205, "13103_13112": 0.001766726047271859, "13103_13113": 0.01081706488402417, "13103_13114": 0.00038566784815705866, "13103_13115": 0.0005032047161668289, "13103_13116": 0.0006170685570512938, "13103_13117": 0.000561973150171714, "13103_13118": 0.000378321793906448, "13103_13119": 0.0003232263870268682, "13103_13120": 0.0002130355732677086, "13103_13121": 0.0005987034214247672, "13103_13122": 0.0004077060109088906, "13103_13123": 0.0005546270959211033, "13104_13101": 0.007772125397146058, "13104_13102": 0.0012929055481074728, "13104_13103": 0.004253365411103561, "13104_13105": 0.005410368955574737, "13104_13106": 0.0009696791610806046, "13104_13107": 0.0005583001230464087, "13104_13108": 0.0012451561954785037, "13104_13109": 0.0009439679712034673, "13104_13110": 0.0007346054250610641, "13104_13111": 0.00044076325503663845, "13104_13112": 0.0024609281739545645, "13104_13113": 0.013608565499256212, "13104_13114": 0.011907953940239848, "13104_13115": 0.003324089548401315, "13104_13116": 0.009527832363042001, "13104_13117": 0.000995390350957742, "13104_13118": 0.00041872509228480653, "13104_13119": 0.0013957503076160217, "13104_13120": 0.002659271638721052, "13104_13121": 0.0004921856347909129, "13104_13122": 0.00024609281739545644, "13104_13123": 0.0004848395805403023, "13105_13101": 0.006376375089530036, "13105_13102": 0.0007272593708104535, "13105_13103": 0.000756643587812896, "13105_13104": 0.004734531964518558, "13105_13106": 0.005149584029678059, "13105_13107": 0.00057299223154763, "13105_13108": 0.0006354336926778204, "13105_13109": 0.00020936254614240327, "13105_13110": 0.00011019081375915961, "13105_13111": 0.00013590200363629686, "13105_13112": 0.0002534388716460671, "13105_13113": 0.0005215698517933555, "13105_13114": 0.0002571118987713724, "13105_13115": 0.00013222897651099153, "13105_13116": 0.008275330113312886, "13105_13117": 0.002828230886485097, "13105_13118": 0.001572055609630677, "13105_13119": 0.0010357936493361004, "13105_13120": 0.0004334172007860278, "13105_13121": 0.000929275862702246, "13105_13122": 0.0002497658445207618, "13105_13123": 0.00029016914289912033, "13106_13101": 0.00578501772235588, "13106_13102": 0.0021744320581807497, "13106_13103": 0.0011606765715964813, "13106_13104": 0.000929275862702246, "13106_13105": 0.0048043194798993594, "13106_13107": 0.006894271914198087, "13106_13108": 0.0009439679712034673, "13106_13109": 0.00033791849552808947, "13106_13110": 8.080659675671705e-05, "13106_13111": 0.0003011882242750363, "13106_13112": 0.0001432480578869075, "13106_13113": 0.0005693192044223247, "13106_13114": 0.00011386384088446493, "13106_13115": 8.447962388202237e-05, "13106_13116": 0.0008411232116949184, "13106_13117": 0.0013957503076160217, "13106_13118": 0.007885989238030524, "13106_13119": 0.00020936254614240327, "13106_13120": 0.00011753686800977026, "13106_13121": 0.002798846669482654, "13106_13122": 0.0011790417072230078, "13106_13123": 0.0005546270959211033, "13107_13101": 0.0020017997832913995, "13107_13102": 0.002648252557345136, "13107_13103": 0.0008998916456998035, "13107_13104": 0.0005032047161668289, "13107_13105": 0.000481166553414997, "13107_13106": 0.005968669078621145, "13107_13108": 0.01032120622210795, "13107_13109": 0.000286496115773815, "13107_13110": 4.407632550366385e-05, "13107_13111": 0.0002130355732677086, "13107_13112": 0.00018732438339057135, "13107_13113": 0.0003305724412774788, "13107_13114": 8.447962388202237e-05, "13107_13115": 8.447962388202237e-05, "13107_13116": 0.0001799783291399607, "13107_13117": 0.00026445795302198306, "13107_13118": 0.0013149437108593046, "13107_13119": 8.447962388202237e-05, "13107_13120": 5.5095406879579806e-05, "13107_13121": 0.0017006115590163632, "13107_13122": 0.005289159060439661, "13107_13123": 0.004044002864961158, "13108_13101": 0.003313070467025399, "13108_13102": 0.009314796789774293, "13108_13103": 0.002875980239114066, "13108_13104": 0.0011606765715964813, "13108_13105": 0.0006795100181814842, "13108_13106": 0.001168022625847092, "13108_13107": 0.010402012818864667, "13108_13109": 0.00137371214486419, "13108_13110": 0.00018732438339057135, "13108_13111": 0.001432480578869075, "13108_13112": 0.0003526106040293108, "13108_13113": 0.00074562450643698, "13108_13114": 0.0001983434647664873, "13108_13115": 0.0001652862206387394, "13108_13116": 0.0003526106040293108, "13108_13117": 0.0002350737360195405, "13108_13118": 0.0003048612514003416, "13108_13119": 0.00022772768176892985, "13108_13120": 0.0001285559493856862, "13108_13121": 0.0008227580760683918, "13108_13122": 0.0010872160290903749, "13108_13123": 0.014243999191934033, "13109_13101": 0.001101908137591596, "13109_13102": 0.0009439679712034673, "13109_13103": 0.0097335218820591, "13109_13104": 0.0009806982424565205, "13109_13105": 0.00017263227488935006, "13109_13106": 0.00038566784815705866, "13109_13107": 0.0002571118987713724, "13109_13108": 0.0013590200363629685, "13109_13110": 0.005939284861618703, "13109_13111": 0.015176948081761584, "13109_13112": 0.0012120989513507558, "13109_13113": 0.0023470643330700995, "13109_13114": 0.00018365135626526602, "13109_13115": 0.00026078492589667776, "13109_13116": 0.0004113790380341959, "13109_13117": 0.0001285559493856862, "13109_13118": 9.917173238324365e-05, "13109_13119": 0.00011386384088446493, "13109_13120": 0.0001395750307616022, "13109_13121": 0.00015794016638812878, "13109_13122": 9.549870525793833e-05, "13109_13123": 0.00031588033277625755, "13110_13101": 0.00039301390240766926, "13110_13102": 0.0003085342785256469, "13110_13103": 0.002053222163045674, "13110_13104": 0.000653798828304347, "13110_13105": 8.81526510073277e-05, "13110_13106": 7.713356963141172e-05, "13110_13107": 3.305724412774788e-05, "13110_13108": 0.0001395750307616022, "13110_13109": 0.005443426199702485, "13110_13111": 0.0031698224091384914, "13110_13112": 0.012499311307414005, "13110_13113": 0.006905290995574002, "13110_13114": 0.00029016914289912033,