{"13101_13102": 0.012433230753215658, "13101_13103": 0.009277753560484317, "13101_13104": 0.009372092569339172, "13101_13105": 0.007013617347967808, "13101_13106": 0.007469047045887795, "13101_13107": 0.002501610269289074, "13101_13108": 0.0035978946135679013, "13101_13109": 0.0012882154312593933, "13101_13110": 0.00045217662864913046, "13101_13111": 0.0011906233531336816, "13101_13112": 0.0013500237474056772, "13101_13113": 0.002355222152100507, "13101_13114": 0.0008197734562559775, "13101_13115": 0.0010767659286536847, "13101_13116": 0.0014508688948022459, "13101_13117": 0.0012914685005302503, "13101_13118": 0.001034476028132543, "13101_13119": 0.0007091691010468377, "13101_13120": 0.0005562748453165562, "13101_13121": 0.001577738596365671, "13101_13122": 0.0008848348416731186, "13101_13123": 0.0016167754276159556, "13102_13101": 0.013204208170408781, "13102_13103": 0.007810619319327786, "13102_13104": 0.001262190877092537, "13102_13105": 0.0006863976161508383, "13102_13106": 0.002615467693769071, "13102_13107": 0.0031912609547107697, "13102_13108": 0.010100780086011152, "13102_13109": 0.0010117045432365436, "13102_13110": 0.0003383192041691336, "13102_13111": 0.0008295326640685486, "13102_13112": 0.000605070884379412, "13102_13113": 0.0010377290974034, "13102_13114": 0.00020494336406399438, "13102_13115": 0.00019518415625142322, "13102_13116": 0.00040988672812798877, "13102_13117": 0.00019518415625142322, "13102_13118": 0.00037735603541941824, "13102_13119": 0.00022120871041827965, "13102_13120": 0.00019193108698056617, "13102_13121": 0.0008718225645896904, "13102_13122": 0.000540009498962271, "13102_13123": 0.0011743580067793964, "13103_13101": 0.009346068015172316, "13103_13102": 0.007511336946408937, "13103_13104": 0.00448272945524102, "13103_13105": 0.0010182106817782578, "13103_13106": 0.0014801465182399593, "13103_13107": 0.0010149576125074006, "13103_13108": 0.0035458455052341884, "13103_13109": 0.010757900078724276, "13103_13110": 0.002195821757828511, "13103_13111": 0.0037345235229438974, "13103_13112": 0.002068952056265086, "13103_13113": 0.010084514739656866, "13103_13114": 0.0003741029661485612, "13103_13115": 0.0004716950442742728, "13103_13116": 0.0006571199927131249, "13103_13117": 0.0006506138541714108, "13103_13118": 0.0003936213817737035, "13103_13119": 0.000302535442189706, "13103_13120": 0.0002504863338559931, "13103_13121": 0.0006766384083382672, "13103_13122": 0.0004912134598994151, "13103_13123": 0.0005757932609416985, "13104_13101": 0.00754061456984665, "13104_13102": 0.001515930280219387, "13104_13103": 0.003994769064612462, "13104_13105": 0.005338286673476425, "13104_13106": 0.0011288150369873975, "13104_13107": 0.0006766384083382672, "13104_13108": 0.001219900976571395, "13104_13109": 0.0009921861276114014, "13104_13110": 0.0007124221703176947, "13104_13111": 0.0005757932609416985, "13104_13112": 0.0025341409619976446, "13104_13113": 0.013965426379789331, "13104_13114": 0.011145015321956265, "13104_13115": 0.0038418748088821803, "13104_13116": 0.009339561876630601, "13104_13117": 0.0010930312750079701, "13104_13118": 0.00038386217396113234, "13104_13119": 0.0013500237474056772, "13104_13120": 0.0027943865036662093, "13104_13121": 0.00047494811354512983, "13104_13122": 0.0002244617796891367, "13104_13123": 0.0005302502911496997, "13105_13101": 0.006603730619839819, "13105_13102": 0.0007416997937554083, "13105_13103": 0.0009466431578194026, "13105_13104": 0.004671407472950729, "13105_13106": 0.005523711621915277, "13105_13107": 0.0005302502911496997, "13105_13108": 0.0005660340531291274, "13105_13109": 0.0002179556411474226, "13105_13110": 9.433900885485456e-05, "13105_13111": 0.00015289425573028153, "13105_13112": 0.00019518415625142322, "13105_13113": 0.0004782011828159869, "13105_13114": 0.0003155477192731342, "13105_13115": 0.00016590653281370974, "13105_13116": 0.008048093376100351, "13105_13117": 0.002563418585435358, "13105_13118": 0.001515930280219387, "13105_13119": 0.001219900976571395, "13105_13120": 0.0005009726677119862, "13105_13121": 0.0009336308807359743, "13105_13122": 0.0003155477192731342, "13105_13123": 0.00027325781875199253, "13106_13101": 0.006405293394317539, "13106_13102": 0.0024495611609553613, "13106_13103": 0.0014996649338651017, "13106_13104": 0.0011158027599039693, "13106_13105": 0.005657087462020417, "13106_13107": 0.007586157539638649, "13106_13108": 0.0011938764224045386, "13106_13109": 0.0004716950442742728, "13106_13110": 9.759207812571161e-05, "13106_13111": 0.0004359112822948452, "13106_13112": 0.00017241267135542385, "13106_13113": 0.000663626131254839, "13106_13114": 0.0002114495026057085, "13106_13115": 0.00013012277083428213, "13106_13116": 0.0010507413744868283, "13106_13117": 0.0017046082979290961, "13106_13118": 0.007983031990683209, "13106_13119": 0.0002960293036479919, "13106_13120": 0.00013012277083428213, "13106_13121": 0.0031652364005439132, "13106_13122": 0.0015940039427199562, "13106_13123": 0.000608323953650269, "13107_13101": 0.0020852174026193713, "13107_13102": 0.002667516802102784, "13107_13103": 0.0008230265255268345, "13107_13104": 0.0006603730619839819, "13107_13105": 0.0006343485078171254, "13107_13106": 0.006824939330258098, "13107_13108": 0.010549703645389425, "13107_13109": 0.0003578376197942759, "13107_13110": 0.00012686970156342508, "13107_13111": 0.0002569924723977072, "13107_13112": 0.00023422098750170786, "13107_13113": 0.000484707321357701, "13107_13114": 0.00011385742447999688, "13107_13115": 0.00014313504791771037, "13107_13116": 0.00023422098750170786, "13107_13117": 0.00023422098750170786, "13107_13118": 0.0011645987989668252, "13107_13119": 0.00011711049375085393, "13107_13120": 6.506138541714107e-05, "13107_13121": 0.002081964333348514, "13107_13122": 0.005309009050038712, "13107_13123": 0.004268026883364455, "13108_13101": 0.0034254819422124775, "13108_13102": 0.008701960299542618, "13108_13103": 0.003763801146381611, "13108_13104": 0.0012426724614673945, "13108_13105": 0.0006896506854216954, "13108_13106": 0.001281709292717679, "13108_13107": 0.01014632305580315, "13108_13109": 0.0014996649338651017, "13108_13110": 0.00018542494843885206, "13108_13111": 0.001515930280219387, "13108_13112": 0.0004163928666697029, "13108_13113": 0.0008360388026102628, "13108_13114": 0.00016590653281370974, "13108_13115": 0.0001756657406262809, "13108_13116": 0.0004489235593782734, "13108_13117": 0.0001756657406262809, "13108_13118": 0.00032855999635656244, "13108_13119": 0.00021470257187656554, "13108_13120": 0.0001691596020845668, "13108_13121": 0.0007612182093805506, "13108_13122": 0.0011158027599039693, "13108_13123": 0.013428669950097918, "13109_13101": 0.0011613457296959682, "13109_13102": 0.0009401370192776885, "13109_13103": 0.009977163453718584, "13109_13104": 0.0009336308807359743, "13109_13105": 0.00021470257187656554, "13109_13106": 0.0004912134598994151, "13109_13107": 0.0002700047494811355, "13109_13108": 0.0013109869161553925, "13109_13110": 0.005478168652123278, "13109_13111": 0.014915322606879592, "13109_13112": 0.0013825544401142478, "13109_13113": 0.00243980195314279, "13109_13114": 0.0002830170265645637, "13109_13115": 0.0002765108880228496, "13109_13116": 0.0004163928666697029, "13109_13117": 0.00023747405677256492, "13109_13118": 0.00013662890937599627, "13109_13119": 0.00018867801770970912, "13109_13120": 0.00011060435520913983, "13109_13121": 0.00019518415625142322, "13109_13122": 0.0001333758401051392, "13109_13123": 0.0003318130656274195, "13110_13101": 0.0003741029661485612, "13110_13102": 0.00035458455052341886, "13110_13103": 0.001961600770326803, "13110_13104": 0.0006994098932342665, "13110_13105": 7.807366250056929e-05, "13110_13106": 8.45798010422834e-05, "13110_13107": 6.180831614628401e-05, "13110_13108": 0.000182171879167995, "13110_13109": 0.0052081639026421425, "13110_13111": 0.0030741504609599155, "13110_13112": 0.012491786000091086, "13110_13113": 0.006597224481298105, "13110_13114": 0.00018867801770970912,