{"13101_13102": 0.030665187886094878, "13101_13103": 0.027741767454926944, "13101_13104": 0.024633987176748418, "13101_13105": 0.016536785642172168, "13101_13106": 0.015933958205915318, "13101_13107": 0.0044275626750321165, "13101_13108": 0.006595985637490013, "13101_13109": 0.0025985959388159416, "13101_13110": 0.000854493259160197, "13101_13111": 0.001902125405664822, "13101_13112": 0.002882451576276692, "13101_13113": 0.005182560143742154, "13101_13114": 0.0016621649698732599, "13101_13115": 0.002147938535012276, "13101_13116": 0.0033799305285274915, "13101_13117": 0.002782955785826532, "13101_13118": 0.0021684229624578974, "13101_13119": 0.001828966736216175, "13101_13120": 0.001293445275852079, "13101_13121": 0.003072664116843174, "13101_13122": 0.001609490727870234, "13101_13123": 0.0027215025034896686, "13102_13101": 0.0348381583914457, "13102_13103": 0.01903588579053795, "13102_13104": 0.002806366560050099, "13102_13105": 0.0012261392999593239, "13102_13106": 0.005530795410317714, "13102_13107": 0.007119801710742326, "13102_13108": 0.02104628602698677, "13102_13109": 0.0019430942605560644, "13102_13110": 0.0005940483959230137, "13102_13111": 0.0015099949374200743, "13102_13112": 0.0010125159851692746, "13102_13113": 0.0019430942605560644, "13102_13114": 0.0004769945248051785, "13102_13115": 0.00043895201669188203, "13102_13116": 0.0008837567269396558, "13102_13117": 0.0005677112749215008, "13102_13118": 0.0007667028558218206, "13102_13119": 0.00036286700046528916, "13102_13120": 0.00037164604079912677, "13102_13121": 0.0015948589939805047, "13102_13122": 0.0012378446870711074, "13102_13123": 0.0019869894622252526, "13103_13101": 0.026872642461877018, "13103_13102": 0.018541333185065095, "13103_13104": 0.009814967093230481, "13103_13105": 0.0016533859295394223, "13103_13106": 0.0026307857533733464, "13103_13107": 0.0017031338247645023, "13103_13108": 0.005489826555426471, "13103_13109": 0.023074244344103264, "13103_13110": 0.00414078069079342, "13103_13111": 0.006677923347272499, "13103_13112": 0.003611111923985216, "13103_13113": 0.022058802012156046, "13103_13114": 0.0008164507510469006, "13103_13115": 0.0008925357672734934, "13103_13116": 0.0012085812192916484, "13103_13117": 0.001390014719524293, "13103_13118": 0.0008427878720484135, "13103_13119": 0.0007374393880423618, "13103_13120": 0.00043309932313599024, "13103_13121": 0.0012056548725137026, "13103_13122": 0.0009686207835000863, "13103_13123": 0.0012583291145167284, "13104_13101": 0.01886615767741709, "13104_13102": 0.0031107066249564707, "13104_13103": 0.009059969624520445, "13104_13105": 0.010210023908253176, "13104_13106": 0.0017119128650983399, "13104_13107": 0.0010212950255031122, "13104_13108": 0.002130380454344601, "13104_13109": 0.001659238623095314, "13104_13110": 0.001126643509509164, "13104_13111": 0.0007140286138187947, "13104_13112": 0.0037193867547692136, "13104_13113": 0.02452863869274237, "13104_13114": 0.019562628210568207, "13104_13115": 0.005431299619867554, "13104_13116": 0.015421847519774788, "13104_13117": 0.0018699355911074174, "13104_13118": 0.0006116064765906889, "13104_13119": 0.002297182220687516, "13104_13120": 0.004693860231825192, "13104_13121": 0.0008164507510469006, "13104_13122": 0.0003833514279109103, "13104_13123": 0.0008866830737176017, "13105_13101": 0.013200750315313866, "13105_13102": 0.0015070685906421282, "13105_13103": 0.0017002074779865564, "13105_13104": 0.007980147663458415, "13105_13106": 0.008609312220716779, "13105_13107": 0.0007432920815982535, "13105_13108": 0.0008896094204955475, "13105_13109": 0.00029263467779458804, "13105_13110": 0.00014339099211934812, "13105_13111": 0.00017265445989880692, "13105_13112": 0.0002838556374607504, "13105_13113": 0.0006291645572583642, "13105_13114": 0.00037749873435501856, "13105_13115": 0.00017558080667675282, "13105_13116": 0.014927294914301935, "13105_13117": 0.00467337580437957, "13105_13118": 0.002387898970803838, "13105_13119": 0.00214501218823433, "13105_13120": 0.0008661986462719805, "13105_13121": 0.0015187739777539119, "13105_13122": 0.00040968854891242323, "13105_13123": 0.0003336035326858303, "13106_13101": 0.011790251168343951, "13106_13102": 0.004647038683378057, "13106_13103": 0.0024727630273642686, "13106_13104": 0.0015948589939805047, "13106_13105": 0.007544121993544479, "13106_13107": 0.010637270537833273, "13106_13108": 0.0016797230505409353, "13106_13109": 0.0006759861057054983, "13106_13110": 0.00010534848400605169, "13106_13111": 0.0005501531942538254, "13106_13112": 0.00017850715345469869, "13106_13113": 0.0006759861057054983, "13106_13114": 0.00021654966156799512, "13106_13115": 0.0001492436856752399, "13106_13116": 0.0012817398887402956, "13106_13117": 0.002715649809933777, "13106_13118": 0.012802767153513226, "13106_13119": 0.0003394562262417221, "13106_13120": 0.00021362331479004925, "13106_13121": 0.00458851174781914, "13106_13122": 0.0023059612610213534, "13106_13123": 0.0008574196059381429, "13107_13101": 0.003909599295335696, "13107_13102": 0.005554206184541281, "13107_13103": 0.0019109044459986598, "13107_13104": 0.0010300740658369498, "13107_13105": 0.0007784082429336041, "13107_13106": 0.008468847575375377, "13107_13108": 0.014584912341282267, "13107_13109": 0.0005296687668082043, "13107_13110": 9.071675011632229e-05, "13107_13111": 0.0004565100973595573, "13107_13112": 0.00020191792767826572, "13107_13113": 0.0005413741539199878, "13107_13114": 9.949579045015993e-05, "13107_13115": 0.00016094907278702342, "13107_13116": 0.00022532870190183278, "13107_13117": 0.00027800294390485864, "13107_13118": 0.001466099735750886, "13107_13119": 0.00012290656467372696, "13107_13120": 5.2674242003025845e-05, "13107_13121": 0.0023791199304700004, "13107_13122": 0.008506890083488674, "13107_13123": 0.005522016369983876, "13108_13101": 0.0068476514603933595, "13108_13102": 0.01723910886887918, "13108_13103": 0.005498605595760308, "13108_13104": 0.0022386552851285982, "13108_13105": 0.0010505584932825709, "13108_13106": 0.0016299751553158553, "13108_13107": 0.014494195591165944, "13108_13109": 0.0024522785999186478, "13108_13110": 0.0002897083310166421, "13108_13111": 0.0022328025915727065, "13108_13112": 0.0005325951135861502, "13108_13113": 0.0013578249049668884, "13108_13114": 0.00037457238757707264, "13108_13115": 0.00028678198423869625, "13108_13116": 0.0006555016782598771, "13108_13117": 0.0003101927584622633, "13108_13118": 0.00045065740380366556, "13108_13119": 0.00023996043579156218, "13108_13120": 0.00020484427445621162, "13108_13121": 0.0010886010013958674, "13108_13122": 0.0015070685906421282, "13108_13123": 0.020885336954199748, "13109_13101": 0.002516658229033457, "13109_13102": 0.0021333068011225465, "13109_13103": 0.020420047816506352, "13109_13104": 0.001638754195649693, "13109_13105": 0.0002750765971269127, "13109_13106": 0.0006876914928172818, "13109_13107": 0.00041846758924626084, "13109_13108": 0.0024727630273642686, "13109_13110": 0.00877904033383764, "13109_13111": 0.025140245169333057, "13109_13112": 0.002054295438118008, "13109_13113": 0.003965199884116668, "13109_13114": 0.0003394562262417221, "13109_13115": 0.0003979831618006397, "13109_13116": 0.0008369351784925217, "13109_13117": 0.00038920412146680204, "13109_13118": 0.00025751851645923745, "13109_13119": 0.00033652987946377623, "13109_13120": 0.00016972811312086105, "13109_13121": 0.00023410774223567041, "13109_13122": 0.00017850715345469869, "13109_13123": 0.00040090950857858557, "13110_13101": 0.0009217992350529522, "13110_13102": 0.0006408699443701478, "13110_13103": 0.003564290375538082, "13110_13104": 0.001193949485401919, "13110_13105": 0.00010242213722810581, "13110_13106": 9.364309689426816e-05, "13110_13107": 4.096885489124232e-05, "13110_13108": 0.00028678198423869625, "13110_13109": 0.007441699856316373, "13110_13111": 0.004196381279574392, "13110_13112": 0.018500364330173855, "13110_13113": 0.01124302432086807, "13110_13114": 0.00029263467779458804, "13110_13115": 0.0004974789522507996,