{"13101_13102": 0.012565584506885911, "13101_13103": 0.009672095966136563, "13101_13104": 0.00883957049085702, "13101_13105": 0.006534399952638551, "13101_13106": 0.007329924295683448, "13101_13107": 0.002197867254737995, "13101_13108": 0.0031228955606041543, "13101_13109": 0.001195136571179078, "13101_13110": 0.0004884149454973322, "13101_13111": 0.000991630343888523, "13101_13112": 0.001246938156307583, "13101_13113": 0.002493876312615166, "13101_13114": 0.0007511229843633215, "13101_13115": 0.0008325254752795436, "13101_13116": 0.0014541444968216028, "13101_13117": 0.001084133174475139, "13101_13118": 0.0009176280794192302, "13101_13119": 0.0007992244562683618, "13101_13120": 0.0006290192479889885, "13101_13121": 0.0014578446100450674, "13101_13122": 0.000817725022385685, "13101_13123": 0.0014023429116930978, "13102_13101": 0.013020698433372061, "13102_13103": 0.007448327918834316, "13102_13104": 0.0011877363447321489, "13102_13105": 0.0006549200405532409, "13102_13106": 0.0023273712175592575, "13102_13107": 0.0029082889936432057, "13102_13108": 0.009883002419874049, "13102_13109": 0.0008917272868549777, "13102_13110": 0.0002627080388659893, "13102_13111": 0.0007474228711398568, "13102_13112": 0.00040701245458111017, "13102_13113": 0.0009509290984304119, "13102_13114": 0.00018130554794976725, "13102_13115": 0.0001665050950559087, "13102_13116": 0.00039591211491071625, "13102_13117": 0.0002664081520894539, "13102_13118": 0.0003700113223464638, "13102_13119": 0.0002812086049833125, "13102_13120": 0.0001258038495977977, "13102_13121": 0.0006512199273297763, "13102_13122": 0.0004255130206984334, "13102_13123": 0.0011581354389444316, "13103_13101": 0.009165180454521908, "13103_13102": 0.007059816030370529, "13103_13104": 0.004251430093760869, "13103_13105": 0.0007548230975867862, "13103_13106": 0.0012099370240729367, "13103_13107": 0.0007659234372571801, "13103_13108": 0.0031783972589561242, "13103_13109": 0.010101309100058463, "13103_13110": 0.002064663178693268, "13103_13111": 0.0029267895597605287, "13103_13112": 0.0016206495918775115, "13103_13113": 0.010042107288483027, "13103_13114": 0.00031450962399449424, "13103_13115": 0.00045141381326268583, "13103_13116": 0.0005513168702962311, "13103_13117": 0.0004921150587207969, "13103_13118": 0.000347810643005676, "13103_13119": 0.0003626110958995345, "13103_13120": 0.00017020520827937334, "13103_13121": 0.0005735175496370189, "13103_13122": 0.0003996122281341809, "13103_13123": 0.0006771207198940287, "13104_13101": 0.007548230975867862, "13104_13102": 0.001298739741436088, "13104_13103": 0.003707513449911567, "13104_13105": 0.004824947643397888, "13104_13106": 0.0009583293248773412, "13104_13107": 0.0005402165306258372, "13104_13108": 0.0011100339670393913, "13104_13109": 0.0006882210595644227, "13104_13110": 0.0006401195876593824, "13104_13111": 0.00051061562483812, "13104_13112": 0.0024050735952520145, "13104_13113": 0.013786621870629241, "13104_13114": 0.011211343067097854, "13104_13115": 0.0033967039391405375, "13104_13116": 0.00859166290488489, "13104_13117": 0.0008399257017264729, "13104_13118": 0.0002923089446537064, "13104_13119": 0.0011988366844025427, "13104_13120": 0.0022607691795368937, "13104_13121": 0.00046251415293307974, "13104_13122": 0.0001850056611732319, "13104_13123": 0.00046251415293307974, "13105_13101": 0.005372564400470655, "13105_13102": 0.0006993213992348166, "13105_13103": 0.0008066246827152911, "13105_13104": 0.003966521375554092, "13105_13106": 0.0046399419822246565, "13105_13107": 0.00032931007688835276, "13105_13108": 0.0005513168702962311, "13105_13109": 0.00013320407604472696, "13105_13110": 5.920181157543421e-05, "13105_13111": 9.250283058661595e-05, "13105_13112": 0.00017020520827937334, "13105_13113": 0.00046251415293307974, "13105_13114": 0.00018130554794976725, "13105_13115": 9.250283058661595e-05, "13105_13116": 0.007096817162605176, "13105_13117": 0.00240137348202855, "13105_13118": 0.0013653417794584515, "13105_13119": 0.0009768298909946644, "13105_13120": 0.0004662142661565444, "13105_13121": 0.0007696235504806447, "13105_13122": 0.0002442074727486661, "13105_13123": 0.00020350622729055508, "13106_13101": 0.006020084214576966, "13106_13102": 0.0020905639712575203, "13106_13103": 0.0012210373637433305, "13106_13104": 0.0009361286455365534, "13106_13105": 0.004536338811967646, "13106_13107": 0.006227290555090986, "13106_13108": 0.0009139279661957656, "13106_13109": 0.00036631120912299916, "13106_13110": 5.550169835196957e-05, "13106_13111": 0.00032931007688835276, "13106_13112": 0.000173905321502838, "13106_13113": 0.0005217159645085139, "13106_13114": 9.620294381008058e-05, "13106_13115": 6.660203802236348e-05, "13106_13116": 0.0007659234372571801, "13106_13117": 0.0013690418926819161, "13106_13118": 0.007093117049381711, "13106_13119": 0.00024050735952520146, "13106_13120": 0.00013690418926819162, "13106_13121": 0.0026307805018833575, "13106_13122": 0.0011766360050617548, "13106_13123": 0.00046251415293307974, "13107_13101": 0.0017760543472630263, "13107_13102": 0.002331071330782722, "13107_13103": 0.0006586201537767055, "13107_13104": 0.0006068185686482006, "13107_13105": 0.00039221200168725165, "13107_13106": 0.005231960097978998, "13107_13108": 0.009572192909103019, "13107_13109": 0.00022940701985480754, "13107_13110": 6.290192479889885e-05, "13107_13111": 0.0002331071330782722, "13107_13112": 0.0001258038495977977, "13107_13113": 0.0003330101901118174, "13107_13114": 8.510260413968667e-05, "13107_13115": 0.00010360317025700987, "13107_13116": 0.00014430441571512088, "13107_13117": 0.0001554047553855148, "13107_13118": 0.0010471320422404925, "13107_13119": 8.510260413968667e-05, "13107_13120": 4.810147190504029e-05, "13107_13121": 0.001513346308397037, "13107_13122": 0.004921150587207969, "13107_13123": 0.003496606996174083, "13108_13101": 0.0033301019011181742, "13108_13102": 0.008747067660270405, "13108_13103": 0.0031524964663918716, "13108_13104": 0.0010286314761231694, "13108_13105": 0.00047361449260347366, "13108_13106": 0.00102123124967624, "13108_13107": 0.00910227852972301, "13108_13109": 0.0011063338538159267, "13108_13110": 0.00013690418926819162, "13108_13111": 0.0011470350992740378, "13108_13112": 0.00034411052978221133, "13108_13113": 0.0007511229843633215, "13108_13114": 0.00015170464216205016, "13108_13115": 0.00014800452893858553, "13108_13116": 0.00042181290747496874, "13108_13117": 0.0001073032834804745, "13108_13118": 0.00024050735952520146, "13108_13119": 0.00017760543472630262, "13108_13120": 0.00010360317025700987, "13108_13121": 0.0005032153983911908, "13108_13122": 0.0010582323819108865, "13108_13123": 0.012817192206081506, "13109_13101": 0.0011803361182852194, "13109_13102": 0.0008399257017264729, "13109_13103": 0.008798869245398909, "13109_13104": 0.0007807238901510386, "13109_13105": 0.00015910486860897945, "13109_13106": 0.0002923089446537064, "13109_13107": 0.00020350622729055508, "13109_13108": 0.0011803361182852194, "13109_13110": 0.005231960097978998, "13109_13111": 0.013398109982165455, "13109_13112": 0.0013209404207768758, "13109_13113": 0.0021830668018441362, "13109_13114": 0.0001665050950559087, "13109_13115": 0.00020350622729055508, "13109_13116": 0.000347810643005676, "13109_13117": 0.00020350622729055508, "13109_13118": 0.00011840362315086841, "13109_13119": 0.00019980611406709045, "13109_13120": 0.0001073032834804745, "13109_13121": 0.00013690418926819162, "13109_13122": 0.0001073032834804745, "13109_13123": 0.00019240588762016117, "13110_13101": 0.00039591211491071625, "13110_13102": 0.00032931007688835276, "13110_13103": 0.0017945549133803495, "13110_13104": 0.0005846178893074128, "13110_13105": 4.4401358681575656e-05, "13110_13106": 5.550169835196957e-05, "13110_13107": 6.290192479889885e-05, "13110_13108": 0.00018870577439669654, "13110_13109": 0.005139457267392383, "13110_13111": 0.00260857982254257, "13110_13112": 0.01184776254153377, "13110_13113": 0.006675004255130207, "13110_13114": 0.00021830668018441366,