{"13101_13102": 0.01044693819764236, "13101_13103": 0.008233856425388594, "13101_13104": 0.008885858631018912, "13101_13105": 0.0065125706025245525, "13101_13106": 0.007108686904815129, "13101_13107": 0.0019597323437802717, "13101_13108": 0.0029843072383422004, "13101_13109": 0.000987317625668768, "13101_13110": 0.00037257268893161054, "13101_13111": 0.0007563225585311695, "13101_13112": 0.0011587010625773088, "13101_13113": 0.0019522808900016393, "13101_13114": 0.0006445507518516863, "13101_13115": 0.0007488711047525372, "13101_13116": 0.001307730138149953, "13101_13117": 0.001028300621451245, "13101_13118": 0.0009947690794474002, "13101_13119": 0.0007190652896380084, "13101_13120": 0.0004657158611645132, "13101_13121": 0.0013151815919285853, "13101_13122": 0.0006818080207448474, "13101_13123": 0.0013189073188179014, "13102_13101": 0.01122188939062011, "13102_13103": 0.006810628753669841, "13102_13104": 0.0010730093441230384, "13102_13105": 0.0005253274913935709, "13102_13106": 0.0024515282931699975, "13102_13107": 0.0028427296165481884, "13102_13108": 0.009765130176897513, "13102_13109": 0.0007861283736456982, "13102_13110": 0.00028688097047734014, "13102_13111": 0.0007339681971952728, "13102_13112": 0.00039492705026750717, "13102_13113": 0.0008420142769854399, "13102_13114": 0.0001900120713551214, "13102_13115": 0.0002496237015841791, "13102_13116": 0.00035766978137434616, "13102_13117": 0.00019746352513375358, "13102_13118": 0.00031668678559186895, "13102_13119": 0.00022354361335896633, "13102_13120": 0.00017138343690854086, "13102_13121": 0.00077495119297775, "13102_13122": 0.00047316731494314543, "13102_13123": 0.0008904487265465492, "13103_13101": 0.008382885500961237, "13103_13102": 0.006516296329413869, "13103_13104": 0.0041467340278088256, "13103_13105": 0.0006557279325196346, "13103_13106": 0.0010357520752298773, "13103_13107": 0.0007674997391991178, "13103_13108": 0.0025223171040670033, "13103_13109": 0.009664535550885978, "13103_13110": 0.001941103709333691, "13103_13111": 0.0029582271501169878, "13103_13112": 0.0015238222977302872, "13103_13113": 0.009984948063367163, "13103_13114": 0.0003315896931491334, "13103_13115": 0.00042845859227135213, "13103_13116": 0.0005439561258401514, "13103_13117": 0.0005029731300576742, "13103_13118": 0.00041728141160340384, "13103_13119": 0.0003241382393705012, "13103_13120": 0.00021236643269101802, "13103_13121": 0.0006296478442944218, "13103_13122": 0.0004061042309354555, "13103_13123": 0.0006221963905157896, "13104_13101": 0.007622837215540752, "13104_13102": 0.0011736039701345732, "13104_13103": 0.0038635787842208015, "13104_13105": 0.005033457027466059, "13104_13106": 0.0008271113694281754, "13104_13107": 0.0005439561258401514, "13104_13108": 0.001058106436565774, "13104_13109": 0.000670630840076899, "13104_13110": 0.0006370992980730541, "13104_13111": 0.00039120132337819107, "13104_13112": 0.002157195868914025, "13104_13113": 0.012235287104514091, "13104_13114": 0.011098940403272679, "13104_13115": 0.00316686785591869, "13104_13116": 0.0090684192485954, "13104_13117": 0.000916528814771762, "13104_13118": 0.0003800241427102428, "13104_13119": 0.0013487131339324301, "13104_13120": 0.0025223171040670033, "13104_13121": 0.0004843444956110937, "13104_13122": 0.00023472079402691464, "13104_13123": 0.00047316731494314543, "13105_13101": 0.004985022577904949, "13105_13102": 0.0006594536594089507, "13105_13103": 0.0007674997391991178, "13105_13104": 0.004243602926931044, "13105_13106": 0.004888153678782731, "13105_13107": 0.0004023785040461394, "13105_13108": 0.0005104245838363064, "13105_13109": 0.00015648052935127643, "13105_13110": 9.314317223290264e-05, "13105_13111": 9.686889912221874e-05, "13105_13112": 0.00016765771001922474, "13105_13113": 0.00043963577293930047, "13105_13114": 0.0002608008822521274, "13105_13115": 8.569171845427043e-05, "13105_13116": 0.0076116600348728036, "13105_13117": 0.002425448204944785, "13105_13118": 0.0014008733103828557, "13105_13119": 0.0010022205332260324, "13105_13120": 0.0004061042309354555, "13105_13121": 0.0008010312812029627, "13105_13122": 0.0002719780629200757, "13105_13123": 0.00018256061757648918, "13106_13101": 0.005584864607084843, "13106_13102": 0.002019343974009329, "13106_13103": 0.001099089432348251, "13106_13104": 0.0008308370963174916, "13106_13105": 0.004631078523419919, "13106_13107": 0.007026720913250175, "13106_13108": 0.001028300621451245, "13106_13109": 0.0003204125124811851, "13106_13110": 4.470872267179327e-05, "13106_13111": 0.0003204125124811851, "13106_13112": 0.00014157762179401202, "13106_13113": 0.00042100713849271994, "13106_13114": 9.314317223290264e-05, "13106_13115": 8.941744534358654e-05, "13106_13116": 0.0007116138358593761, "13106_13117": 0.0014753878481691778, "13106_13118": 0.007589305673536907, "13106_13119": 0.00023472079402691464, "13106_13120": 0.0001229489873474315, "13106_13121": 0.002794295166987079, "13106_13122": 0.0012555699616995275, "13106_13123": 0.0005514075796187836, "13107_13101": 0.001829331902654208, "13107_13102": 0.002373288028494359, "13107_13103": 0.0007488711047525372, "13107_13104": 0.0004880702225004098, "13107_13105": 0.00044336149982861656, "13107_13106": 0.005942534388459189, "13107_13108": 0.009616101101324869, "13107_13109": 0.00023099506713759855, "13107_13110": 4.098299578247716e-05, "13107_13111": 0.00019746352513375358, "13107_13112": 0.00011922326045811538, "13107_13113": 0.00030550960492392067, "13107_13114": 8.941744534358654e-05, "13107_13115": 0.00010059462601153485, "13107_13116": 0.00015648052935127643, "13107_13117": 0.0002049149789123858, "13107_13118": 0.0011736039701345732, "13107_13119": 5.588590333974158e-05, "13107_13120": 4.843444956110937e-05, "13107_13121": 0.0016318683775204542, "13107_13122": 0.004839719229221621, "13107_13123": 0.00367356671286568, "13108_13101": 0.002786843713208447, "13108_13102": 0.008796441185675324, "13108_13103": 0.002395642389830256, "13108_13104": 0.0009649632643328713, "13108_13105": 0.0005066988569469903, "13108_13106": 0.0011028151592375672, "13108_13107": 0.00951923220220265, "13108_13109": 0.001344987407043114, "13108_13110": 0.0001937377982444375, "13108_13111": 0.0012891015037033726, "13108_13112": 0.00036512123515297835, "13108_13113": 0.0006892594745234795, "13108_13114": 0.0002049149789123858, "13108_13115": 0.0001490290755726442, "13108_13116": 0.0003353154200384495, "13108_13117": 0.00018628634446580527, "13108_13118": 0.00022726934024828245, "13108_13119": 0.00015648052935127643, "13108_13120": 8.941744534358654e-05, "13108_13121": 0.0005327789451722031, "13108_13122": 0.0009947690794474002, "13108_13123": 0.012894740763923041, "13109_13101": 0.0009388831761076586, "13109_13102": 0.0008382885500961238, "13109_13103": 0.0087442810092249, "13109_13104": 0.0008196599156495432, "13109_13105": 0.00014157762179401202, "13109_13106": 0.0004135556847140877, "13109_13107": 0.0002719780629200757, "13109_13108": 0.001236941327252947, "13109_13110": 0.005745070863325435, "13109_13111": 0.01449307759943965, "13109_13112": 0.0012183126928063666, "13109_13113": 0.0021236643269101803, "13109_13114": 0.00015648052935127643, "13109_13115": 0.00020864070580170192, "13109_13116": 0.0002757037898093918, "13109_13117": 0.00015275480246196033, "13109_13118": 0.00011922326045811538, "13109_13119": 0.00016765771001922474, "13109_13120": 7.824026467563821e-05, "13109_13121": 0.0001378518949046959, "13109_13122": 0.0001341261680153798, "13109_13123": 0.00022726934024828245, "13110_13101": 0.0003278639662598173, "13110_13102": 0.0002719780629200757, "13110_13103": 0.0018516862639901045, "13110_13104": 0.0005700362140653642, "13110_13105": 5.961163022905769e-05, "13110_13106": 0.00010432035290085096, "13110_13107": 1.8628634446580526e-05, "13110_13108": 0.00014157762179401202, "13110_13109": 0.00557741315330621, "13110_13111": 0.0031892222172545865, "13110_13112": 0.012175675474285034, "13110_13113": 0.006721211308326255, "13110_13114": 0.0001937377982444375,