{"13101_13102": 0.028597059105380282, "13101_13103": 0.02538145383689854, "13101_13104": 0.022786077068049446, "13101_13105": 0.01600349244545716, "13101_13106": 0.015415207044518032, "13101_13107": 0.0040541116091868355, "13101_13108": 0.0068464708199793434, "13101_13109": 0.0024596185994015993, "13101_13110": 0.0008997306132010179, "13101_13111": 0.002145511462248581, "13101_13112": 0.0032608579916309083, "13101_13113": 0.005036361894012798, "13101_13114": 0.0017116177049948359, "13101_13115": 0.002134863762684072, "13101_13116": 0.0034072638606429083, "13101_13117": 0.0030585516999052354, "13101_13118": 0.002094934889317163, "13101_13119": 0.0018287424002044357, "13101_13120": 0.0014054963425151996, "13101_13121": 0.0033433776632558537, "13101_13122": 0.0017941373766197813, "13101_13123": 0.0029494127793690175, "13102_13101": 0.031873888646357956, "13102_13103": 0.017624604704153668, "13102_13104": 0.0025501240456999264, "13102_13105": 0.0013682293940394177, "13102_13106": 0.005326511707145671, "13102_13107": 0.007070072510834034, "13102_13108": 0.019724863443253086, "13102_13109": 0.0019724863443253086, "13102_13110": 0.0006974243214753452, "13102_13111": 0.0016290980333698904, "13102_13112": 0.0009769264350437089, "13102_13113": 0.001975148269216436, "13102_13114": 0.0005031038044230544, "13102_13115": 0.00039130295899570896, "13102_13116": 0.0010221791581928724, "13102_13117": 0.0007027481712575998, "13102_13118": 0.0008837590638542543, "13102_13119": 0.00037533140964894537, "13102_13120": 0.00039396488388683624, "13102_13121": 0.0018393900997689448, "13102_13122": 0.0012590904735031996, "13102_13123": 0.0023291842797363627, "13103_13101": 0.02463877679227403, "13103_13102": 0.01705495277745243, "13103_13104": 0.00931939904383658, "13103_13105": 0.0018420520246600722, "13103_13106": 0.002845597708615054, "13103_13107": 0.0018047850761842904, "13103_13108": 0.005305216308016653, "13103_13109": 0.021851741431263776, "13103_13110": 0.0037692856458362172, "13103_13111": 0.006620207204233525, "13103_13112": 0.0036841040493201444, "13103_13113": 0.020699127953405668, "13103_13114": 0.0008358444158139634, "13103_13115": 0.0009316737118945452, "13103_13116": 0.001349595919801527, "13103_13117": 0.0017062938552125813, "13103_13118": 0.001016855308410618, "13103_13119": 0.0007692962935357816, "13103_13120": 0.00046317493105614533, "13103_13121": 0.0013735532438216723, "13103_13122": 0.0009183640874389088, "13103_13123": 0.0013203147459991268, "13104_13101": 0.017078910101472576, "13104_13102": 0.0031197759724011626, "13104_13103": 0.008337148759010616, "13104_13105": 0.009886389045646688, "13104_13106": 0.0018234185504221812, "13104_13107": 0.0010514603319952724, "13104_13108": 0.0020204009923655993, "13104_13109": 0.0017435608036883632, "13104_13110": 0.001163261177422618, "13104_13111": 0.000753324744189018, "13104_13112": 0.0037825952702918533, "13104_13113": 0.023550049511802975, "13104_13114": 0.018037203062278396, "13104_13115": 0.005347807106274689, "13104_13116": 0.014688501549240287, "13104_13117": 0.002036372541712363, "13104_13118": 0.000724043570386618, "13104_13119": 0.002472928223857236, "13104_13120": 0.00472225475685978, "13104_13121": 0.0008677875145074906, "13104_13122": 0.0003513740856287999, "13104_13123": 0.0008704494393986179, "13105_13101": 0.012588242810140869, "13105_13102": 0.0016849984560835631, "13105_13103": 0.0019511909451962904, "13105_13104": 0.007730229883833597, "13105_13106": 0.008411682655962179, "13105_13107": 0.000654833523217309, "13105_13108": 0.0010594461066686543, "13105_13109": 0.00034605023584654535, "13105_13110": 0.00011978662010072724, "13105_13111": 0.0002395732402014545, "13105_13112": 0.0002768401886772363, "13105_13113": 0.0005882854009391271, "13105_13114": 0.0003886410341045817, "13105_13115": 0.00018633474237890905, "13105_13116": 0.013674308165720796, "13105_13117": 0.004530596164698617, "13105_13118": 0.002182778410724363, "13105_13119": 0.0022786077068049446, "13105_13120": 0.000987574134608218, "13105_13121": 0.0015252829626159268, "13105_13122": 0.00039396488388683624, "13105_13123": 0.00035669793541105445, "13106_13101": 0.011342461961093305, "13106_13102": 0.004865998700980653, "13106_13103": 0.0027178253138409447, "13106_13104": 0.0014853540892490178, "13106_13105": 0.006835823120414835, "13106_13107": 0.01019783425790858, "13106_13108": 0.001780827752164145, "13106_13109": 0.0007453389695156362, "13106_13110": 9.849122097170906e-05, "13106_13111": 0.0005403707528988362, "13106_13112": 0.0002102920663990545, "13106_13113": 0.0009023925380921452, "13106_13114": 0.0002102920663990545, "13106_13115": 0.00013575816944749088, "13106_13116": 0.0013149908962168722, "13106_13117": 0.0026086863933047267, "13106_13118": 0.012439175016237742, "13106_13119": 0.000420584132798109, "13106_13120": 0.000244897089983709, "13106_13121": 0.004687649733275126, "13106_13122": 0.0022493265330025447, "13106_13123": 0.0009050544629832725, "13107_13101": 0.0038544672423522896, "13107_13102": 0.0049777995464079985, "13107_13103": 0.0020017675181277085, "13107_13104": 0.001078079580906545, "13107_13105": 0.0007054100961487271, "13107_13106": 0.008228009838474397, "13107_13108": 0.014507490656643631, "13107_13109": 0.0005403707528988362, "13107_13110": 8.251967162494542e-05, "13107_13111": 0.00041526028301585444, "13107_13112": 0.0002182778410724363, "13107_13113": 0.0005829615511568725, "13107_13114": 0.0001410820192297454, "13107_13115": 0.00016503934324989085, "13107_13116": 0.00027151633889498176, "13107_13117": 0.0003726694847578181, "13107_13118": 0.001527944887507054, "13107_13119": 0.00011978662010072724, "13107_13120": 2.661924891127272e-05, "13107_13121": 0.0027524303374255993, "13107_13122": 0.008174771340651853, "13107_13123": 0.005624647294951926, "13108_13101": 0.007229788004301671, "13108_13102": 0.016405443104017377, "13108_13103": 0.005459607951702035, "13108_13104": 0.002124216063119563, "13108_13105": 0.0010461364822130178, "13108_13106": 0.0017861516019463996, "13108_13107": 0.014097554223410032, "13108_13109": 0.0024489708998370902, "13108_13110": 0.0003247548367175272, "13108_13111": 0.0021268779880106903, "13108_13112": 0.0006308761991971635, "13108_13113": 0.0013708913189305451, "13108_13114": 0.00037799333454007264, "13108_13115": 0.0002928117380239999, "13108_13116": 0.0008518159651607271, "13108_13117": 0.00040461258345134534, "13108_13118": 0.0004578510812738908, "13108_13119": 0.0002661924891127272, "13108_13120": 0.00019432051705229084, "13108_13121": 0.0011366419285113452, "13108_13122": 0.0015652118359828359, "13108_13123": 0.020190700299200358, "13109_13101": 0.00265393911645389, "13109_13102": 0.0020683156404058905, "13109_13103": 0.01928298391132596, "13109_13104": 0.001820756625531054, "13109_13105": 0.0003141071371530181, "13109_13106": 0.0007453389695156362, "13109_13107": 0.00048713225507629075, "13109_13108": 0.0023637893033210174, "13109_13110": 0.008273262561623562, "13109_13111": 0.024106391814048576, "13109_13112": 0.002028386767038981, "13109_13113": 0.00408871663277149, "13109_13114": 0.0003487121607376726, "13109_13115": 0.00043123183236261803, "13109_13116": 0.0008677875145074906, "13109_13117": 0.00044187953192712713, "13109_13118": 0.00021561591618130902, "13109_13119": 0.0002848259633506181, "13109_13120": 0.00020230629172567267, "13109_13121": 0.00028748788824174535, "13109_13122": 0.00018899666727003632, "13109_13123": 0.00039396488388683624, "13110_13101": 0.0009716025852614542, "13110_13102": 0.0006974243214753452, "13110_13103": 0.003367334987275999, "13110_13104": 0.0011046988298178179, "13110_13105": 8.51815965160727e-05, "13110_13106": 0.00010913892053621815, "13110_13107": 4.791464804029089e-05, "13110_13108": 0.00027417826378610903, "13110_13109": 0.007692962935357816, "13110_13111": 0.0039023818903925808, "13110_13112": 0.017544746957419848, "13110_13113": 0.010847343931343633, "13110_13114": 0.00026353056422159994, "13110_13115": 0.0005137515039875635,