{"13101_13102": 0.012014007821885943, "13101_13103": 0.00913648862320931, "13101_13104": 0.008975814962369499, "13101_13105": 0.006605878464982271, "13101_13106": 0.007434808487951301, "13101_13107": 0.0021471843766774877, "13101_13108": 0.003352236832976078, "13101_13109": 0.0011502773446486541, "13101_13110": 0.00036516741099957276, "13101_13111": 0.0009494352685988891, "13101_13112": 0.0012890409608284918, "13101_13113": 0.0022311728812073896, "13101_13114": 0.0006536496656892353, "13101_13115": 0.0009676936391488678, "13101_13116": 0.001310951005488466, "13101_13117": 0.0012050524562985901, "13101_13118": 0.0010443787954587782, "13101_13119": 0.0007887616077590771, "13101_13120": 0.0005331444200593762, "13101_13121": 0.001248872545618539, "13101_13122": 0.0008398850452990173, "13101_13123": 0.0013328610501484406, "13102_13101": 0.012861196215404953, "13102_13103": 0.007215708041351558, "13102_13104": 0.001124715625878684, "13102_13105": 0.0006792113844592053, "13102_13106": 0.0023005546892973083, "13102_13107": 0.002921339287996582, "13102_13108": 0.009454184270778938, "13102_13109": 0.0008289300229690302, "13102_13110": 0.0003176956475696283, "13102_13111": 0.0007084247773391711, "13102_13112": 0.00046741428607945313, "13102_13113": 0.0009019635051689447, "13102_13114": 0.00015337031261982055, "13102_13115": 0.00015337031261982055, "13102_13116": 0.0002738755582496796, "13102_13117": 0.00021179709837975219, "13102_13118": 0.00033960569222960267, "13102_13119": 0.00016432533494980774, "13102_13120": 0.00017528035727979493, "13102_13121": 0.0006390429692492523, "13102_13122": 0.0005148860495093975, "13102_13123": 0.0010662888401187524, "13103_13101": 0.008990421658809481, "13103_13102": 0.007164584603811618, "13103_13104": 0.004382008931994873, "13103_13105": 0.0007997166300890644, "13103_13106": 0.0012415691973985475, "13103_13107": 0.0007851099336490814, "13103_13108": 0.0029797660737565135, "13103_13109": 0.010158957374008114, "13103_13110": 0.0017747136174579236, "13103_13111": 0.003041844533626441, "13103_13112": 0.0017710619433479278, "13103_13113": 0.010202777463328063, "13103_13114": 0.00041629084853951295, "13103_13115": 0.00039072912976954285, "13103_13116": 0.0005367960941693719, "13103_13117": 0.0005112343753994018, "13103_13118": 0.0004382008931994873, "13103_13119": 0.0002775272323596753, "13103_13120": 0.00022275212070973938, "13103_13121": 0.0005806161834893207, "13103_13122": 0.00040898750031952147, "13103_13123": 0.0006609530139092267, "13104_13101": 0.007526100340701195, "13104_13102": 0.0012561758938385303, "13104_13103": 0.004031448217435283, "13104_13105": 0.00488959163328428, "13104_13106": 0.0010516821436787696, "13104_13107": 0.0005477511164993592, "13104_13108": 0.0011612323669786414, "13104_13109": 0.0007339864961091412, "13104_13110": 0.0006865147326791968, "13104_13111": 0.00040898750031952147, "13104_13112": 0.0023918465420472014, "13104_13113": 0.013693777912483978, "13104_13114": 0.011309234718656767, "13104_13115": 0.0031806081498062786, "13104_13116": 0.008596040854929942, "13104_13117": 0.0009421319203788977, "13104_13118": 0.0003980324779895343, "13104_13119": 0.0013072993313784705, "13104_13120": 0.002450273327807133, "13104_13121": 0.0003980324779895343, "13104_13122": 0.00023005546892973083, "13104_13123": 0.0004637626119694574, "13105_13101": 0.005178073887973942, "13105_13102": 0.0006098295763692865, "13105_13103": 0.0008544917417390003, "13105_13104": 0.004159256811285134, "13105_13106": 0.004633974445584578, "13105_13107": 0.00047471763429944455, "13105_13108": 0.0005148860495093975, "13105_13109": 0.00010589854918987609, "13105_13110": 7.303348219991455e-05, "13105_13111": 6.57301339799231e-05, "13105_13112": 0.00016797700905980348, "13105_13113": 0.0003432573663395984, "13105_13114": 0.00022275212070973938, "13105_13115": 0.00010589854918987609, "13105_13116": 0.00723031473779154, "13105_13117": 0.0024429699795871416, "13105_13118": 0.0013730294653583935, "13105_13119": 0.0010261204249087995, "13105_13120": 0.0003980324779895343, "13105_13121": 0.0007960649559790686, "13105_13122": 0.00020084207604976502, "13105_13123": 0.00023370714303972657, "13106_13101": 0.006138464178902818, "13106_13102": 0.002132577680237505, "13106_13103": 0.001190445759858607, "13106_13104": 0.0010224687507988037, "13106_13105": 0.004593806030374625, "13106_13107": 0.00619689096466275, "13106_13108": 0.0009676936391488678, "13106_13109": 0.00032499899578961977, "13106_13110": 5.1123437539940184e-05, "13106_13111": 0.00036516741099957276, "13106_13112": 0.00016432533494980774, "13106_13113": 0.0005587061388293463, "13106_13114": 0.00014241529028983336, "13106_13115": 8.0336830419906e-05, "13106_13116": 0.0008983118310589489, "13106_13117": 0.0015044897333182398, "13106_13118": 0.00710250614394169, "13106_13119": 0.00023370714303972657, "13106_13120": 0.00012780859384985046, "13106_13121": 0.002665722100296881, "13106_13122": 0.0011137606035486968, "13106_13123": 0.0006098295763692865, "13107_13101": 0.001960948997067706, "13107_13102": 0.002439318305477146, "13107_13103": 0.0007851099336490814, "13107_13104": 0.0005514027906093549, "13107_13105": 0.00040898750031952147, "13107_13106": 0.005455601120333617, "13107_13108": 0.010001935387278298, "13107_13109": 0.00020449375015976073, "13107_13110": 4.0168415209953e-05, "13107_13111": 0.00018988705371977783, "13107_13112": 0.00014241529028983336, "13107_13113": 0.0003030889511296454, "13107_13114": 8.0336830419906e-05, "13107_13115": 7.303348219991455e-05, "13107_13116": 0.0001570219867298163, "13107_13117": 0.00016797700905980348, "13107_13118": 0.001029772099018795, "13107_13119": 0.00010955022329987183, "13107_13120": 4.382008931994873e-05, "13107_13121": 0.0016030849342881244, "13107_13122": 0.004809254802864373, "13107_13123": 0.003578640627795813, "13108_13101": 0.00311122634171636, "13108_13102": 0.008362333711890216, "13108_13103": 0.0031148780158263556, "13108_13104": 0.001084547210668731, "13108_13105": 0.0005075827012894061, "13108_13106": 0.0011174122776586926, "13108_13107": 0.009870475119318451, "13108_13109": 0.0012014007821885943, "13108_13110": 0.0001716286831697992, "13108_13111": 0.0009969070320288336, "13108_13112": 0.00038707745565954714, "13108_13113": 0.000697469755009184, "13108_13114": 0.00012415691973985475, "13108_13115": 0.00016432533494980774, "13108_13116": 0.0003724707592195642, "13108_13117": 0.00016432533494980774, "13108_13118": 0.00025926886180969663, "13108_13119": 0.00017528035727979493, "13108_13120": 9.494352685988892e-05, "13108_13121": 0.0005294927459493805, "13108_13122": 0.0008764017863989747, "13108_13123": 0.01244490536686544, "13109_13101": 0.001099153907108714, "13109_13102": 0.0007558965407691156, "13109_13103": 0.009103623556219348, "13109_13104": 0.0008325816970790259, "13109_13105": 0.0001460669643998291, "13109_13106": 0.00036151573688957705, "13109_13107": 0.00019353872782977357, "13109_13108": 0.0010735921883387439, "13109_13110": 0.005221893977293891, "13109_13111": 0.013514845881094188, "13109_13112": 0.0012342658491785558, "13109_13113": 0.0021289260061275093, "13109_13114": 0.00017893203138979064, "13109_13115": 0.0001570219867298163, "13109_13116": 0.0003688190851095685, "13109_13117": 0.00013876361617983765, "13109_13118": 0.0001351119420698419, "13109_13119": 0.00019353872782977357, "13109_13120": 0.00011320189740986756, "13109_13121": 0.0001460669643998291, "13109_13122": 0.00010589854918987609, "13109_13123": 0.00018988705371977783, "13110_13101": 0.00041994252264950866, "13110_13102": 0.0002519655135897052, "13110_13103": 0.0018988705371977782, "13110_13104": 0.0005733128352693293, "13110_13105": 6.57301339799231e-05, "13110_13106": 9.494352685988892e-05, "13110_13107": 3.6516741099957275e-05, "13110_13108": 0.0001862353796097821, "13110_13109": 0.0049881868342541635, "13110_13111": 0.00281178906469671, "13110_13112": 0.01194827768790602, "13110_13113": 0.006740990407052113, "13110_13114": 0.00017893203138979064,