{"13101_13102": 0.02511192050481308, "13101_13103": 0.020639539400234826, "13101_13104": 0.015814250804029803, "13101_13105": 0.01414293419274076, "13101_13106": 0.01338828924209232, "13101_13107": 0.0032205583040908416, "13101_13108": 0.004325891202393556, "13101_13109": 0.0009144521166681094, "13101_13110": 0.0003595661235442566, "13101_13111": 0.0006658631917486233, "13101_13112": 0.0009122325726956139, "13101_13113": 0.0031717283366959424, "13101_13114": 0.0007213517910610086, "13101_13115": 0.0006902781754460728, "13101_13116": 0.001289555048019834, "13101_13117": 0.0013406045593872284, "13101_13118": 0.0016868534190965124, "13101_13119": 0.000625911400243706, "13101_13120": 0.00038842019518669694, "13101_13121": 0.0017845133538863106, "13101_13122": 0.0005837400647662931, "13101_13123": 0.0011097719862477055, "13102_13101": 0.028525579134511023, "13102_13103": 0.013701244942214173, "13102_13104": 0.0007590840385934306, "13102_13105": 0.0005171537455914307, "13102_13106": 0.004017374590216694, "13102_13107": 0.0054889322439811514, "13102_13108": 0.015860861227452207, "13102_13109": 0.0007302299669509903, "13102_13110": 0.00019310032560710078, "13102_13111": 0.0005460078172338711, "13102_13112": 0.0004039570029941648, "13102_13113": 0.0011608214976151, "13102_13114": 0.00018200260574462371, "13102_13115": 0.00019088078163460536, "13102_13116": 0.00017534397382713748, "13102_13117": 0.00017090488588214665, "13102_13118": 0.0005548859931238528, "13102_13119": 0.00016424625396466042, "13102_13120": 0.0001953198695795962, "13102_13121": 0.0008056944620158343, "13102_13122": 0.0004683237781965317, "13102_13123": 0.001020990227347889, "13103_13101": 0.019185738098250332, "13103_13102": 0.01357695047975443, "13103_13104": 0.005193732895639262, "13103_13105": 0.0009899166117329533, "13103_13106": 0.0010520638429628248, "13103_13107": 0.0010609420188528065, "13103_13108": 0.002965310747253869, "13103_13109": 0.017685326372843434, "13103_13110": 0.0018400019531986957, "13103_13111": 0.0036578084666724375, "13103_13112": 0.0014027517906170998, "13103_13113": 0.017565470998328683, "13103_13114": 0.00029741889231438506, "13103_13115": 0.0003196143320393392, "13103_13116": 0.0004905192179214859, "13103_13117": 0.0006592045598311371, "13103_13118": 0.0002641257327269539, "13103_13119": 0.00028410162847941265, "13103_13120": 0.0002951993483418897, "13103_13121": 0.0004882996739489905, "13103_13122": 0.0003839811072417061, "13103_13123": 0.0004949583058664767, "13104_13101": 0.014196203248080649, "13104_13102": 0.000923330292558091, "13104_13103": 0.004554504231560583, "13104_13105": 0.008736125075741938, "13104_13106": 0.0006503263839411555, "13104_13107": 0.0003307120519018163, "13104_13108": 0.0006769609116111004, "13104_13109": 0.0004949583058664767, "13104_13110": 0.0004572260583340547, "13104_13111": 0.0002774429965619264, "13104_13112": 0.001646901627591595, "13104_13113": 0.023449482069414017, "13104_13114": 0.016409088588658576, "13104_13115": 0.0028010644932892088, "13104_13116": 0.01334389836264241, "13104_13117": 0.0009566234521455222, "13104_13118": 0.00021751530930455028, "13104_13119": 0.001236285992679944, "13104_13120": 0.0017889524418313013, "13104_13121": 0.0003440293157367887, "13104_13122": 0.00012873355040473385, "13104_13123": 0.00034624885970928413, "13105_13101": 0.012196394128862285, "13105_13102": 0.0005970573286012656, "13105_13103": 0.000901134852833137, "13105_13104": 0.00736666644471227, "13105_13106": 0.008030310092488398, "13105_13107": 0.00027300390861693556, "13105_13108": 0.0003218338760118346, "13105_13109": 0.00012429446245974303, "13105_13110": 4.439087944990822e-05, "13105_13111": 0.0002574671008094677, "13105_13112": 0.00010431856670728432, "13105_13113": 0.00028632117245190803, "13105_13114": 0.0002885407164244034, "13105_13115": 0.00023527166108451358, "13105_13116": 0.011681459927243348, "13105_13117": 0.003773224753242199, "13105_13118": 0.0019509791518234664, "13105_13119": 0.0009188912046131001, "13105_13120": 0.00035734657957176117, "13105_13121": 0.001074259282687779, "13105_13122": 0.00015092899012968794, "13105_13123": 9.76599347897981e-05, "13106_13101": 0.011024474911384707, "13106_13102": 0.0037243947858473, "13106_13103": 0.0010853570025502561, "13106_13104": 0.0006170332243537243, "13106_13105": 0.007011539409113004, "13106_13107": 0.008953640385046488, "13106_13108": 0.0008789394131081828, "13106_13109": 0.00022417394122203652, "13106_13110": 4.439087944990822e-05, "13106_13111": 0.0001353921823222201, "13106_13112": 5.5488599312385276e-05, "13106_13113": 0.0006414482080511738, "13106_13114": 0.00011319674259726597, "13106_13115": 7.99035830098348e-05, "13106_13116": 0.0005149342016189354, "13106_13117": 0.0021995680767429525, "13106_13118": 0.013279531587440045, "13106_13119": 8.434267095482562e-05, "13106_13120": 0.00011097719862477055, "13106_13121": 0.0029630912032813737, "13106_13122": 0.001036527035155357, "13106_13123": 0.00035734657957176117, "13107_13101": 0.0024082052101575212, "13107_13102": 0.004012935502271703, "13107_13103": 0.0009521843642005314, "13107_13104": 0.00030407752423187133, "13107_13105": 0.00028410162847941265, "13107_13106": 0.008123530939333205, "13107_13108": 0.015206095755566062, "13107_13109": 0.00025524755683697226, "13107_13110": 1.775635177996329e-05, "13107_13111": 0.00012207491848724761, "13107_13112": 9.100130287231186e-05, "13107_13113": 0.0001797830617721283, "13107_13114": 8.656221492732103e-05, "13107_13115": 5.3269055339889864e-05, "13107_13116": 7.768403903733938e-05, "13107_13117": 8.212312698233021e-05, "13107_13118": 0.0011918951132300357, "13107_13119": 3.7732247532421986e-05, "13107_13120": 3.1073615614935756e-05, "13107_13121": 0.0017334638425189162, "13107_13122": 0.0060349400612150226, "13107_13123": 0.004505674264165684, "13108_13101": 0.004294817586778621, "13108_13102": 0.014029737450143494, "13108_13103": 0.003029677522456236, "13108_13104": 0.0005682032569588253, "13108_13105": 0.0003728833873792291, "13108_13106": 0.0008389876216032654, "13108_13107": 0.014764406505039475, "13108_13109": 0.0012251882728174669, "13108_13110": 0.0001398312702672109, "13108_13111": 0.0009921361557054488, "13108_13112": 0.00024414983697449523, "13108_13113": 0.0005393491853163849, "13108_13114": 0.00014648990218469712, "13108_13115": 0.00013095309437722926, "13108_13116": 0.00018866123766210995, "13108_13117": 0.0001598071660196696, "13108_13118": 0.0002019785014970824, "13108_13119": 0.0001398312702672109, "13108_13120": 0.00011763583054225679, "13108_13121": 0.000674741367638605, "13108_13122": 0.0008567439733832287, "13108_13123": 0.01511509445269375, "13109_13101": 0.0009632820840630084, "13109_13102": 0.0006947172633910637, "13109_13103": 0.01705941497259973, "13109_13104": 0.0005637641690138344, "13109_13105": 0.00015314853410218336, "13109_13106": 0.0002463693809469906, "13109_13107": 0.0002219543972495411, "13109_13108": 0.0011053328983027147, "13109_13110": 0.007928211069753608, "13109_13111": 0.019314471648655067, "13109_13112": 0.0007546449506484398, "13109_13113": 0.0023305211711201817, "13109_13114": 8.212312698233021e-05, "13109_13115": 9.544039081730268e-05, "13109_13116": 0.0002641257327269539, "13109_13117": 0.00012207491848724761, "13109_13118": 5.3269055339889864e-05, "13109_13119": 0.0001198553745147522, "13109_13120": 7.99035830098348e-05, "13109_13121": 0.00013317263834972467, "13109_13122": 7.99035830098348e-05, "13109_13123": 0.0001442703582122017, "13110_13101": 0.00043059153066410974, "13110_13102": 0.0002041980454695778, "13110_13103": 0.0016002912041691913, "13110_13104": 0.0005038364817564583, "13110_13105": 5.770814328488069e-05, "13110_13106": 3.1073615614935756e-05, "13110_13107": 1.775635177996329e-05, "13110_13108": 0.0001353921823222201, "13110_13109": 0.007788379799486398, "13110_13111": 0.0031917042324484013, "13110_13112": 0.015749884028827436, "13110_13113": 0.010542833869353202, "13110_13114": 9.544039081730268e-05,