{"13101_13102": 0.010346570310914438, "13101_13103": 0.00790716738761038, "13101_13104": 0.008301132949449045, "13101_13105": 0.005969175179373714, "13101_13106": 0.006574051597550251, "13101_13107": 0.002037478461226228, "13101_13108": 0.0029646903390889447, "13101_13109": 0.001002821430134784, "13101_13110": 0.00045365731363240227, "13101_13111": 0.000843643425351485, "13101_13112": 0.001094348782885181, "13101_13113": 0.0020096223103891506, "13101_13114": 0.0005929380678177889, "13101_13115": 0.0007163010215248457, "13101_13116": 0.0013092390893426347, "13101_13117": 0.0010983282330047635, "13101_13118": 0.0008317050749927375, "13101_13119": 0.0006566092697311086, "13101_13120": 0.00045763676375198476, "13101_13121": 0.001329136339940547, "13101_13122": 0.0006168147685352838, "13101_13123": 0.0011341432840810057, "13102_13101": 0.011130521984472185, "13102_13103": 0.006446709193723611, "13102_13104": 0.001193835035874743, "13102_13105": 0.000584979167578624, "13102_13106": 0.0020215606607478977, "13102_13107": 0.002773676733348986, "13102_13108": 0.0085836739079394, "13102_13109": 0.000752116072601088, "13102_13110": 0.0002148903064574537, "13102_13111": 0.0006008969680569539, "13102_13112": 0.0004258011627953249, "13102_13113": 0.0009073146272648045, "13102_13114": 0.00017111635514204646, "13102_13115": 0.00019101360573995887, "13102_13116": 0.00031039710932743314, "13102_13117": 0.0001989725059791238, "13102_13118": 0.00027856150837077335, "13102_13119": 0.00016315745490288151, "13102_13120": 0.00014326020430496914, "13102_13121": 0.0006287531188940312, "13102_13122": 0.000509369615306557, "13102_13123": 0.0009033351771452221, "13103_13101": 0.007636564779478772, "13103_13102": 0.006044784731645781, "13103_13104": 0.0037924159639620997, "13103_13105": 0.0007560955227206705, "13103_13106": 0.0008714995761885622, "13103_13107": 0.0006327325690136137, "13103_13108": 0.0029209163877735376, "13103_13109": 0.009041310671691385, "13103_13110": 0.001814629254529609, "13103_13111": 0.002781635633588151, "13103_13112": 0.001528108845919671, "13103_13113": 0.009101002423485122, "13103_13114": 0.00029447930884910324, "13103_13115": 0.00038998611171908265, "13103_13116": 0.000493451814828227, "13103_13117": 0.00046161621387156725, "13103_13118": 0.00030243820908826816, "13103_13119": 0.0002706026081316084, "13103_13120": 0.00014723965442455162, "13103_13121": 0.0005809997174590415, "13103_13122": 0.00030243820908826816, "13103_13123": 0.000493451814828227, "13104_13101": 0.007095359563215555, "13104_13102": 0.0011222049337222583, "13104_13103": 0.0036809913606137903, "13104_13105": 0.004464943034171538, "13104_13106": 0.000919252977623552, "13104_13107": 0.00047753401434989714, "13104_13108": 0.001086389882646016, "13104_13109": 0.0007560955227206705, "13104_13110": 0.0005491641165023817, "13104_13111": 0.00039396556183866514, "13104_13112": 0.002049416811584975, "13104_13113": 0.012372110421781919, "13104_13114": 0.01064104961976354, "13104_13115": 0.002932854738132285, "13104_13116": 0.008118078243948251, "13104_13117": 0.001018739230613114, "13104_13118": 0.00031039710932743314, "13104_13119": 0.0011261843838418408, "13104_13120": 0.0022961427189990887, "13104_13121": 0.00030641765920785065, "13104_13122": 0.00020295195609870627, "13104_13123": 0.0004496778635128198, "13105_13101": 0.005010127700554337, "13105_13102": 0.0005889586176982065, "13105_13103": 0.0005770202673394591, "13105_13104": 0.003903840567310409, "13105_13106": 0.004357497880942811, "13105_13107": 0.0003661094110015878, "13105_13108": 0.0005213079656653044, "13105_13109": 0.00012336295370705676, "13105_13110": 8.754790263081447e-05, "13105_13111": 9.550680286997943e-05, "13105_13112": 0.00020295195609870627, "13105_13113": 0.00028652040860993827, "13105_13114": 0.0002148903064574537, "13105_13115": 9.152735275039695e-05, "13105_13116": 0.0068764898066385185, "13105_13117": 0.0022046153662486916, "13105_13118": 0.001161999434918083, "13105_13119": 0.0008874173766668922, "13105_13120": 0.00037804776136033525, "13105_13121": 0.0005929380678177889, "13105_13122": 0.00017111635514204646, "13105_13123": 0.00015121910454413408, "13106_13101": 0.005408072712512585, "13106_13102": 0.0019180949576387534, "13106_13103": 0.0010704720821676861, "13106_13104": 0.0007879311236773303, "13106_13105": 0.00411475142364828, "13106_13107": 0.005734387622318348, "13106_13108": 0.0009590474788193767, "13106_13109": 0.0003302943599253455, "13106_13110": 9.152735275039695e-05, "13106_13111": 0.0003661094110015878, "13106_13112": 8.754790263081447e-05, "13106_13113": 0.000493451814828227, "13106_13114": 0.00011142460334830932, "13106_13115": 8.754790263081447e-05, "13106_13116": 0.0007640544229598355, "13106_13117": 0.0013331157900601295, "13106_13118": 0.00673322960233355, "13106_13119": 0.00019499305585954133, "13106_13120": 0.00011540405346789181, "13106_13121": 0.002399608422108233, "13106_13122": 0.0012097528363530727, "13106_13123": 0.0005252874157848868, "13107_13101": 0.0016076978483113204, "13107_13102": 0.0025428686264132023, "13107_13103": 0.0007242599217640106, "13107_13104": 0.0005173285155457218, "13107_13105": 0.00039396556183866514, "13107_13106": 0.005085737252826405, "13107_13108": 0.009212427026833432, "13107_13109": 0.00020693140621828876, "13107_13110": 5.969175179373714e-05, "13107_13111": 0.000167136905022464, "13107_13112": 0.00011142460334830932, "13107_13113": 0.00030641765920785065, "13107_13114": 8.3568452511232e-05, "13107_13115": 8.3568452511232e-05, "13107_13116": 0.00017907525538121143, "13107_13117": 0.00019101360573995887, "13107_13118": 0.0011261843838418408, "13107_13119": 9.152735275039695e-05, "13107_13120": 3.5815051076242284e-05, "13107_13121": 0.0015917800478329905, "13107_13122": 0.004397292382138636, "13107_13123": 0.0032392723973401357, "13108_13101": 0.0027338822321531613, "13108_13102": 0.007942982438686623, "13108_13103": 0.0028134712345448108, "13108_13104": 0.0008993557270256396, "13108_13105": 0.00047753401434989714, "13108_13106": 0.0010505748315697736, "13108_13107": 0.008508064355667333, "13108_13109": 0.0011500610845593356, "13108_13110": 0.00014326020430496914, "13108_13111": 0.0010107803303739489, "13108_13112": 0.0003382532601645105, "13108_13113": 0.0006486503694919436, "13108_13114": 0.00012734240382663924, "13108_13115": 0.0001353013040658042, "13108_13116": 0.00038998611171908265, "13108_13117": 0.00017111635514204646, "13108_13118": 0.0001830547055007939, "13108_13119": 0.00015519855466371657, "13108_13120": 0.00011540405346789181, "13108_13121": 0.0005770202673394591, "13108_13122": 0.0009311913279822994, "13108_13123": 0.012121405064248221, "13109_13101": 0.0010704720821676861, "13109_13102": 0.0007720133231990003, "13109_13103": 0.008078283742752426, "13109_13104": 0.0007919105737969127, "13109_13105": 0.00011540405346789181, "13109_13106": 0.00030243820908826816, "13109_13107": 0.00019499305585954133, "13109_13108": 0.0009670063790585417, "13109_13110": 0.005049922201750162, "13109_13111": 0.01259893907859812, "13109_13112": 0.0011062871332439283, "13109_13113": 0.001922074407758336, "13109_13114": 0.00017509580526162895, "13109_13115": 0.00019101360573995887, "13109_13116": 0.0003422327102840929, "13109_13117": 0.00023080810693578362, "13109_13118": 8.3568452511232e-05, "13109_13119": 0.00018703415562037638, "13109_13120": 7.163010215248457e-05, "13109_13121": 0.0001353013040658042, "13109_13122": 6.76506520329021e-05, "13109_13123": 0.00019101360573995887, "13110_13101": 0.00030641765920785065, "13110_13102": 0.0002546848076532785, "13110_13103": 0.0015002526950825936, "13110_13104": 0.0006048764181765363, "13110_13105": 7.163010215248457e-05, "13110_13106": 6.367120191331962e-05, "13110_13107": 4.7753401434989716e-05, "13110_13108": 0.00012734240382663924, "13110_13109": 0.004731566192183564, "13110_13111": 0.002674190480359424, "13110_13112": 0.010899713877536401, "13110_13113": 0.005913462877699559, "13110_13114": 0.00018703415562037638,