{"13101_13102": 0.012494955391951352, "13101_13103": 0.009532839908628925, "13101_13104": 0.009826700571656943, "13101_13105": 0.006664759837475462, "13101_13106": 0.007471897125259087, "13101_13107": 0.002343049019876735, "13101_13108": 0.0029699517676698415, "13101_13109": 0.001148015656896126, "13101_13110": 0.0003957323595443984, "13101_13111": 0.0008502368516944005, "13101_13112": 0.0010735709555956948, "13101_13113": 0.0023273764511819077, "13101_13114": 0.0007366107286569001, "13101_13115": 0.0008345642829995729, "13101_13116": 0.001430121893403024, "13101_13117": 0.0011245068038538847, "13101_13118": 0.0009168452686474181, "13101_13119": 0.0007797102925676761, "13101_13120": 0.0005328673356241405, "13101_13121": 0.0013909404716659548, "13101_13122": 0.0007326925864831931, "13101_13123": 0.0012185422160228506, "13102_13101": 0.013415718802772477, "13102_13103": 0.007240726737010379, "13102_13104": 0.0010774890977694016, "13102_13105": 0.0006073120369245718, "13102_13106": 0.002343049019876735, "13102_13107": 0.002993460620712083, "13102_13108": 0.009713074448619442, "13102_13109": 0.0007797102925676761, "13102_13110": 0.0002037433930327596, "13102_13111": 0.0006856748803987101, "13102_13112": 0.0004662589186711229, "13102_13113": 0.0008894182734314697, "13102_13114": 0.00016064382912198353, "13102_13115": 0.00017239825564310427, "13102_13116": 0.00030169694737543245, "13102_13117": 0.00018415268216422502, "13102_13118": 0.00026643366781207024, "13102_13119": 0.00024292481476982875, "13102_13120": 0.0002037433930327596, "13102_13121": 0.0007287744443094862, "13102_13122": 0.0004858496295396575, "13102_13123": 0.0011049160929853502, "13103_13101": 0.009289915093859095, "13103_13102": 0.006911602794418999, "13103_13104": 0.004247266116298296, "13103_13105": 0.0007640377238728485, "13103_13106": 0.001159770083417247, "13103_13107": 0.0006308208899668134, "13103_13108": 0.0029307703459327725, "13103_13109": 0.010296877632501773, "13103_13110": 0.0019198896651163883, "13103_13111": 0.003040478326796566, "13103_13112": 0.0017318188407784564, "13103_13113": 0.010292959490328065, "13103_13114": 0.0003604690799810362, "13103_13115": 0.0004309956391077607, "13103_13116": 0.0005485399043189681, "13103_13117": 0.000462340776497416, "13103_13118": 0.0004192412125866399, "13103_13119": 0.0002860243786806048, "13103_13120": 0.0001567256869482766, "13103_13121": 0.0005132766247556059, "13103_13122": 0.00036830536432845004, "13103_13123": 0.0005877213260560372, "13104_13101": 0.007710903797855209, "13104_13102": 0.0012381329268913851, "13104_13103": 0.00398866873283364, "13104_13105": 0.005328673356241404, "13104_13106": 0.0010422258182060395, "13104_13107": 0.0006347390321405202, "13104_13108": 0.0010931616664642293, "13104_13109": 0.0007131018756146585, "13104_13110": 0.0005877213260560372, "13104_13111": 0.0003957323595443984, "13104_13112": 0.002119714915975441, "13104_13113": 0.014003440128828515, "13104_13114": 0.011754426521120746, "13104_13115": 0.0031266774546181183, "13104_13116": 0.008960791151267715, "13104_13117": 0.0009364359795159527, "13104_13118": 0.00039181421737069153, "13104_13119": 0.0013282501968866441, "13104_13120": 0.0024253300055245806, "13104_13121": 0.0004114049282392261, "13104_13122": 0.00027818809433319096, "13104_13123": 0.00045058634997629523, "13105_13101": 0.005602943308400889, "13105_13102": 0.0006190664634456926, "13105_13103": 0.0006974293069198309, "13105_13104": 0.004223757263256055, "13105_13106": 0.005144520674077179, "13105_13107": 0.00039965050171810536, "13105_13108": 0.0005367854777978474, "13105_13109": 0.00014888940260086278, "13105_13110": 5.4853990431896814e-05, "13105_13111": 0.00012146240738491437, "13105_13112": 0.00018415268216422502, "13105_13113": 0.00042315935476034685, "13105_13114": 0.00024292481476982875, "13105_13115": 0.0001292986917323282, "13105_13116": 0.007789266641329348, "13105_13117": 0.0023156220246607867, "13105_13118": 0.001340004623407765, "13105_13119": 0.0009050908421262974, "13105_13120": 0.00034479651128620854, "13105_13121": 0.0007326925864831931, "13105_13122": 0.0002037433930327596, "13105_13123": 0.00016456197129569044, "13106_13101": 0.006245518624888822, "13106_13102": 0.0021001242051069064, "13106_13103": 0.0009952081121215564, "13106_13104": 0.0008933364156051767, "13106_13105": 0.0046939343241008845, "13106_13107": 0.0066882686905177045, "13106_13108": 0.0010500621025534532, "13106_13109": 0.0003369602269387947, "13106_13110": 4.309956391077607e-05, "13106_13111": 0.00027426995215948407, "13106_13112": 0.00013321683390603512, "13106_13113": 0.00047801334519224366, "13106_13114": 0.00010970798086379363, "13106_13115": 7.83628434741383e-05, "13106_13116": 0.0007993010034362107, "13106_13117": 0.001516321021224576, "13106_13118": 0.007695231229160381, "13106_13119": 0.000231170388248708, "13106_13120": 8.619912782155214e-05, "13106_13121": 0.0025781375502991503, "13106_13122": 0.0012577236377599198, "13106_13123": 0.0005211129091030198, "13107_13101": 0.0019042170964215608, "13107_13102": 0.002354803446397856, "13107_13103": 0.0006308208899668134, "13107_13104": 0.0006269027477931064, "13107_13105": 0.0004074867860655192, "13107_13106": 0.005736160142306924, "13107_13108": 0.010179333367290565, "13107_13109": 0.0002076615352064665, "13107_13110": 2.350885304224149e-05, "13107_13111": 0.00019590710868534576, "13107_13112": 0.00011754426521120746, "13107_13113": 0.0003604690799810362, "13107_13114": 8.619912782155214e-05, "13107_13115": 6.269027477931064e-05, "13107_13116": 0.00016848011346939736, "13107_13117": 0.0001802345399905181, "13107_13118": 0.0011127523773327638, "13107_13119": 9.011726999525905e-05, "13107_13120": 2.7426995215948407e-05, "13107_13121": 0.001661292281651732, "13107_13122": 0.005023058266692265, "13107_13123": 0.0038593700411013116, "13108_13101": 0.0029150977772379448, "13108_13102": 0.008349560972169436, "13108_13103": 0.003044396468970273, "13108_13104": 0.0010265532495112117, "13108_13105": 0.0005093584825818989, "13108_13106": 0.0011088342351590569, "13108_13107": 0.0095759394725397, "13108_13109": 0.0011245068038538847, "13108_13110": 0.00019590710868534576, "13108_13111": 0.001014798822990091, "13108_13112": 0.0003957323595443984, "13108_13113": 0.0007640377238728485, "13108_13114": 0.00021941596172758726, "13108_13115": 0.00013713497607974203, "13108_13116": 0.0003408783691125016, "13108_13117": 0.00016848011346939736, "13108_13118": 0.0002507610991172426, "13108_13119": 0.0001763163978168112, "13108_13120": 0.0001292986917323282, "13108_13121": 0.0006386571743142272, "13108_13122": 0.0009521085482107804, "13108_13123": 0.013117939997570752, "13109_13101": 0.001069652813421988, "13109_13102": 0.0008815819890840559, "13109_13103": 0.009074417274305215, "13109_13104": 0.0007170200177883655, "13109_13105": 0.00012146240738491437, "13109_13106": 0.00026643366781207024, "13109_13107": 0.00021549781955388034, "13109_13108": 0.0011754426521120745, "13109_13110": 0.0055520074601426985, "13109_13111": 0.013552853778852219, "13109_13112": 0.0011166705195064708, "13109_13113": 0.002174568906407338, "13109_13114": 0.0001802345399905181, "13109_13115": 0.00024292481476982875, "13109_13116": 0.00035655093780732926, "13109_13117": 0.00016456197129569044, "13109_13118": 8.619912782155214e-05, "13109_13119": 0.00022333410390129417, "13109_13120": 5.09358482581899e-05, "13109_13121": 0.00014105311825344895, "13109_13122": 8.619912782155214e-05, "13109_13123": 0.00019590710868534576, "13110_13101": 0.00033304208476508777, "13110_13102": 0.00027035180998577713, "13110_13103": 0.0019590710868534577, "13110_13104": 0.0005328673356241405, "13110_13105": 4.701770608448298e-05, "13110_13106": 7.444470130043139e-05, "13110_13107": 3.918142173706915e-05, "13110_13108": 0.00016456197129569044, "13110_13109": 0.00520721094885649, "13110_13111": 0.0026447459672521677, "13110_13112": 0.01202869647328023, "13110_13113": 0.006676514263996583,