Epoch,loss_train,loss_val,loss_test,mae_val,rmse_val,mae_test,rmse_test,err,lr,time
0,184859376.00000,2217.23901,3931.66919,14.909,44.015,27.769,62.703,14.909427150394642,27.768556003946635,0.001,3.283120s
1,285731104.00000,1554.50037,2953.61084,13.375,36.573,23.364,54.347,13.375378998936641,23.363868442522424,0.001,1.242938s
2,296652288.00000,1319.88269,4000.15894,11.728,33.429,28.587,63.247,11.728003625896108,28.58712150660806,0.001,1.359936s
3,298022016.00000,1679.00244,5528.77051,13.743,38.643,30.497,74.356,13.743200245753032,30.496611517429553,0.001,1.285474s
4,232670528.00000,2458.31543,5277.75439,16.959,46.541,27.877,72.648,16.95909386999449,27.87717673765356,0.001,1.329903s
