Epoch,loss_train,loss_val,loss_test,mae_val,rmse_val,mae_test,rmse_test,err,lr,time
0,1496979328.00000,87958.01562,80544.96875,111.912,296.143,120.681,283.804,111.91213320068344,120.68097826818783,0.001,0.432344s
