Epoch,loss_train,loss_val,loss_test,mae_val,rmse_val,mae_test,rmse_test,err,lr,time
0,2450.40454,2027.05859,4579.08203,15.077,42.251,27.894,67.669,15.076909550864022,0.001,0.455727s
1,2423.17188,1996.99329,4393.66406,14.911,41.949,27.296,66.285,14.910961364059627,0.001,0.103587s
2,2381.60449,1954.37903,4198.03760,14.709,41.531,26.635,64.792,14.709204623900405,0.001,0.094107s
3,2287.71973,1909.89612,4005.32715,14.499,41.091,25.965,63.288,14.498534852000727,0.001,0.091928s
4,2250.87207,1865.33032,3816.25659,14.29,40.644,25.285,61.776,14.289650386565802,0.001,0.087023s
5,2200.86621,1821.42017,3634.44287,14.085,40.196,24.679,60.286,14.084510858938808,0.001,0.098983s
6,2136.74341,1778.31165,3462.17090,13.88,39.751,24.124,58.84,13.880215218342892,0.001,0.101376s
7,2084.04077,1736.48145,3297.97827,13.687,39.312,23.572,57.428,13.686966185744117,0.001,0.096959s
