Epoch,loss_train,loss_val,loss_test,mae_val,rmse_val,mae_test,rmse_test,err,lr,time
0,69515.93750,64360.26562,55877.85156,88.69,250.202,103.455,236.385,57.255723180384464,0.001,0.183617s
1,69512.76562,64354.00781,55870.38281,88.673,250.189,103.428,236.369,57.23930538556009,0.001,0.109715s
2,69509.53906,64348.28906,55862.04297,88.661,250.178,103.409,236.352,57.22887632149162,0.001,0.117929s
